city_rank,city_name,club_id,club_name,court_count,lat,lon,has_sports_centre,has_club_tag,primary_access,members_only,surfaces,element_count
1,Greater London,001_0000,,41,51.467186,-0.203309,0,0,private,0,,41
1,Greater London,001_0001,,39,51.461202,-0.25403,0,0,unknown,0,,39
1,Greater London,001_0002,Court 4,21,51.583741,-0.136054,1,0,unknown,0,acrylic;asphalt;clay,22
1,Greater London,001_0003,,19,51.463542,-0.246782,1,0,private,0,grass,20
1,Greater London,001_0004,,19,51.436189,-0.202902,0,0,unknown,0,artificial_turf,19
1,Greater London,001_0005,Ealing Lawn Tennis Club,18,51.513305,-0.286793,1,0,unknown,0,,19
1,Greater London,001_0006,Court 11,18,51.432643,-0.21414,0,0,unknown,0,grass,18
1,Greater London,001_0007,,18,51.474863,-0.255049,0,0,unknown,0,,18
1,Greater London,001_0008,,18,51.414435,-0.021634,0,0,unknown,0,,18
1,Greater London,001_0009,,17,51.416933,0.023392,0,0,unknown,0,grass,17
1,Greater London,001_0010,,16,51.416662,-0.037102,0,0,unknown,0,grass,16
1,Greater London,001_0011,The Park Langley Club,14,51.396298,-0.01696,1,0,unknown,0,,15
1,Greater London,001_0012,Old Deer Park Sports Ground,13,51.469434,-0.295143,1,0,customers,0,artificial_turf;grass,15
1,Greater London,001_0013,,15,51.43512,-0.209168,0,0,unknown,0,clay;grass,15
1,Greater London,001_0014,Coolhurst Tennis & Squash Club,14,51.576296,-0.131458,1,0,unknown,0,,15
1,Greater London,001_0015,,15,51.454319,-0.080905,0,0,private,0,artificial_turf;paved,15
1,Greater London,001_0016,,14,51.436924,-0.21477,0,0,unknown,0,grass,14
1,Greater London,001_0017,The Courts at The Regent's Park,12,51.525823,-0.152644,1,0,public,0,asphalt,13
1,Greater London,001_0018,,12,51.408948,0.028197,1,0,unknown,0,,13
1,Greater London,001_0019,,13,51.531107,-0.188887,0,0,unknown,0,artificial_turf;asphalt,13
1,Greater London,001_0020,,13,51.426789,-0.316598,0,0,private,0,,13
1,Greater London,001_0021,,13,51.481701,-0.153607,0,0,unknown,0,artificial_turf;asphalt,13
1,Greater London,001_0022,Westside Lawn Tennis Club,12,51.418671,-0.230269,1,0,private,0,artificial_turf;clay,13
1,Greater London,001_0023,Dulwich Sports Club,11,51.448356,-0.094002,1,0,unknown,0,,12
1,Greater London,001_0024,Surbiton Racket and Fitness Club,10,51.39297,-0.289277,1,0,private,0,asphalt;clay;grass,12
1,Greater London,001_0025,All Star Tennis,10,51.453306,-0.19589,1,0,unknown,0,artificial_turf,12
1,Greater London,001_0026,Paddington Sports Club,11,51.526442,-0.189686,1,0,private,0,,12
1,Greater London,001_0027,,12,51.590032,0.191344,0,0,unknown,0,,12
1,Greater London,001_0028,,12,51.537644,0.019138,0,0,unknown,0,asphalt,12
1,Greater London,001_0029,,12,51.598484,0.090668,0,0,customers,0,concrete,12
1,Greater London,001_0030,,12,51.344907,-0.141694,0,0,unknown,0,,12
1,Greater London,001_0031,,12,51.573361,-0.154084,0,0,unknown,0,,12
1,Greater London,001_0032,,12,51.496297,-0.230054,0,0,unknown,0,,12
1,Greater London,001_0033,,12,51.396093,-0.230079,0,0,unknown,0,,12
1,Greater London,001_0034,Putney Lawn Tennis Club,10,51.461724,-0.224881,1,0,unknown,0,artificial_turf;clay,11
1,Greater London,001_0035,North Dulwich Lawn Tennis Club,10,51.454954,-0.087424,1,0,unknown,0,,11
1,Greater London,001_0036,Oakleigh Park Lawn Tennis and Squash Club,10,51.628847,-0.168547,1,0,unknown,0,acrylic,11
1,Greater London,001_0037,Finchley Manor Tennis Squash & Health Club,10,51.601489,-0.203344,1,0,unknown,0,,11
1,Greater London,001_0038,Totteridge Tennis Club,9,51.633463,-0.18483,1,0,customers,0,acrylic,11
1,Greater London,001_0039,,11,51.478914,0.028006,0,0,unknown,0,clay;grass,11
1,Greater London,001_0040,,11,51.39432,0.017604,0,0,unknown,0,,11
1,Greater London,001_0041,West Middlesex Lawn Tennis Club,9,51.515402,-0.329102,1,0,unknown,0,,10
1,Greater London,001_0042,,10,51.339908,-0.0629,0,0,unknown,0,paved,10
1,Greater London,001_0043,,10,51.5601,-0.150642,0,0,unknown,0,,10
1,Greater London,001_0044,,10,51.562292,-0.085767,0,0,unknown,0,rubber;tartan,10
1,Greater London,001_0045,,10,51.603024,-0.132814,0,0,unknown,0,asphalt,10
1,Greater London,001_0046,,10,51.472167,-0.260841,0,0,unknown,0,acrylic;clay,10
1,Greater London,001_0047,,10,51.440891,-0.178699,0,0,unknown,0,grass,10
1,Greater London,001_0048,New Malden Sports Club,9,51.393273,-0.254864,1,0,private,0,artificial_turf;asphalt,10
1,Greater London,001_0049,,10,51.483861,-0.34034,0,0,unknown,0,,10
1,Greater London,001_0050,,10,51.556511,-0.200258,0,0,unknown,0,,10
1,Greater London,001_0051,Magdalen Park Lawn Tennis Club,8,51.447379,-0.177364,1,0,unknown,0,,9
1,Greater London,001_0052,,9,51.420555,-0.335397,0,0,unknown,0,artificial_turf;grass,9
1,Greater London,001_0053,Sheen Lawn Tennis and Squash Club,8,51.458515,-0.271375,1,0,unknown,0,,9
1,Greater London,001_0054,The Drive Tennis Club,8,51.619984,-0.274608,1,0,unknown,0,,9
1,Greater London,001_0055,Reedham Park Tennis Club,8,51.322586,-0.117794,1,0,unknown,0,,9
1,Greater London,001_0056,The Queen’s Club,8,51.487906,-0.21123,1,0,unknown,0,grass,9
1,Greater London,001_0057,Cranston Park Lawn Tennis Club,8,51.548097,0.250188,1,0,customers,0,artificial_clay;artificial_turf,9
1,Greater London,001_0058,Holland Park Lawn Tennis Club,8,51.505117,-0.210139,1,0,private,0,grass,9
1,Greater London,001_0059,Highgate CLTC,9,51.582494,-0.134166,0,0,unknown,0,asphalt,9
1,Greater London,001_0060,Grafton Tennis Club,8,51.443722,-0.135662,1,0,unknown,0,,9
1,Greater London,001_0061,,9,51.51024,-0.255422,0,0,unknown,0,,9
1,Greater London,001_0062,Wigmore Lawn Tennis Club,8,51.432567,-0.133368,1,0,unknown,0,acrylic;artificial_clay;artificial_turf,9
1,Greater London,001_0063,,9,51.633071,-0.088437,0,0,unknown,0,grass,9
1,Greater London,001_0064,The Courts at Hyde Park,7,51.503211,-0.172886,1,0,unknown,0,,8
1,Greater London,001_0065,"Sydenham Tennis, Squash and Croquet Club",7,51.422168,-0.059224,1,0,unknown,0,rubber,8
1,Greater London,001_0066,Carshalton Tennis Club,7,51.354607,-0.169976,1,0,unknown,0,,8
1,Greater London,001_0067,Lowlands Tennis Club,7,51.579565,-0.395304,1,0,unknown,0,,8
1,Greater London,001_0068,,7,51.608909,0.042904,1,0,private,0,,8
1,Greater London,001_0069,Bromley Wendover Lawn Tennis Club,7,51.398015,0.023655,1,0,unknown,0,artificial_clay;asphalt,8
1,Greater London,001_0070,,8,51.551204,-0.099035,0,0,unknown,0,rubber,8
1,Greater London,001_0071,Hatch End Lawn Tennis Club,7,51.612489,-0.363607,1,0,unknown,0,,8
1,Greater London,001_0072,,8,51.39454,0.060311,0,0,unknown,0,paved,8
1,Greater London,001_0073,Aldersbrook Lawn Tennis Club,7,51.565197,0.0245,1,0,unknown,0,asphalt,8
1,Greater London,001_0074,Coombe Wood Lawn Tennis Club,7,51.416128,-0.279078,1,0,unknown,0,,8
1,Greater London,001_0075,,8,51.387637,-0.250546,0,0,unknown,0,,8
1,Greater London,001_0076,Linkside Lawn Tennis Club,7,51.569592,0.030029,1,0,unknown,0,,8
1,Greater London,001_0077,Brondesbury Sports Club,7,51.558015,-0.204985,1,0,unknown,0,,8
1,Greater London,001_0078,,8,51.549849,-0.187257,0,0,unknown,0,sand,8
1,Greater London,001_0079,Telford Park Tennis Club,7,51.440498,-0.129889,1,0,unknown,0,,8
1,Greater London,001_0080,,8,51.615411,-0.293565,0,0,unknown,0,,8
1,Greater London,001_0081,Court 7,8,51.567966,-0.104544,0,0,unknown,0,asphalt,8
1,Greater London,001_0082,Mini tennis court,7,51.586454,-0.125589,1,0,public,0,asphalt;paved,8
1,Greater London,001_0083,,8,51.422093,0.115597,0,0,unknown,0,,8
1,Greater London,001_0084,Pinner Lawn Tennis Club,7,51.600843,-0.376461,1,0,unknown,0,,8
1,Greater London,001_0085,,8,51.370383,-0.07545,0,0,unknown,0,,8
1,Greater London,001_0086,,8,51.402336,-0.03214,0,0,unknown,0,tartan,8
1,Greater London,001_0087,,8,51.474918,0.041263,0,0,unknown,0,asphalt,8
1,Greater London,001_0088,,8,51.472436,-0.369406,0,0,unknown,0,paved,8
1,Greater London,001_0089,,8,51.459221,-0.256258,0,0,unknown,0,,8
1,Greater London,001_0090,,8,51.499674,-0.292957,0,0,unknown,0,,8
1,Greater London,001_0091,,8,51.429284,-0.367778,0,0,unknown,0,,8
1,Greater London,001_0092,,8,51.50637,-0.30909,0,0,unknown,0,artificial_turf,8
1,Greater London,001_0093,Bishops Park Tennis Centre,5,51.473236,-0.2149,1,0,unknown,0,,7
1,Greater London,001_0094,,7,51.444272,-0.087135,0,0,unknown,0,,7
1,Greater London,001_0095,Enfield Lawn Tennis Club,6,51.661702,-0.100834,1,0,unknown,0,,7
1,Greater London,001_0096,David Lloyd Raquet Health and Fitness Club,6,51.492975,-0.400948,1,0,unknown,0,,7
1,Greater London,001_0097,Norbury Park Lawn Tennis Club,6,51.405271,-0.11747,1,0,unknown,0,,7
1,Greater London,001_0098,Enfield Chase Tennis Club,6,51.643375,-0.07872,1,0,unknown,0,artificial_turf,7
1,Greater London,001_0099,Gunnersbury Triangle Club,6,51.500334,-0.281472,1,0,unknown,0,,7
1,Greater London,001_0100,Cheam Fields Club,6,51.349858,-0.215317,1,0,unknown,0,artificial_turf,7
1,Greater London,001_0101,Globe Tennis Club,6,51.551153,-0.163462,1,0,unknown,0,,7
1,Greater London,001_0102,,7,51.584284,0.057084,0,0,public,0,,7
1,Greater London,001_0103,Temple Fortune Club,6,51.586807,-0.205853,1,0,unknown,0,,7
1,Greater London,001_0104,Vicars Moor Lawn Tennis Club,6,51.636486,-0.092553,1,0,unknown,0,,7
1,Greater London,001_0105,,7,51.532333,0.070207,0,0,unknown,0,,7
1,Greater London,001_0106,Pensford Tennis Club,6,51.474054,-0.284438,1,0,unknown,0,artificial_clay;artificial_turf,7
1,Greater London,001_0107,,7,51.42216,-0.367588,0,0,unknown,0,,7
1,Greater London,001_0108,Orleans Park School Tennis and Handball Pitch,6,51.448475,-0.320345,1,0,unknown,0,,7
1,Greater London,001_0109,Pinner West End Lawn Tennis Club,6,51.590419,-0.389511,1,0,unknown,0,,7
1,Greater London,001_0110,Court 15,6,51.434643,-0.214883,1,0,unknown,0,grass,7
1,Greater London,001_0111,Southfields Lawn Tennis Club,6,51.452192,-0.207813,1,0,unknown,0,,7
1,Greater London,001_0112,,7,51.637674,-0.087061,0,0,unknown,0,clay,7
1,Greater London,001_0113,Campden Hill Lawn Tennis Club,6,51.505862,-0.201082,1,0,private,0,,7
1,Greater London,001_0114,The Gardens Lawn Tennis Club,6,51.442034,-0.208024,1,0,unknown,0,grass,7
1,Greater London,001_0115,Lee Valley Hockey and Tennis Centre,6,51.55302,-0.014902,1,0,unknown,0,asphalt,7
1,Greater London,001_0116,,7,51.509,-0.253446,0,0,unknown,0,,7
1,Greater London,001_0117,Teddington Lawn Tennis Club,6,51.428828,-0.332083,1,0,private,0,,7
1,Greater London,001_0118,,7,51.669034,-0.174979,0,0,unknown,0,asphalt,7
1,Greater London,001_0119,,7,51.632331,0.019789,0,0,unknown,0,,7
1,Greater London,001_0120,Hartswood Tennis Club,6,51.499246,-0.248471,1,0,unknown,0,,7
1,Greater London,001_0121,,7,51.495412,-0.222101,0,0,unknown,0,,7
1,Greater London,001_0122,,7,51.445167,0.080978,0,0,unknown,0,,7
1,Greater London,001_0123,,7,51.364987,-0.207524,0,0,private,0,asphalthds724040ale640;clay,7
1,Greater London,001_0124,,6,51.45094,-0.108588,0,0,unknown,0,,6
1,Greater London,001_0125,Bush Hill Park Club,5,51.643985,-0.073047,1,0,unknown,0,,6
1,Greater London,001_0126,Finchley Lawn Tennis Club,5,51.609893,-0.195951,1,0,unknown,0,artificial_turf,6
1,Greater London,001_0127,Court 3,6,51.481481,-0.093149,0,0,unknown,0,asphalt,6
1,Greater London,001_0128,Farm Walk Lawn Tennis Club,5,51.58224,-0.197709,1,0,unknown,0,clay;grass,6
1,Greater London,001_0129,,6,51.466908,-0.196968,0,0,unknown,0,,6
1,Greater London,001_0130,,6,51.481709,-0.151183,0,0,unknown,0,artificial_turf;asphalt,6
1,Greater London,001_0131,,6,51.469246,-0.194018,0,0,unknown,0,,6
1,Greater London,001_0132,,6,51.487244,-0.241903,0,0,unknown,0,artificial_turf,6
1,Greater London,001_0133,,6,51.545286,0.086596,0,0,unknown,0,asphalt,6
1,Greater London,001_0134,,6,51.547281,0.094308,0,0,unknown,0,,6
1,Greater London,001_0135,Brackendale Lawn Tennis Club,5,51.62943,-0.109044,1,0,unknown,0,,6
1,Greater London,001_0136,Cranbrook Castle Lawn Tennis & Social Club,5,51.571094,0.059597,1,0,unknown,0,artificial_turf,6
1,Greater London,001_0137,,6,51.452917,-0.170656,0,0,unknown,0,,6
1,Greater London,001_0138,,6,51.535906,-0.211829,0,0,unknown,0,,6
1,Greater London,001_0139,,6,51.435697,-0.082205,0,0,private,0,,6
1,Greater London,001_0140,,6,51.573463,-0.354057,0,0,unknown,0,asphalt,6
1,Greater London,001_0141,,6,51.476913,-0.253164,0,0,unknown,0,asphalt,6
1,Greater London,001_0142,,6,51.609674,-0.292664,0,0,unknown,0,artificial_turf,6
1,Greater London,001_0143,,6,51.56935,-0.147232,0,0,unknown,0,tartan,6
1,Greater London,001_0144,,6,51.5376,0.007189,0,0,unknown,0,asphalt,6
1,Greater London,001_0145,,6,51.582259,-0.223701,0,0,unknown,0,asphalt,6
1,Greater London,001_0146,West Heath Lawn Tennis Club,5,51.557925,-0.192022,1,0,unknown,0,asphalt;grass,6
1,Greater London,001_0147,Harrow Weald Lawn Tennis Club,5,51.60611,-0.338262,1,0,unknown,0,,6
1,Greater London,001_0148,,6,51.432795,0.032164,0,0,unknown,0,,6
1,Greater London,001_0149,,6,51.594959,-0.356104,0,0,unknown,0,asphalt,6
1,Greater London,001_0150,,6,51.571685,0.199956,0,0,unknown,0,,6
1,Greater London,001_0151,,6,51.414223,-0.237112,0,0,unknown,0,asphalt,6
1,Greater London,001_0152,,6,51.419003,-0.226925,0,0,unknown,0,artificial_turf,6
1,Greater London,001_0153,Court 1,6,51.474517,-0.001089,0,0,customers,0,asphalt,6
1,Greater London,001_0154,,6,51.344027,-0.097717,0,0,unknown,0,,6
1,Greater London,001_0155,Purley Bury Tennis Club,5,51.338151,-0.103356,1,0,unknown,0,,6
1,Greater London,001_0156,,6,51.42717,-0.368961,0,0,unknown,0,grass,6
1,Greater London,001_0157,,6,51.597301,0.090855,0,0,customers,0,artificial_turf;clay,6
1,Greater London,001_0158,,6,51.531532,-0.460309,0,0,private,0,asphalt,6
1,Greater London,001_0159,,6,51.522684,-0.42616,0,0,unknown,0,,6
1,Greater London,001_0160,,6,51.486472,-0.261304,0,0,unknown,0,grass,6
1,Greater London,001_0161,,6,51.436586,0.055438,0,0,unknown,0,,6
1,Greater London,001_0162,,6,51.481831,-0.109867,0,0,unknown,0,tartan,6
1,Greater London,001_0163,,6,51.514633,-0.01096,0,0,private,0,concrete,6
1,Greater London,001_0164,,6,51.471647,0.072291,0,0,unknown,0,,6
1,Greater London,001_0165,,6,51.58997,-0.306107,0,0,private,0,,6
1,Greater London,001_0166,,6,51.437973,-0.216942,0,0,unknown,0,grass,6
1,Greater London,001_0167,,6,51.528759,-0.464113,0,0,unknown,0,,6
1,Greater London,001_0168,,6,51.433254,-0.146025,0,0,unknown,0,,6
1,Greater London,001_0169,,6,51.534421,-0.231812,0,0,unknown,0,,6
1,Greater London,001_0170,,6,51.455393,0.171604,0,0,unknown,0,,6
1,Greater London,001_0171,,6,51.475192,-0.234882,0,0,unknown,0,,6
1,Greater London,001_0172,,6,51.392248,0.076876,0,0,unknown,0,,6
1,Greater London,001_0173,Chiswick Tennis Club,4,51.481253,-0.26327,1,0,unknown,0,,5
1,Greater London,001_0174,The Avenue Tennis Club,4,51.597717,-0.189964,1,0,unknown,0,acrylic,5
1,Greater London,001_0175,,5,51.354369,-0.218221,0,0,unknown,0,,5
1,Greater London,001_0176,Sutton Highfields Tennis & Pétanque Club,4,51.356584,-0.180804,1,0,unknown,0,,5
1,Greater London,001_0177,Camber Lawn Tennis Club,4,51.442299,-0.069622,1,0,unknown,0,,5
1,Greater London,001_0178,Muswell Hill Methodist Lawn Tennis Club,4,51.59353,-0.146299,1,0,unknown,0,asphalt,5
1,Greater London,001_0179,,5,51.604575,-0.102813,0,0,unknown,0,asphalt,5
1,Greater London,001_0180,St Columba's Tennis Club,4,51.503459,-0.287235,1,0,unknown,0,,5
1,Greater London,001_0181,Northway Lawn Tennis Club,4,51.585435,-0.186747,1,0,unknown,0,asphalt,5
1,Greater London,001_0182,,5,51.454502,-0.15065,0,0,unknown,0,,5
1,Greater London,001_0183,,5,51.365984,-0.169199,0,0,unknown,0,,5
1,Greater London,001_0184,,5,51.618866,-0.134955,0,0,unknown,0,,5
1,Greater London,001_0185,,5,51.465742,-0.308266,0,0,unknown,0,,5
1,Greater London,001_0186,David Lloyd Finchley,4,51.606799,-0.174123,1,0,unknown,0,,5
1,Greater London,001_0187,,5,51.377697,-0.303784,0,0,unknown,0,,5
1,Greater London,001_0188,,5,51.578237,0.034992,0,0,unknown,0,,5
1,Greater London,001_0189,,5,51.39631,-0.104268,0,0,unknown,0,,5
1,Greater London,001_0190,Bexleyheath Sports Club,4,51.46013,0.118827,1,0,unknown,0,,5
1,Greater London,001_0191,,5,51.345362,-0.067556,0,0,unknown,0,,5
1,Greater London,001_0192,,5,51.552007,-0.188395,0,0,unknown,0,,5
1,Greater London,001_0193,,5,51.553048,-0.06014,0,0,public,0,acrylic,5
1,Greater London,001_0194,,5,51.59992,-0.13773,0,0,unknown,0,,5
1,Greater London,001_0195,,5,51.569473,-0.145047,0,0,unknown,0,,5
1,Greater London,001_0196,,5,51.605116,-0.183958,0,0,unknown,0,,5
1,Greater London,001_0197,,5,51.578394,-0.200004,0,0,unknown,0,,5
1,Greater London,001_0198,,5,51.58549,-0.184944,0,0,public,0,asphalt,5
1,Greater London,001_0199,West Norwood Lawn Tennis & Social Club,4,51.42896,-0.104908,1,0,unknown,0,,5
1,Greater London,001_0200,,5,51.544775,-0.220488,0,0,unknown,0,,5
1,Greater London,001_0201,Chislehurst Lawn Tennis Club,4,51.418787,0.063132,1,0,unknown,0,asphalt,5
1,Greater London,001_0202,,5,51.627048,0.013513,0,0,unknown,0,,5
1,Greater London,001_0203,,5,51.401917,-0.232627,0,0,unknown,0,,5
1,Greater London,001_0204,Woodfield Grove Tennis Club,4,51.434825,-0.134223,1,0,unknown,0,,5
1,Greater London,001_0205,,5,51.454551,-0.239546,0,0,unknown,0,,5
1,Greater London,001_0206,,5,51.436879,-0.309481,0,0,unknown,0,,5
1,Greater London,001_0207,,4,51.468074,-0.297024,1,0,customers,0,clay,5
1,Greater London,001_0208,,5,51.599377,-0.073082,0,0,unknown,0,,5
1,Greater London,001_0209,,5,51.518456,-0.366137,0,0,unknown,0,,5
1,Greater London,001_0210,,5,51.571026,-0.057355,0,0,unknown,0,porous_macadam,5
1,Greater London,001_0211,North Acton Playing Fields,5,51.519828,-0.269382,0,0,customers,0,asphalt,5
1,Greater London,001_0212,,5,51.414973,-0.162415,0,0,unknown,0,,5
1,Greater London,001_0213,,5,51.428605,-0.207212,0,0,unknown,0,asphalt,5
1,Greater London,001_0214,,5,51.496502,-0.220757,0,0,unknown,0,tartan,5
1,Greater London,001_0215,,5,51.454023,-0.019276,0,0,unknown,0,,5
1,Greater London,001_0216,,5,51.376276,-0.193814,0,0,unknown,0,,5
1,Greater London,001_0217,,5,51.356295,-0.121943,0,0,unknown,0,,5
1,Greater London,001_0218,,4,51.524994,-0.053656,0,0,unknown,0,paved,4
1,Greater London,001_0219,,4,51.421075,-0.069395,0,0,unknown,0,asphalt,4
1,Greater London,001_0220,,4,51.457514,-0.084658,0,0,unknown,0,,4
1,Greater London,001_0221,,4,51.466814,-0.331524,0,0,unknown,0,,4
1,Greater London,001_0222,,4,51.455397,-0.305769,0,0,unknown,0,concrete,4
1,Greater London,001_0223,Park Tennis Kingston,3,51.403248,-0.276067,1,0,customers,0,,4
1,Greater London,001_0224,,4,51.495907,-0.058301,0,0,public,0,asphalt,4
1,Greater London,001_0225,,4,51.493091,-0.136308,0,0,private,0,,4
1,Greater London,001_0226,,4,51.554433,-0.468238,0,0,public,0,asphalt;grass,4
1,Greater London,001_0227,,4,51.409136,-0.206568,0,0,unknown,0,,4
1,Greater London,001_0228,,4,51.4595,-0.261167,0,0,unknown,0,asphalt,4
1,Greater London,001_0229,Greenford Tennis Club,3,51.533034,-0.358526,1,0,unknown,0,asphalt,4
1,Greater London,001_0230,,4,51.614896,0.027375,0,0,unknown,0,,4
1,Greater London,001_0231,,4,51.54036,-0.033918,0,0,public,0,macadam,4
1,Greater London,001_0232,Priory Park Club,3,51.483659,-0.280839,1,0,unknown,0,,4
1,Greater London,001_0233,,4,51.500265,-0.201433,0,0,unknown,0,asphalt,4
1,Greater London,001_0234,Butterfly Tennis Club,3,51.472337,-0.088461,1,0,customers,0,clay,4
1,Greater London,001_0235,,4,51.658732,-0.061956,0,0,unknown,0,,4
1,Greater London,001_0236,,4,51.437609,-0.11552,0,0,unknown,0,,4
1,Greater London,001_0237,,4,51.500012,-0.080131,0,0,public,0,asphalt,4
1,Greater London,001_0238,,4,51.452727,-0.081018,0,0,unknown,0,,4
1,Greater London,001_0239,,4,51.647138,-0.203519,0,0,unknown,0,,4
1,Greater London,001_0240,,4,51.501787,-0.041203,0,0,unknown,0,asphalt,4
1,Greater London,001_0241,,4,51.392448,-0.239532,0,0,unknown,0,,4
1,Greater London,001_0242,,4,51.597444,-0.191438,0,0,unknown,0,,4
1,Greater London,001_0243,,4,51.48847,-0.234532,0,0,private,0,asphalt,4
1,Greater London,001_0244,,4,51.57084,0.075528,0,0,unknown,0,,4
1,Greater London,001_0245,,4,51.637003,-0.058334,0,0,unknown,0,,4
1,Greater London,001_0246,,4,51.559331,0.11346,0,0,unknown,0,,4
1,Greater London,001_0247,Cumberland Lawn Tennis Club and Hampstead Cricket Club,3,51.551099,-0.18771,1,0,unknown,0,,4
1,Greater London,001_0248,,4,51.330309,-0.070365,0,0,unknown,0,,4
1,Greater London,001_0249,,4,51.541014,-0.232992,0,0,unknown,0,,4
1,Greater London,001_0250,,4,51.60477,-0.299845,0,0,unknown,0,,4
1,Greater London,001_0251,Knoll Orpington Lawn Tennis,3,51.378758,0.089377,1,0,unknown,0,,4
1,Greater London,001_0252,,4,51.441408,-0.090952,0,0,unknown,0,,4
1,Greater London,001_0253,,4,51.567898,-0.190971,0,0,unknown,0,asphalt,4
1,Greater London,001_0254,,4,51.466403,-0.094051,0,0,unknown,0,tartan,4
1,Greater London,001_0255,,4,51.61318,-0.01472,0,0,unknown,0,,4
1,Greater London,001_0256,,4,51.561056,0.162328,0,0,unknown,0,,4
1,Greater London,001_0257,,4,51.475226,0.153638,0,0,unknown,0,,4
1,Greater London,001_0258,,4,51.559814,-0.047246,0,0,unknown,0,asphalt,4
1,Greater London,001_0259,,4,51.538318,-0.225917,0,0,unknown,0,,4
1,Greater London,001_0260,,4,51.596637,-0.188709,0,0,unknown,0,,4
1,Greater London,001_0261,,4,51.382539,0.046767,0,0,unknown,0,,4
1,Greater London,001_0262,,4,51.571018,-0.007495,0,0,unknown,0,,4
1,Greater London,001_0263,,4,51.386951,-0.288629,0,0,unknown,0,asphalt,4
1,Greater London,001_0264,,4,51.40386,-0.215762,0,0,unknown,0,asphalt,4
1,Greater London,001_0265,,4,51.526756,-0.126931,0,0,unknown,0,asphalt,4
1,Greater London,001_0266,,4,51.367539,0.07599,0,0,unknown,0,,4
1,Greater London,001_0267,,3,51.412159,-0.198599,1,0,unknown,0,,4
1,Greater London,001_0268,,4,51.413704,-0.206581,0,0,unknown,0,,4
1,Greater London,001_0269,,4,51.426283,0.091947,0,0,unknown,0,,4
1,Greater London,001_0270,,4,51.480827,-0.245509,0,0,private,0,,4
1,Greater London,001_0271,,4,51.584128,-0.17546,0,0,unknown,0,asphalt,4
1,Greater London,001_0272,,3,51.682703,-0.144581,1,0,unknown,0,,4
1,Greater London,001_0273,,4,51.52059,0.03364,0,0,unknown,0,,4
1,Greater London,001_0274,,4,51.364472,-0.080463,0,0,unknown,0,,4
1,Greater London,001_0275,,4,51.488396,-0.340207,0,0,private,0,,4
1,Greater London,001_0276,,4,51.531571,-0.369419,0,0,unknown,0,,4
1,Greater London,001_0277,,4,51.496271,-0.368416,0,0,unknown,0,,4
1,Greater London,001_0278,,4,51.509016,-0.049898,0,0,unknown,0,asphalt,4
1,Greater London,001_0279,,4,51.47885,0.129701,0,0,public,0,concrete,4
1,Greater London,001_0280,,4,51.551164,-0.288518,0,0,unknown,0,,4
1,Greater London,001_0281,,4,51.586352,-0.228942,0,0,unknown,0,,4
1,Greater London,001_0282,,4,51.612376,0.210013,0,0,unknown,0,,4
1,Greater London,001_0283,,4,51.480972,0.054303,0,0,unknown,0,,4
1,Greater London,001_0284,,4,51.57931,0.098316,0,0,unknown,0,,4
1,Greater London,001_0285,,4,51.467165,0.023642,0,0,unknown,0,asphalt,4
1,Greater London,001_0286,,4,51.574441,-0.368914,0,0,unknown,0,,4
1,Greater London,001_0287,,4,51.625017,-0.088073,0,0,unknown,0,,4
1,Greater London,001_0288,,4,51.441954,-0.023833,0,0,unknown,0,,4
1,Greater London,001_0289,,4,51.533403,-0.114027,0,0,unknown,0,,4
1,Greater London,001_0290,,4,51.375794,-0.142847,0,0,unknown,0,,4
1,Greater London,001_0291,,4,51.45694,-0.274988,0,0,unknown,0,,4
1,Greater London,001_0292,,4,51.536087,-0.474112,0,0,unknown,0,,4
1,Greater London,001_0293,,4,51.560512,-0.148396,0,0,private,0,asphalt,4
1,Greater London,001_0294,,4,51.46469,-0.048267,0,0,unknown,0,,4
1,Greater London,001_0295,,4,51.536258,-0.136692,0,0,unknown,0,,4
1,Greater London,001_0296,,4,51.456675,-0.217166,0,0,private,0,,4
1,Greater London,001_0297,,4,51.489117,-0.066282,0,0,private,0,asphalt,4
1,Greater London,001_0298,,4,51.505623,-0.281564,0,0,private,0,asphalt,4
1,Greater London,001_0299,,4,51.459371,-0.287772,0,0,private,0,asphalt,4
1,Greater London,001_0300,,4,51.512378,-0.050847,0,0,private,0,,4
1,Greater London,001_0301,,4,51.553755,0.210293,0,0,unknown,0,,4
1,Greater London,001_0302,Rocks Lane Chiswick,2,51.49475,-0.257573,1,0,unknown,0,tartan,3
1,Greater London,001_0303,,3,51.555922,-0.344525,0,0,unknown,0,,3
1,Greater London,001_0304,,3,51.488232,-0.158638,0,0,unknown,0,tartan,3
1,Greater London,001_0305,,2,51.64671,-0.183001,1,0,unknown,0,,3
1,Greater London,001_0306,,3,51.64636,-0.075393,0,0,unknown,0,,3
1,Greater London,001_0307,,3,51.472664,-0.000835,0,0,customers,0,asphalt,3
1,Greater London,001_0308,,3,51.635756,-0.151346,0,0,unknown,0,,3
1,Greater London,001_0309,,3,51.449243,-0.096265,0,0,unknown,0,,3
1,Greater London,001_0310,Ferndale Community Sports Centre,3,51.46312,-0.117907,0,0,unknown,0,,3
1,Greater London,001_0311,,3,51.338324,-0.210604,0,0,private,0,,3
1,Greater London,001_0312,,3,51.643257,-0.244486,0,0,unknown,0,,3
1,Greater London,001_0313,,3,51.427923,-0.371357,0,0,private,0,,3
1,Greater London,001_0314,,3,51.626081,-0.011812,0,0,unknown,0,,3
1,Greater London,001_0315,,3,51.623153,-0.118775,0,0,unknown,0,,3
1,Greater London,001_0316,Islington Tennis Centre and Gym,2,51.545741,-0.122249,1,0,unknown,0,asphalt,3
1,Greater London,001_0317,,3,51.406943,-0.077595,0,0,unknown,0,asphalt,3
1,Greater London,001_0318,,3,51.56964,0.032656,0,0,unknown,0,clay,3
1,Greater London,001_0319,,3,51.585472,-0.317985,0,0,unknown,0,asphalt,3
1,Greater London,001_0320,,3,51.499842,-0.33245,0,0,unknown,0,paved,3
1,Greater London,001_0321,The Vagabonds Club,2,51.590115,-0.382258,1,0,unknown,0,,3
1,Greater London,001_0322,Stormont Lawn Tennis and Squash Club,2,51.583291,-0.156379,1,0,private,0,,3
1,Greater London,001_0323,,3,51.389613,-0.313432,0,0,public,0,asphalt,3
1,Greater London,001_0324,,3,51.484859,-0.207987,0,0,unknown,0,,3
1,Greater London,001_0325,,3,51.553389,-0.180032,0,0,unknown,0,,3
1,Greater London,001_0326,,3,51.453661,-0.151048,0,0,unknown,0,,3
1,Greater London,001_0327,,3,51.37752,-0.071364,0,0,unknown,0,tartan,3
1,Greater London,001_0328,,3,51.591095,-0.062551,0,0,unknown,0,,3
1,Greater London,001_0329,,3,51.369451,-0.091541,0,0,unknown,0,asphalt,3
1,Greater London,001_0330,,3,51.398912,-0.229886,0,0,unknown,0,,3
1,Greater London,001_0331,Parkside Lawn Tennis Club,2,51.558933,-0.317555,1,0,unknown,0,,3
1,Greater London,001_0332,,3,51.438606,-0.081948,0,0,unknown,0,,3
1,Greater London,001_0333,,3,51.629347,-0.199312,0,0,unknown,0,,3
1,Greater London,001_0334,,3,51.58511,-0.000441,0,0,unknown,0,,3
1,Greater London,001_0335,,3,51.56773,0.085155,0,0,unknown,0,,3
1,Greater London,001_0336,,3,51.571307,-0.304287,0,0,public,0,,3
1,Greater London,001_0337,,3,51.50848,-0.372868,0,0,unknown,0,,3
1,Greater London,001_0338,,3,51.436783,0.035256,0,0,unknown,0,,3
1,Greater London,001_0339,,3,51.482469,0.080376,0,0,unknown,0,,3
1,Greater London,001_0340,,3,51.569789,0.244519,0,0,unknown,0,,3
1,Greater London,001_0341,,3,51.449388,0.020413,0,0,private,0,,3
1,Greater London,001_0342,St. Paul's Lawn Tennis & Croquet Club,2,51.352886,-0.091197,1,0,unknown,0,asphalt,3
1,Greater London,001_0343,,3,51.613563,-0.294244,0,0,unknown,0,,3
1,Greater London,001_0344,,3,51.552303,-0.101159,0,0,unknown,0,asphalt,3
1,Greater London,001_0345,,3,51.46746,-0.193456,0,0,unknown,0,,3
1,Greater London,001_0346,,3,51.517535,-0.232044,0,0,unknown,0,paved,3
1,Greater London,001_0347,,3,51.510764,-0.212566,0,0,unknown,0,paved,3
1,Greater London,001_0348,,3,51.603989,-0.063844,0,0,private,0,asphalt,3
1,Greater London,001_0349,,3,51.603917,-0.108547,0,0,unknown,0,paved,3
1,Greater London,001_0350,,3,51.436471,0.024309,0,0,unknown,0,,3
1,Greater London,001_0351,,3,51.464715,-0.002281,0,0,unknown,0,,3
1,Greater London,001_0352,,3,51.415732,-0.215661,0,0,unknown,0,,3
1,Greater London,001_0353,,3,51.582302,-0.166696,0,0,unknown,0,,3
1,Greater London,001_0354,,3,51.434575,-0.219804,0,0,unknown,0,,3
1,Greater London,001_0355,,3,51.543775,0.006785,0,0,unknown,0,paved,3
1,Greater London,001_0356,,3,51.41871,-0.026986,0,0,unknown,0,asphalt,3
1,Greater London,001_0357,,3,51.379297,0.000426,0,0,unknown,0,grass,3
1,Greater London,001_0358,,3,51.456959,-0.348457,0,0,unknown,0,,3
1,Greater London,001_0359,,3,51.592887,0.087504,0,0,private,0,,3
1,Greater London,001_0360,,3,51.442525,-0.334099,0,0,unknown,0,paved,3
1,Greater London,001_0361,,3,51.654322,-0.045095,0,0,unknown,0,,3
1,Greater London,001_0362,,3,51.396127,-0.224557,0,0,unknown,0,,3
1,Greater London,001_0363,,3,51.404467,-0.216883,0,0,unknown,0,asphalt,3
1,Greater London,001_0364,,3,51.532176,-0.068109,0,0,unknown,0,asphalt,3
1,Greater London,001_0365,Cedars Lawn Tennis Club,2,51.45289,-0.203861,1,0,unknown,0,,3
1,Greater London,001_0366,,3,51.504853,-0.199457,0,0,unknown,0,,3
1,Greater London,001_0367,,3,51.422622,-0.309821,0,0,unknown,0,,3
1,Greater London,001_0368,,3,51.423543,-0.327027,0,0,unknown,0,,3
1,Greater London,001_0369,,3,51.559628,-0.23967,0,0,unknown,0,,3
1,Greater London,001_0370,,3,51.469058,0.113544,0,0,unknown,0,,3
1,Greater London,001_0371,,2,51.579789,-0.112843,1,0,public,0,acrylic;paved,3
1,Greater London,001_0372,,3,51.478106,-0.247735,0,0,unknown,0,,3
1,Greater London,001_0373,,3,51.457021,0.185244,0,0,unknown,0,,3
1,Greater London,001_0374,,3,51.62331,-0.249044,0,0,unknown,0,,3
1,Greater London,001_0375,,3,51.372108,-0.010645,0,0,unknown,0,asphalt,3
1,Greater London,001_0376,,3,51.405236,-0.223599,0,0,customers,0,grass,3
1,Greater London,001_0377,Chapman's Green Tennis Courts,2,51.600493,-0.099338,1,0,unknown,0,,3
1,Greater London,001_0378,,3,51.42246,0.08751,0,0,unknown,0,,3
1,Greater London,001_0379,,3,51.458286,0.02553,0,0,customers,0,,3
1,Greater London,001_0380,,3,51.61628,-0.07212,0,0,unknown,0,,3
1,Greater London,001_0381,,3,51.484414,-0.368819,0,0,unknown,0,,3
1,Greater London,001_0382,,3,51.49369,-0.316294,0,0,unknown,0,,3
1,Greater London,001_0383,,3,51.501013,-0.333768,0,0,unknown,0,,3
1,Greater London,001_0384,,3,51.573117,-0.06116,0,0,unknown,0,,3
1,Greater London,001_0385,,3,51.597992,-0.230963,0,0,unknown,0,,3
1,Greater London,001_0386,,3,51.459947,-0.025312,0,0,public,0,asphalt,3
1,Greater London,001_0387,,3,51.519829,-0.035207,0,0,unknown,0,asphalt,3
1,Greater London,001_0388,,3,51.577481,0.215563,0,0,unknown,0,,3
1,Greater London,001_0389,,3,51.515784,-0.116903,0,0,public,0,tarmac,3
1,Greater London,001_0390,,3,51.372128,0.02463,0,0,unknown,0,,3
1,Greater London,001_0391,,3,51.548753,0.079406,0,0,unknown,0,,3
1,Greater London,001_0392,,3,51.401567,-0.145914,0,0,unknown,0,,3
1,Greater London,001_0393,,3,51.586873,-0.138412,0,0,unknown,0,asphalt,3
1,Greater London,001_0394,,3,51.415731,-0.209022,0,0,unknown,0,asphalt,3
1,Greater London,001_0395,,3,51.488636,-0.0897,0,0,unknown,0,,3
1,Greater London,001_0396,,3,51.510641,-0.228371,0,0,unknown,0,asphalt,3
1,Greater London,001_0397,,3,51.504477,-0.201414,0,0,unknown,0,artificial_turf,3
1,Greater London,001_0398,,3,51.462813,-0.04692,0,0,unknown,0,,3
1,Greater London,001_0399,,3,51.579001,-0.389222,0,0,unknown,0,asphalt,3
1,Greater London,001_0400,,3,51.542896,-0.1976,0,0,unknown,0,asphalt,3
1,Greater London,001_0401,,3,51.487569,-0.008665,0,0,private,0,,3
1,Greater London,001_0402,,3,51.520497,-0.218586,0,0,unknown,0,asphalt,3
1,Greater London,001_0403,,3,51.392113,-0.059209,0,0,unknown,0,rubber,3
1,Greater London,001_0404,,3,51.456966,-0.139068,0,0,unknown,0,,3
1,Greater London,001_0405,,3,51.582548,-0.129412,0,0,customers,0,asphalt,3
1,Greater London,001_0406,,3,51.368535,0.061198,0,0,unknown,0,,3
1,Greater London,001_0407,,3,51.429917,-0.373599,0,0,private,0,,3
1,Greater London,001_0408,,3,51.428311,-0.372549,0,0,private,0,asphalt,3
1,Greater London,001_0409,,3,51.450464,-0.369794,0,0,unknown,0,,3
1,Greater London,001_0410,,3,51.559973,-0.311219,0,0,unknown,0,,3
1,Greater London,001_0411,,3,51.544627,0.105292,0,0,unknown,0,asphalt,3
1,Greater London,001_0412,,3,51.488303,-0.405965,0,0,unknown,0,,3
1,Greater London,001_0413,,3,51.589005,0.236669,0,0,unknown,0,,3
1,Greater London,001_0414,,3,51.519264,-0.024375,0,0,unknown,0,,3
1,Greater London,001_0415,,3,51.518701,-0.042506,0,0,private,0,asphalt,3
1,Greater London,001_0416,,3,51.553653,-0.051444,0,0,private,0,asphalt,3
1,Greater London,001_0417,,3,51.50346,-0.260675,0,0,unknown,0,acrylic,3
1,Greater London,001_0418,,3,51.526894,-0.070646,0,0,private,0,asphalt,3
1,Greater London,001_0419,,3,51.523375,-0.009616,0,0,private,0,,3
1,Greater London,001_0420,,3,51.463131,-0.20887,0,0,unknown,0,,3
1,Greater London,001_0421,,3,51.448271,0.112294,0,0,unknown,0,,3
1,Greater London,001_0422,,3,51.528392,0.054352,0,0,unknown,0,,3
1,Greater London,001_0423,,2,51.529186,-0.309837,0,0,private,0,grass,2
1,Greater London,001_0424,,2,51.497794,-0.115971,0,0,public,0,tartan,2
1,Greater London,001_0425,,2,51.512692,-0.343165,0,0,unknown,0,grass,2
1,Greater London,001_0426,,2,51.44423,-0.081939,0,0,unknown,0,,2
1,Greater London,001_0427,Beckwith Courts,2,51.572771,-0.330918,0,0,unknown,0,,2
1,Greater London,001_0428,,2,51.650645,-0.086566,0,0,unknown,0,asphalt,2
1,Greater London,001_0429,,2,51.367721,0.105615,0,0,private,0,,2
1,Greater London,001_0430,,2,51.66175,-0.091738,0,0,unknown,0,artificial_turf,2
1,Greater London,001_0431,,2,51.315408,-0.133262,0,0,unknown,0,,2
1,Greater London,001_0432,Court 7,2,51.481543,-0.091485,0,0,unknown,0,asphalt,2
1,Greater London,001_0433,,2,51.514525,-0.220383,0,0,unknown,0,clay,2
1,Greater London,001_0434,,2,51.618881,-0.117928,0,0,unknown,0,,2
1,Greater London,001_0435,,2,51.494901,-0.23716,0,0,unknown,0,paved,2
1,Greater London,001_0436,,2,51.385883,-0.234438,0,0,unknown,0,grass,2
1,Greater London,001_0437,Ravenscroft Lawn Tennis Club,1,51.654213,-0.210522,1,0,unknown,0,,2
1,Greater London,001_0438,,2,51.485308,-0.135575,0,0,unknown,0,,2
1,Greater London,001_0439,,2,51.554956,-0.305561,0,0,unknown,0,,2
1,Greater London,001_0440,,2,51.362737,0.115633,0,0,unknown,0,,2
1,Greater London,001_0441,,2,51.541966,0.044113,0,0,unknown,0,,2
1,Greater London,001_0442,,2,51.572569,-0.33508,0,0,unknown,0,,2
1,Greater London,001_0443,,2,51.605875,-0.254406,0,0,unknown,0,asphalt,2
1,Greater London,001_0444,,2,51.581417,-0.205626,0,0,unknown,0,asphalt,2
1,Greater London,001_0445,,2,51.610802,-0.00486,0,0,unknown,0,,2
1,Greater London,001_0446,,2,51.617865,-0.093656,0,0,unknown,0,,2
1,Greater London,001_0447,,2,51.475195,-0.085515,0,0,unknown,0,,2
1,Greater London,001_0448,Chandos Tennis Club,1,51.593041,-0.182861,1,0,unknown,0,,2
1,Greater London,001_0449,,2,51.485939,-0.287221,0,0,unknown,0,acrylic,2
1,Greater London,001_0450,,2,51.33244,-0.097529,0,0,unknown,0,,2
1,Greater London,001_0451,,2,51.446478,-0.081615,0,0,unknown,0,,2
1,Greater London,001_0452,,2,51.443162,-0.077725,0,0,unknown,0,,2
1,Greater London,001_0453,,2,51.552702,-0.194858,0,0,unknown,0,,2
1,Greater London,001_0454,,2,51.496154,-0.158004,0,0,private,0,,2
1,Greater London,001_0455,,2,51.556553,-0.39292,0,0,unknown,0,,2
1,Greater London,001_0456,,2,51.592687,-0.020122,0,0,unknown,0,,2
1,Greater London,001_0457,,2,51.482551,-0.122581,0,0,unknown,0,,2
1,Greater London,001_0458,,2,51.64847,-0.203251,0,0,unknown,0,,2
1,Greater London,001_0459,,2,51.587107,-0.158502,0,0,unknown,0,,2
1,Greater London,001_0460,YMCA Hawker Centre,1,51.427086,-0.309612,1,0,unknown,0,,2
1,Greater London,001_0461,,2,51.448525,-0.158695,0,0,unknown,0,,2
1,Greater London,001_0462,,2,51.612348,-0.150781,0,0,unknown,0,,2
1,Greater London,001_0463,,2,51.623622,-0.138449,0,0,unknown,0,,2
1,Greater London,001_0464,,2,51.522439,-0.096866,0,0,unknown,0,,2
1,Greater London,001_0465,Court 1,2,51.497339,-0.010883,0,0,unknown,0,tartan,2
1,Greater London,001_0466,,2,51.425531,-0.151562,0,0,unknown,0,asphalt,2
1,Greater London,001_0467,,2,51.615609,-0.224212,0,0,unknown,0,paved,2
1,Greater London,001_0468,,2,51.621006,-0.235868,0,0,private,0,,2
1,Greater London,001_0469,,2,51.587446,0.194662,0,0,unknown,0,,2
1,Greater London,001_0470,,2,51.340197,-0.091518,0,0,unknown,0,,2
1,Greater London,001_0471,,2,51.313113,-0.15525,0,0,unknown,0,,2
1,Greater London,001_0472,,2,51.318583,-0.123457,0,0,unknown,0,,2
1,Greater London,001_0473,,2,51.500972,-0.204273,0,0,unknown,0,,2
1,Greater London,001_0474,,2,51.533001,-0.340135,0,0,unknown,0,asphalt,2
1,Greater London,001_0475,,2,51.403232,-0.088612,0,0,unknown,0,,2
1,Greater London,001_0476,,2,51.411428,-0.313133,0,0,unknown,0,,2
1,Greater London,001_0477,,2,51.580375,-0.191131,0,0,unknown,0,asphalt,2
1,Greater London,001_0478,,2,51.558492,-0.132905,0,0,unknown,0,,2
1,Greater London,001_0479,,2,51.551728,-0.062314,0,0,unknown,0,,2
1,Greater London,001_0480,,4,51.582027,-0.281974,0,0,private,0,asphalt,2
1,Greater London,001_0481,,2,51.557919,-0.294199,0,0,unknown,0,,2
1,Greater London,001_0482,,2,51.324201,-0.159446,0,0,unknown,0,,2
1,Greater London,001_0483,,2,51.422522,0.105635,0,0,unknown,0,,2
1,Greater London,001_0484,,2,51.517168,-0.311775,0,0,unknown,0,paved,2
1,Greater London,001_0485,,2,51.531787,-0.327495,0,0,unknown,0,,2
1,Greater London,001_0486,,2,51.416441,-0.090966,0,0,unknown,0,,2
1,Greater London,001_0487,Bromley Tennis Centre,1,51.366604,0.073954,1,0,unknown,0,,2
1,Greater London,001_0488,King's College Sports Ground,1,51.395833,-0.273784,1,0,customers,0,,2
1,Greater London,001_0489,,2,51.396253,-0.272316,0,0,customers,0,,2
1,Greater London,001_0490,,2,51.56784,0.114142,0,0,unknown,0,,2
1,Greater London,001_0491,,2,51.371586,0.007646,0,0,unknown,0,asphalt,2
1,Greater London,001_0492,,2,51.648056,-0.085877,0,0,unknown,0,asphalt,2
1,Greater London,001_0493,,2,51.510869,-0.25287,0,0,unknown,0,artificial_turf,2
1,Greater London,001_0494,,2,51.507873,-0.252975,0,0,unknown,0,,2
1,Greater London,001_0495,,2,51.492712,0.105819,0,0,unknown,0,,2
1,Greater London,001_0496,Court 1,2,51.496286,-0.106161,0,0,unknown,0,asphalt,2
1,Greater London,001_0497,,2,51.428518,0.027518,0,0,unknown,0,,2
1,Greater London,001_0498,,2,51.602546,-0.416734,0,0,unknown,0,,2
1,Greater London,001_0499,,2,51.5828,0.191773,0,0,unknown,0,,2
1,Greater London,001_0500,,2,51.615471,-0.283736,0,0,unknown,0,asphalt,2
1,Greater London,001_0501,,2,51.595918,-0.257699,0,0,unknown,0,,2
1,Greater London,001_0502,,2,51.489777,0.043155,0,0,unknown,0,fine_gravel,2
1,Greater London,001_0503,,2,51.617634,-0.160822,0,0,unknown,0,,2
1,Greater London,001_0504,,2,51.621471,-0.148544,0,0,unknown,0,asphalt,2
1,Greater London,001_0505,,2,51.557514,0.089676,0,0,public,0,asphalt,2
1,Greater London,001_0506,,2,51.57404,0.099376,0,0,unknown,0,,2
1,Greater London,001_0507,,2,51.428356,-0.06699,0,0,unknown,0,,2
1,Greater London,001_0508,,2,51.661085,-0.077153,0,0,unknown,0,,2
1,Greater London,001_0509,,2,51.597768,-0.304184,0,0,unknown,0,artificial_turf;asphalt,2
1,Greater London,001_0510,,2,51.581508,-0.189003,0,0,unknown,0,,2
1,Greater London,001_0511,,2,51.574174,-0.15952,0,0,unknown,0,,2
1,Greater London,001_0512,,2,51.47566,0.178985,0,0,unknown,0,,2
1,Greater London,001_0513,,2,51.391284,-0.195042,0,0,unknown,0,,2
1,Greater London,001_0514,John Orwell Sports Centre,1,51.504623,-0.062213,1,0,unknown,0,,2
1,Greater London,001_0515,,2,51.45678,0.110131,0,0,unknown,0,asphalt,2
1,Greater London,001_0516,,2,51.427981,-0.217308,0,0,unknown,0,,2
1,Greater London,001_0517,,2,51.438693,0.035658,0,0,unknown,0,,2
1,Greater London,001_0518,,2,51.451504,0.037273,0,0,unknown,0,,2
1,Greater London,001_0519,,2,51.632796,-0.199188,0,0,unknown,0,,2
1,Greater London,001_0520,,2,51.627697,-0.242348,0,0,unknown,0,,2
1,Greater London,001_0521,,2,51.630029,-0.240079,0,0,unknown,0,,2
1,Greater London,001_0522,,2,51.445724,-0.301897,0,0,private,0,,2
1,Greater London,001_0523,,2,51.30431,-0.120322,0,0,unknown,0,,2
1,Greater London,001_0524,,2,51.537841,0.156496,0,0,unknown,0,asphalt,2
1,Greater London,001_0525,,2,51.527425,0.189219,0,0,unknown,0,,2
1,Greater London,001_0526,,2,51.415434,-0.231992,0,0,unknown,0,,2
1,Greater London,001_0527,,2,51.4154,-0.217217,0,0,unknown,0,,2
1,Greater London,001_0528,,2,51.394197,-0.2734,0,0,customers,0,,2
1,Greater London,001_0529,Northwood Lawn Tennis Club,1,51.614711,-0.419726,1,0,unknown,0,,2
1,Greater London,001_0530,,2,51.519257,-0.379304,0,0,unknown,0,,2
1,Greater London,001_0531,,2,51.574571,-0.151995,0,0,unknown,0,,2
1,Greater London,001_0532,,2,51.573715,-0.152618,0,0,unknown,0,,2
1,Greater London,001_0533,,2,51.490008,-0.169732,0,0,public,0,artificial_turf,2
1,Greater London,001_0534,,2,51.453914,-0.367569,0,0,unknown,0,asphalt;grass,2
1,Greater London,001_0535,mutli-use sports court,2,51.377969,-0.003426,0,0,unknown,0,asphalt;tartan,2
1,Greater London,001_0536,,2,51.461213,-0.277686,0,0,private,0,,2
1,Greater London,001_0537,,2,51.501293,-0.288531,0,0,unknown,0,,2
1,Greater London,001_0538,,2,51.382608,-0.243881,0,0,unknown,0,,2
1,Greater London,001_0539,,2,51.558576,-0.193626,0,0,unknown,0,,2
1,Greater London,001_0540,,2,51.350585,-0.187086,0,0,private,0,asphalt,2
1,Greater London,001_0541,,2,51.451009,0.044556,0,0,unknown,0,,2
1,Greater London,001_0542,,2,51.472285,0.017527,0,0,private,0,,2
1,Greater London,001_0543,,2,51.666532,-0.158169,0,0,private,0,,2
1,Greater London,001_0544,,2,51.438983,0.058029,0,0,unknown,0,,2
1,Greater London,001_0545,,2,51.662871,-0.195055,0,0,private,0,,2
1,Greater London,001_0546,,2,51.42221,0.08199,0,0,unknown,0,,2
1,Greater London,001_0547,,2,51.56704,-0.20172,0,0,unknown,0,,2
1,Greater London,001_0548,,2,51.314518,-0.093391,0,0,unknown,0,,2
1,Greater London,001_0549,,2,51.416917,-0.274324,0,0,unknown,0,,2
1,Greater London,001_0550,,2,51.445322,-0.196643,0,0,unknown,0,,2
1,Greater London,001_0551,,2,51.547329,0.133224,0,0,unknown,0,,2
1,Greater London,001_0552,,2,51.5298,-0.359492,0,0,unknown,0,asphalt,2
1,Greater London,001_0553,,2,51.530426,-0.369685,0,0,unknown,0,,2
1,Greater London,001_0554,,2,51.502491,-0.374576,0,0,unknown,0,,2
1,Greater London,001_0555,Court 2,2,51.510734,-0.016257,0,0,unknown,0,asphalt,2
1,Greater London,001_0556,,2,51.326472,-0.086511,0,0,unknown,0,artificial_turf,2
1,Greater London,001_0557,,2,51.543269,-0.061104,0,0,unknown,0,,2
1,Greater London,001_0558,,2,51.518759,-0.096513,0,0,unknown,0,,2
1,Greater London,001_0559,,2,51.493077,-0.073038,0,0,unknown,0,artificial_turf;concrete,2
1,Greater London,001_0560,,2,51.538635,-0.088458,0,0,unknown,0,artificial_turf,2
1,Greater London,001_0561,,2,51.596625,-0.036634,0,0,unknown,0,,2
1,Greater London,001_0562,,2,51.509676,-0.031879,0,0,unknown,0,asphalt,2
1,Greater London,001_0563,,2,51.364496,0.049556,0,0,private,0,,2
1,Greater London,001_0564,,2,51.428037,-0.257927,0,0,unknown,0,,2
1,Greater London,001_0565,,2,51.62563,-0.281816,0,0,unknown,0,,2
1,Greater London,001_0566,,2,51.463999,0.031181,0,0,unknown,0,,2
1,Greater London,001_0567,,2,51.443605,-0.030104,0,0,private,0,,2
1,Greater London,001_0568,,2,51.551524,-0.008705,0,0,unknown,0,asphalt,2
1,Greater London,001_0569,,2,51.629165,-0.332135,0,0,unknown,0,,2
1,Greater London,001_0570,,2,51.588701,0.265512,0,0,unknown,0,,2
1,Greater London,001_0571,,2,51.572748,0.13285,0,0,unknown,0,,2
1,Greater London,001_0572,,2,51.412152,-0.146993,0,0,unknown,0,,2
1,Greater London,001_0573,,2,51.467229,-0.200149,0,0,private,0,clay,2
1,Greater London,001_0574,,2,51.474522,-0.103913,0,0,unknown,0,,2
1,Greater London,001_0575,,2,51.450556,-0.087532,0,0,unknown,0,,2
1,Greater London,001_0576,,2,51.506803,-0.258092,0,0,unknown,0,asphalt,2
1,Greater London,001_0577,,2,51.517721,-0.227801,0,0,unknown,0,,2
1,Greater London,001_0578,,2,51.567084,-0.174191,0,0,unknown,0,,2
1,Greater London,001_0579,,2,51.506701,-0.189824,0,0,private,0,,2
1,Greater London,001_0580,,2,51.586555,0.011213,0,0,unknown,0,,2
1,Greater London,001_0581,,2,51.505345,-0.10624,0,0,unknown,0,,2
1,Greater London,001_0582,,2,51.473248,-0.132485,0,0,customers,0,,2
1,Greater London,001_0583,,2,51.501569,0.024853,0,0,unknown,0,,2
1,Greater London,001_0584,,2,51.411675,-0.214442,0,0,unknown,0,,2
1,Greater London,001_0585,,2,51.485562,-0.209099,0,0,private,0,,2
1,Greater London,001_0586,,2,51.472395,-0.036529,0,0,unknown,0,,2
1,Greater London,001_0587,,2,51.467388,-0.045631,0,0,unknown,0,asphalt,2
1,Greater London,001_0588,,2,51.38516,0.097515,0,0,unknown,0,,2
1,Greater London,001_0589,,2,51.558004,-0.150566,0,0,private,0,asphalt,2
1,Greater London,001_0590,,2,51.514286,-0.186516,0,0,unknown,0,,2
1,Greater London,001_0591,,2,51.624788,-0.242263,0,0,unknown,0,,2
1,Greater London,001_0592,,2,51.524231,0.014979,0,0,unknown,0,,2
1,Greater London,001_0593,,2,51.649551,-0.078843,0,0,unknown,0,asphalt,2
1,Greater London,001_0594,,2,51.572505,0.197208,0,0,private,0,,2
1,Greater London,001_0595,,2,51.528727,-0.174481,1,0,unknown,0,,1
1,Greater London,001_0596,All England Club Community Sports Ground,2,51.396141,-0.226102,1,0,unknown,0,,1
1,Greater London,001_0597,Real Tennis Court,1,51.589732,-0.230603,0,0,unknown,0,,1
1,Greater London,001_0598,,1,51.466906,-0.227723,0,0,unknown,0,,1
1,Greater London,001_0599,,1,51.427076,-0.013319,0,0,unknown,0,,1
1,Greater London,001_0600,,1,51.419917,-0.037051,0,0,unknown,0,,1
1,Greater London,001_0601,,1,51.457419,-0.374475,0,0,unknown,0,,1
1,Greater London,001_0602,,1,51.592456,0.060217,0,0,unknown,0,,1
1,Greater London,001_0603,,1,51.58301,0.118625,0,0,unknown,0,,1
1,Greater London,001_0604,,1,51.549488,-0.330864,0,0,unknown,0,,1
1,Greater London,001_0605,,1,51.443765,-0.318166,0,0,unknown,0,,1
1,Greater London,001_0606,,1,51.363008,-0.16009,0,0,unknown,0,tartan,1
1,Greater London,001_0607,,1,51.566188,-0.336099,0,0,unknown,0,,1
1,Greater London,001_0608,,1,51.526561,-0.341042,0,0,unknown,0,,1
1,Greater London,001_0609,,1,51.429325,-0.049026,0,0,unknown,0,,1
1,Greater London,001_0610,,1,51.650199,-0.06877,0,0,unknown,0,,1
1,Greater London,001_0611,,1,51.61337,-0.239092,0,0,unknown,0,,1
1,Greater London,001_0612,,1,51.478463,-0.33532,0,0,unknown,0,clay,1
1,Greater London,001_0613,,1,51.484262,-0.412025,0,0,unknown,0,,1
1,Greater London,001_0614,,1,51.372556,-0.051213,0,0,unknown,0,,1
1,Greater London,001_0615,The Spencer Club,2,51.442351,-0.179966,1,0,unknown,0,,1
1,Greater London,001_0616,,1,51.316438,0.045822,0,0,unknown,0,,1
1,Greater London,001_0617,,1,51.585507,-0.195566,0,0,unknown,0,,1
1,Greater London,001_0618,,1,51.585184,-0.346537,0,0,unknown,0,asphalt,1
1,Greater London,001_0619,Westway Sports Centre,2,51.515527,-0.220713,1,0,unknown,0,,1
1,Greater London,001_0620,,2,51.589333,-0.351365,1,0,unknown,0,,1
1,Greater London,001_0621,,1,51.592909,-0.366043,0,0,unknown,0,,1
1,Greater London,001_0622,,4,51.452793,-0.325072,0,0,unknown,0,asphalt,1
1,Greater London,001_0623,,1,51.548192,0.16769,0,0,unknown,0,,1
1,Greater London,001_0624,,1,51.63479,-0.112161,0,0,unknown,0,,1
1,Greater London,001_0625,,1,51.641951,-0.124489,0,0,unknown,0,asphalt,1
1,Greater London,001_0626,,1,51.490806,-0.318229,0,0,unknown,0,,1
1,Greater London,001_0627,LSE Sports Ground,2,51.393338,-0.270618,1,0,unknown,0,,1
1,Greater London,001_0628,,1,51.372922,-0.240855,0,0,unknown,0,asphalt,1
1,Greater London,001_0629,,1,51.378042,-0.194868,0,0,unknown,0,,1
1,Greater London,001_0630,,1,51.379254,-0.195211,0,0,unknown,0,clay,1
1,Greater London,001_0631,,1,51.362285,-0.221983,0,0,unknown,0,,1
1,Greater London,001_0632,,1,51.655768,-0.177479,0,0,unknown,0,,1
1,Greater London,001_0633,,1,51.494798,-0.375227,0,0,unknown,0,,1
1,Greater London,001_0634,,1,51.643378,-0.241169,0,0,unknown,0,,1
1,Greater London,001_0635,,1,51.352667,-0.184991,0,0,unknown,0,concrete,1
1,Greater London,001_0636,,1,51.448209,-0.323814,0,0,unknown,0,,1
1,Greater London,001_0637,,1,51.584634,0.03769,0,0,unknown,0,,1
1,Greater London,001_0638,,1,51.42033,-0.117558,0,0,unknown,0,,1
1,Greater London,001_0639,,1,51.436446,-0.139449,0,0,unknown,0,,1
1,Greater London,001_0640,,1,51.528088,-0.084023,0,0,unknown,0,,1
1,Greater London,001_0641,,1,51.470104,-0.222338,0,0,unknown,0,,1
1,Greater London,001_0642,,1,51.449967,-0.090059,0,0,unknown,0,,1
1,Greater London,001_0643,,1,51.376065,-0.274669,0,0,unknown,0,,1
1,Greater London,001_0644,,1,51.40435,-0.158405,0,0,unknown,0,,1
1,Greater London,001_0645,,1,51.590246,-0.484112,0,0,unknown,0,,1
1,Greater London,001_0646,,1,51.547932,0.067463,0,0,unknown,0,,1
1,Greater London,001_0647,,1,51.575348,0.098772,0,0,unknown,0,,1
1,Greater London,001_0648,,1,51.571726,-0.339595,0,0,unknown,0,,1
1,Greater London,001_0649,,1,51.456558,-0.055207,0,0,unknown,0,,1
1,Greater London,001_0650,,1,51.330989,0.051402,0,0,unknown,0,paved,1
1,Greater London,001_0651,,1,51.39967,-0.02028,0,0,unknown,0,tartan,1
1,Greater London,001_0652,,1,51.577797,-0.35669,0,0,unknown,0,asphalt,1
1,Greater London,001_0653,,1,51.451281,-0.316348,0,0,unknown,0,tartan,1
1,Greater London,001_0654,,1,51.415914,-0.105098,0,0,unknown,0,asphalt,1
1,Greater London,001_0655,,1,51.319069,0.073318,0,0,unknown,0,,1
1,Greater London,001_0656,,1,51.336289,0.055639,0,0,unknown,0,,1
1,Greater London,001_0657,,1,51.4522,-0.044522,0,0,public,0,asphalt,1
1,Greater London,001_0658,,1,51.504393,0.126252,0,0,unknown,0,,1
1,Greater London,001_0659,,1,51.454633,0.06764,0,0,unknown,0,,1
1,Greater London,001_0660,,1,51.455365,0.067647,0,0,unknown,0,,1
1,Greater London,001_0661,,1,51.467771,0.19453,0,0,unknown,0,,1
1,Greater London,001_0662,,1,51.439027,0.144485,0,0,unknown,0,,1
1,Greater London,001_0663,,1,51.421795,0.100306,0,0,unknown,0,,1
1,Greater London,001_0664,,1,51.368082,-0.001679,0,0,unknown,0,asphalt,1
1,Greater London,001_0665,,1,51.528401,-0.31781,0,0,unknown,0,,1
1,Greater London,001_0666,,1,51.469804,-0.202857,0,0,unknown,0,,1
1,Greater London,001_0667,,1,51.402029,0.013036,0,0,unknown,0,asphalt,1
1,Greater London,001_0668,,1,51.617714,-0.313555,0,0,unknown,0,,1
1,Greater London,001_0669,,1,51.631191,-0.12165,0,0,unknown,0,,1
1,Greater London,001_0670,,1,51.6535,-0.249007,0,0,unknown,0,,1
1,Greater London,001_0671,,1,51.611535,-0.444497,0,0,unknown,0,,1
1,Greater London,001_0672,,1,51.615327,0.000609,0,0,unknown,0,,1
1,Greater London,001_0673,,1,51.609794,-0.121405,0,0,unknown,0,,1
1,Greater London,001_0674,,1,51.563377,-0.231389,0,0,unknown,0,,1
1,Greater London,001_0675,,1,51.511831,0.060195,0,0,unknown,0,,1
1,Greater London,001_0676,,1,51.499457,0.06618,0,0,unknown,0,asphalt,1
1,Greater London,001_0677,,1,51.448269,-0.229156,0,0,private,0,,1
1,Greater London,001_0678,,1,51.553437,0.192598,0,0,unknown,0,,1
1,Greater London,001_0679,,1,51.476218,-0.195716,0,0,unknown,0,asphalt,1
1,Greater London,001_0680,,1,51.666236,-0.07994,0,0,unknown,0,asphalt,1
1,Greater London,001_0681,,1,51.586643,-0.14969,0,0,unknown,0,asphalt,1
1,Greater London,001_0682,,1,51.420705,0.047597,0,0,unknown,0,,1
1,Greater London,001_0683,,1,51.559144,-0.453731,0,0,unknown,0,,1
1,Greater London,001_0684,,1,51.456682,-0.091962,0,0,unknown,0,,1
1,Greater London,001_0685,,1,51.471078,-0.174243,0,0,unknown,0,,1
1,Greater London,001_0686,,1,51.46139,-0.201863,0,0,unknown,0,tartan,1
1,Greater London,001_0687,,1,51.35542,-0.162714,0,0,unknown,0,,1
1,Greater London,001_0688,,1,51.65362,-0.086808,0,0,private,0,,1
1,Greater London,001_0689,,1,51.484358,-0.166985,0,0,private,0,,1
1,Greater London,001_0690,,1,51.497824,-0.241826,0,0,unknown,0,,1
1,Greater London,001_0691,,1,51.6687,-0.035584,0,0,unknown,0,,1
1,Greater London,001_0692,,1,51.481788,-0.18636,0,0,private,0,asphalt,1
1,Greater London,001_0693,,1,51.514201,-0.067345,0,0,unknown,0,,1
1,Greater London,001_0694,,1,51.599047,-0.336384,0,0,unknown,0,,1
1,Greater London,001_0695,,1,51.471439,-0.235295,0,0,unknown,0,,1
1,Greater London,001_0696,,1,51.504107,-0.191281,0,0,private,0,,1
1,Greater London,001_0697,,1,51.555592,-0.183803,0,0,unknown,0,,1
1,Greater London,001_0698,,1,51.610017,0.046225,0,0,unknown,0,asphalt,1
1,Greater London,001_0699,,1,51.495406,-0.160638,0,0,unknown,0,,1
1,Greater London,001_0700,,1,51.462684,0.150055,0,0,unknown,0,,1
1,Greater London,001_0701,,1,51.568852,-0.340856,0,0,unknown,0,,1
1,Greater London,001_0702,,1,51.597001,0.029143,0,0,unknown,0,,1
1,Greater London,001_0703,,1,51.445766,-0.26521,0,0,private,0,,1
1,Greater London,001_0704,,1,51.492469,-0.143653,0,0,private,0,artificial_turf,1
1,Greater London,001_0705,,1,51.49098,-0.14094,0,0,private,0,,1
1,Greater London,001_0706,,1,51.528558,-0.156247,0,0,private,0,,1
1,Greater London,001_0707,,1,51.543551,-0.452659,0,0,unknown,0,rubber,1
1,Greater London,001_0708,,1,51.363202,-0.086786,0,0,unknown,0,,1
1,Greater London,001_0709,,1,51.525213,-0.108363,0,0,unknown,0,asphalt,1
1,Greater London,001_0710,,1,51.689356,-0.111071,0,0,unknown,0,,1
1,Greater London,001_0711,,1,51.335218,0.050746,0,0,unknown,0,,1
1,Greater London,001_0712,,1,51.645123,-0.236089,0,0,unknown,0,,1
1,Greater London,001_0713,,1,51.419418,-0.030409,0,0,unknown,0,,1
1,Greater London,001_0714,,1,51.479898,-0.354312,0,0,unknown,0,,1
1,Greater London,001_0715,,1,51.66292,-0.192633,0,0,private,0,,1
1,Greater London,001_0716,,1,51.664188,-0.18743,0,0,private,0,,1
1,Greater London,001_0717,,1,51.659375,-0.197167,0,0,unknown,0,,1
1,Greater London,001_0718,,1,51.660322,-0.195473,0,0,private,0,,1
1,Greater London,001_0719,,1,51.659323,-0.191434,0,0,private,0,,1
1,Greater London,001_0720,,1,51.345781,-0.181793,0,0,unknown,0,,1
1,Greater London,001_0721,,1,51.523232,-0.181859,0,0,private,0,,1
1,Greater London,001_0722,,1,51.639011,-0.146084,0,0,unknown,0,asphalt,1
1,Greater London,001_0723,,1,51.420208,-0.188007,0,0,unknown,0,,1
1,Greater London,001_0724,,4,51.371349,-0.104938,0,0,unknown,0,,1
1,Greater London,001_0725,,1,51.570637,-0.337646,0,0,unknown,0,,1
1,Greater London,001_0726,,1,51.352485,-0.136232,0,0,unknown,0,,1
1,Greater London,001_0727,,1,51.469728,0.050748,0,0,private,0,,1
1,Greater London,001_0728,,1,51.653411,-0.168329,0,0,unknown,0,,1
1,Greater London,001_0729,,3,51.479655,-0.32432,0,0,unknown,0,,1
1,Greater London,001_0730,,1,51.386243,-0.065846,0,0,unknown,0,,1
1,Greater London,001_0731,,1,51.446742,-0.35016,0,0,customers,0,tartan,1
1,Greater London,001_0732,,1,51.582931,-0.088312,0,0,unknown,0,,1
1,Greater London,001_0733,,1,51.60061,-0.152272,0,0,unknown,0,asphalt,1
1,Greater London,001_0734,,1,51.625652,-0.127992,0,0,unknown,0,,1
1,Greater London,001_0735,,1,51.353775,0.040997,0,0,unknown,0,,1
1,Greater London,001_0736,,1,51.499106,-0.153666,0,0,private,0,,1
1,Greater London,001_0737,,1,51.374634,-0.114331,0,0,unknown,0,,1
1,Greater London,001_0738,,1,51.349108,0.137852,0,0,unknown,0,,1
1,Greater London,001_0739,,1,51.628015,-0.19891,0,0,unknown,0,,1
1,Greater London,001_0740,Rushgrove Tennis Courts,1,51.587475,-0.243656,0,0,unknown,0,,1
1,Greater London,001_0741,,1,51.50025,-0.182201,0,0,unknown,0,,1
1,Greater London,001_0742,,1,51.370822,-0.048065,0,0,unknown,0,asphalt,1
1,Greater London,001_0743,,1,51.561578,0.256276,0,0,unknown,0,,1
1,Greater London,001_0744,,1,51.50719,-0.314768,0,0,unknown,0,,1
1,Greater London,001_0745,,1,51.324731,-0.11186,0,0,unknown,0,,1
1,Greater London,001_0746,,1,51.477423,-0.174459,0,0,unknown,0,,1
1,Greater London,001_0747,,1,51.439771,-0.352607,0,0,private,0,,1
1,Greater London,001_0748,,1,51.435398,-0.371746,0,0,private,0,,1
1,Greater London,001_0749,,1,51.456768,-0.171817,0,0,unknown,0,,1
1,Greater London,001_0750,,1,51.515527,-0.156123,0,0,unknown,0,tartan,1
1,Greater London,001_0751,,1,51.542943,-0.384532,0,0,unknown,0,,1
1,Greater London,001_0752,,1,51.396221,-0.078682,0,0,unknown,0,,1
1,Greater London,001_0753,,1,51.53512,-0.300363,0,0,unknown,0,,1
1,Greater London,001_0754,,1,51.521892,-0.054593,0,0,public,0,asphalt,1
1,Greater London,001_0755,,1,51.564442,-0.336198,0,0,private,0,,1
1,Greater London,001_0756,,1,51.563201,-0.336956,0,0,unknown,0,,1
1,Greater London,001_0757,,1,51.569672,-0.337149,0,0,unknown,0,,1
1,Greater London,001_0758,,1,51.576089,-0.333983,0,0,unknown,0,,1
1,Greater London,001_0759,,1,51.561242,-0.341755,0,0,private,0,,1
1,Greater London,001_0760,,1,51.390408,-0.014766,0,0,unknown,0,grass,1
1,Greater London,001_0761,,1,51.596281,-0.377052,0,0,unknown,0,,1
1,Greater London,001_0762,,1,51.574201,-0.297806,0,0,public,0,asphalt,1
1,Greater London,001_0763,,1,51.583546,-0.300194,0,0,public,0,,1
1,Greater London,001_0764,,1,51.450635,-0.307883,0,0,unknown,0,,1
1,Greater London,001_0765,,1,51.591584,-0.274519,0,0,unknown,0,,1
1,Greater London,001_0766,,1,51.586843,0.00892,0,0,unknown,0,,1
1,Greater London,001_0767,,1,51.441894,-0.405758,0,0,unknown,0,,1
1,Greater London,001_0768,,1,51.561275,-0.349728,0,0,unknown,0,,1
1,Greater London,001_0769,,1,51.594029,-0.152833,0,0,unknown,0,,1
1,Greater London,001_0770,,1,51.588659,0.079622,0,0,unknown,0,,1
1,Greater London,001_0771,,1,51.426359,0.010471,0,0,unknown,0,,1
1,Greater London,001_0772,,1,51.428139,0.015521,0,0,unknown,0,,1
1,Greater London,001_0773,,1,51.589826,-0.288659,0,0,unknown,0,,1
1,Greater London,001_0774,,1,51.447328,0.152739,0,0,unknown,0,,1
1,Greater London,001_0775,,1,51.516414,0.028077,0,0,unknown,0,,1
1,Greater London,001_0776,,1,51.412999,-0.144829,0,0,public,0,,1
1,Greater London,001_0777,,1,51.458488,0.119699,0,0,unknown,0,,1
1,Greater London,001_0778,,1,51.422627,0.104211,0,0,unknown,0,,1
1,Greater London,001_0779,,1,51.450653,0.135852,0,0,unknown,0,,1
1,Greater London,001_0780,,1,51.456,-0.349522,0,0,unknown,0,,1
1,Greater London,001_0781,,1,51.512744,0.053176,0,0,private,0,,1
1,Greater London,001_0782,,1,51.589517,-0.087423,0,0,unknown,0,,1
1,Greater London,001_0783,,1,51.522869,0.063558,0,0,unknown,0,asphalt,1
1,Greater London,001_0784,,1,51.427494,-0.320742,0,0,unknown,0,artificial_turf,1
1,Greater London,001_0785,,1,51.520444,-0.315958,0,0,private,0,,1
1,Greater London,001_0786,,1,51.486278,0.110398,0,0,unknown,0,,1
1,Greater London,001_0787,,1,51.443063,0.101571,0,0,unknown,0,,1
1,Greater London,001_0788,,1,51.585925,-0.1583,0,0,unknown,0,asphalt,1
1,Greater London,001_0789,,1,51.442853,-0.085811,0,0,unknown,0,,1
1,Greater London,001_0790,,1,51.381803,-0.034573,0,0,unknown,0,clay,1
1,Greater London,001_0791,,1,51.380353,-0.030421,0,0,unknown,0,,1
1,Greater London,001_0792,,1,51.418996,-0.249254,0,0,unknown,0,,1
1,Greater London,001_0793,Tennis Courts,1,51.503117,-0.472342,0,0,unknown,0,,1
1,Greater London,001_0794,,1,51.554758,0.246804,0,0,public,0,concrete,1
1,Greater London,001_0795,,1,51.498281,-0.388317,0,0,unknown,0,,1
1,Greater London,001_0796,,1,51.573626,-0.17343,0,0,private,0,,1
1,Greater London,001_0797,,1,51.566935,-0.290755,0,0,unknown,0,,1
1,Greater London,001_0798,,1,51.563173,-0.338088,0,0,private,0,,1
1,Greater London,001_0799,,1,51.472374,-0.175752,0,0,unknown,0,,1
1,Greater London,001_0800,,1,51.49507,-0.152435,0,0,private,0,,1
1,Greater London,001_0801,,1,51.431714,0.111791,0,0,unknown,0,,1
1,Greater London,001_0802,,1,51.502535,-0.026473,0,0,unknown,0,asphalt,1
1,Greater London,001_0803,,1,51.416828,-0.305559,0,0,unknown,0,clay,1
1,Greater London,001_0804,,1,51.417537,-0.305245,0,0,unknown,0,,1
1,Greater London,001_0805,,1,51.557156,-0.149754,0,0,unknown,0,,1
1,Greater London,001_0806,,1,51.447417,-0.303165,0,0,unknown,0,,1
1,Greater London,001_0807,,1,51.447262,-0.301628,0,0,unknown,0,,1
1,Greater London,001_0808,,1,51.605051,-0.284351,0,0,unknown,0,,1
1,Greater London,001_0809,Clissold Park Tennis Pavilion,2,51.563962,-0.086659,1,0,unknown,0,,1
1,Greater London,001_0810,,1,51.645345,-0.045082,0,0,unknown,0,,1
1,Greater London,001_0811,,1,51.503358,-0.033052,0,0,private,0,,1
1,Greater London,001_0812,,1,51.620073,-0.157203,0,0,unknown,0,asphalt,1
1,Greater London,001_0813,,1,51.457171,0.024679,0,0,unknown,0,,1
1,Greater London,001_0814,,1,51.458897,0.141464,0,0,unknown,0,,1
1,Greater London,001_0815,,1,51.574474,0.029477,0,0,unknown,0,,1
1,Greater London,001_0816,,1,51.440785,0.034488,0,0,unknown,0,,1
1,Greater London,001_0817,,1,51.633176,-0.212896,0,0,unknown,0,,1
1,Greater London,001_0818,,1,51.627377,-0.196744,0,0,unknown,0,,1
1,Greater London,001_0819,,1,51.63033,-0.199466,0,0,unknown,0,,1
1,Greater London,001_0820,,1,51.54451,-0.142904,0,0,unknown,0,,1
1,Greater London,001_0821,,1,51.547863,-0.485136,0,0,unknown,0,,1
1,Greater London,001_0822,,1,51.411128,0.109414,0,0,unknown,0,,1
1,Greater London,001_0823,,1,51.567858,-0.20656,0,0,unknown,0,paved,1
1,Greater London,001_0824,,1,51.447063,-0.025787,0,0,unknown,0,,1
1,Greater London,001_0825,,1,51.429476,-0.270677,0,0,unknown,0,,1
1,Greater London,001_0826,,1,51.531603,-0.163152,0,0,private,0,,1
1,Greater London,001_0827,,1,51.614772,-0.180646,0,0,unknown,0,,1
1,Greater London,001_0828,,1,51.562761,-0.451735,0,0,unknown,0,,1
1,Greater London,001_0829,Kingsbury Tennis Courts,1,51.585151,-0.268427,0,0,unknown,0,asphalt,1
1,Greater London,001_0830,,1,51.567724,-0.156362,0,0,unknown,0,,1
1,Greater London,001_0831,,1,51.373922,-0.060795,0,0,unknown,0,asphalt,1
1,Greater London,001_0832,,1,51.461131,-0.208251,0,0,unknown,0,,1
1,Greater London,001_0833,,1,51.595653,0.186819,0,0,unknown,0,,1
1,Greater London,001_0834,,1,51.361045,-0.133934,0,0,unknown,0,asphalt,1
1,Greater London,001_0835,,1,51.424009,-0.352838,0,0,unknown,0,,1
1,Greater London,001_0836,,1,51.385241,-0.207786,0,0,unknown,0,,1
1,Greater London,001_0837,,1,51.419873,0.077322,0,0,unknown,0,,1
1,Greater London,001_0838,,1,51.472115,-0.054222,0,0,unknown,0,,1
1,Greater London,001_0839,,1,51.393459,-0.181421,0,0,unknown,0,,1
1,Greater London,001_0840,,1,51.594139,-0.179616,0,0,unknown,0,,1
1,Greater London,001_0841,,1,51.592391,-0.186755,0,0,unknown,0,,1
1,Greater London,001_0842,,1,51.590538,-0.187013,0,0,unknown,0,,1
1,Greater London,001_0843,,1,51.63413,-0.200123,0,0,private,0,,1
1,Greater London,001_0844,Tennis Court,1,51.428041,-0.263997,0,0,unknown,0,,1
1,Greater London,001_0845,,1,51.561654,-0.189005,0,0,unknown,0,,1
1,Greater London,001_0846,,1,51.564148,-0.181597,0,0,private,0,,1
1,Greater London,001_0847,,1,51.368747,-0.170202,0,0,unknown,0,rubber,1
1,Greater London,001_0848,,1,51.390828,-0.201741,0,0,unknown,0,,1
1,Greater London,001_0849,,1,51.563788,-0.154958,0,0,unknown,0,,1
1,Greater London,001_0850,,1,51.561909,-0.15352,0,0,unknown,0,,1
1,Greater London,001_0851,,1,51.372409,-0.178664,0,0,unknown,0,,1
1,Greater London,001_0852,,1,51.434768,0.059936,0,0,unknown,0,,1
1,Greater London,001_0853,,1,51.44521,0.065146,0,0,unknown,0,,1
1,Greater London,001_0854,,1,51.57409,-0.194863,0,0,unknown,0,,1
1,Greater London,001_0855,,1,51.431591,-0.219403,0,0,unknown,0,,1
1,Greater London,001_0856,,1,51.432048,-0.217898,0,0,unknown,0,,1
1,Greater London,001_0857,,1,51.43111,-0.2213,0,0,unknown,0,,1
1,Greater London,001_0858,,1,51.429474,-0.217826,0,0,unknown,0,,1
1,Greater London,001_0859,,1,51.418406,-0.269152,0,0,unknown,0,,1
1,Greater London,001_0860,,1,51.419462,-0.265338,0,0,unknown,0,,1
1,Greater London,001_0861,,1,51.414762,-0.263141,0,0,private,0,paved,1
1,Greater London,001_0862,,1,51.6242,-0.194085,0,0,unknown,0,,1
1,Greater London,001_0863,,1,51.627196,-0.240193,0,0,unknown,0,,1
1,Greater London,001_0864,,1,51.569753,-0.153239,0,0,unknown,0,,1
1,Greater London,001_0865,,1,51.568228,-0.159931,0,0,private,0,,1
1,Greater London,001_0866,,1,51.574878,-0.17023,0,0,unknown,0,,1
1,Greater London,001_0867,,1,51.582225,-0.169989,0,0,unknown,0,,1
1,Greater London,001_0868,,1,51.585345,-0.106372,0,0,unknown,0,paved,1
1,Greater London,001_0869,,1,51.387392,0.133194,0,0,unknown,0,,1
1,Greater London,001_0870,,1,51.635298,-0.202862,0,0,unknown,0,,1
1,Greater London,001_0871,,1,51.634942,-0.212452,0,0,unknown,0,,1
1,Greater London,001_0872,,1,51.635792,-0.209538,0,0,unknown,0,,1
1,Greater London,001_0873,,1,51.628103,-0.238971,0,0,unknown,0,,1
1,Greater London,001_0874,,1,51.626707,-0.242388,0,0,unknown,0,,1
1,Greater London,001_0875,,1,51.629207,-0.245695,0,0,unknown,0,,1
1,Greater London,001_0876,,1,51.632084,-0.189558,0,0,unknown,0,,1
1,Greater London,001_0877,,1,51.583699,0.215456,0,0,unknown,0,ground,1
1,Greater London,001_0878,,1,51.571125,-0.082284,0,0,unknown,0,,1
1,Greater London,001_0879,,1,51.50055,-0.088086,0,0,unknown,0,,1
1,Greater London,001_0880,,1,51.559914,-0.172896,0,0,unknown,0,,1
1,Greater London,001_0881,,1,51.478344,-0.310553,0,0,unknown,0,,1
1,Greater London,001_0882,,1,51.54965,0.196667,0,0,private,0,,1
1,Greater London,001_0883,,1,51.330222,-0.140865,0,0,unknown,0,,1
1,Greater London,001_0884,,1,51.455195,0.005846,0,0,unknown,0,asphalt,1
1,Greater London,001_0885,,1,51.404267,0.050344,0,0,unknown,0,,1
1,Greater London,001_0886,,1,51.451545,-0.305558,0,0,unknown,0,,1
1,Greater London,001_0887,,1,51.451873,-0.306529,0,0,unknown,0,,1
1,Greater London,001_0888,,1,51.452265,-0.304455,0,0,unknown,0,,1
1,Greater London,001_0889,,1,51.321858,0.070597,0,0,unknown,0,,1
1,Greater London,001_0890,,1,51.469788,-0.342529,0,0,unknown,0,,1
1,Greater London,001_0891,,1,51.398227,-0.201377,0,0,unknown,0,,1
1,Greater London,001_0892,,1,51.405276,-0.247118,0,0,unknown,0,,1
1,Greater London,001_0893,,1,51.394631,0.003025,0,0,unknown,0,artificial_turf,1
1,Greater London,001_0894,,1,51.346467,0.110889,0,0,unknown,0,,1
1,Greater London,001_0895,,1,51.421317,-0.109619,0,0,unknown,0,,1
1,Greater London,001_0896,,1,51.452064,-0.406636,0,0,unknown,0,,1
1,Greater London,001_0897,,1,51.424082,-0.023608,0,0,unknown,0,,1
1,Greater London,001_0898,Ibstock Sports Hall,2,51.45515,-0.250931,1,0,private,0,,1
1,Greater London,001_0899,,1,51.578621,-0.368825,0,0,unknown,0,,1
1,Greater London,001_0900,,1,51.472594,-0.26491,0,0,unknown,0,,1
1,Greater London,001_0901,,1,51.449329,-0.008397,0,0,unknown,0,asphalt,1
1,Greater London,001_0902,,1,51.448068,-0.007351,0,0,unknown,0,asphalt,1
1,Greater London,001_0903,,1,51.421756,0.098273,0,0,unknown,0,asphalt,1
1,Greater London,001_0904,,1,51.441995,-0.393959,0,0,unknown,0,acrylic,1
1,Greater London,001_0905,,1,51.532005,0.090223,0,0,unknown,0,,1
1,Greater London,001_0906,,1,51.504263,-0.059901,0,0,unknown,0,asphalt,1
1,Greater London,001_0907,,1,51.471774,-0.009776,0,0,unknown,0,,1
1,Greater London,001_0908,,1,51.553645,-0.183557,0,0,unknown,0,,1
1,Greater London,001_0909,,1,51.516434,-0.045247,0,0,private,0,asphalt,1
1,Greater London,001_0910,,1,51.32011,0.010972,0,0,unknown,0,asphalt,1
1,Greater London,001_0911,,1,51.417862,-0.235107,0,0,private,0,,1
1,Greater London,001_0912,,1,51.377444,0.018807,0,0,unknown,0,,1
1,Greater London,001_0913,,1,51.521777,0.028231,0,0,unknown,0,,1
1,Greater London,001_0914,,1,51.51461,-0.208291,0,0,private,0,,1
1,Greater London,001_0915,,1,51.593106,-0.324184,0,0,unknown,0,asphalt,1
1,Greater London,001_0916,,1,51.506396,-0.210188,0,0,private,0,,1
1,Greater London,001_0917,,1,51.454532,-0.216095,0,0,unknown,0,,1
1,Greater London,001_0918,,1,51.492326,-0.249363,0,0,unknown,0,artificial_turf,1
1,Greater London,001_0919,,1,51.525435,-0.11882,0,0,unknown,0,,1
1,Greater London,001_0920,,1,51.456951,-0.176591,0,0,private,0,,1
1,Greater London,001_0921,,1,51.578236,-0.172746,0,0,unknown,0,,1
1,Greater London,001_0922,,1,51.551727,-0.172207,0,0,unknown,0,,1
1,Greater London,001_0923,,1,51.482149,-0.194729,0,0,unknown,0,artificial_turf,1
1,Greater London,001_0924,,1,51.610078,-0.428302,0,0,unknown,0,,1
1,Greater London,001_0925,,1,51.602669,-0.405681,0,0,private,0,,1
1,Greater London,001_0926,,1,51.610364,-0.4296,0,0,unknown,0,,1
1,Greater London,001_0927,,1,51.449181,-0.036845,0,0,unknown,0,,1
1,Greater London,001_0928,,1,51.436745,-0.179629,0,0,unknown,0,,1
1,Greater London,001_0929,,1,51.520101,-0.430552,0,0,private,0,,1
1,Greater London,001_0930,,1,51.538154,-0.349882,0,0,unknown,0,,1
1,Greater London,001_0931,,1,51.586447,-0.405585,0,0,unknown,0,,1
1,Greater London,001_0932,,1,51.666163,-0.0359,0,0,unknown,0,,1
1,Greater London,001_0933,,1,51.474972,-0.232409,0,0,unknown,0,,1
1,Greater London,001_0934,,1,51.393883,-0.037115,0,0,unknown,0,artificial_turf,1
1,Greater London,001_0935,,1,51.459182,-0.317605,0,0,private,0,grass,1
1,Greater London,001_0936,,1,51.46044,-0.315925,0,0,private,0,grass,1
1,Greater London,001_0937,,1,51.459734,-0.320086,0,0,private,0,grass,1
1,Greater London,001_0938,Tennis Courts,1,51.519959,0.213596,0,0,unknown,0,asphalt,1
1,Greater London,001_0939,,1,51.403639,-0.200702,0,0,unknown,0,,1
1,Greater London,001_0940,,1,51.591414,-0.153693,0,0,private,0,,1
1,Greater London,001_0941,,1,51.407737,-0.342479,0,0,private,0,,1
1,Greater London,001_0942,,1,51.562469,0.152633,0,0,unknown,0,,1
1,Greater London,001_0943,,1,51.562592,0.145848,0,0,unknown,0,,1
1,Greater London,001_0944,,1,51.563362,0.150607,0,0,unknown,0,asphalt,1
1,Greater London,001_0945,,1,51.442539,-0.300027,0,0,private,0,,1
1,Greater London,001_0946,,1,51.420603,-0.307723,0,0,private,0,,1
1,Greater London,001_0947,,1,51.437237,-0.30428,0,0,unknown,0,,1
1,Greater London,001_0948,,1,51.45075,-0.324943,0,0,private,0,,1
1,Greater London,001_0949,,1,51.364862,0.114135,0,0,unknown,0,,1
1,Greater London,001_0950,,1,51.408726,-0.255279,0,0,unknown,0,,1
1,Greater London,001_0951,,1,51.537441,0.189104,0,0,unknown,0,,1
1,Greater London,001_0952,,1,51.40725,-0.274615,0,0,unknown,0,,1
1,Greater London,001_0953,,1,51.416545,-0.258927,0,0,private,0,,1
1,Greater London,001_0954,,1,51.415821,-0.256053,0,0,private,0,,1
1,Greater London,001_0955,,1,51.416637,-0.256486,0,0,private,0,,1
1,Greater London,001_0956,,1,51.466505,-0.187015,0,0,unknown,0,,1
1,Greater London,001_0957,,1,51.600955,-0.393975,0,0,unknown,0,asphalt,1
1,Greater London,001_0958,,1,51.501795,-0.290574,0,0,unknown,0,,1
1,Greater London,001_0959,,1,51.401851,-0.029173,0,0,unknown,0,,1
1,Greater London,001_0960,,1,51.621012,-0.248139,0,0,unknown,0,,1
1,Greater London,001_0961,,1,51.575975,-0.154636,0,0,unknown,0,,1
1,Greater London,001_0962,,1,51.48575,0.063342,0,0,unknown,0,,1
1,Greater London,001_0963,,1,51.462849,0.011491,0,0,private,0,,1
1,Greater London,001_0964,,2,51.348616,-0.203573,1,0,unknown,0,,1
1,Greater London,001_0965,,1,51.603061,-0.496494,0,0,unknown,0,asphalt,1
1,Greater London,001_0966,,1,51.454171,-0.229745,0,0,unknown,0,,1
1,Greater London,001_0967,,1,51.455598,-0.255458,0,0,unknown,0,,1
1,Greater London,001_0968,,1,51.605488,-0.484636,0,0,unknown,0,,1
1,Greater London,001_0969,,1,51.617079,-0.22886,0,0,unknown,0,,1
1,Greater London,001_0970,,1,51.576726,-0.42474,0,0,unknown,0,,1
1,Greater London,001_0971,,1,51.510564,-0.238346,0,0,unknown,0,,1
1,Greater London,001_0972,,1,51.545379,-0.183579,0,0,private,0,,1
1,Greater London,001_0973,,1,51.57114,-0.176638,0,0,unknown,0,,1
1,Greater London,001_0974,,1,51.432423,-0.205967,0,0,unknown,0,,1
1,Greater London,001_0975,,1,51.431373,-0.206491,0,0,unknown,0,,1
1,Greater London,001_0976,,1,51.428532,-0.209037,0,0,unknown,0,,1
1,Greater London,001_0977,,1,51.429911,-0.210569,0,0,unknown,0,,1
1,Greater London,001_0978,,1,51.425993,-0.211049,0,0,unknown,0,,1
1,Greater London,001_0979,,1,51.433077,-0.22161,0,0,unknown,0,,1
1,Greater London,001_0980,,1,51.540554,-0.170462,0,0,private,0,,1
1,Greater London,001_0981,,1,51.534795,0.01681,0,0,private,0,,1
1,Greater London,001_0982,,1,51.587642,-0.044393,0,0,unknown,0,,1
1,Greater London,001_0983,,1,51.457189,-0.292539,0,0,private,0,,1
1,Greater London,001_0984,,1,51.555831,-0.206738,0,0,private,0,,1
1,Greater London,001_0985,,1,51.557121,-0.277169,0,0,unknown,0,,1
1,Greater London,001_0986,Tennis court,1,51.531054,-0.463364,0,0,unknown,0,,1
1,Greater London,001_0987,Tennis courts,1,51.486184,-0.478957,0,0,unknown,0,,1
1,Greater London,001_0988,,1,51.559901,-0.190389,0,0,private,0,,1
1,Greater London,001_0989,,1,51.558943,-0.189842,0,0,private,0,,1
1,Greater London,001_0990,,1,51.350634,-0.189166,0,0,private,0,asphalt,1
1,Greater London,001_0991,,1,51.349542,-0.188964,0,0,private,0,asphalt,1
1,Greater London,001_0992,,1,51.347276,-0.188843,0,0,private,0,asphalt,1
1,Greater London,001_0993,,1,51.34728,-0.18588,0,0,private,0,asphalt,1
1,Greater London,001_0994,,1,51.349804,-0.184555,0,0,private,0,asphalt,1
1,Greater London,001_0995,,1,51.350525,-0.184652,0,0,private,0,asphalt,1
1,Greater London,001_0996,,1,51.483576,0.144879,0,0,unknown,0,,1
1,Greater London,001_0997,,1,51.40706,-0.153373,0,0,unknown,0,,1
1,Greater London,001_0998,,1,51.431291,-0.301166,0,0,unknown,0,,1
1,Greater London,001_0999,,1,51.415483,-0.261785,0,0,unknown,0,,1
1,Greater London,001_1000,Charlton Lido and Lifestyle Club,2,51.475286,0.038862,1,0,unknown,0,,1
1,Greater London,001_1001,Decathlon Sports Pitch,1,51.497741,-0.047339,0,0,customers,0,,1
1,Greater London,001_1002,,1,51.547214,-0.040058,0,0,unknown,0,,1
1,Greater London,001_1003,,1,51.444106,-0.09738,0,0,unknown,0,,1
1,Greater London,001_1004,,1,51.410032,0.084743,0,0,unknown,0,,1
1,Greater London,001_1005,,1,51.538105,-0.166096,0,0,private,0,,1
1,Greater London,001_1006,,1,51.635559,-0.206353,0,0,unknown,0,,1
1,Greater London,001_1007,,1,51.62854,-0.177318,0,0,unknown,0,,1
1,Greater London,001_1008,,1,51.557144,-0.185597,0,0,unknown,0,,1
1,Greater London,001_1009,,1,51.517898,0.157114,0,0,unknown,0,,1
1,Greater London,001_1010,,1,51.685869,-0.096504,0,0,unknown,0,,1
1,Greater London,001_1011,,1,51.667866,-0.163691,0,0,private,0,,1
1,Greater London,001_1012,,1,51.662867,-0.156461,0,0,private,0,,1
1,Greater London,001_1013,Walthamstow Cricket Tennis and Squash Club,2,51.584998,0.000939,1,0,unknown,0,,1
1,Greater London,001_1014,,1,51.410627,0.0694,0,0,unknown,0,,1
1,Greater London,001_1015,,1,51.525728,-0.328755,0,0,unknown,0,,1
1,Greater London,001_1016,,1,51.297614,0.055396,0,0,unknown,0,,1
1,Greater London,001_1017,,1,51.660473,-0.2028,0,0,private,0,,1
1,Greater London,001_1018,,1,51.58889,-0.246357,0,0,unknown,0,,1
1,Greater London,001_1019,,1,51.487347,0.001543,0,0,unknown,0,,1
1,Greater London,001_1020,,1,51.359171,-0.105177,0,0,unknown,0,,1
1,Greater London,001_1021,,1,51.40687,0.074313,0,0,unknown,0,,1
1,Greater London,001_1022,,1,51.471227,0.017016,0,0,unknown,0,,1
1,Greater London,001_1023,,1,51.455846,-0.223327,0,0,unknown,0,,1
1,Greater London,001_1024,,1,51.683859,-0.158495,0,0,unknown,0,,1
1,Greater London,001_1025,,1,51.373936,0.016647,0,0,unknown,0,grass,1
1,Greater London,001_1026,,1,51.366011,0.122857,0,0,private,0,,1
1,Greater London,001_1027,,1,51.54426,0.130876,0,0,unknown,0,,1
1,Greater London,001_1028,,1,51.479837,-0.222479,0,0,unknown,0,,1
1,Greater London,001_1029,,1,51.509357,-0.391168,0,0,unknown,0,,1
1,Greater London,001_1030,,1,51.491186,-0.249247,0,0,unknown,0,artificial_turf,1
1,Greater London,001_1031,,1,51.461115,0.018003,0,0,unknown,0,,1
1,Greater London,001_1032,,1,51.586695,0.052477,0,0,private,0,compacted,1
1,Greater London,001_1033,,1,51.521022,0.042326,0,0,unknown,0,,1
1,Greater London,001_1034,,1,51.57319,-0.21725,0,0,unknown,0,asphalt,1
1,Greater London,001_1035,,1,51.384175,-0.022869,0,0,unknown,0,,1
1,Greater London,001_1036,,1,51.657263,-0.140492,0,0,unknown,0,,1
1,Greater London,001_1037,,1,51.353826,-0.213937,0,0,unknown,0,,1
1,Greater London,001_1038,,1,51.654823,-0.219314,0,0,unknown,0,,1
1,Greater London,001_1039,,1,51.48875,-0.33139,0,0,private,0,asphalt,1
1,Greater London,001_1040,,1,51.50742,-0.027974,0,0,customers,0,,1
1,Greater London,001_1041,,1,51.649901,-0.107391,0,0,unknown,0,asphalt,1
1,Greater London,001_1042,,1,51.608817,-0.305406,0,0,private,0,,1
1,Greater London,001_1043,,1,51.435514,-0.302753,0,0,unknown,0,,1
1,Greater London,001_1044,,1,51.505724,-0.347816,0,0,unknown,0,,1
1,Greater London,001_1045,,1,51.359059,-0.041739,0,0,unknown,0,,1
1,Greater London,001_1046,,1,51.416881,0.027194,0,0,private,0,,1
1,Greater London,001_1047,,1,51.578445,-0.40719,0,0,unknown,0,,1
1,Greater London,001_1048,,1,51.58063,-0.247654,0,0,unknown,0,,1
1,Greater London,001_1049,,1,51.470432,-0.012319,0,0,private,0,asphalt,1
1,Greater London,001_1050,,1,51.373616,0.054251,0,0,unknown,0,,1
1,Greater London,001_1051,,1,51.625408,-0.326658,0,0,unknown,0,,1
1,Greater London,001_1052,,1,51.626241,-0.328241,0,0,unknown,0,,1
1,Greater London,001_1053,,1,51.626655,-0.325436,0,0,unknown,0,,1
1,Greater London,001_1054,,1,51.6286,-0.333748,0,0,unknown,0,,1
1,Greater London,001_1055,,1,51.628019,-0.329021,0,0,unknown,0,,1
1,Greater London,001_1056,,1,51.627507,-0.331209,0,0,unknown,0,,1
1,Greater London,001_1057,,1,51.628086,-0.334542,0,0,unknown,0,,1
1,Greater London,001_1058,,1,51.62905,-0.336555,0,0,unknown,0,,1
1,Greater London,001_1059,,1,51.629769,-0.337268,0,0,unknown,0,,1
1,Greater London,001_1060,,1,51.581841,0.262184,0,0,unknown,0,,1
1,Greater London,001_1061,,1,51.590007,0.257925,0,0,unknown,0,,1
1,Greater London,001_1062,,1,51.61572,0.192109,0,0,unknown,0,,1
1,Greater London,001_1063,,1,51.615616,0.193422,0,0,unknown,0,,1
1,Greater London,001_1064,,1,51.591271,0.144889,0,0,unknown,0,,1
1,Greater London,001_1065,,1,51.616062,0.179246,0,0,unknown,0,,1
1,Greater London,001_1066,,1,51.444117,-0.362692,0,0,private,0,asphalt,1
1,Greater London,001_1067,,1,51.667531,-0.106308,0,0,private,0,,1
1,Greater London,001_1068,,1,51.670704,-0.091466,0,0,unknown,0,,1
1,Greater London,001_1069,,1,51.569794,0.221768,0,0,private,0,,1
1,Greater London,001_1070,,1,51.366014,0.046475,0,0,unknown,0,,1
1,Greater London,001_1071,,1,51.593742,-0.412417,0,0,unknown,0,asphalt,1
1,Greater London,001_1072,,1,51.552734,0.26619,0,0,unknown,0,,1
1,Greater London,001_1073,,1,51.553902,0.266666,0,0,unknown,0,,1
1,Greater London,001_1074,,1,51.358341,-0.049197,0,0,private,0,,1
1,Greater London,001_1075,,1,51.370559,0.124159,0,0,private,0,,1
1,Greater London,001_1076,,1,51.589204,0.206571,0,0,unknown,0,,1
1,Greater London,001_1077,,1,51.414553,-0.276747,0,0,private,0,,1
1,Greater London,001_1078,,1,51.359172,0.090926,0,0,unknown,0,,1
1,Greater London,001_1079,,1,51.446364,-0.040111,0,0,private,0,,1
1,Greater London,001_1080,,1,51.424376,-0.277143,0,0,private,0,,1
1,Greater London,001_1081,,1,51.446503,-0.396028,0,0,unknown,0,asphalt,1
1,Greater London,001_1082,,1,51.404226,-0.133244,0,0,unknown,0,,1
1,Greater London,001_1083,,1,51.532811,0.038248,0,0,private,0,asphalt,1
1,Greater London,001_1084,,1,51.354236,0.110127,0,0,unknown,0,,1
1,Greater London,001_1085,,1,51.354709,0.106616,0,0,unknown,0,,1
1,Greater London,001_1086,,1,51.406027,-0.001272,0,0,unknown,0,,1
1,Greater London,001_1087,,1,51.54082,0.287071,0,0,unknown,0,,1
1,Greater London,001_1088,,1,51.510857,-0.200982,0,0,private,0,,1
1,Greater London,001_1089,,1,51.422362,-0.095689,0,0,unknown,0,,1
1,Greater London,001_1090,,1,51.365562,0.017223,0,0,unknown,0,,1
1,Greater London,001_1091,,1,51.433746,-0.214032,0,0,unknown,0,grass,1
1,Greater London,001_1092,,1,51.424055,0.143667,0,0,private,0,asphalt,1
1,Greater London,001_1093,,1,51.422412,0.143871,0,0,private,0,,1
1,Greater London,001_1094,,1,51.327876,0.02223,0,0,unknown,0,,1
1,Greater London,001_1095,,1,51.496707,-0.117578,0,0,unknown,0,,1
1,Greater London,001_1096,,1,51.573723,-0.189007,0,0,unknown,0,,1
1,Greater London,001_1097,,1,51.43879,-0.310974,0,0,unknown,0,,1
1,Greater London,001_1098,,1,51.455666,-0.300532,0,0,unknown,0,artificial_turf,1
1,Greater London,001_1099,,1,51.532137,-0.047354,0,0,unknown,0,,1
1,Greater London,001_1100,,1,51.52492,-0.164444,0,0,unknown,0,,1
1,Greater London,001_1101,,1,51.496499,-0.198306,0,0,private,0,,1
1,Greater London,001_1102,,1,51.501708,-0.149671,0,0,private,0,,1
1,Greater London,001_1103,,1,51.491265,-0.175001,0,0,private,0,,1
1,Greater London,001_1104,,1,51.477845,-0.214345,0,0,unknown,0,asphalt,1
1,Greater London,001_1105,,1,51.530496,-0.132,0,0,private,0,asphalt,1
1,Greater London,001_1106,,1,51.575551,-0.189722,0,0,unknown,0,,1
1,Greater London,001_1107,,1,51.619199,-0.246018,0,0,private,0,,1
1,Greater London,001_1108,,1,51.547417,-0.029926,0,0,unknown,0,,1
1,Greater London,001_1109,,1,51.557753,0.014482,0,0,private,0,asphalt,1
1,Greater London,001_1110,,1,51.595319,-0.413129,0,0,unknown,0,,1
1,Greater London,001_1111,,1,51.524404,-0.030252,0,0,private,0,asphalt,1
1,Greater London,001_1112,,1,51.57822,-0.185245,0,0,unknown,0,,1
1,Greater London,001_1113,,1,51.579934,-0.187754,0,0,unknown,0,,1
1,Greater London,001_1114,,1,51.630605,-0.317913,0,0,private,0,,1
1,Greater London,001_1115,,1,51.574719,0.230398,0,0,unknown,0,,1
1,Greater London,001_1116,,1,51.353961,0.056768,0,0,unknown,0,,1
1,Greater London,001_1117,,4,51.580347,-0.283298,0,0,private,0,asphalt,1
1,Greater London,001_1118,,1,51.335189,-0.22506,0,0,private,0,,1
1,Greater London,001_1119,,1,51.341058,-0.216161,0,0,private,0,paved,1
1,Greater London,001_1120,,1,51.33953,-0.215464,0,0,private,0,paved,1
1,Greater London,001_1121,,1,51.337107,-0.212929,0,0,private,0,paved,1
1,Greater London,001_1122,,1,51.346,-0.210753,0,0,private,0,paved,1
1,Greater London,001_1123,,1,51.345343,-0.210021,0,0,private,0,paved,1
1,Greater London,001_1124,,1,51.340896,-0.213921,0,0,private,0,paved,1
1,Greater London,001_1125,,1,51.355732,-0.313258,0,0,unknown,0,,1
1,Greater London,001_1126,,1,51.5722,-0.395056,0,0,unknown,0,,1
1,Greater London,001_1127,Tennis Courts,1,51.559834,-0.411127,0,0,unknown,0,,1
2,Greater Manchester,002_0000,The Northern,14,53.423085,-2.236899,1,0,customers,0,paved,15
2,Greater Manchester,002_0001,Urmston Sports Club,11,53.451471,-2.361914,1,0,customers,0,artificial_turf;clay;grass,12
2,Greater Manchester,002_0002,Bramhall Lane Lawn Tennis Club,10,53.366223,-2.166004,1,0,customers,0,,11
2,Greater Manchester,002_0003,Brooklands Sports Club,10,53.413762,-2.315544,1,0,customers,0,,11
2,Greater Manchester,002_0004,Hale Lawn Tennis Club,9,53.375488,-2.333104,1,0,unknown,0,artificial_turf;clay,10
2,Greater Manchester,002_0005,,10,53.40475,-2.281419,0,0,unknown,0,,10
2,Greater Manchester,002_0006,Holcombe Brook Tennis Club,9,53.623449,-2.325352,1,0,customers,0,,10
2,Greater Manchester,002_0007,Bowdon Lawn Tennis Club,9,53.38013,-2.365996,1,0,customers,0,,10
2,Greater Manchester,002_0008,,9,53.447681,-2.209201,0,0,private,0,,9
2,Greater Manchester,002_0009,Bramhall Park Lawn Tennis Club,8,53.376133,-2.170592,1,0,customers,0,artificial_turf;asphalt,9
2,Greater Manchester,002_0010,Brabyns Tennis Club,7,53.400436,-2.058088,1,0,customers,0,artificial_clay;clay,8
2,Greater Manchester,002_0011,,8,53.590874,-2.302743,0,0,unknown,0,,8
2,Greater Manchester,002_0012,,8,53.467162,-2.149628,0,0,private,0,asphalt,8
2,Greater Manchester,002_0013,"Leigh Cricket, Tennis and Bowling Club",7,53.485236,-2.520284,1,0,customers,0,asphalt,8
2,Greater Manchester,002_0014,Winstanley Tennis Club,6,53.528015,-2.702429,1,0,customers,0,asphalt,7
2,Greater Manchester,002_0015,"West Heaton Bowling, Tennis & Squash Club",6,53.422183,-2.19392,1,0,customers,0,artificial_turf,7
2,Greater Manchester,002_0016,Woodside Tennis Club,6,53.360372,-2.071367,1,0,customers,0,asphalt;paved,7
2,Greater Manchester,002_0017,Heyes Grove Tennis Club,6,53.399456,-2.324492,1,0,customers,0,,7
2,Greater Manchester,002_0018,"Prestwich Cricket, Tennis & Bowling Club",6,53.533441,-2.27873,1,0,customers,0,,7
2,Greater Manchester,002_0019,Bramhall Queensgate Sports Club,6,53.352014,-2.160709,1,0,customers,0,,7
2,Greater Manchester,002_0020,Sale Sports Club,6,53.428112,-2.30542,1,0,customers,0,,7
2,Greater Manchester,002_0021,Bowdon Bowling & Lawn Tennis Club,6,53.379041,-2.360976,1,0,customers,0,,7
2,Greater Manchester,002_0022,Hale Barns Tennis Club,6,53.366061,-2.314896,1,0,customers,0,,7
2,Greater Manchester,002_0023,,7,53.535479,-2.108897,0,0,unknown,0,artificial_turf,7
2,Greater Manchester,002_0024,The Albert Club,6,53.42452,-2.2394,1,0,customers,0,acrylic,7
2,Greater Manchester,002_0025,,7,53.389054,-2.14304,0,0,private,0,,7
2,Greater Manchester,002_0026,Didsbury Lawn Tennis Club,5,53.405205,-2.228204,1,0,customers,0,acrylic,6
2,Greater Manchester,002_0027,Alkrington Tennis & Social Club,5,53.541425,-2.197347,1,0,customers,0,,6
2,Greater Manchester,002_0028,,6,53.516628,-2.400166,0,0,unknown,0,asphalt,6
2,Greater Manchester,002_0029,,6,53.524227,-2.188043,0,0,private,0,asphalt,6
2,Greater Manchester,002_0030,,6,53.377359,-2.220056,0,0,customers,0,,6
2,Greater Manchester,002_0031,,6,53.445283,-2.292264,0,0,unknown,0,asphalt,6
2,Greater Manchester,002_0032,,6,53.390133,-2.223135,0,0,customers,0,,6
2,Greater Manchester,002_0033,,6,53.39172,-2.140643,0,0,private,0,paved,6
2,Greater Manchester,002_0034,,6,53.506107,-2.145699,0,0,private,0,artificial_turf,6
2,Greater Manchester,002_0035,Manchester Tennis And Football Centre,4,53.485878,-2.203174,1,0,customers,0,,5
2,Greater Manchester,002_0036,The Heatons Sports Club,4,53.41804,-2.18386,1,0,customers,0,artificial_turf,5
2,Greater Manchester,002_0037,Monton Sports Club,4,53.493942,-2.342601,1,0,customers,0,acrylic,5
2,Greater Manchester,002_0038,,5,53.37686,-2.113435,0,0,unknown,0,tartan,5
2,Greater Manchester,002_0039,Hazel Grove Bowling & Tennis Club,4,53.37998,-2.117186,1,0,customers,0,asphalt,5
2,Greater Manchester,002_0040,,5,53.44699,-2.392631,0,0,private,0,asphalt,5
2,Greater Manchester,002_0041,Davenport Lawn Tennis Club,4,53.38452,-2.144145,1,0,customers,0,artificial_turf,5
2,Greater Manchester,002_0042,Flixton Cricket and Sports Club,4,53.451799,-2.387354,1,0,customers,0,,5
2,Greater Manchester,002_0043,Baxter Park and Brookside Tennis Club,4,53.389447,-2.243857,1,0,customers,0,asphalt,5
2,Greater Manchester,002_0044,Claremont Tennis Club,4,53.404181,-2.348395,1,0,customers,0,,5
2,Greater Manchester,002_0045,,5,53.528771,-2.122678,0,0,private,0,asphalt,5
2,Greater Manchester,002_0046,Claremont Tennis & Social Club,4,53.494575,-2.310319,1,0,unknown,0,clay,5
2,Greater Manchester,002_0047,,5,53.373439,-2.20098,0,0,customers,0,,5
2,Greater Manchester,002_0048,,5,53.493423,-2.134815,0,0,private,0,asphalt,5
2,Greater Manchester,002_0049,,5,53.601928,-2.411488,0,0,private,0,,5
2,Greater Manchester,002_0050,,4,53.409837,-2.229778,0,0,unknown,0,artificial_turf,4
2,Greater Manchester,002_0051,Fallowfield Bowling and Lawn Tennis Club,3,53.43914,-2.223976,1,0,customers,0,artificial_turf,4
2,Greater Manchester,002_0052,,4,53.567669,-2.199869,0,0,private,0,asphalt,4
2,Greater Manchester,002_0053,,4,53.398775,-2.088628,0,0,private,0,asphalt,4
2,Greater Manchester,002_0054,,4,53.469841,-2.361463,0,0,customers,0,,4
2,Greater Manchester,002_0055,,4,53.52872,-2.278674,0,0,public,0,asphalt,4
2,Greater Manchester,002_0056,,4,53.368177,-2.195114,0,0,private,0,,4
2,Greater Manchester,002_0057,Elton Vale Sports Centre,3,53.593888,-2.327438,1,0,customers,0,,4
2,Greater Manchester,002_0058,,4,53.510537,-2.233263,0,0,private,0,,4
2,Greater Manchester,002_0059,,4,53.535629,-2.010011,0,0,unknown,0,asphalt,4
2,Greater Manchester,002_0060,,4,53.38678,-2.227861,0,0,private,0,asphalt,4
2,Greater Manchester,002_0061,,4,53.508138,-2.327196,0,0,unknown,0,,4
2,Greater Manchester,002_0062,Bolton Cricket Club,3,53.55736,-2.416179,1,0,customers,0,,4
2,Greater Manchester,002_0063,,4,53.486226,-2.526805,0,0,public,0,asphalt,4
2,Greater Manchester,002_0064,,4,53.43565,-2.267957,0,0,unknown,0,asphalt,4
2,Greater Manchester,002_0065,,4,53.451541,-2.247095,0,0,public,0,,4
2,Greater Manchester,002_0066,,4,53.591002,-2.388523,0,0,unknown,0,,4
2,Greater Manchester,002_0067,,4,53.441846,-2.061215,0,0,private,0,asphalt,4
2,Greater Manchester,002_0068,,4,53.460283,-2.120642,0,0,private,0,asphalt,4
2,Greater Manchester,002_0069,,4,53.418197,-2.260045,0,0,public,0,asphalt,4
2,Greater Manchester,002_0070,,4,53.54214,-2.397343,0,0,unknown,0,asphalt,4
2,Greater Manchester,002_0071,,4,53.375318,-2.349334,0,0,private,0,,4
2,Greater Manchester,002_0072,"Winton Bowling, Tennis and Social Club",3,53.490772,-2.377012,1,0,unknown,0,,4
2,Greater Manchester,002_0073,Hale Village Tennis Club,3,53.377782,-2.343515,1,0,customers,0,artificial_turf,4
2,Greater Manchester,002_0074,,4,53.593708,-2.464816,0,0,unknown,0,asphalt,4
2,Greater Manchester,002_0075,,4,53.499354,-2.266387,0,0,public,0,asphalt,4
2,Greater Manchester,002_0076,,4,53.505678,-2.47082,0,0,unknown,0,,4
2,Greater Manchester,002_0077,Tyldesley Tennis Club,3,53.515147,-2.451607,1,0,customers,0,,4
2,Greater Manchester,002_0078,,4,53.393524,-2.037072,0,0,customers,0,,4
2,Greater Manchester,002_0079,,4,53.510235,-2.392534,0,0,unknown,0,,4
2,Greater Manchester,002_0080,,4,53.465601,-2.239659,0,0,private,0,asphalt,4
2,Greater Manchester,002_0081,,4,53.384497,-2.325783,0,0,private,0,asphalt,4
2,Greater Manchester,002_0082,,4,53.41941,-2.341583,0,0,private,0,tartan,4
2,Greater Manchester,002_0083,,4,53.59121,-2.307636,0,0,unknown,0,,4
2,Greater Manchester,002_0084,,4,53.504639,-2.08546,0,0,private,0,asphalt,4
2,Greater Manchester,002_0085,,4,53.418322,-2.198626,0,0,private,0,,4
2,Greater Manchester,002_0086,,4,53.380604,-2.353395,0,0,private,0,,4
2,Greater Manchester,002_0087,,4,53.522637,-2.408563,0,0,private,0,asphalt,4
2,Greater Manchester,002_0088,,4,53.442656,-2.297281,0,0,private,0,asphalt,4
2,Greater Manchester,002_0089,,3,53.398159,-2.333627,0,0,unknown,0,,3
2,Greater Manchester,002_0090,,3,53.391783,-2.153476,0,0,public,0,,3
2,Greater Manchester,002_0091,,3,53.557479,-2.198412,0,0,customers,0,asphalt,3
2,Greater Manchester,002_0092,,3,53.547031,-2.182207,0,0,unknown,0,,3
2,Greater Manchester,002_0093,,3,53.552605,-2.22214,0,0,unknown,0,,3
2,Greater Manchester,002_0094,,2,53.503767,-2.067904,1,0,customers,0,,3
2,Greater Manchester,002_0095,,3,53.586771,-2.090965,0,0,unknown,0,,3
2,Greater Manchester,002_0096,,3,53.549221,-2.297063,0,0,unknown,0,,3
2,Greater Manchester,002_0097,,3,53.447101,-2.219923,0,0,private,0,artificial_turf,3
2,Greater Manchester,002_0098,,3,53.363492,-2.185903,0,0,customers,0,,3
2,Greater Manchester,002_0099,,3,53.407777,-2.261238,0,0,customers,0,asphalt,3
2,Greater Manchester,002_0100,,3,53.437085,-2.154502,0,0,unknown,0,,3
2,Greater Manchester,002_0101,,3,53.370132,-2.318965,0,0,private,0,artificial_turf,3
2,Greater Manchester,002_0102,,3,53.567902,-2.131465,0,0,unknown,0,,3
2,Greater Manchester,002_0103,,3,53.441573,-2.254518,0,0,customers,0,asphalt,3
2,Greater Manchester,002_0104,,3,53.45368,-2.354691,0,0,unknown,0,asphalt,3
2,Greater Manchester,002_0105,,3,53.447639,-2.36701,0,0,unknown,0,paved,3
2,Greater Manchester,002_0106,,3,53.377041,-2.041558,0,0,unknown,0,,3
2,Greater Manchester,002_0107,,3,53.384026,-2.343598,0,0,public,0,asphalt,3
2,Greater Manchester,002_0108,,2,53.598871,-2.472066,1,0,unknown,0,,3
2,Greater Manchester,002_0109,,3,53.409656,-2.216352,0,0,private,0,asphalt,3
2,Greater Manchester,002_0110,,3,53.428859,-2.249685,0,0,private,0,asphalt,3
2,Greater Manchester,002_0111,,3,53.564001,-2.305679,0,0,unknown,0,,3
2,Greater Manchester,002_0112,,3,53.448793,-2.313346,0,0,unknown,0,asphalt,3
2,Greater Manchester,002_0113,,3,53.509719,-2.381191,0,0,unknown,0,,3
2,Greater Manchester,002_0114,,3,53.531036,-2.026321,0,0,customers,0,,3
2,Greater Manchester,002_0115,,3,53.381222,-2.363586,0,0,private,0,,3
2,Greater Manchester,002_0116,Golborne Sports & Social Club,2,53.473318,-2.58567,1,0,customers,0,asphalt,3
2,Greater Manchester,002_0117,,3,53.387448,-2.361857,0,0,private,0,,3
2,Greater Manchester,002_0118,,3,53.388049,-2.312028,0,0,customers,0,,3
2,Greater Manchester,002_0119,,3,53.434673,-2.261305,0,0,private,0,asphalt,3
2,Greater Manchester,002_0120,,3,53.424721,-2.223004,0,0,public,0,acrylic,3
2,Greater Manchester,002_0121,Barcheston Tennis Club,2,53.384978,-2.219244,1,0,customers,0,,3
2,Greater Manchester,002_0122,,3,53.420805,-2.170829,0,0,private,0,asphalt,3
2,Greater Manchester,002_0123,,3,53.581539,-2.104378,0,0,unknown,0,,3
2,Greater Manchester,002_0124,,3,53.515201,-2.38738,0,0,private,0,asphalt,3
2,Greater Manchester,002_0125,,3,53.538192,-2.153842,0,0,private,0,asphalt,3
2,Greater Manchester,002_0126,,3,53.474331,-2.150806,0,0,private,0,asphalt,3
2,Greater Manchester,002_0127,,3,53.462523,-2.187576,0,0,unknown,0,,3
2,Greater Manchester,002_0128,,3,53.556256,-2.232461,0,0,unknown,0,,3
2,Greater Manchester,002_0129,,2,53.491748,-2.640217,0,0,unknown,0,,2
2,Greater Manchester,002_0130,,2,53.518215,-2.211647,0,0,public,0,,2
2,Greater Manchester,002_0131,,2,53.429577,-2.335764,0,0,customers,0,tartan,2
2,Greater Manchester,002_0132,,2,53.438568,-2.211606,0,0,unknown,0,acrylic,2
2,Greater Manchester,002_0133,,2,53.536802,-2.218468,0,0,unknown,0,asphalt,2
2,Greater Manchester,002_0134,,2,53.437139,-2.191674,0,0,unknown,0,,2
2,Greater Manchester,002_0135,,2,53.553674,-2.158774,0,0,unknown,0,,2
2,Greater Manchester,002_0136,,2,53.456156,-2.217113,0,0,private,0,,2
2,Greater Manchester,002_0137,,2,53.579276,-2.540445,0,0,unknown,0,,2
2,Greater Manchester,002_0138,,2,53.480733,-2.344857,0,0,unknown,0,asphalt,2
2,Greater Manchester,002_0139,Ladysmith Sports Centre,1,53.501093,-2.067304,1,0,customers,0,asphalt,2
2,Greater Manchester,002_0140,,2,53.439444,-2.226254,0,0,private,0,,2
2,Greater Manchester,002_0141,,2,53.629139,-2.364569,0,0,customers,0,,2
2,Greater Manchester,002_0142,,2,53.551118,-2.521226,0,0,unknown,0,asphalt,2
2,Greater Manchester,002_0143,,2,53.433442,-2.213364,0,0,unknown,0,asphalt,2
2,Greater Manchester,002_0144,,2,53.445056,-2.224827,0,0,unknown,0,asphalt,2
2,Greater Manchester,002_0145,,2,53.483242,-2.107307,0,0,unknown,0,chipseal,2
2,Greater Manchester,002_0146,,2,53.601476,-2.216293,0,0,unknown,0,,2
2,Greater Manchester,002_0147,,2,53.579462,-2.463857,0,0,unknown,0,,2
2,Greater Manchester,002_0148,,2,53.443294,-2.420831,0,0,unknown,0,,2
2,Greater Manchester,002_0149,,2,53.534665,-2.217195,0,0,unknown,0,,2
2,Greater Manchester,002_0150,,2,53.434888,-2.202444,0,0,private,0,asphalt,2
2,Greater Manchester,002_0151,,2,53.608373,-2.425257,0,0,unknown,0,,2
2,Greater Manchester,002_0152,,2,53.607807,-2.424316,0,0,unknown,0,,2
2,Greater Manchester,002_0153,,2,53.413666,-2.330921,0,0,unknown,0,paved,2
2,Greater Manchester,002_0154,,2,53.448603,-2.180027,0,0,public,0,asphalt,2
2,Greater Manchester,002_0155,,2,53.53942,-2.161102,0,0,unknown,0,,2
2,Greater Manchester,002_0156,,2,53.586696,-2.298897,0,0,unknown,0,asphalt,2
2,Greater Manchester,002_0157,,2,53.445794,-2.159271,0,0,public,0,asphalt,2
2,Greater Manchester,002_0158,,2,53.5116,-2.171193,0,0,unknown,0,,2
2,Greater Manchester,002_0159,,2,53.459474,-2.237596,0,0,private,0,,2
2,Greater Manchester,002_0160,,2,53.580592,-2.511614,0,0,unknown,0,,2
2,Greater Manchester,002_0161,,2,53.395187,-2.142184,0,0,private,0,,2
2,Greater Manchester,002_0162,,2,53.569302,-2.497979,0,0,unknown,0,,2
2,Greater Manchester,002_0163,,2,53.45778,-2.076081,0,0,public,0,asphalt,2
2,Greater Manchester,002_0164,,2,53.604327,-2.18857,0,0,unknown,0,,2
2,Greater Manchester,002_0165,,2,53.586083,-2.114034,0,0,unknown,0,,2
2,Greater Manchester,002_0166,,2,53.489854,-2.306077,0,0,public,0,asphalt,2
2,Greater Manchester,002_0167,,2,53.379641,-2.202307,0,0,private,0,,2
2,Greater Manchester,002_0168,,2,53.371399,-2.349445,0,0,private,0,,2
2,Greater Manchester,002_0169,,2,53.368328,-2.326391,0,0,private,0,,2
2,Greater Manchester,002_0170,,2,53.591878,-2.278196,0,0,unknown,0,,2
2,Greater Manchester,002_0171,,2,53.405079,-2.332525,0,0,unknown,0,,2
2,Greater Manchester,002_0172,,2,53.444258,-2.208735,0,0,customers,0,rubber,2
2,Greater Manchester,002_0173,,2,53.533712,-2.131214,0,0,unknown,0,,2
2,Greater Manchester,002_0174,,1,53.417257,-2.192946,0,0,public,0,,1
2,Greater Manchester,002_0175,,1,53.528831,-2.716929,0,0,unknown,0,,1
2,Greater Manchester,002_0176,,1,53.586981,-2.221938,0,0,unknown,0,,1
2,Greater Manchester,002_0177,,1,53.423765,-2.107668,0,0,public,0,asphalt,1
2,Greater Manchester,002_0178,,1,53.41368,-2.427392,0,0,unknown,0,asphalt,1
2,Greater Manchester,002_0179,,1,53.469656,-2.229991,0,0,public,0,,1
2,Greater Manchester,002_0180,,1,53.391877,-2.357678,0,0,unknown,0,asphalt,1
2,Greater Manchester,002_0181,,1,53.391157,-2.357345,0,0,unknown,0,asphalt,1
2,Greater Manchester,002_0182,,1,53.399566,-2.174131,0,0,unknown,0,paved,1
2,Greater Manchester,002_0183,,1,53.547917,-2.516265,0,0,unknown,0,,1
2,Greater Manchester,002_0184,,1,53.425499,-2.185665,0,0,public,0,,1
2,Greater Manchester,002_0185,,1,53.390147,-2.146257,0,0,private,0,,1
2,Greater Manchester,002_0186,,1,53.642516,-2.311593,0,0,unknown,0,,1
2,Greater Manchester,002_0187,Cheadle (Kingsway) Sports Club,2,53.390465,-2.224232,1,0,unknown,0,,1
2,Greater Manchester,002_0188,,1,53.544584,-2.154997,0,0,unknown,0,,1
2,Greater Manchester,002_0189,,1,53.561497,-2.190132,0,0,unknown,0,,1
2,Greater Manchester,002_0190,,1,53.569726,-2.191783,0,0,unknown,0,,1
2,Greater Manchester,002_0191,,1,53.639095,-2.134947,0,0,unknown,0,,1
2,Greater Manchester,002_0192,,1,53.642673,-2.129569,0,0,unknown,0,,1
2,Greater Manchester,002_0193,,1,53.528602,-2.144829,0,0,unknown,0,,1
2,Greater Manchester,002_0194,,1,53.56355,-2.343921,0,0,unknown,0,,1
2,Greater Manchester,002_0195,,1,53.47213,-2.15529,0,0,unknown,0,asphalt,1
2,Greater Manchester,002_0196,,1,53.414281,-2.163586,0,0,public,0,asphalt,1
2,Greater Manchester,002_0197,,1,53.592118,-2.182035,0,0,unknown,0,,1
2,Greater Manchester,002_0198,,1,53.557676,-2.626633,0,0,unknown,0,,1
2,Greater Manchester,002_0199,,1,53.519012,-2.1267,0,0,unknown,0,,1
2,Greater Manchester,002_0200,,1,53.454918,-2.116396,0,0,public,0,asphalt,1
2,Greater Manchester,002_0201,,1,53.490072,-2.255935,0,0,unknown,0,artificial_turf,1
2,Greater Manchester,002_0202,,1,53.594051,-2.316377,0,0,unknown,0,,1
2,Greater Manchester,002_0203,,1,53.455527,-2.215323,0,0,private,0,asphalt,1
2,Greater Manchester,002_0204,,1,53.580655,-2.441172,0,0,unknown,0,,1
2,Greater Manchester,002_0205,,1,53.612793,-2.395878,0,0,unknown,0,,1
2,Greater Manchester,002_0206,,1,53.568748,-2.123788,0,0,unknown,0,,1
2,Greater Manchester,002_0207,,1,53.613101,-2.210504,0,0,unknown,0,,1
2,Greater Manchester,002_0208,,1,53.608198,-2.20883,0,0,unknown,0,,1
2,Greater Manchester,002_0209,,1,53.610012,-2.213827,0,0,unknown,0,,1
2,Greater Manchester,002_0210,,1,53.441926,-2.102469,0,0,unknown,0,,1
2,Greater Manchester,002_0211,,1,53.459167,-2.157051,0,0,unknown,0,asphalt,1
2,Greater Manchester,002_0212,,1,53.606043,-2.404948,0,0,unknown,0,,1
2,Greater Manchester,002_0213,,1,53.605216,-2.289025,0,0,unknown,0,,1
2,Greater Manchester,002_0214,,1,53.568782,-2.102954,0,0,unknown,0,,1
2,Greater Manchester,002_0215,,1,53.418949,-2.314687,0,0,unknown,0,paved,1
2,Greater Manchester,002_0216,,1,53.497188,-2.312072,0,0,unknown,0,,1
2,Greater Manchester,002_0217,,1,53.629549,-2.439295,0,0,unknown,0,,1
2,Greater Manchester,002_0218,Milnrow Tennis Club,1,53.607084,-2.113223,0,0,unknown,0,,1
2,Greater Manchester,002_0219,,1,53.613521,-2.339371,0,0,unknown,0,asphalt,1
2,Greater Manchester,002_0220,Whalley Range Cricket & Lawn Tennis Club,2,53.440739,-2.254781,1,0,unknown,0,,1
2,Greater Manchester,002_0221,Lostock Tennis Club,1,53.578761,-2.500748,0,0,unknown,0,,1
2,Greater Manchester,002_0222,,1,53.392552,-2.237636,0,0,public,0,,1
2,Greater Manchester,002_0223,,1,53.456944,-2.2242,0,0,private,0,tartan,1
2,Greater Manchester,002_0224,,1,53.553803,-2.63952,0,0,unknown,0,asphalt,1
2,Greater Manchester,002_0225,,1,53.535467,-2.655703,0,0,unknown,0,asphalt,1
2,Greater Manchester,002_0226,Markland Hill Lawn Tennis Club,2,53.582997,-2.479057,0,1,unknown,0,,1
2,Greater Manchester,002_0227,,1,53.615448,-2.413152,0,0,unknown,0,,1
2,Greater Manchester,002_0228,,1,53.470417,-2.250167,0,0,unknown,0,,1
2,Greater Manchester,002_0229,,1,53.618656,-2.296933,0,0,unknown,0,,1
2,Greater Manchester,002_0230,,1,53.545445,-2.656324,0,0,unknown,0,,1
2,Greater Manchester,002_0231,,1,53.580344,-2.444421,0,0,unknown,0,asphalt,1
2,Greater Manchester,002_0232,,1,53.369148,-2.355874,0,0,private,0,,1
2,Greater Manchester,002_0233,,1,53.565168,-2.588517,0,0,unknown,0,asphalt,1
2,Greater Manchester,002_0234,,1,53.640922,-2.340451,0,0,private,0,,1
2,Greater Manchester,002_0235,,1,53.541395,-2.699631,0,0,unknown,0,,1
2,Greater Manchester,002_0236,,1,53.449873,-2.368933,0,0,private,0,asphalt,1
2,Greater Manchester,002_0237,,1,53.541615,-2.008723,0,0,unknown,0,asphalt,1
2,Greater Manchester,002_0238,,1,53.539888,-2.085197,0,0,unknown,0,,1
2,Greater Manchester,002_0239,,1,53.534771,-1.997573,0,0,unknown,0,,1
2,Greater Manchester,002_0240,,1,53.446689,-2.216222,0,0,public,0,asphalt,1
2,Greater Manchester,002_0241,,1,53.565028,-2.015036,0,0,unknown,0,,1
2,Greater Manchester,002_0242,,1,53.55244,-1.989344,0,0,unknown,0,,1
2,Greater Manchester,002_0243,,1,53.501211,-2.410601,0,0,unknown,0,asphalt,1
2,Greater Manchester,002_0244,,1,53.494455,-2.645023,0,0,unknown,0,,1
2,Greater Manchester,002_0245,,1,53.508677,-2.041423,0,0,private,0,,1
2,Greater Manchester,002_0246,,1,53.623272,-2.371309,0,0,unknown,0,,1
2,Greater Manchester,002_0247,Mellor Sports Club,2,53.394088,-2.038243,1,0,unknown,0,,1
2,Greater Manchester,002_0248,,1,53.481548,-2.262365,0,0,public,0,asphalt,1
2,Greater Manchester,002_0249,,1,53.465234,-2.565534,0,0,private,0,,1
2,Greater Manchester,002_0250,,1,53.550418,-2.070897,0,0,unknown,0,asphalt,1
2,Greater Manchester,002_0251,,1,53.393349,-2.206428,0,0,public,0,asphalt,1
2,Greater Manchester,002_0252,,1,53.383088,-2.385065,0,0,private,0,,1
2,Greater Manchester,002_0253,,1,53.383237,-2.36561,0,0,unknown,0,,1
2,Greater Manchester,002_0254,,1,53.548354,-1.996623,0,0,unknown,0,asphalt,1
2,Greater Manchester,002_0255,,1,53.380045,-2.225143,0,0,customers,0,asphalt,1
2,Greater Manchester,002_0256,,1,53.372837,-2.348184,0,0,private,0,,1
2,Greater Manchester,002_0257,,1,53.377498,-2.359177,0,0,private,0,,1
2,Greater Manchester,002_0258,,1,53.375584,-2.358388,0,0,private,0,,1
2,Greater Manchester,002_0259,,1,53.37415,-2.350522,0,0,private,0,,1
2,Greater Manchester,002_0260,,1,53.370583,-2.350164,0,0,private,0,,1
2,Greater Manchester,002_0261,,1,53.368297,-2.345474,0,0,private,0,,1
2,Greater Manchester,002_0262,,1,53.373394,-2.32012,0,0,unknown,0,,1
2,Greater Manchester,002_0263,,1,53.475007,-2.178375,0,0,public,0,,1
2,Greater Manchester,002_0264,,1,53.516163,-2.234572,0,0,public,0,,1
2,Greater Manchester,002_0265,,1,53.368671,-2.3328,0,0,private,0,,1
2,Greater Manchester,002_0266,,1,53.372078,-2.328005,0,0,private,0,,1
2,Greater Manchester,002_0267,,1,53.370984,-2.328201,0,0,private,0,,1
2,Greater Manchester,002_0268,,1,53.372721,-2.323104,0,0,private,0,,1
2,Greater Manchester,002_0269,,1,53.364081,-2.324996,0,0,private,0,,1
2,Greater Manchester,002_0270,,1,53.371843,-2.353645,0,0,private,0,,1
2,Greater Manchester,002_0271,,1,53.45119,-2.153035,0,0,public,0,asphalt,1
2,Greater Manchester,002_0272,,1,53.545379,-2.29862,0,0,private,0,asphalt,1
2,Greater Manchester,002_0273,,1,53.508529,-2.278448,0,0,unknown,0,,1
2,Greater Manchester,002_0274,,1,53.518011,-2.164636,0,0,private,0,asphalt,1
2,Greater Manchester,002_0275,,1,53.365009,-2.316109,0,0,private,0,,1
2,Greater Manchester,002_0276,,1,53.452911,-2.337942,0,0,private,0,paved,1
2,Greater Manchester,002_0277,,1,53.394693,-2.170577,0,0,public,0,asphalt,1
2,Greater Manchester,002_0278,,1,53.420401,-2.237183,0,0,private,0,,1
2,Greater Manchester,002_0279,,1,53.512254,-2.150132,0,0,unknown,0,asphalt,1
2,Greater Manchester,002_0280,,1,53.375924,-2.155882,0,0,private,0,,1
2,Greater Manchester,002_0281,,1,53.370671,-2.149388,0,0,private,0,asphalt,1
2,Greater Manchester,002_0282,,1,53.342872,-2.162639,0,0,unknown,0,,1
2,Greater Manchester,002_0283,,1,53.349492,-2.179661,0,0,private,0,asphalt,1
2,Greater Manchester,002_0284,,1,53.627291,-2.104023,0,0,unknown,0,,1
2,Greater Manchester,002_0285,,1,53.479469,-2.255785,0,0,unknown,0,,1
2,Greater Manchester,002_0286,,1,53.607888,-2.28731,0,0,unknown,0,,1
2,Greater Manchester,002_0287,,1,53.523785,-2.119116,0,0,unknown,0,,1
3,West Midlands,003_0000,Leamington Lawn Tennis and Squash Club,12,52.293059,-1.550215,1,0,unknown,0,artificial_turf;clay,13
3,West Midlands,003_0001,,11,52.280097,-1.581128,0,0,customers,0,artificial_turf,11
3,West Midlands,003_0002,,10,52.286831,-1.543729,0,0,unknown,0,asphalt,10
3,West Midlands,003_0003,,8,52.276343,-1.571456,0,0,unknown,0,,8
3,West Midlands,003_0004,,5,52.275861,-1.597125,0,0,unknown,0,,5
3,West Midlands,003_0005,,5,52.510834,-1.461421,0,0,unknown,0,,5
3,West Midlands,003_0006,,4,52.294456,-1.536257,0,0,unknown,0,asphalt,4
3,West Midlands,003_0007,,4,52.280494,-1.56736,0,0,unknown,0,asphalt,4
3,West Midlands,003_0008,,4,52.275415,-1.573248,0,0,unknown,0,,4
3,West Midlands,003_0009,Rugby Lawn tennis Club,2,52.36953,-1.276278,1,0,unknown,0,artificial_turf,3
3,West Midlands,003_0010,Offchurch Tennis Club,2,52.30009,-1.457905,1,0,unknown,0,,3
3,West Midlands,003_0011,Clifton Tennis Club,2,52.380972,-1.227315,1,0,unknown,0,,3
3,West Midlands,003_0012,Kenilworth Tennis and Squash Club,2,52.356638,-1.572199,1,0,unknown,0,,3
3,West Midlands,003_0013,,3,52.556055,-1.730063,0,0,unknown,0,,3
3,West Midlands,003_0014,,3,52.278141,-1.568149,0,0,unknown,0,,3
3,West Midlands,003_0015,,3,52.36608,-1.256612,0,0,private,0,,3
3,West Midlands,003_0016,Napton Tennis Club,1,52.247972,-1.316019,1,0,unknown,0,,2
3,West Midlands,003_0017,,2,52.216309,-1.872329,0,0,unknown,0,,2
3,West Midlands,003_0018,,2,52.209781,-1.696695,0,0,unknown,0,,2
3,West Midlands,003_0019,,2,52.065383,-1.635223,0,0,unknown,0,,2
3,West Midlands,003_0020,,2,52.093246,-1.504235,0,0,unknown,0,,2
3,West Midlands,003_0021,,2,52.377866,-1.262665,0,0,unknown,0,asphalt,2
3,West Midlands,003_0022,,2,52.479609,-1.640251,0,0,unknown,0,,2
3,West Midlands,003_0023,,2,52.23387,-1.454611,0,0,public,0,asphalt,2
3,West Midlands,003_0024,,2,52.665137,-1.585666,0,0,unknown,0,,2
3,West Midlands,003_0025,,2,52.362681,-1.233547,0,0,unknown,0,,2
3,West Midlands,003_0026,,2,52.518108,-1.481078,0,0,unknown,0,asphalt,2
3,West Midlands,003_0027,,2,52.496157,-1.708157,0,0,unknown,0,,2
3,West Midlands,003_0028,Dunchurch Park Hotel,2,52.338602,-1.281481,1,0,unknown,0,,1
3,West Midlands,003_0029,,1,52.186355,-1.700991,0,0,unknown,0,tartan,1
3,West Midlands,003_0030,,1,52.347975,-1.581544,0,0,unknown,0,asphalt,1
3,West Midlands,003_0031,,1,52.162322,-1.449212,0,0,unknown,0,,1
3,West Midlands,003_0032,,1,52.161437,-1.444773,0,0,unknown,0,,1
3,West Midlands,003_0033,,1,52.140816,-1.370923,0,0,unknown,0,,1
3,West Midlands,003_0034,,1,52.465303,-1.48481,0,0,unknown,0,asphalt,1
3,West Midlands,003_0035,,1,52.534188,-1.448649,0,0,unknown,0,,1
3,West Midlands,003_0036,,1,52.515746,-1.461808,0,0,unknown,0,,1
3,West Midlands,003_0037,,1,52.375663,-1.522801,0,0,unknown,0,,1
3,West Midlands,003_0038,,1,52.144423,-1.794399,0,0,unknown,0,,1
3,West Midlands,003_0039,,1,52.514911,-1.732651,0,0,unknown,0,,1
3,West Midlands,003_0040,,1,52.058098,-1.62248,0,0,unknown,0,,1
3,West Midlands,003_0041,,1,52.099397,-1.644774,0,0,unknown,0,,1
3,West Midlands,003_0042,,1,52.476264,-1.469964,0,0,unknown,0,,1
3,West Midlands,003_0043,,1,52.038918,-1.589516,0,0,unknown,0,,1
3,West Midlands,003_0044,,1,52.200583,-1.546777,0,0,unknown,0,,1
3,West Midlands,003_0045,,1,52.094105,-1.696691,0,0,unknown,0,,1
3,West Midlands,003_0046,,1,52.032719,-1.563654,0,0,unknown,0,,1
3,West Midlands,003_0047,,1,52.330938,-1.838209,0,0,private,0,,1
3,West Midlands,003_0048,,1,52.335934,-1.840627,0,0,private,0,,1
3,West Midlands,003_0049,,1,52.332088,-1.842967,0,0,unknown,0,,1
3,West Midlands,003_0050,,1,52.333455,-1.830999,0,0,private,0,,1
3,West Midlands,003_0051,,1,52.240623,-1.688477,0,0,unknown,0,,1
3,West Midlands,003_0052,,1,52.239913,-1.687786,0,0,unknown,0,,1
3,West Midlands,003_0053,,1,52.196224,-1.676928,0,0,unknown,0,,1
3,West Midlands,003_0054,,1,52.269007,-1.600297,0,0,unknown,0,,1
3,West Midlands,003_0055,,1,52.211819,-1.566118,0,0,unknown,0,,1
3,West Midlands,003_0056,,1,52.039241,-1.511772,0,0,unknown,0,,1
3,West Midlands,003_0057,,1,52.273541,-1.898573,0,0,unknown,0,,1
3,West Midlands,003_0058,,1,52.615892,-1.611959,0,0,unknown,0,asphalt,1
3,West Midlands,003_0059,,1,52.498583,-1.701986,0,0,unknown,0,,1
3,West Midlands,003_0060,,1,52.499377,-1.702155,0,0,unknown,0,,1
3,West Midlands,003_0061,,1,52.412082,-1.362971,0,0,unknown,0,,1
3,West Midlands,003_0062,Lakeside Courts,1,52.380755,-1.573187,0,0,unknown,0,asphalt,1
3,West Midlands,003_0063,,1,52.558774,-1.710158,0,0,unknown,0,,1
3,West Midlands,003_0064,,1,52.242932,-1.321523,0,0,unknown,0,,1
3,West Midlands,003_0065,,1,52.353881,-1.519702,0,0,unknown,0,,1
3,West Midlands,003_0066,,1,52.312306,-1.538815,0,0,unknown,0,,1
3,West Midlands,003_0067,,1,52.510015,-1.6928,0,0,private,0,,1
3,West Midlands,003_0068,,1,52.335684,-1.764477,0,0,private,0,,1
3,West Midlands,003_0069,,1,52.329319,-1.545799,0,0,private,0,,1
3,West Midlands,003_0070,,1,52.329708,-1.54352,0,0,private,0,,1
3,West Midlands,003_0071,,1,52.330109,-1.546214,0,0,private,0,,1
3,West Midlands,003_0072,,1,52.343126,-1.729521,0,0,unknown,0,,1
3,West Midlands,003_0073,,1,52.352839,-1.752807,0,0,unknown,0,,1
3,West Midlands,003_0074,,1,52.299214,-1.78793,0,0,unknown,0,,1
3,West Midlands,003_0075,,1,52.288257,-1.706548,0,0,unknown,0,,1
3,West Midlands,003_0076,,1,52.218645,-1.719381,0,0,unknown,0,,1
3,West Midlands,003_0077,,1,52.254133,-1.618087,0,0,unknown,0,,1
3,West Midlands,003_0078,,1,52.257348,-1.531905,0,0,customers,0,,1
3,West Midlands,003_0079,,1,52.280732,-1.781417,0,0,unknown,0,,1
3,West Midlands,003_0080,,1,52.224533,-1.548388,0,0,unknown,0,,1
3,West Midlands,003_0081,,1,52.581616,-1.740051,0,0,unknown,0,,1
3,West Midlands,003_0082,,1,52.182762,-1.608668,0,0,unknown,0,,1
3,West Midlands,003_0083,,1,52.511749,-1.587839,0,0,unknown,0,,1
3,West Midlands,003_0084,,1,52.323167,-1.444593,0,0,unknown,0,,1
3,West Midlands,003_0085,,1,52.252317,-1.41781,0,0,unknown,0,,1
3,West Midlands,003_0086,,1,52.227182,-1.822385,0,0,unknown,0,,1
3,West Midlands,003_0087,,1,52.210114,-1.66014,0,0,unknown,0,,1
3,West Midlands,003_0088,,1,52.531869,-1.742538,0,0,unknown,0,,1
3,West Midlands,003_0089,,1,52.305399,-1.279398,0,0,unknown,0,,1
3,West Midlands,003_0090,,1,52.300362,-1.338769,0,0,unknown,0,,1
3,West Midlands,003_0091,,1,52.333445,-1.67517,0,0,unknown,0,,1
3,West Midlands,003_0092,,1,52.338916,-1.68365,0,0,unknown,0,,1
3,West Midlands,003_0093,,1,52.03521,-1.657402,0,0,unknown,0,,1
3,West Midlands,003_0094,,1,52.107938,-1.459951,0,0,private,0,,1
3,West Midlands,003_0095,,1,52.132818,-1.457293,0,0,unknown,0,,1
3,West Midlands,003_0096,,1,52.074806,-1.517751,0,0,unknown,0,,1
3,West Midlands,003_0097,,1,52.155926,-1.570384,0,0,unknown,0,,1
3,West Midlands,003_0098,,1,52.124048,-1.638448,0,0,unknown,0,,1
3,West Midlands,003_0099,,1,52.170806,-1.628565,0,0,unknown,0,,1
3,West Midlands,003_0100,,1,52.163866,-1.651287,0,0,unknown,0,,1
3,West Midlands,003_0101,,1,52.159215,-1.816015,0,0,unknown,0,,1
3,West Midlands,003_0102,,1,52.108732,-1.713762,0,0,unknown,0,,1
3,West Midlands,003_0103,,1,52.146132,-1.70089,0,0,unknown,0,,1
3,West Midlands,003_0104,,1,52.32962,-1.708875,0,0,unknown,0,,1
3,West Midlands,003_0105,M.U.G.A,1,52.308499,-1.53185,0,0,unknown,0,asphalt,1
3,West Midlands,003_0106,,1,52.299898,-1.279242,0,0,unknown,0,,1
3,West Midlands,003_0107,,1,52.265591,-1.245759,0,0,unknown,0,,1
3,West Midlands,003_0108,,1,52.267662,-1.245921,0,0,unknown,0,,1
3,West Midlands,003_0109,,1,52.358935,-1.849365,0,0,unknown,0,,1
3,West Midlands,003_0110,,1,52.367355,-1.866305,0,0,unknown,0,,1
3,West Midlands,003_0111,,1,52.361065,-1.295823,0,0,unknown,0,asphalt,1
3,West Midlands,003_0112,,1,52.565118,-1.683845,0,0,unknown,0,,1
3,West Midlands,003_0113,,1,52.229964,-1.659156,0,0,unknown,0,,1
3,West Midlands,003_0114,,1,52.339104,-1.738988,0,0,private,0,,1
3,West Midlands,003_0115,,1,52.319225,-1.472816,0,0,unknown,0,,1
3,West Midlands,003_0116,,1,52.164959,-1.71037,0,0,private,0,,1
3,West Midlands,003_0117,,1,52.370755,-1.258141,0,0,unknown,0,,1
3,West Midlands,003_0118,,1,52.342768,-1.747239,0,0,unknown,0,,1
3,West Midlands,003_0119,,1,52.352666,-1.731819,0,0,unknown,0,,1
3,West Midlands,003_0120,,1,52.358871,-1.733344,0,0,private,0,,1
3,West Midlands,003_0121,,1,52.361289,-1.734437,0,0,private,0,,1
3,West Midlands,003_0122,,1,52.33467,-1.742975,0,0,unknown,0,,1
3,West Midlands,003_0123,,1,52.358495,-1.288636,0,0,unknown,0,asphalt,1
3,West Midlands,003_0124,,1,52.347023,-1.761955,0,0,private,0,,1
3,West Midlands,003_0125,,1,52.345053,-1.752663,0,0,unknown,0,,1
3,West Midlands,003_0126,,1,52.503296,-1.585539,0,0,private,0,,1
3,West Midlands,003_0127,,1,52.341959,-1.77101,0,0,private,0,,1
3,West Midlands,003_0128,,1,52.315384,-1.730852,0,0,unknown,0,,1
3,West Midlands,003_0129,,1,52.337315,-1.737661,0,0,private,0,,1
3,West Midlands,003_0130,,1,52.333745,-1.718249,0,0,unknown,0,,1
3,West Midlands,003_0131,,1,52.326431,-1.710817,0,0,private,0,,1
3,West Midlands,003_0132,,1,52.325187,-1.713205,0,0,private,0,,1
3,West Midlands,003_0133,,1,52.327957,-1.71564,0,0,private,0,,1
3,West Midlands,003_0134,,1,52.323416,-1.710909,0,0,private,0,,1
3,West Midlands,003_0135,,1,52.32547,-1.755088,0,0,private,0,,1
3,West Midlands,003_0136,,1,52.133218,-1.779295,0,0,private,0,,1
3,West Midlands,003_0137,,1,52.237294,-1.797346,0,0,unknown,0,,1
3,West Midlands,003_0138,,1,52.244003,-1.736277,0,0,private,0,,1
3,West Midlands,003_0139,,1,52.241518,-1.736961,0,0,unknown,0,,1
3,West Midlands,003_0140,,1,52.243017,-1.731732,0,0,unknown,0,,1
3,West Midlands,003_0141,,1,52.337126,-1.844971,0,0,private,0,,1
3,West Midlands,003_0142,,1,52.338669,-1.842002,0,0,private,0,,1
3,West Midlands,003_0143,,1,52.304311,-1.820361,0,0,private,0,,1
3,West Midlands,003_0144,,1,52.307127,-1.824432,0,0,private,0,,1
3,West Midlands,003_0145,,1,52.310401,-1.846938,0,0,unknown,0,,1
3,West Midlands,003_0146,,1,52.315953,-1.813414,0,0,unknown,0,,1
3,West Midlands,003_0147,,1,52.319511,-1.866622,0,0,private,0,,1
3,West Midlands,003_0148,,1,52.195936,-1.691512,0,0,private,0,,1
3,West Midlands,003_0149,,1,52.304614,-1.709788,0,0,unknown,0,,1
3,West Midlands,003_0150,,1,52.305376,-1.682056,0,0,private,0,,1
3,West Midlands,003_0151,,1,52.32399,-1.668655,0,0,unknown,0,,1
3,West Midlands,003_0152,,1,52.296892,-1.673701,0,0,private,0,,1
3,West Midlands,003_0153,,1,52.574872,-1.545411,0,0,unknown,0,asphalt,1
3,West Midlands,003_0154,,1,52.200554,-1.753998,0,0,unknown,0,,1
3,West Midlands,003_0155,,1,52.350334,-1.585538,0,0,private,0,,1
3,West Midlands,003_0156,,1,52.163517,-1.862489,0,0,unknown,0,,1
3,West Midlands,003_0157,,1,52.344652,-1.644945,0,0,private,0,,1
3,West Midlands,003_0158,,1,52.496933,-1.604844,0,0,private,0,,1
3,West Midlands,003_0159,,1,52.265116,-1.343246,0,0,unknown,0,,1
3,West Midlands,003_0160,,1,52.512444,-1.641741,0,0,private,0,,1
3,West Midlands,003_0161,,1,52.262868,-1.739871,0,0,private,0,,1
3,West Midlands,003_0162,,1,52.090238,-1.697052,0,0,private,0,,1
3,West Midlands,003_0163,,1,52.090396,-1.698379,0,0,private,0,,1
3,West Midlands,003_0164,,1,52.337335,-1.530952,0,0,unknown,0,,1
3,West Midlands,003_0165,,1,52.338673,-1.532151,0,0,unknown,0,,1
3,West Midlands,003_0166,,1,52.197246,-1.595353,0,0,unknown,0,,1
3,West Midlands,003_0167,,1,52.300209,-1.870432,0,0,private,0,,1
3,West Midlands,003_0168,,1,52.299691,-1.828595,0,0,private,0,,1
3,West Midlands,003_0169,,1,52.301049,-1.840498,0,0,private,0,,1
3,West Midlands,003_0170,,1,52.289359,-1.797673,0,0,private,0,,1
3,West Midlands,003_0171,,1,52.163481,-1.849365,0,0,private,0,,1
3,West Midlands,003_0172,,1,52.367908,-1.237311,0,0,unknown,0,,1
3,West Midlands,003_0173,,1,52.29226,-1.710213,0,0,private,0,,1
3,West Midlands,003_0174,,1,52.251858,-1.593617,0,0,private,0,,1
3,West Midlands,003_0175,,1,52.251073,-1.59556,0,0,private,0,,1
3,West Midlands,003_0176,,1,52.176594,-1.603921,0,0,private,0,,1
3,West Midlands,003_0177,,1,52.097593,-1.563501,0,0,private,0,,1
3,West Midlands,003_0178,,1,52.070507,-1.640027,0,0,unknown,0,,1
3,West Midlands,003_0179,,1,52.144777,-1.401349,0,0,unknown,0,,1
3,West Midlands,003_0180,,1,52.234523,-1.828265,0,0,unknown,0,,1
3,West Midlands,003_0181,,1,52.23553,-1.692517,0,0,unknown,0,,1
3,West Midlands,003_0182,,1,52.23746,-1.684516,0,0,private,0,,1
3,West Midlands,003_0183,,1,52.282401,-1.564994,0,0,unknown,0,,1
3,West Midlands,003_0184,,1,52.332545,-1.29941,0,0,private,0,unmaintained,1
3,West Midlands,003_0185,LMRCA Tennis Club,1,52.365607,-1.246156,0,0,unknown,0,,1
3,West Midlands,003_0186,,1,52.276696,-1.720656,0,0,private,0,,1
3,West Midlands,003_0187,,1,52.274555,-1.736932,0,0,unknown,0,,1
3,West Midlands,003_0188,,1,52.264886,-1.697075,0,0,unknown,0,,1
3,West Midlands,003_0189,,1,52.327976,-1.589341,0,0,unknown,0,,1
3,West Midlands,003_0190,,1,52.325219,-1.584539,0,0,unknown,0,,1
3,West Midlands,003_0191,,1,52.244279,-1.316925,0,0,private,0,,1
3,West Midlands,003_0192,Sports and Wellness Hub,2,52.377383,-1.570913,1,0,unknown,0,,1
3,West Midlands,003_0193,,1,52.029093,-1.570524,0,0,private,0,,1
3,West Midlands,003_0194,,1,52.048957,-1.544652,0,0,private,0,,1
3,West Midlands,003_0195,,1,52.057405,-1.558738,0,0,private,0,,1
3,West Midlands,003_0196,,1,52.053379,-1.557267,0,0,private,0,,1
3,West Midlands,003_0197,,1,52.052803,-1.554865,0,0,private,0,,1
3,West Midlands,003_0198,,1,52.310166,-1.536348,0,0,unknown,0,,1
3,West Midlands,003_0199,,1,52.349215,-1.473313,0,0,private,0,,1
3,West Midlands,003_0200,,1,52.330805,-1.373323,0,0,unknown,0,,1
3,West Midlands,003_0201,,1,52.325552,-1.352656,0,0,unknown,0,,1
3,West Midlands,003_0202,,1,52.324391,-1.345421,0,0,unknown,0,,1
3,West Midlands,003_0203,,1,52.325509,-1.346632,0,0,unknown,0,,1
3,West Midlands,003_0204,,1,52.042767,-1.677129,0,0,unknown,0,,1
3,West Midlands,003_0205,,1,52.042827,-1.674613,0,0,unknown,0,,1
3,West Midlands,003_0206,,1,52.040288,-1.674923,0,0,unknown,0,,1
3,West Midlands,003_0207,,1,52.210731,-1.287143,0,0,unknown,0,,1
3,West Midlands,003_0208,,1,52.228102,-1.287971,0,0,unknown,0,,1
3,West Midlands,003_0209,,1,52.215826,-1.283248,0,0,unknown,0,,1
3,West Midlands,003_0210,,1,52.235159,-1.459924,0,0,private,0,unpaved,1
3,West Midlands,003_0211,,1,52.238405,-1.452567,0,0,private,0,asphalt,1
3,West Midlands,003_0212,,1,52.097503,-1.583788,0,0,unknown,0,,1
3,West Midlands,003_0213,,1,52.108455,-1.382021,0,0,unknown,0,,1
3,West Midlands,003_0214,,1,52.156443,-1.931828,0,0,unknown,0,,1
3,West Midlands,003_0215,,1,52.148738,-1.402022,0,0,unknown,0,,1
3,West Midlands,003_0216,,1,52.145471,-1.805614,0,0,unknown,0,,1
3,West Midlands,003_0217,,1,52.422245,-1.249318,0,0,unknown,0,,1
3,West Midlands,003_0218,,1,52.24116,-1.585103,0,0,unknown,0,,1
3,West Midlands,003_0219,,1,52.317573,-1.555784,0,0,unknown,0,,1
3,West Midlands,003_0220,,1,52.072776,-1.679747,0,0,unknown,0,,1
3,West Midlands,003_0221,,1,52.214893,-1.42713,0,0,unknown,0,tartan,1
3,West Midlands,003_0222,,1,52.357713,-1.797185,0,0,private,0,,1
3,West Midlands,003_0223,,1,51.978191,-1.589709,0,0,unknown,0,,1
3,West Midlands,003_0224,,1,52.381568,-1.217107,0,0,unknown,0,,1
3,West Midlands,003_0225,,1,52.48365,-1.37332,0,0,unknown,0,,1
3,West Midlands,003_0226,,1,52.299339,-1.340919,0,0,unknown,0,,1
3,West Midlands,003_0227,,1,52.298289,-1.338455,0,0,unknown,0,,1
3,West Midlands,003_0228,,1,52.158393,-1.527263,0,0,unknown,0,,1
3,West Midlands,003_0229,,1,52.327927,-1.381309,0,0,private,0,,1
3,West Midlands,003_0230,,1,52.349069,-1.252418,0,0,private,0,,1
3,West Midlands,003_0231,,1,52.135947,-1.610996,0,0,private,0,,1
3,West Midlands,003_0232,,1,52.131626,-1.587447,0,0,unknown,0,,1
3,West Midlands,003_0233,,1,52.35416,-1.234226,0,0,unknown,0,,1
3,West Midlands,003_0234,,1,52.202624,-1.501945,0,0,unknown,0,,1
3,West Midlands,003_0235,,1,52.280389,-1.709002,0,0,unknown,0,,1
3,West Midlands,003_0236,,1,52.41069,-1.234313,0,0,unknown,0,,1
3,West Midlands,003_0237,,1,52.122069,-1.652588,0,0,private,0,,1
3,West Midlands,003_0238,,1,52.100729,-1.643748,0,0,unknown,0,,1
3,West Midlands,003_0239,,1,52.10644,-1.643282,0,0,private,0,,1
3,West Midlands,003_0240,,1,52.187185,-1.701121,0,0,unknown,0,tartan,1
3,West Midlands,003_0241,,1,52.256259,-1.534704,0,0,private,0,,1
3,West Midlands,003_0242,,1,52.51371,-1.504124,0,0,unknown,0,,1
3,West Midlands,003_0243,,1,52.25129,-1.723119,0,0,private,0,,1
3,West Midlands,003_0244,,1,52.313375,-1.771028,0,0,unknown,0,,1
3,West Midlands,003_0245,,1,52.128554,-1.461786,0,0,unknown,0,,1
3,West Midlands,003_0246,,1,52.126437,-1.462728,0,0,unknown,0,,1
3,West Midlands,003_0247,,1,52.326402,-1.377843,0,0,private,0,astro,1
3,West Midlands,003_0248,,1,52.31055,-1.81308,0,0,unknown,0,,1
3,West Midlands,003_0249,MUGA - Tennis Courts,1,52.191941,-1.600828,0,0,unknown,0,,1
3,West Midlands,003_0250,,1,52.316827,-1.579122,0,0,unknown,0,tartan,1
3,West Midlands,003_0251,,1,52.272631,-1.244331,0,0,unknown,0,asphalt,1
3,West Midlands,003_0252,,1,52.189517,-1.807151,0,0,private,0,,1
3,West Midlands,003_0253,,1,52.041374,-1.623057,0,0,unknown,0,,1
3,West Midlands,003_0254,,1,52.226748,-1.687777,0,0,private,0,,1
3,West Midlands,003_0255,,1,52.242871,-1.737873,0,0,unknown,0,,1
3,West Midlands,003_0256,,1,52.286712,-1.475972,0,0,unknown,0,,1
3,West Midlands,003_0257,,1,52.170797,-1.785637,0,0,unknown,0,,1
3,West Midlands,003_0258,,1,52.351801,-1.611371,0,0,unknown,0,,1
3,West Midlands,003_0259,,1,52.346877,-1.732285,0,0,unknown,0,,1
3,West Midlands,003_0260,,1,52.016643,-1.565658,0,0,private,0,,1
3,West Midlands,003_0261,,1,52.159311,-1.510416,0,0,unknown,0,,1
3,West Midlands,003_0262,,1,52.244353,-1.600577,0,0,unknown,0,,1
3,West Midlands,003_0263,,1,52.30272,-1.820568,0,0,unknown,0,,1
3,West Midlands,003_0264,,1,52.29741,-1.816284,0,0,unknown,0,,1
3,West Midlands,003_0265,,1,51.968972,-1.624032,0,0,unknown,0,,1
3,West Midlands,003_0266,,1,52.301629,-1.655238,0,0,unknown,0,,1
3,West Midlands,003_0267,,1,52.182961,-1.788194,0,0,unknown,0,,1
3,West Midlands,003_0268,,1,52.183494,-1.779484,0,0,unknown,0,,1
3,West Midlands,003_0269,,1,52.20639,-1.659708,0,0,unknown,0,,1
3,West Midlands,003_0270,,1,52.202937,-1.667497,0,0,unknown,0,,1
3,West Midlands,003_0271,,1,52.200474,-1.683893,0,0,unknown,0,,1
3,West Midlands,003_0272,,1,52.20667,-1.615101,0,0,unknown,0,,1
3,West Midlands,003_0273,,1,52.447111,-1.32856,0,0,unknown,0,,1
3,West Midlands,003_0274,,1,52.175795,-1.58373,0,0,unknown,0,,1
3,West Midlands,003_0275,,1,52.2241,-1.394349,0,0,private,0,,1
3,West Midlands,003_0276,,1,52.230894,-1.302524,0,0,private,0,,1
3,West Midlands,003_0277,,1,52.478889,-1.426193,0,0,unknown,0,,1
3,West Midlands,003_0278,,1,52.186313,-1.419953,0,0,unknown,0,,1
3,West Midlands,003_0279,,1,52.086953,-1.694739,0,0,unknown,0,,1
3,West Midlands,003_0280,,1,52.010012,-1.545282,0,0,unknown,0,,1
3,West Midlands,003_0281,,1,52.010199,-1.547214,0,0,unknown,0,,1
3,West Midlands,003_0282,,1,52.011072,-1.637744,0,0,unknown,0,,1
3,West Midlands,003_0283,,1,52.008998,-1.640711,0,0,unknown,0,,1
3,West Midlands,003_0284,,1,52.508635,-1.467233,0,0,unknown,0,,1
3,West Midlands,003_0285,,1,52.525026,-1.457866,0,0,private,0,,1
3,West Midlands,003_0286,,1,51.990864,-1.627914,0,0,unknown,0,,1
3,West Midlands,003_0287,,1,51.989615,-1.629684,0,0,unknown,0,,1
3,West Midlands,003_0288,,1,52.199752,-1.496353,0,0,unknown,0,,1
3,West Midlands,003_0289,,1,52.190599,-1.622211,0,0,private,0,,1
3,West Midlands,003_0290,,1,52.19302,-1.631009,0,0,private,0,,1
3,West Midlands,003_0291,,1,52.163936,-1.394141,0,0,unknown,0,,1
3,West Midlands,003_0292,,1,52.199086,-1.31622,0,0,unknown,0,,1
3,West Midlands,003_0293,,1,52.20248,-1.308348,0,0,unknown,0,,1
3,West Midlands,003_0294,,1,52.348149,-1.404413,0,0,private,0,,1
3,West Midlands,003_0295,,1,52.353937,-1.391363,0,0,unknown,0,,1
3,West Midlands,003_0296,,1,52.341876,-1.281074,0,0,unknown,0,,1
3,West Midlands,003_0297,,1,52.006785,-1.633604,0,0,unknown,0,,1
3,West Midlands,003_0298,,1,52.265859,-1.665058,0,0,unknown,0,,1
3,West Midlands,003_0299,,1,52.266072,-1.676335,0,0,unknown,0,,1
3,West Midlands,003_0300,,1,52.306528,-1.271405,0,0,unknown,0,,1
3,West Midlands,003_0301,,1,52.011703,-1.532973,0,0,unknown,0,,1
3,West Midlands,003_0302,,1,52.167478,-1.430352,0,0,unknown,0,,1
3,West Midlands,003_0303,,1,52.643563,-1.624077,0,0,unknown,0,,1
3,West Midlands,003_0304,,1,52.575818,-1.538353,0,0,unknown,0,asphalt,1
3,West Midlands,003_0305,,1,52.269575,-1.67546,0,0,unknown,0,,1
3,West Midlands,003_0306,,1,52.12355,-1.439798,0,0,unknown,0,,1
3,West Midlands,003_0307,,1,52.109059,-1.624435,0,0,unknown,0,,1
3,West Midlands,003_0308,,1,52.02932,-1.57643,0,0,unknown,0,,1
3,West Midlands,003_0309,,1,52.025788,-1.58201,0,0,unknown,0,,1
3,West Midlands,003_0310,,1,52.02603,-1.578797,0,0,unknown,0,,1
3,West Midlands,003_0311,,1,51.969828,-1.618574,0,0,unknown,0,,1
3,West Midlands,003_0312,,1,51.970479,-1.623377,0,0,unknown,0,,1
3,West Midlands,003_0313,,1,52.146458,-1.532429,0,0,unknown,0,,1
3,West Midlands,003_0314,,1,52.226791,-1.397672,0,0,unknown,0,,1
3,West Midlands,003_0315,,1,52.25885,-1.394019,0,0,unknown,0,,1
4,West Yorkshire,004_0000,,16,53.83818,-1.506369,0,0,unknown,0,asphalt,16
4,West Yorkshire,004_0001,,16,53.693419,-1.502714,0,0,unknown,0,,16
4,West Yorkshire,004_0002,,15,53.930479,-1.836189,0,0,private,0,artificial_turf;grass;hard,15
4,West Yorkshire,004_0003,Queens Sports Club,6,53.713917,-1.868523,1,0,unknown,0,grass;tartan,9
4,West Yorkshire,004_0004,,7,53.850338,-1.689657,0,0,unknown,0,grass;paved,7
4,West Yorkshire,004_0005,JCCS Indoor Tennis Centre,6,53.763258,-1.540468,1,0,unknown,0,,7
4,West Yorkshire,004_0006,,7,53.770444,-1.567488,0,0,unknown,0,,7
4,West Yorkshire,004_0007,Roundhay Tennis Club,6,53.842871,-1.508681,1,0,unknown,0,,7
4,West Yorkshire,004_0008,,7,53.676109,-1.30236,0,0,unknown,0,,7
4,West Yorkshire,004_0009,Huddersfield Lawn Tennis Club,5,53.652806,-1.793319,1,0,unknown,0,,6
4,West Yorkshire,004_0010,Tennis/5 A Side,6,53.839124,-1.587065,0,0,unknown,0,,6
4,West Yorkshire,004_0011,,6,53.694489,-1.414216,0,0,unknown,0,,6
4,West Yorkshire,004_0012,,6,53.649155,-1.800261,0,0,unknown,0,asphalt,6
4,West Yorkshire,004_0013,,6,53.670239,-1.508305,0,0,unknown,0,asphalt,6
4,West Yorkshire,004_0014,,6,53.636353,-1.762317,0,0,unknown,0,,6
4,West Yorkshire,004_0015,Pudsey Lawn Tennis Club,4,53.794512,-1.668959,1,0,unknown,0,,5
4,West Yorkshire,004_0016,,5,53.926892,-1.3889,0,0,unknown,0,,5
4,West Yorkshire,004_0017,Kirkstall Abbey Tennis Club,4,53.821908,-1.609956,1,0,private,0,,5
4,West Yorkshire,004_0018,,5,53.796076,-1.451722,0,0,unknown,0,,5
4,West Yorkshire,004_0019,Armley Tennis Club,4,53.803494,-1.60667,1,0,unknown,0,,5
4,West Yorkshire,004_0020,,5,53.774032,-1.555892,0,0,unknown,0,,5
4,West Yorkshire,004_0021,Horsforth Tennis Club,4,53.830501,-1.634378,1,0,unknown,0,tartan,5
4,West Yorkshire,004_0022,,3,53.64726,-1.800878,1,0,unknown,0,,4
4,West Yorkshire,004_0023,,4,53.929121,-1.790259,0,0,unknown,0,,4
4,West Yorkshire,004_0024,,4,53.899959,-1.363045,0,0,unknown,0,concrete,4
4,West Yorkshire,004_0025,,4,53.757031,-1.379125,0,0,unknown,0,,4
4,West Yorkshire,004_0026,,4,53.668459,-1.577162,0,0,unknown,0,,4
4,West Yorkshire,004_0027,,4,53.695379,-1.363528,0,0,unknown,0,,4
4,West Yorkshire,004_0028,,4,53.686557,-1.793506,0,0,unknown,0,,4
4,West Yorkshire,004_0029,,4,53.703615,-1.696588,0,0,unknown,0,,4
4,West Yorkshire,004_0030,,4,53.62028,-1.360092,0,0,unknown,0,,4
4,West Yorkshire,004_0031,,4,53.695635,-1.365832,0,0,unknown,0,,4
4,West Yorkshire,004_0032,,4,53.707734,-1.777804,0,0,unknown,0,,4
4,West Yorkshire,004_0033,,3,53.911223,-1.68573,0,0,public,0,,3
4,West Yorkshire,004_0034,,3,53.843335,-1.551612,0,0,unknown,0,,3
4,West Yorkshire,004_0035,,3,53.607407,-1.783728,0,0,unknown,0,,3
4,West Yorkshire,004_0036,Thongsbridge Tennis & Fitness Club,2,53.58584,-1.777142,1,0,unknown,0,asphalt,3
4,West Yorkshire,004_0037,,3,53.614574,-1.702426,0,0,unknown,0,hard,3
4,West Yorkshire,004_0038,,3,53.765562,-1.538451,0,0,unknown,0,,3
4,West Yorkshire,004_0039,,3,53.703729,-1.934767,0,0,unknown,0,,3
4,West Yorkshire,004_0040,,3,53.854479,-1.611027,0,0,unknown,0,,3
4,West Yorkshire,004_0041,,3,53.855071,-1.602767,0,0,unknown,0,,3
4,West Yorkshire,004_0042,,3,53.731267,-1.682285,0,0,unknown,0,,3
4,West Yorkshire,004_0043,,3,53.590894,-1.935315,0,0,unknown,0,,3
4,West Yorkshire,004_0044,,3,53.850122,-1.550105,0,0,unknown,0,asphalt,3
4,West Yorkshire,004_0045,,3,53.831988,-1.572055,0,0,unknown,0,asphalt,3
4,West Yorkshire,004_0046,,3,53.646742,-1.495982,0,0,unknown,0,,3
4,West Yorkshire,004_0047,,3,53.809436,-1.444275,0,0,unknown,0,,3
4,West Yorkshire,004_0048,,3,53.814592,-1.650579,0,0,unknown,0,,3
4,West Yorkshire,004_0049,,3,53.722306,-1.58819,0,0,unknown,0,,3
4,West Yorkshire,004_0050,,3,53.637764,-1.745497,0,0,unknown,0,asphalt,3
4,West Yorkshire,004_0051,,3,53.847716,-1.776403,0,0,private,0,,3
4,West Yorkshire,004_0052,,3,53.750257,-1.904559,0,0,unknown,0,,3
4,West Yorkshire,004_0053,,3,53.843013,-1.795462,0,0,unknown,0,asphalt,3
4,West Yorkshire,004_0054,,3,53.871775,-1.718606,0,0,unknown,0,asphalt,3
4,West Yorkshire,004_0055,Todmorden Lawn Tennis Club,2,53.718847,-2.088941,1,0,customers,0,clay,3
4,West Yorkshire,004_0056,,2,53.902425,-1.70596,0,0,unknown,0,,2
4,West Yorkshire,004_0057,,2,53.813218,-1.775755,0,0,unknown,0,asphalt,2
4,West Yorkshire,004_0058,,2,53.828672,-1.782234,0,0,unknown,0,acrylic,2
4,West Yorkshire,004_0059,,2,53.914695,-1.781384,0,0,unknown,0,,2
4,West Yorkshire,004_0060,,2,53.6906,-1.64984,0,0,unknown,0,,2
4,West Yorkshire,004_0061,,2,53.645578,-1.816733,0,0,unknown,0,,2
4,West Yorkshire,004_0062,,2,53.826594,-1.589501,0,0,unknown,0,artificial_turf;asphalt,2
4,West Yorkshire,004_0063,,2,53.897907,-1.509359,0,0,unknown,0,,2
4,West Yorkshire,004_0064,,2,53.8455,-1.840867,0,0,unknown,0,asphalt,2
4,West Yorkshire,004_0065,,2,53.883948,-1.725577,0,0,unknown,0,,2
4,West Yorkshire,004_0066,,2,53.860197,-1.814665,0,0,unknown,0,,2
4,West Yorkshire,004_0067,,2,53.728976,-1.586393,0,0,unknown,0,,2
4,West Yorkshire,004_0068,,2,53.71295,-1.897772,0,0,unknown,0,,2
4,West Yorkshire,004_0069,,2,53.672763,-1.941221,0,0,unknown,0,,2
4,West Yorkshire,004_0070,,2,53.704698,-1.934177,0,0,unknown,0,,2
4,West Yorkshire,004_0071,,2,53.883961,-1.445774,0,0,private,0,,2
4,West Yorkshire,004_0072,,2,53.855818,-1.585392,0,0,unknown,0,,2
4,West Yorkshire,004_0073,,2,53.793527,-1.439407,0,0,unknown,0,,2
4,West Yorkshire,004_0074,,2,53.722828,-1.790986,0,0,unknown,0,,2
4,West Yorkshire,004_0075,,2,53.713911,-1.786867,0,0,unknown,0,,2
4,West Yorkshire,004_0076,,2,53.803054,-1.796769,0,0,unknown,0,,2
4,West Yorkshire,004_0077,,2,53.62382,-1.792385,0,0,unknown,0,paved,2
4,West Yorkshire,004_0078,,2,53.885346,-1.625025,0,0,unknown,0,,2
4,West Yorkshire,004_0079,Riddlesden Tennis Club,1,53.878638,-1.886563,1,0,unknown,0,,2
4,West Yorkshire,004_0080,,2,53.645433,-1.54332,0,0,unknown,0,,2
4,West Yorkshire,004_0081,,2,53.813526,-1.472271,0,0,unknown,0,,2
4,West Yorkshire,004_0082,,2,53.82642,-1.533027,0,0,private,0,,2
4,West Yorkshire,004_0083,,2,53.621365,-1.857803,0,0,unknown,0,,2
4,West Yorkshire,004_0084,,2,53.852922,-1.47591,0,0,unknown,0,,2
4,West Yorkshire,004_0085,,2,53.648755,-1.335763,0,0,unknown,0,,2
4,West Yorkshire,004_0086,,2,53.727514,-1.702769,0,0,unknown,0,,2
4,West Yorkshire,004_0087,,2,53.683983,-1.318558,0,0,unknown,0,asphalt,2
4,West Yorkshire,004_0088,,2,53.664222,-1.949667,0,0,unknown,0,,2
4,West Yorkshire,004_0089,,2,53.707095,-2.001346,0,0,unknown,0,,2
4,West Yorkshire,004_0090,,2,53.659312,-1.476512,0,0,unknown,0,,2
4,West Yorkshire,004_0091,,2,53.708014,-1.679107,0,0,unknown,0,,2
4,West Yorkshire,004_0092,,2,53.582682,-1.708323,0,0,unknown,0,artificial_turf,2
4,West Yorkshire,004_0093,"Elland Cricket, Athletic and Bowling Club",1,53.682504,-1.851703,0,0,unknown,0,unpaved,1
4,West Yorkshire,004_0094,,1,53.901703,-1.624287,0,0,unknown,0,,1
4,West Yorkshire,004_0095,,1,53.657403,-1.476047,0,0,unknown,0,,1
4,West Yorkshire,004_0096,,1,53.659514,-1.575462,0,0,unknown,0,,1
4,West Yorkshire,004_0097,,1,53.740524,-1.615474,0,0,unknown,0,,1
4,West Yorkshire,004_0098,,1,53.74925,-1.472214,0,0,unknown,0,,1
4,West Yorkshire,004_0099,,1,53.761542,-1.591844,0,0,unknown,0,,1
4,West Yorkshire,004_0100,Mirfield Tennis Club,1,53.673236,-1.685101,0,0,unknown,0,,1
4,West Yorkshire,004_0101,,1,53.776427,-1.625383,0,0,unknown,0,,1
4,West Yorkshire,004_0102,,1,53.787454,-1.597836,0,0,unknown,0,,1
4,West Yorkshire,004_0103,,1,53.831607,-1.820418,0,0,unknown,0,,1
4,West Yorkshire,004_0104,,1,53.781314,-1.561858,0,0,unknown,0,,1
4,West Yorkshire,004_0105,,1,53.917951,-1.405173,0,0,unknown,0,,1
4,West Yorkshire,004_0106,,1,53.889823,-1.680197,0,0,unknown,0,,1
4,West Yorkshire,004_0107,,1,53.89684,-1.631141,0,0,unknown,0,,1
4,West Yorkshire,004_0108,,1,53.902303,-1.756351,0,0,unknown,0,,1
4,West Yorkshire,004_0109,,1,53.891875,-1.754813,0,0,unknown,0,,1
4,West Yorkshire,004_0110,The Hollies Tennis Courts,1,53.835785,-1.580756,0,0,unknown,0,asphalt,1
4,West Yorkshire,004_0111,,1,53.8963,-1.524713,0,0,unknown,0,,1
4,West Yorkshire,004_0112,,1,53.919581,-1.767364,0,0,unknown,0,,1
4,West Yorkshire,004_0113,,1,53.739511,-2.012804,0,0,unknown,0,,1
4,West Yorkshire,004_0114,,1,53.931951,-1.822498,0,0,public,0,asphalt,1
4,West Yorkshire,004_0115,,1,53.894994,-1.607234,0,0,unknown,0,,1
4,West Yorkshire,004_0116,Woodhouse Moor Tennis Courts,1,53.809884,-1.562263,0,0,unknown,0,concrete,1
4,West Yorkshire,004_0117,,1,53.812841,-1.634231,0,0,unknown,0,,1
4,West Yorkshire,004_0118,,1,53.694311,-1.645326,0,0,unknown,0,,1
4,West Yorkshire,004_0119,Salts Tennis Club,1,53.839767,-1.793681,0,0,unknown,0,acrylic,1
4,West Yorkshire,004_0120,,1,53.913547,-1.78396,0,0,unknown,0,,1
4,West Yorkshire,004_0121,,1,53.581967,-1.771063,0,0,unknown,0,,1
4,West Yorkshire,004_0122,,1,53.749786,-1.813543,0,0,unknown,0,,1
4,West Yorkshire,004_0123,,1,53.677697,-1.760425,0,0,unknown,0,,1
4,West Yorkshire,004_0124,,1,53.719134,-2.108398,0,0,unknown,0,asphalt,1
4,West Yorkshire,004_0125,,1,53.853094,-1.688405,0,0,unknown,0,,1
4,West Yorkshire,004_0126,,1,53.887634,-1.73313,0,0,unknown,0,asphalt,1
4,West Yorkshire,004_0127,,1,53.909633,-1.75804,0,0,unknown,0,,1
4,West Yorkshire,004_0128,,1,53.911295,-1.748142,0,0,unknown,0,,1
4,West Yorkshire,004_0129,,1,53.809688,-1.579538,0,0,unknown,0,,1
4,West Yorkshire,004_0130,,1,53.810499,-1.655442,0,0,unknown,0,asphalt,1
4,West Yorkshire,004_0131,,1,53.920161,-1.754615,0,0,unknown,0,,1
4,West Yorkshire,004_0132,,1,53.904386,-1.742384,0,0,private,0,,1
4,West Yorkshire,004_0133,,1,53.922761,-1.815227,0,0,unknown,0,,1
4,West Yorkshire,004_0134,,1,53.73161,-1.719413,0,0,unknown,0,,1
4,West Yorkshire,004_0135,,1,53.828238,-1.691402,0,0,unknown,0,,1
4,West Yorkshire,004_0136,,1,53.872252,-1.491654,0,0,unknown,0,,1
4,West Yorkshire,004_0137,,1,53.828522,-1.424305,0,0,unknown,0,,1
4,West Yorkshire,004_0138,,1,53.822018,-1.86092,0,0,unknown,0,,1
4,West Yorkshire,004_0139,,1,53.776277,-1.77784,0,0,unknown,0,,1
4,West Yorkshire,004_0140,,1,53.81468,-1.432154,0,0,unknown,0,,1
4,West Yorkshire,004_0141,,1,53.815998,-1.7667,0,0,unknown,0,,1
4,West Yorkshire,004_0142,,1,53.815434,-1.76862,0,0,unknown,0,,1
4,West Yorkshire,004_0143,,1,53.830068,-1.393794,0,0,unknown,0,,1
4,West Yorkshire,004_0144,,1,53.831991,-1.535702,0,0,unknown,0,asphalt,1
4,West Yorkshire,004_0145,,1,53.8464,-1.500175,0,0,unknown,0,asphalt,1
4,West Yorkshire,004_0146,,1,53.594083,-1.841679,0,0,unknown,0,,1
4,West Yorkshire,004_0147,,1,53.899421,-1.689568,0,0,private,0,,1
4,West Yorkshire,004_0148,,1,53.613644,-1.471186,0,0,unknown,0,,1
4,West Yorkshire,004_0149,,1,53.800493,-1.590168,0,0,unknown,0,,1
4,West Yorkshire,004_0150,,1,53.83554,-1.594282,0,0,unknown,0,,1
4,West Yorkshire,004_0151,,1,53.832668,-1.583755,0,0,unknown,0,,1
4,West Yorkshire,004_0152,,1,53.82507,-1.590087,0,0,unknown,0,asphalt,1
4,West Yorkshire,004_0153,,1,53.827338,-1.585607,0,0,unknown,0,artificial_turf,1
4,West Yorkshire,004_0154,,1,53.899801,-1.508063,0,0,unknown,0,,1
4,West Yorkshire,004_0155,,1,53.818886,-1.809436,0,0,unknown,0,,1
4,West Yorkshire,004_0156,,1,53.883522,-1.727106,0,0,unknown,0,tarmac,1
4,West Yorkshire,004_0157,,1,53.929605,-1.381992,0,0,unknown,0,,1
4,West Yorkshire,004_0158,East Keswick Tennis Club,1,53.894136,-1.455421,0,0,private,0,,1
4,West Yorkshire,004_0159,,1,53.895341,-1.453789,0,0,private,0,,1
4,West Yorkshire,004_0160,,1,53.900634,-1.458609,0,0,private,0,,1
4,West Yorkshire,004_0161,,1,53.90625,-1.443535,0,0,private,0,,1
4,West Yorkshire,004_0162,,1,53.903098,-1.346426,0,0,unknown,0,grass,1
4,West Yorkshire,004_0163,,1,53.909293,-1.436063,0,0,private,0,,1
4,West Yorkshire,004_0164,,1,53.902862,-1.504421,0,0,private,0,,1
4,West Yorkshire,004_0165,,1,53.740869,-1.614348,0,0,unknown,0,,1
4,West Yorkshire,004_0166,,1,53.74537,-1.618121,0,0,unknown,0,,1
4,West Yorkshire,004_0167,Tennis Lawn Tennis Club,1,53.903132,-1.339566,0,0,unknown,0,,1
4,West Yorkshire,004_0168,,1,53.583063,-1.770959,0,0,unknown,0,,1
4,West Yorkshire,004_0169,,1,53.766441,-1.361703,0,0,unknown,0,,1
4,West Yorkshire,004_0170,,1,53.79266,-1.393042,0,0,unknown,0,,1
4,West Yorkshire,004_0171,,1,53.870726,-1.482404,0,0,unknown,0,,1
4,West Yorkshire,004_0172,,1,53.594954,-1.310063,0,0,unknown,0,,1
4,West Yorkshire,004_0173,,1,53.819519,-1.523503,0,0,unknown,0,asphalt,1
4,West Yorkshire,004_0174,,1,53.814417,-1.488104,0,0,unknown,0,,1
4,West Yorkshire,004_0175,,1,53.809478,-1.496779,0,0,unknown,0,,1
4,West Yorkshire,004_0176,,1,53.872649,-1.442638,0,0,unknown,0,,1
4,West Yorkshire,004_0177,,1,53.862571,-1.448791,0,0,unknown,0,,1
4,West Yorkshire,004_0178,,1,53.870981,-1.452152,0,0,unknown,0,,1
4,West Yorkshire,004_0179,,1,53.869468,-1.436101,0,0,unknown,0,,1
4,West Yorkshire,004_0180,,1,53.823316,-1.341884,0,0,unknown,0,,1
4,West Yorkshire,004_0181,,1,53.779664,-1.38269,0,0,unknown,0,,1
4,West Yorkshire,004_0182,,1,53.708259,-1.852493,0,0,unknown,0,,1
4,West Yorkshire,004_0183,,1,53.932949,-1.894178,0,0,unknown,0,,1
4,West Yorkshire,004_0184,,1,53.779527,-1.797059,0,0,unknown,0,,1
4,West Yorkshire,004_0185,,1,53.785506,-1.768861,0,0,unknown,0,,1
4,West Yorkshire,004_0186,,1,53.724409,-1.707861,0,0,unknown,0,,1
4,West Yorkshire,004_0187,,1,53.709331,-1.689755,0,0,unknown,0,asphalt,1
4,West Yorkshire,004_0188,,1,53.718574,-1.700074,0,0,unknown,0,,1
4,West Yorkshire,004_0189,,1,53.775165,-1.735049,0,0,unknown,0,,1
4,West Yorkshire,004_0190,,1,53.763159,-1.697802,0,0,unknown,0,,1
4,West Yorkshire,004_0191,,1,53.655418,-1.758839,0,0,unknown,0,,1
4,West Yorkshire,004_0192,,1,53.680582,-1.850131,0,0,unknown,0,,1
4,West Yorkshire,004_0193,,1,53.729751,-1.979457,0,0,unknown,0,,1
4,West Yorkshire,004_0194,,1,53.811971,-1.954855,0,0,unknown,0,,1
4,West Yorkshire,004_0195,,1,53.899873,-1.58363,0,0,unknown,0,,1
4,West Yorkshire,004_0196,,1,53.954388,-1.900309,0,0,unknown,0,,1
4,West Yorkshire,004_0197,,1,53.905764,-1.434511,0,0,private,0,,1
4,West Yorkshire,004_0198,,1,53.909129,-1.409908,0,0,unknown,0,,1
4,West Yorkshire,004_0199,,1,53.89854,-1.707468,0,0,private,0,,1
4,West Yorkshire,004_0200,,1,53.837778,-1.778764,0,0,unknown,0,,1
4,West Yorkshire,004_0201,,1,53.667606,-1.612195,0,0,unknown,0,,1
4,West Yorkshire,004_0202,,1,53.912889,-1.695461,0,0,unknown,0,,1
4,West Yorkshire,004_0203,,1,53.835274,-1.809509,0,0,unknown,0,,1
4,West Yorkshire,004_0204,,1,53.730553,-1.503596,0,0,unknown,0,asphalt,1
4,West Yorkshire,004_0205,,1,53.807629,-1.580944,0,0,unknown,0,,1
4,West Yorkshire,004_0206,Tennis Courts,1,53.846786,-1.648048,0,0,unknown,0,,1
4,West Yorkshire,004_0207,,1,53.941748,-1.870948,0,0,unknown,0,,1
4,West Yorkshire,004_0208,,1,53.580705,-1.777056,0,0,unknown,0,,1
4,West Yorkshire,004_0209,,1,53.725871,-1.651702,0,0,unknown,0,,1
4,West Yorkshire,004_0210,,1,53.928591,-1.388472,0,0,unknown,0,,1
4,West Yorkshire,004_0211,,1,53.916909,-1.406261,0,0,unknown,0,,1
4,West Yorkshire,004_0212,,1,53.844628,-1.770833,0,0,unknown,0,asphalt,1
4,West Yorkshire,004_0213,,1,53.936217,-1.880569,0,0,unknown,0,acrylic,1
4,West Yorkshire,004_0214,,1,53.57151,-1.658925,0,0,unknown,0,asphalt,1
4,West Yorkshire,004_0215,,1,53.587351,-1.611255,0,0,unknown,0,,1
4,West Yorkshire,004_0216,,1,53.565658,-1.736332,0,0,unknown,0,asphalt,1
4,West Yorkshire,004_0217,,1,53.586011,-1.632615,0,0,unknown,0,,1
4,West Yorkshire,004_0218,,1,53.802782,-1.522573,0,0,unknown,0,,1
4,West Yorkshire,004_0219,,1,53.794514,-1.508631,0,0,unknown,0,asphalt,1
4,West Yorkshire,004_0220,,1,53.617126,-1.351433,0,0,unknown,0,,1
4,West Yorkshire,004_0221,,1,53.873536,-1.725476,0,0,unknown,0,,1
4,West Yorkshire,004_0222,,1,53.793259,-1.469986,0,0,unknown,0,,1
4,West Yorkshire,004_0223,,1,53.612386,-1.904034,0,0,unknown,0,,1
4,West Yorkshire,004_0224,,1,53.86039,-1.428972,0,0,unknown,0,,1
4,West Yorkshire,004_0225,,1,53.691721,-1.537557,0,0,unknown,0,,1
4,West Yorkshire,004_0226,,1,53.697307,-1.251863,0,0,unknown,0,,1
4,West Yorkshire,004_0227,,1,53.802378,-1.739467,0,0,unknown,0,,1
4,West Yorkshire,004_0228,Floodlit Sports Court,1,53.848117,-1.643167,0,0,unknown,0,,1
4,West Yorkshire,004_0229,,1,53.726886,-1.729465,0,0,unknown,0,,1
4,West Yorkshire,004_0230,,1,53.848797,-1.652756,0,0,private,0,,1
4,West Yorkshire,004_0231,,1,53.842635,-1.679928,0,0,unknown,0,,1
4,West Yorkshire,004_0232,,1,53.847528,-1.665224,0,0,private,0,,1
4,West Yorkshire,004_0233,,1,53.719518,-1.36779,0,0,unknown,0,,1
4,West Yorkshire,004_0234,,1,53.654962,-1.556857,0,0,unknown,0,,1
4,West Yorkshire,004_0235,,1,53.694059,-1.803632,0,0,unknown,0,,1
4,West Yorkshire,004_0236,,1,53.639682,-1.534209,0,0,unknown,0,,1
4,West Yorkshire,004_0237,,1,53.673163,-1.883493,0,0,unknown,0,,1
4,West Yorkshire,004_0238,,1,53.807378,-1.671904,0,0,unknown,0,,1
4,West Yorkshire,004_0239,,1,53.891383,-1.744569,0,0,private,0,,1
4,West Yorkshire,004_0240,Alwoodley Community Centre Tennis Courts,1,53.858644,-1.554638,0,0,unknown,0,,1
4,West Yorkshire,004_0241,,1,53.702807,-1.412683,0,0,unknown,0,,1
4,West Yorkshire,004_0242,,1,53.672476,-1.770469,0,0,unknown,0,,1
4,West Yorkshire,004_0243,Beckfoot Tennis Club,1,53.841201,-1.838316,0,0,unknown,0,,1
4,West Yorkshire,004_0244,,1,53.8606,-1.567105,0,0,private,0,,1
4,West Yorkshire,004_0245,,1,53.852027,-1.534401,0,0,private,0,,1
4,West Yorkshire,004_0246,,1,53.861224,-1.530686,0,0,private,0,,1
4,West Yorkshire,004_0247,,1,53.642761,-1.464078,0,0,unknown,0,,1
4,West Yorkshire,004_0248,,1,53.859793,-1.526152,0,0,private,0,,1
4,West Yorkshire,004_0249,,1,53.858059,-1.517574,0,0,unknown,0,,1
4,West Yorkshire,004_0250,,1,53.914825,-1.935602,0,0,unknown,0,grass,1
4,West Yorkshire,004_0251,,1,53.897323,-1.575564,0,0,private,0,,1
4,West Yorkshire,004_0252,,1,53.753887,-1.561908,0,0,private,0,,1
4,West Yorkshire,004_0253,,1,53.779547,-1.545083,0,0,unknown,0,,1
4,West Yorkshire,004_0254,,1,53.86254,-1.831725,0,0,unknown,0,,1
4,West Yorkshire,004_0255,,1,53.79934,-1.471774,0,0,unknown,0,,1
4,West Yorkshire,004_0256,,1,53.852377,-1.495337,0,0,private,0,,1
4,West Yorkshire,004_0257,St. Peters Tennis Club,1,53.832186,-1.79476,0,0,unknown,0,,1
4,West Yorkshire,004_0258,,1,53.863805,-1.485486,0,0,private,0,,1
4,West Yorkshire,004_0259,,1,53.749345,-1.453588,0,0,unknown,0,,1
4,West Yorkshire,004_0260,,1,53.850823,-1.467839,0,0,private,0,,1
4,West Yorkshire,004_0261,,1,53.82656,-1.45611,0,0,unknown,0,,1
4,West Yorkshire,004_0262,,1,53.807606,-1.746034,0,0,public,0,asphalt,1
4,West Yorkshire,004_0263,,1,53.889981,-1.436854,0,0,unknown,0,,1
4,West Yorkshire,004_0264,,1,53.841224,-1.44271,0,0,private,0,,1
4,West Yorkshire,004_0265,,1,53.693819,-1.528201,0,0,unknown,0,,1
4,West Yorkshire,004_0266,,1,53.899324,-1.768962,0,0,unknown,0,,1
4,West Yorkshire,004_0267,,1,53.897297,-1.766738,0,0,unknown,0,,1
4,West Yorkshire,004_0268,,1,53.905247,-1.77184,0,0,private,0,,1
4,West Yorkshire,004_0269,,1,53.903674,-1.763102,0,0,unknown,0,,1
4,West Yorkshire,004_0270,,1,53.91244,-1.419876,0,0,private,0,,1
4,West Yorkshire,004_0271,,1,53.913958,-1.417172,0,0,private,0,concrete,1
4,West Yorkshire,004_0272,,1,53.934788,-1.403691,0,0,unknown,0,,1
4,West Yorkshire,004_0273,,1,53.928533,-1.402767,0,0,private,0,,1
4,West Yorkshire,004_0274,,1,53.925325,-1.404438,0,0,private,0,,1
4,West Yorkshire,004_0275,,1,53.817379,-1.619404,0,0,unknown,0,,1
4,West Yorkshire,004_0276,,1,53.861221,-1.582731,0,0,unknown,0,,1
4,West Yorkshire,004_0277,,1,53.840575,-1.828935,0,0,unknown,0,,1
4,West Yorkshire,004_0278,,1,53.788579,-1.402334,0,0,unknown,0,concrete,1
4,West Yorkshire,004_0279,,1,53.724397,-1.339661,0,0,unknown,0,,1
4,West Yorkshire,004_0280,,1,53.839229,-1.699362,0,0,unknown,0,,1
4,West Yorkshire,004_0281,,1,53.848355,-1.691133,0,0,private,0,,1
4,West Yorkshire,004_0282,,1,53.849786,-1.693536,0,0,private,0,,1
4,West Yorkshire,004_0283,,1,53.832514,-1.522056,0,0,unknown,0,,1
4,West Yorkshire,004_0284,,1,53.84364,-1.688003,0,0,unknown,0,,1
4,West Yorkshire,004_0285,,1,53.775914,-1.511991,0,0,unknown,0,,1
4,West Yorkshire,004_0286,,1,53.902447,-1.620479,0,0,unknown,0,,1
4,West Yorkshire,004_0287,,1,53.889318,-1.61901,0,0,unknown,0,,1
4,West Yorkshire,004_0288,,1,53.844245,-1.693113,0,0,unknown,0,,1
4,West Yorkshire,004_0289,,1,53.737539,-1.460598,0,0,unknown,0,asphalt,1
4,West Yorkshire,004_0290,,1,53.933857,-1.799403,0,0,unknown,0,,1
4,West Yorkshire,004_0291,,1,53.699722,-1.815234,0,0,unknown,0,,1
4,West Yorkshire,004_0292,,1,53.897177,-1.627011,0,0,unknown,0,,1
4,West Yorkshire,004_0293,,1,53.736898,-1.957673,0,0,unknown,0,,1
4,West Yorkshire,004_0294,,1,53.630472,-1.859606,0,0,unknown,0,,1
4,West Yorkshire,004_0295,,1,53.840973,-1.642148,0,0,private,0,,1
4,West Yorkshire,004_0296,,1,53.920193,-1.789394,0,0,unknown,0,,1
4,West Yorkshire,004_0297,,1,53.904768,-1.770293,0,0,private,0,,1
4,West Yorkshire,004_0298,,1,53.686316,-1.776013,0,0,private,0,,1
4,West Yorkshire,004_0299,,1,53.685632,-1.784701,0,0,private,0,,1
4,West Yorkshire,004_0300,,1,53.884188,-1.730913,0,0,unknown,0,asphalt,1
4,West Yorkshire,004_0301,,1,53.579235,-1.823559,0,0,private,0,,1
4,West Yorkshire,004_0302,,1,53.685925,-1.701026,0,0,unknown,0,,1
4,West Yorkshire,004_0303,,1,53.909601,-1.340933,0,0,unknown,0,,1
4,West Yorkshire,004_0304,,1,53.69466,-1.322513,0,0,unknown,0,,1
4,West Yorkshire,004_0305,,1,53.882798,-1.349627,0,0,private,0,paved,1
4,West Yorkshire,004_0306,,1,53.828722,-1.3463,0,0,unknown,0,,1
4,West Yorkshire,004_0307,,1,53.822162,-1.905076,0,0,unknown,0,,1
4,West Yorkshire,004_0308,,1,53.925722,-1.31982,0,0,private,0,,1
4,West Yorkshire,004_0309,,1,53.660175,-1.616016,0,0,unknown,0,,1
4,West Yorkshire,004_0310,,1,53.736519,-1.788049,0,0,unknown,0,,1
4,West Yorkshire,004_0311,,1,53.736276,-1.830415,0,0,unknown,0,,1
4,West Yorkshire,004_0312,Carnegie Regional Indoor Tennis Centre,1,53.828584,-1.595276,0,0,unknown,0,,1
4,West Yorkshire,004_0313,,1,53.613933,-1.604907,0,0,unknown,0,,1
4,West Yorkshire,004_0314,,1,53.570931,-1.672903,0,0,unknown,0,,1
4,West Yorkshire,004_0315,,1,53.57903,-1.70126,0,0,unknown,0,,1
4,West Yorkshire,004_0316,,1,53.793433,-1.562637,0,0,unknown,0,,1
4,West Yorkshire,004_0317,,1,53.885433,-1.607268,0,0,unknown,0,,1
4,West Yorkshire,004_0318,,1,53.564223,-1.757569,0,0,unknown,0,,1
4,West Yorkshire,004_0319,,1,53.798117,-1.905749,0,0,unknown,0,,1
4,West Yorkshire,004_0320,,1,53.751527,-1.877273,0,0,unknown,0,,1
5,Greater Glasgow,005_0000,Kelvingrove Park Tennis Courts,6,55.867303,-4.287133,0,0,public,0,artificial_turf,6
5,Greater Glasgow,005_0001,,6,55.838197,-4.283199,0,0,unknown,0,artificial_turf;fine_gravel;rubber,6
5,Greater Glasgow,005_0002,,6,55.883819,-4.33092,0,0,unknown,0,,6
5,Greater Glasgow,005_0003,Dowanhill Tennis Club,4,55.875037,-4.297028,1,0,unknown,0,asphalt,5
5,Greater Glasgow,005_0004,,5,55.877216,-4.333346,0,0,unknown,0,asphalt,5
5,Greater Glasgow,005_0005,Knightswood Park Tennis,4,55.897272,-4.350553,0,0,unknown,0,,4
5,Greater Glasgow,005_0006,,4,55.900509,-4.302641,0,0,unknown,0,,4
5,Greater Glasgow,005_0007,,4,55.904335,-4.364703,0,0,unknown,0,,4
5,Greater Glasgow,005_0008,,4,55.821857,-4.273351,0,0,unknown,0,,4
5,Greater Glasgow,005_0009,,3,55.880388,-4.34051,0,0,unknown,0,artificial_turf,3
5,Greater Glasgow,005_0010,,3,55.8883,-4.33912,0,0,unknown,0,,3
5,Greater Glasgow,005_0011,,2,55.88102,-4.305168,0,0,unknown,0,,2
5,Greater Glasgow,005_0012,Broomhill Lawn Tennis & Squash Club Clubhouse,1,55.879292,-4.325062,1,0,unknown,0,,2
5,Greater Glasgow,005_0013,,2,55.89858,-4.325874,0,0,members,1,,2
5,Greater Glasgow,005_0014,,2,55.853104,-4.225074,0,0,unknown,0,artificial_turf,2
5,Greater Glasgow,005_0015,Mount Vernon Bowling & Tennis Club,1,55.846518,-4.141984,1,0,unknown,0,,2
5,Greater Glasgow,005_0016,,1,55.831884,-4.264035,0,0,unknown,0,asphalt,1
5,Greater Glasgow,005_0017,Scotstoun Leisure Centre,2,55.88122,-4.339077,1,0,unknown,0,,1
5,Greater Glasgow,005_0018,,1,55.847697,-4.30193,0,0,unknown,0,,1
5,Greater Glasgow,005_0019,,1,55.838414,-4.299472,0,0,unknown,0,,1
5,Greater Glasgow,005_0020,,1,55.885892,-4.309166,0,0,unknown,0,,1
5,Greater Glasgow,005_0021,,1,55.817947,-4.282624,0,0,unknown,0,,1
5,Greater Glasgow,005_0022,,1,55.81809,-4.276304,0,0,unknown,0,,1
5,Greater Glasgow,005_0023,,1,55.818,-4.275002,0,0,unknown,0,,1
5,Greater Glasgow,005_0024,,1,55.888273,-4.329565,0,0,unknown,0,,1
5,Greater Glasgow,005_0025,,1,55.911347,-4.375645,0,0,unknown,0,,1
5,Greater Glasgow,005_0026,,1,55.875338,-4.279967,0,0,unknown,0,,1
5,Greater Glasgow,005_0027,,1,55.813901,-4.295432,0,0,unknown,0,,1
5,Greater Glasgow,005_0028,,1,55.83666,-4.280501,0,0,unknown,0,artificial_turf,1
5,Greater Glasgow,005_0029,,1,55.882609,-4.307157,0,0,unknown,0,,1
5,Greater Glasgow,005_0030,,1,55.827474,-4.303345,0,0,unknown,0,,1
6,Liverpool,006_0000,,9,53.42318,-2.913411,0,0,unknown,0,,9
6,Liverpool,006_0001,,8,53.396082,-2.926226,0,0,unknown,0,asphalt,8
6,Liverpool,006_0002,,6,53.384358,-2.911825,0,0,unknown,0,,6
6,Liverpool,006_0003,,6,53.395056,-2.895415,0,0,private,0,artificial_turf,6
6,Liverpool,006_0004,,6,53.386971,-2.954528,0,0,unknown,0,asphalt,6
6,Liverpool,006_0005,,4,53.395963,-2.90139,0,0,unknown,0,,4
6,Liverpool,006_0006,,4,53.383764,-2.954417,0,0,unknown,0,,4
6,Liverpool,006_0007,,3,53.368072,-2.920852,0,0,unknown,0,,3
6,Liverpool,006_0008,,2,53.415354,-2.954201,0,0,unknown,0,,2
6,Liverpool,006_0009,,2,53.421226,-2.904202,0,0,unknown,0,,2
6,Liverpool,006_0010,,2,53.471224,-2.925155,0,0,private,0,asphalt,2
6,Liverpool,006_0011,Netball and Tennis Courts,2,53.38996,-2.892815,0,0,unknown,0,,2
6,Liverpool,006_0012,,1,53.382421,-2.941149,0,0,unknown,0,asphalt,1
6,Liverpool,006_0013,,1,53.38364,-2.941024,0,0,unknown,0,asphalt,1
6,Liverpool,006_0014,,1,53.359857,-2.922587,0,0,unknown,0,grass,1
6,Liverpool,006_0015,,1,53.436112,-2.979814,0,0,unknown,0,,1
6,Liverpool,006_0016,Archbishop Beck Tennis Centre,2,53.458418,-2.955883,1,0,unknown,0,,1
6,Liverpool,006_0017,,1,53.378294,-2.957303,0,0,unknown,0,artificial_turf,1
6,Liverpool,006_0018,,1,53.381653,-2.927419,0,0,unknown,0,,1
6,Liverpool,006_0019,,1,53.348152,-2.883925,0,0,unknown,0,,1
6,Liverpool,006_0020,,1,53.347627,-2.882842,0,0,unknown,0,,1
6,Liverpool,006_0021,,1,53.423845,-2.9018,0,0,private,0,,1
6,Liverpool,006_0022,Cressington Tennis Club,1,53.3556,-2.913396,0,0,unknown,0,,1
6,Liverpool,006_0023,,1,53.451731,-2.912736,0,0,unknown,0,,1
6,Liverpool,006_0024,,1,53.375848,-2.920258,0,0,unknown,0,,1
6,Liverpool,006_0025,,1,53.357626,-2.903896,0,0,unknown,0,,1
6,Liverpool,006_0026,,1,53.383577,-2.902883,0,0,unknown,0,,1
6,Liverpool,006_0027,,1,53.370543,-2.864684,0,0,unknown,0,,1
6,Liverpool,006_0028,,1,53.376228,-2.871102,0,0,private,0,,1
6,Liverpool,006_0029,,1,53.397266,-2.842451,0,0,unknown,0,,1
6,Liverpool,006_0030,,1,53.423592,-2.925518,0,0,unknown,0,,1
6,Liverpool,006_0031,,1,53.362086,-2.919458,0,0,unknown,0,earth,1
6,Liverpool,006_0032,,1,53.39051,-2.908505,0,0,unknown,0,,1
6,Liverpool,006_0033,,1,53.391684,-2.905909,0,0,unknown,0,,1
6,Liverpool,006_0034,,1,53.379216,-2.924085,0,0,private,0,,1
7,South Hampshire,007_0000,,6,50.834297,-1.074812,0,0,unknown,0,,6
7,South Hampshire,007_0001,Portsmouth Tennis Academy,5,50.795074,-1.097819,1,0,unknown,0,,6
7,South Hampshire,007_0002,,6,50.929145,-1.369562,0,0,private,0,concrete,6
7,South Hampshire,007_0003,,6,50.843234,-1.127997,0,0,private,0,asphalt;concrete,6
7,South Hampshire,007_0004,,6,50.805156,-1.200956,0,0,unknown,0,,6
7,South Hampshire,007_0005,Basset Lawn Tennis Club,4,50.924555,-1.421547,1,0,private,0,,5
7,South Hampshire,007_0006,,4,50.790208,-1.053361,1,0,unknown,0,,5
7,South Hampshire,007_0007,,5,50.796419,-1.154841,0,0,unknown,0,,5
7,South Hampshire,007_0008,,5,50.916347,-1.423094,0,0,unknown,0,,5
7,South Hampshire,007_0009,,4,50.800261,-1.197043,0,0,unknown,0,,4
7,South Hampshire,007_0010,,4,50.826422,-1.0798,0,0,unknown,0,,4
7,South Hampshire,007_0011,Alverstoke Lawn Tennis Club,3,50.787991,-1.147768,1,0,unknown,0,,4
7,South Hampshire,007_0012,,4,50.935706,-1.46397,0,0,unknown,0,,4
7,South Hampshire,007_0013,,4,50.918511,-1.411356,0,0,unknown,0,,4
7,South Hampshire,007_0014,Premier Tennis (4 courts),4,50.968253,-1.370929,0,0,unknown,0,asphalt,4
7,South Hampshire,007_0015,,4,50.922022,-1.465442,0,0,unknown,0,,4
7,South Hampshire,007_0016,,4,50.876552,-0.968906,0,0,unknown,0,,4
7,South Hampshire,007_0017,,3,50.936569,-1.462074,0,0,unknown,0,,3
7,South Hampshire,007_0018,,3,50.790342,-0.992102,0,0,unknown,0,,3
7,South Hampshire,007_0019,,2,50.926555,-1.3966,0,0,unknown,0,,2
7,South Hampshire,007_0020,,2,50.853033,-0.969987,0,0,unknown,0,asphalt;paved,2
7,South Hampshire,007_0021,,2,50.87644,-1.290508,0,0,public,0,,2
7,South Hampshire,007_0022,Glebian Tennis Club,1,50.920917,-1.349807,1,0,unknown,0,,2
7,South Hampshire,007_0023,,2,50.785447,-0.953881,0,0,unknown,0,,2
7,South Hampshire,007_0024,,2,50.834428,-1.199484,0,0,private,0,,2
7,South Hampshire,007_0025,,2,50.835507,-1.199385,0,0,private,0,,2
7,South Hampshire,007_0026,,2,50.832556,-1.189525,0,0,unknown,0,,2
7,South Hampshire,007_0027,,2,50.800525,-1.106694,0,0,unknown,0,,2
7,South Hampshire,007_0028,,2,50.799527,-1.162837,0,0,unknown,0,,2
7,South Hampshire,007_0029,,2,50.928639,-1.40188,0,0,unknown,0,tartan,2
7,South Hampshire,007_0030,,2,50.849792,-1.159538,0,0,unknown,0,,2
7,South Hampshire,007_0031,,2,50.785737,-0.984011,0,0,unknown,0,,2
7,South Hampshire,007_0032,,2,50.84065,-1.068793,0,0,unknown,0,,2
7,South Hampshire,007_0033,,2,50.840538,-1.053899,0,0,unknown,0,,2
7,South Hampshire,007_0034,,1,50.953232,-1.375175,0,0,unknown,0,,1
7,South Hampshire,007_0035,,1,50.907971,-1.402077,0,0,unknown,0,asphalt,1
7,South Hampshire,007_0036,Crofton Tennis Club,1,50.824259,-1.214945,0,0,unknown,0,,1
7,South Hampshire,007_0037,,1,50.815842,-1.09881,0,0,unknown,0,,1
7,South Hampshire,007_0038,,1,50.832552,-1.077027,0,0,unknown,0,,1
7,South Hampshire,007_0039,,1,50.830761,-1.072513,0,0,private,0,,1
7,South Hampshire,007_0040,,1,50.825034,-1.061959,0,0,unknown,0,,1
7,South Hampshire,007_0041,,1,50.848613,-1.043151,0,0,unknown,0,,1
7,South Hampshire,007_0042,,1,50.861093,-1.21978,0,0,unknown,0,,1
7,South Hampshire,007_0043,,1,50.85117,-0.967559,0,0,unknown,0,,1
7,South Hampshire,007_0044,,1,50.854073,-0.982836,0,0,unknown,0,asphalt,1
7,South Hampshire,007_0045,,1,50.85498,-1.003667,0,0,unknown,0,,1
7,South Hampshire,007_0046,,1,50.840064,-1.028725,0,0,unknown,0,,1
7,South Hampshire,007_0047,,1,50.838537,-0.983651,0,0,unknown,0,,1
7,South Hampshire,007_0048,,1,50.926828,-1.429273,0,0,unknown,0,clay,1
7,South Hampshire,007_0049,Castle Courts,1,50.78135,-1.091304,0,0,unknown,0,all_weather,1
7,South Hampshire,007_0050,Castle Courts,1,50.780946,-1.090111,0,0,unknown,0,all_weather,1
7,South Hampshire,007_0051,,1,50.866671,-1.052747,0,0,unknown,0,,1
7,South Hampshire,007_0052,,1,50.854918,-0.940734,0,0,unknown,0,,1
7,South Hampshire,007_0053,,1,50.794923,-1.060687,0,0,unknown,0,,1
7,South Hampshire,007_0054,,1,50.784449,-1.056022,0,0,unknown,0,,1
7,South Hampshire,007_0055,,1,50.781735,-1.066355,0,0,unknown,0,,1
7,South Hampshire,007_0056,,1,50.855604,-1.186251,0,0,unknown,0,asphalt,1
7,South Hampshire,007_0057,,1,50.871531,-1.175993,0,0,unknown,0,,1
7,South Hampshire,007_0058,,1,50.816615,-1.052719,0,0,unknown,0,,1
7,South Hampshire,007_0059,,1,50.93164,-1.389384,0,0,unknown,0,tartan,1
7,South Hampshire,007_0060,,1,50.933098,-1.373648,0,0,unknown,0,asphalt,1
7,South Hampshire,007_0061,,1,50.919974,-1.416195,0,0,unknown,0,,1
7,South Hampshire,007_0062,,1,50.895495,-1.366791,0,0,unknown,0,,1
7,South Hampshire,007_0063,,1,50.792014,-1.010733,0,0,unknown,0,,1
7,South Hampshire,007_0064,,1,50.779941,-1.141895,0,0,unknown,0,,1
7,South Hampshire,007_0065,,1,50.78404,-1.15802,0,0,unknown,0,asphalt,1
7,South Hampshire,007_0066,,1,50.846135,-1.197341,0,0,unknown,0,asphalt,1
7,South Hampshire,007_0067,,1,50.894748,-1.262931,0,0,public,0,asphalt,1
7,South Hampshire,007_0068,,1,50.861045,-1.263969,0,0,unknown,0,,1
7,South Hampshire,007_0069,Sandy Point Tennis Court.,1,50.781171,-0.942359,0,0,customers,0,asphalt,1
7,South Hampshire,007_0070,,1,50.783983,-1.125877,0,0,unknown,0,,1
7,South Hampshire,007_0071,,1,50.783299,-1.126093,0,0,unknown,0,,1
7,South Hampshire,007_0072,,1,50.806431,-1.20825,0,0,unknown,0,,1
7,South Hampshire,007_0073,,1,50.797841,-1.163608,0,0,unknown,0,,1
7,South Hampshire,007_0074,,1,50.80093,-1.058377,0,0,unknown,0,paved,1
7,South Hampshire,007_0075,,1,50.838526,-1.296259,0,0,private,0,,1
7,South Hampshire,007_0076,,1,50.84937,-1.295299,0,0,unknown,0,,1
7,South Hampshire,007_0077,,1,50.971178,-1.341127,0,0,unknown,0,grass,1
7,South Hampshire,007_0078,,1,50.785898,-1.120784,0,0,unknown,0,,1
7,South Hampshire,007_0079,,1,50.811289,-1.157094,0,0,unknown,0,,1
7,South Hampshire,007_0080,,1,50.794594,-1.102253,0,0,unknown,0,,1
7,South Hampshire,007_0081,,1,50.809681,-1.16232,0,0,unknown,0,,1
7,South Hampshire,007_0082,Swaythling Tennis Club,1,50.942729,-1.381304,0,0,unknown,0,grass,1
7,South Hampshire,007_0083,,1,50.845088,-1.07573,0,0,unknown,0,,1
7,South Hampshire,007_0084,,1,50.850735,-1.197608,0,0,unknown,0,,1
7,South Hampshire,007_0085,,1,50.941272,-1.460301,0,0,unknown,0,,1
7,South Hampshire,007_0086,,1,50.837392,-1.11953,0,0,private,0,,1
7,South Hampshire,007_0087,,1,50.850793,-0.990099,0,0,private,0,asphalt,1
7,South Hampshire,007_0088,,1,50.891166,-1.268594,0,0,unknown,0,,1
7,South Hampshire,007_0089,,1,50.794569,-1.059681,0,0,unknown,0,,1
7,South Hampshire,007_0090,,1,50.868694,-0.981883,0,0,unknown,0,,1
7,South Hampshire,007_0091,,1,50.867749,-0.938056,0,0,private,0,,1
7,South Hampshire,007_0092,,1,50.788798,-1.149765,0,0,unknown,0,asphalt,1
7,South Hampshire,007_0093,,1,50.892858,-1.273529,0,0,unknown,0,,1
7,South Hampshire,007_0094,,1,50.804922,-1.174339,0,0,unknown,0,,1
7,South Hampshire,007_0095,,1,50.7879,-1.047583,0,0,unknown,0,,1
7,South Hampshire,007_0096,,1,50.893106,-1.261848,0,0,private,0,,1
7,South Hampshire,007_0097,,1,50.876513,-1.299012,0,0,private,0,,1
7,South Hampshire,007_0098,,1,50.870769,-1.295607,0,0,private,0,,1
7,South Hampshire,007_0099,,1,50.878938,-1.281546,0,0,unknown,0,,1
7,South Hampshire,007_0100,,1,50.84985,-1.247007,0,0,unknown,0,,1
7,South Hampshire,007_0101,,1,50.782032,-1.067779,0,0,unknown,0,,1
7,South Hampshire,007_0102,,1,50.854337,-1.052091,0,0,private,0,,1
7,South Hampshire,007_0103,,1,50.854321,-1.050809,0,0,private,0,,1
7,South Hampshire,007_0104,,1,50.852439,-1.015247,0,0,private,0,,1
7,South Hampshire,007_0105,,1,50.875721,-0.998051,0,0,unknown,0,,1
7,South Hampshire,007_0106,,1,50.778512,-0.943957,0,0,unknown,0,,1
7,South Hampshire,007_0107,,1,50.860332,-1.232708,0,0,unknown,0,,1
7,South Hampshire,007_0108,,1,50.850431,-1.231339,0,0,unknown,0,,1
7,South Hampshire,007_0109,,1,50.845548,-0.933451,0,0,unknown,0,,1
7,South Hampshire,007_0110,,1,50.843976,-0.940341,0,0,unknown,0,,1
7,South Hampshire,007_0111,,1,50.844206,-0.944891,0,0,unknown,0,,1
7,South Hampshire,007_0112,,1,50.823268,-1.204015,0,0,unknown,0,asphalt,1
7,South Hampshire,007_0113,,1,50.811771,-1.188033,0,0,unknown,0,,1
7,South Hampshire,007_0114,,1,50.822605,-0.962122,0,0,unknown,0,,1
7,South Hampshire,007_0115,,1,50.82122,-1.071479,0,0,private,0,asphalt,1
7,South Hampshire,007_0116,,1,50.93385,-1.358465,0,0,unknown,0,,1
7,South Hampshire,007_0117,,1,50.81185,-0.962426,0,0,unknown,0,,1
7,South Hampshire,007_0118,,1,50.833072,-1.251149,0,0,unknown,0,,1
7,South Hampshire,007_0119,,1,50.781694,-1.069369,0,0,unknown,0,all_weather,1
8,Tyneside,008_0000,Blaydon Tennis Club,13,54.947889,-1.700325,1,0,unknown,0,,14
8,Tyneside,008_0001,,12,54.980729,-1.432906,0,0,unknown,0,asphalt,12
8,Tyneside,008_0002,,7,54.985767,-1.425918,0,0,unknown,0,,7
8,Tyneside,008_0003,The Northumberland Club,5,54.995837,-1.602941,1,0,unknown,0,,6
8,Tyneside,008_0004,,6,54.942629,-1.440204,0,0,unknown,0,grass,6
8,Tyneside,008_0005,,6,54.97734,-1.620025,0,0,unknown,0,asphalt,6
8,Tyneside,008_0006,,5,54.927125,-1.774293,0,0,unknown,0,,5
8,Tyneside,008_0007,Jesmond Lawn Tennis Club,3,54.993341,-1.602197,1,0,unknown,0,,4
8,Tyneside,008_0008,,4,54.946815,-1.605009,0,0,unknown,0,asphalt,4
8,Tyneside,008_0009,,4,55.016357,-1.424254,0,0,unknown,0,,4
8,Tyneside,008_0010,,4,55.042316,-1.438249,0,0,unknown,0,tartan,4
8,Tyneside,008_0011,,4,54.93945,-1.640516,0,0,unknown,0,,4
8,Tyneside,008_0012,Forest Hall Community Tennis,2,55.020166,-1.565137,1,0,unknown,0,,3
8,Tyneside,008_0013,,3,55.042558,-1.456862,0,0,unknown,0,concrete,3
8,Tyneside,008_0014,,3,54.946855,-1.365396,0,0,unknown,0,asphalt,3
8,Tyneside,008_0015,,3,54.893829,-1.570448,0,0,unknown,0,artificial_turf,3
8,Tyneside,008_0016,,3,54.984356,-1.420529,0,0,unknown,0,asphalt,3
8,Tyneside,008_0017,,3,54.969948,-1.48884,0,0,unknown,0,,3
8,Tyneside,008_0018,,3,54.971743,-1.549276,0,0,unknown,0,,3
8,Tyneside,008_0019,,3,54.98552,-1.58393,0,0,unknown,0,,3
8,Tyneside,008_0020,,3,55.059321,-1.619759,0,0,unknown,0,tartan,3
8,Tyneside,008_0021,,3,55.000992,-1.599788,0,0,unknown,0,,3
8,Tyneside,008_0022,,2,54.974625,-1.760454,0,0,unknown,0,,2
8,Tyneside,008_0023,,2,54.970354,-1.516878,0,0,unknown,0,grass,2
8,Tyneside,008_0024,,2,54.918168,-1.683121,0,0,unknown,0,tartan,2
8,Tyneside,008_0025,,2,55.043395,-1.459053,0,0,unknown,0,paved,2
8,Tyneside,008_0026,,2,55.036929,-1.468688,0,0,unknown,0,acrylic,2
8,Tyneside,008_0027,,2,54.973225,-1.645679,0,0,unknown,0,,2
8,Tyneside,008_0028,,2,55.006212,-1.618695,0,0,unknown,0,tartan,2
8,Tyneside,008_0029,,1,54.998955,-1.594956,0,0,unknown,0,,1
8,Tyneside,008_0030,,2,55.006102,-1.507546,1,0,unknown,0,,1
8,Tyneside,008_0031,,1,54.980714,-1.68154,0,0,unknown,0,,1
8,Tyneside,008_0032,,1,55.048744,-1.465714,0,0,unknown,0,artificial_turf,1
8,Tyneside,008_0033,Gosforth Lawn Tennis Club,1,55.004378,-1.624975,0,0,unknown,0,,1
8,Tyneside,008_0034,,1,54.983623,-1.615219,0,0,unknown,0,tartan,1
8,Tyneside,008_0035,,1,55.031065,-1.43239,0,0,unknown,0,artificial_turf,1
8,Tyneside,008_0036,,1,55.016807,-1.421749,0,0,unknown,0,,1
8,Tyneside,008_0037,,1,54.997182,-1.740795,0,0,unknown,0,asphalt,1
8,Tyneside,008_0038,,1,54.982999,-1.649706,0,0,unknown,0,,1
8,Tyneside,008_0039,,1,55.03603,-1.620163,0,0,unknown,0,,1
8,Tyneside,008_0040,,1,55.03119,-1.462932,0,0,unknown,0,,1
8,Tyneside,008_0041,,1,54.980213,-1.641663,0,0,unknown,0,,1
8,Tyneside,008_0042,,1,54.917878,-1.637672,0,0,unknown,0,,1
8,Tyneside,008_0043,Elswick Park,1,54.968022,-1.640611,0,0,unknown,0,asphalt,1
8,Tyneside,008_0044,,1,55.062968,-1.62776,0,0,unknown,0,,1
8,Tyneside,008_0045,,1,54.943941,-1.676034,0,0,unknown,0,,1
8,Tyneside,008_0046,Gosforth Garden Village Tennis Club,1,55.013541,-1.610523,0,0,customers,0,grass,1
8,Tyneside,008_0047,,1,55.003975,-1.614544,0,0,unknown,0,,1
8,Tyneside,008_0048,,1,55.000998,-1.628517,0,0,unknown,0,artificial_turf,1
8,Tyneside,008_0049,,1,55.038815,-1.461514,0,0,unknown,0,,1
8,Tyneside,008_0050,,1,54.994733,-1.491646,0,0,unknown,0,,1
8,Tyneside,008_0051,,1,54.995771,-1.534207,0,0,unknown,0,,1
8,Tyneside,008_0052,,1,55.058433,-1.620905,0,0,unknown,0,,1
8,Tyneside,008_0053,,1,54.997034,-1.757468,0,0,unknown,0,,1
8,Tyneside,008_0054,,1,55.031551,-1.567156,0,0,unknown,0,,1
8,Tyneside,008_0055,,1,54.983212,-1.737299,0,0,unknown,0,,1
8,Tyneside,008_0056,,1,54.951281,-1.40119,0,0,unknown,0,,1
8,Tyneside,008_0057,,1,54.89895,-1.633456,0,0,private,0,,1
8,Tyneside,008_0058,,1,55.001949,-1.626017,0,0,unknown,0,,1
8,Tyneside,008_0059,,1,54.959155,-1.522626,0,0,unknown,0,,1
8,Tyneside,008_0060,,1,54.947773,-1.554077,0,0,unknown,0,,1
8,Tyneside,008_0061,,1,54.939678,-1.672941,0,0,private,0,,1
8,Tyneside,008_0062,,1,54.951744,-1.449238,0,0,unknown,0,,1
8,Tyneside,008_0063,,1,55.007093,-1.627071,0,0,unknown,0,tartan,1
8,Tyneside,008_0064,,1,54.993101,-1.587466,0,0,unknown,0,,1
8,Tyneside,008_0065,,1,54.994817,-1.522689,0,0,unknown,0,,1
8,Tyneside,008_0066,,1,54.946963,-1.369385,0,0,unknown,0,,1
8,Tyneside,008_0067,,1,55.030171,-1.64473,0,0,unknown,0,tartan,1
8,Tyneside,008_0068,,1,55.026489,-1.442175,0,0,unknown,0,asphalt,1
8,Tyneside,008_0069,Tennis Courts,1,54.990418,-1.764213,0,0,private,0,grass,1
8,Tyneside,008_0070,,1,54.953587,-1.696227,0,0,unknown,0,,1
9,Nottingham,009_0000,Nottingham Tennis Centre,32,52.933991,-1.190088,1,0,unknown,0,acrylic;grass,33
9,Nottingham,009_0001,Park Tennis Club,18,52.95277,-1.161468,1,0,unknown,0,,20
9,Nottingham,009_0002,,5,52.90544,-1.164434,0,0,unknown,0,,5
9,Nottingham,009_0003,,4,52.958435,-1.123606,0,0,unknown,0,asphalt,4
9,Nottingham,009_0004,,4,52.96381,-1.236241,0,0,private,0,,4
9,Nottingham,009_0005,,3,52.931447,-1.198185,0,0,unknown,0,,3
9,Nottingham,009_0006,,3,52.948644,-1.185337,0,0,unknown,0,,3
9,Nottingham,009_0007,,2,52.939552,-1.195543,0,0,private,0,,2
9,Nottingham,009_0008,,2,52.938444,-1.214806,0,0,unknown,0,,2
9,Nottingham,009_0009,,2,52.96561,-1.189111,0,0,unknown,0,,2
9,Nottingham,009_0010,,2,52.937714,-1.207566,0,0,unknown,0,,2
9,Nottingham,009_0011,,2,52.965813,-1.236671,0,0,unknown,0,paved,2
9,Nottingham,009_0012,,2,52.960829,-1.121485,0,0,unknown,0,,2
9,Nottingham,009_0013,,2,52.969592,-1.192472,0,0,unknown,0,,2
9,Nottingham,009_0014,,1,52.934883,-1.204873,0,0,unknown,0,,1
9,Nottingham,009_0015,Wollaton Tennis Club,1,52.95442,-1.223054,0,0,unknown,0,,1
9,Nottingham,009_0016,,1,52.966285,-1.18807,0,0,unknown,0,,1
9,Nottingham,009_0017,,1,52.973041,-1.232295,0,0,unknown,0,,1
9,Nottingham,009_0018,,1,52.979484,-1.189371,0,0,unknown,0,,1
9,Nottingham,009_0019,,1,52.975686,-1.146635,0,0,unknown,0,tartan,1
9,Nottingham,009_0020,Magdala Lawn Tennis Club,1,52.970161,-1.14253,0,0,unknown,0,,1
9,Nottingham,009_0021,Courts 4 and 5,1,52.94183,-1.196713,0,0,private,0,,1
9,Nottingham,009_0022,,1,52.985724,-1.174908,0,0,unknown,0,,1
9,Nottingham,009_0023,,1,52.988313,-1.15187,0,0,unknown,0,asphalt,1
9,Nottingham,009_0024,,1,52.988417,-1.182894,0,0,unknown,0,,1
9,Nottingham,009_0025,,1,52.964939,-1.214791,0,0,unknown,0,,1
9,Nottingham,009_0026,,1,52.965412,-1.212838,0,0,unknown,0,,1
9,Nottingham,009_0027,,1,52.98687,-1.161283,0,0,unknown,0,,1
9,Nottingham,009_0028,,1,53.007019,-1.194399,0,0,unknown,0,,1
9,Nottingham,009_0029,,1,53.000796,-1.18054,0,0,unknown,0,,1
9,Nottingham,009_0030,,1,52.95168,-1.199663,0,0,unknown,0,,1
9,Nottingham,009_0031,,1,53.008242,-1.174942,0,0,unknown,0,,1
9,Nottingham,009_0032,,1,52.934727,-1.157742,0,0,unknown,0,,1
9,Nottingham,009_0033,Florence Boot Hall Tennis Court,1,52.934506,-1.201106,0,0,unknown,0,,1
9,Nottingham,009_0034,Cavendish Hall Tennis Court,1,52.935227,-1.206321,0,0,unknown,0,,1
10,Sheffield,010_0000,Beauchief Tennis Club,8,53.329474,-1.493695,1,0,unknown,0,,9
10,Sheffield,010_0001,Abbeydale Park Tennis Club,7,53.326432,-1.518574,1,0,unknown,0,,8
10,Sheffield,010_0002,,8,53.340916,-1.502217,0,0,unknown,0,asphalt,8
10,Sheffield,010_0003,Brentwood Tennis Club,6,53.357298,-1.496773,1,0,unknown,0,,7
10,Sheffield,010_0004,,7,53.366739,-1.542158,0,0,unknown,0,,7
10,Sheffield,010_0005,,6,53.422953,-1.430668,0,0,unknown,0,paved,6
10,Sheffield,010_0006,Grove Tennis Club,4,53.345655,-1.503364,1,0,unknown,0,,5
10,Sheffield,010_0007,,4,53.327725,-1.464463,0,0,unknown,0,asphalt,4
10,Sheffield,010_0008,,3,53.336943,-1.539475,0,0,unknown,0,,3
10,Sheffield,010_0009,,3,53.338246,-1.53557,0,0,unknown,0,,3
10,Sheffield,010_0010,,3,53.408129,-1.498667,0,0,unknown,0,,3
10,Sheffield,010_0011,Bradfield Village Fellowship Tennis Club,2,53.424563,-1.606055,0,0,unknown,0,grass,2
10,Sheffield,010_0012,,2,53.479531,-1.597454,0,0,unknown,0,,2
10,Sheffield,010_0013,,2,53.383425,-1.48994,0,0,unknown,0,asphalt,2
10,Sheffield,010_0014,,2,53.355534,-1.50945,0,0,unknown,0,,2
10,Sheffield,010_0015,,1,53.366658,-1.559326,0,0,unknown,0,,1
10,Sheffield,010_0016,,1,53.333213,-1.47435,0,0,unknown,0,tartan,1
10,Sheffield,010_0017,,1,53.367469,-1.504645,0,0,unknown,0,,1
10,Sheffield,010_0018,,1,53.340307,-1.553142,0,0,unknown,0,,1
10,Sheffield,010_0019,HSBC Sports Ground,2,53.336982,-1.538081,1,0,unknown,0,,1
10,Sheffield,010_0020,,1,53.383104,-1.558131,0,0,private,0,,1
10,Sheffield,010_0021,,1,53.368982,-1.525334,0,0,unknown,0,clay,1
10,Sheffield,010_0022,,1,53.375718,-1.385553,0,0,unknown,0,,1
10,Sheffield,010_0023,,1,53.320383,-1.484277,0,0,unknown,0,,1
10,Sheffield,010_0024,,1,53.443917,-1.466117,0,0,unknown,0,,1
10,Sheffield,010_0025,,1,53.324823,-1.527126,0,0,unknown,0,,1
10,Sheffield,010_0026,,1,53.454528,-1.468287,0,0,unknown,0,,1
10,Sheffield,010_0027,,1,53.345959,-1.487775,0,0,unknown,0,grass,1
10,Sheffield,010_0028,,1,53.371683,-1.480944,0,0,unknown,0,,1
10,Sheffield,010_0029,,1,53.473401,-1.483076,0,0,unknown,0,,1
10,Sheffield,010_0030,,1,53.401803,-1.65269,0,0,unknown,0,,1
10,Sheffield,010_0031,,1,53.40245,-1.65395,0,0,unknown,0,,1
10,Sheffield,010_0032,,1,53.40211,-1.659215,0,0,unknown,0,,1
10,Sheffield,010_0033,,1,53.352314,-1.435873,0,0,unknown,0,,1
10,Sheffield,010_0034,,1,53.376129,-1.521265,0,0,unknown,0,,1
10,Sheffield,010_0035,,1,53.3746,-1.520004,0,0,unknown,0,,1
10,Sheffield,010_0036,,1,53.345418,-1.457947,0,0,unknown,0,artificial_turf,1
10,Sheffield,010_0037,,1,53.347516,-1.460487,0,0,unknown,0,grass,1
10,Sheffield,010_0038,,1,53.437345,-1.535889,0,0,unknown,0,,1
10,Sheffield,010_0039,,1,53.46343,-1.5772,0,0,private,0,,1
10,Sheffield,010_0040,,1,53.351069,-1.530004,0,0,unknown,0,concrete,1
10,Sheffield,010_0041,,1,53.355761,-1.525873,0,0,private,0,,1
10,Sheffield,010_0042,,1,53.372285,-1.502126,0,0,unknown,0,,1
10,Sheffield,010_0043,,1,53.365049,-1.438834,0,0,unknown,0,,1
10,Sheffield,010_0044,Rustlings Lawn Tennis Club,1,53.37198,-1.489562,0,0,unknown,0,,1
10,Sheffield,010_0045,,1,53.386758,-1.400839,0,0,unknown,0,,1
10,Sheffield,010_0046,,1,53.354812,-1.473369,0,0,public,0,asphalt,1
10,Sheffield,010_0047,,1,53.41672,-1.446906,0,0,unknown,0,asphalt,1
10,Sheffield,010_0048,,1,53.379232,-1.531365,0,0,unknown,0,,1
10,Sheffield,010_0049,,1,53.377276,-1.520443,0,0,unknown,0,,1
10,Sheffield,010_0050,,1,53.39218,-1.545098,0,0,unknown,0,,1
10,Sheffield,010_0051,,1,53.325241,-1.471818,0,0,unknown,0,artificial_turf,1
10,Sheffield,010_0052,,1,53.375539,-1.417997,0,0,unknown,0,,1
10,Sheffield,010_0053,,1,53.398094,-1.523544,0,0,unknown,0,,1
10,Sheffield,010_0054,,1,53.425622,-1.548306,0,0,unknown,0,,1
10,Sheffield,010_0055,,1,53.359109,-1.524981,0,0,unknown,0,,1
10,Sheffield,010_0056,,1,53.370629,-1.450557,0,0,unknown,0,asphalt,1
10,Sheffield,010_0057,,1,53.357775,-1.435314,0,0,unknown,0,,1
10,Sheffield,010_0058,,1,53.355864,-1.413854,0,0,unknown,0,,1
10,Sheffield,010_0059,Bingham Park Tennis Courts,1,53.366957,-1.519327,0,0,unknown,0,,1
10,Sheffield,010_0060,,1,53.388848,-1.634035,0,0,unknown,0,,1
10,Sheffield,010_0061,,1,53.337704,-1.341386,0,0,private,0,,1
10,Sheffield,010_0062,,1,53.380464,-1.495943,0,0,unknown,0,asphalt,1
10,Sheffield,010_0063,,1,53.327252,-1.555132,0,0,unknown,0,,1
10,Sheffield,010_0064,,1,53.355326,-1.540641,0,0,unknown,0,,1
10,Sheffield,010_0065,,1,53.340401,-1.558169,0,0,unknown,0,,1
10,Sheffield,010_0066,,1,53.342411,-1.554841,0,0,unknown,0,,1
10,Sheffield,010_0067,,1,53.333198,-1.559164,0,0,unknown,0,,1
10,Sheffield,010_0068,,1,53.36175,-1.501693,0,0,private,0,,1
10,Sheffield,010_0069,,1,53.361231,-1.550744,0,0,unknown,0,,1
11,Bristol,011_0000,,10,51.484931,-2.592339,0,0,unknown,0,,10
11,Bristol,011_0001,,6,51.473111,-2.607599,0,0,unknown,0,artificial_turf,6
11,Bristol,011_0002,,5,51.461885,-2.548957,0,0,unknown,0,acrylic,5
11,Bristol,011_0003,Knowle Lawn Tennis Club,4,51.433428,-2.566362,0,0,unknown,0,acrylic,4
11,Bristol,011_0004,,4,51.478838,-2.624099,0,0,private,0,asphalt,4
11,Bristol,011_0005,,4,51.477027,-2.599581,0,0,unknown,0,concrete,4
11,Bristol,011_0006,,4,51.419287,-2.568589,0,0,unknown,0,,4
11,Bristol,011_0007,,4,51.4245,-2.540628,0,0,private,0,,4
11,Bristol,011_0008,Henleaze LTC,3,51.48278,-2.603711,0,0,unknown,0,,3
11,Bristol,011_0009,,3,51.463421,-2.600296,0,0,unknown,0,paved,3
11,Bristol,011_0010,,2,51.486627,-2.647035,0,0,unknown,0,asphalt,2
11,Bristol,011_0011,,2,51.468477,-2.597221,0,0,unknown,0,tartan,2
11,Bristol,011_0012,,2,51.435438,-2.559959,0,0,private,0,,2
11,Bristol,011_0013,Clifton Lawn Tennis Club,1,51.464552,-2.615927,1,0,unknown,0,,2
11,Bristol,011_0014,,2,51.440662,-2.588538,0,0,unknown,0,tartan,2
11,Bristol,011_0015,,2,51.482065,-2.67736,0,0,unknown,0,,2
11,Bristol,011_0016,,1,51.492729,-2.626213,0,0,unknown,0,,1
11,Bristol,011_0017,,1,51.462291,-2.61918,0,0,unknown,0,asphalt,1
11,Bristol,011_0018,,1,51.460492,-2.618078,0,0,unknown,0,,1
11,Bristol,011_0019,,1,51.464212,-2.620464,0,0,unknown,0,,1
11,Bristol,011_0020,,1,51.486332,-2.617019,0,0,unknown,0,,1
11,Bristol,011_0021,Redcatch Park Tennis Courts,1,51.433687,-2.570478,0,0,public,0,asphalt,1
11,Bristol,011_0022,,1,51.473828,-2.552303,0,0,unknown,0,,1
11,Bristol,011_0023,,1,51.452547,-2.613213,0,0,private,0,,1
11,Bristol,011_0024,,1,51.497845,-2.610535,0,0,unknown,0,,1
11,Bristol,011_0025,,1,51.497894,-2.61215,0,0,unknown,0,,1
11,Bristol,011_0026,Bristol Central Tennis Club,1,51.474148,-2.583992,0,0,unknown,0,artificial_turf,1
11,Bristol,011_0027,,1,51.459691,-2.559871,0,0,private,0,,1
11,Bristol,011_0028,,1,51.479146,-2.538418,0,0,unknown,0,,1
11,Bristol,011_0029,,1,51.462416,-2.617898,0,0,unknown,0,,1
11,Bristol,011_0030,Greville Smyth Tennis Club,1,51.443386,-2.619573,0,0,customers,0,asphalt,1
11,Bristol,011_0031,,1,51.490425,-2.630519,0,0,unknown,0,,1
11,Bristol,011_0032,,1,51.489343,-2.630801,0,0,unknown,0,asphalt,1
11,Bristol,011_0033,,1,51.51561,-2.654599,0,0,unknown,0,,1
11,Bristol,011_0034,,1,51.474047,-2.603506,0,0,private,0,,1
11,Bristol,011_0035,,1,51.474874,-2.520945,0,0,unknown,0,,1
11,Bristol,011_0036,,1,51.49029,-2.672524,0,0,unknown,0,,1
11,Bristol,011_0037,,1,51.479076,-2.628932,0,0,private,0,,1
11,Bristol,011_0038,,1,51.458831,-2.619048,0,0,unknown,0,,1
11,Bristol,011_0039,,1,51.42132,-2.618255,0,0,unknown,0,,1
11,Bristol,011_0040,,1,51.471108,-2.638125,0,0,private,0,,1
11,Bristol,011_0041,,1,51.482684,-2.634051,0,0,private,0,,1
11,Bristol,011_0042,,1,51.452919,-2.611685,0,0,private,0,,1
11,Bristol,011_0043,,1,51.505644,-2.630283,0,0,private,0,,1
11,Bristol,011_0044,,1,51.419392,-2.562288,0,0,unknown,0,,1
11,Bristol,011_0045,,1,51.476329,-2.638265,0,0,private,0,,1
11,Bristol,011_0046,,1,51.507146,-2.629382,0,0,unknown,0,,1
11,Bristol,011_0047,,1,51.505568,-2.628433,0,0,unknown,0,,1
11,Bristol,011_0048,,1,51.479783,-2.633442,0,0,unknown,0,,1
12,Belfast,012_0000,,12,54.569656,-5.926756,0,0,unknown,0,,12
12,Belfast,012_0001,,8,54.635801,-5.835881,0,0,unknown,0,artificial_turf,8
12,Belfast,012_0002,Windsor Lawn Tennis Club,5,54.579047,-5.94265,1,0,unknown,0,,6
12,Belfast,012_0003,,6,54.604613,-5.859784,0,0,unknown,0,grass,6
12,Belfast,012_0004,,6,54.568814,-5.975179,0,0,unknown,0,grass,6
12,Belfast,012_0005,,6,54.55509,-5.989338,0,0,unknown,0,,6
12,Belfast,012_0006,,6,54.602895,-5.860731,0,0,unknown,0,grass,6
12,Belfast,012_0007,,6,54.58456,-5.875076,0,0,unknown,0,,6
12,Belfast,012_0008,,5,54.609341,-5.866597,0,0,unknown,0,,5
12,Belfast,012_0009,,5,54.571691,-5.920911,0,0,private,0,,5
12,Belfast,012_0010,Ballynafeigh Tennis & Squash Club,3,54.569892,-5.902831,1,0,unknown,0,,4
12,Belfast,012_0011,,4,54.602592,-5.851106,0,0,unknown,0,,4
12,Belfast,012_0012,,4,54.624262,-5.971851,0,0,private,0,asphalt,4
12,Belfast,012_0013,,4,54.586884,-5.839568,0,0,unknown,0,,4
12,Belfast,012_0014,,4,54.573822,-5.952874,0,0,unknown,0,,4
12,Belfast,012_0015,,3,54.51529,-6.039751,0,0,unknown,0,,3
12,Belfast,012_0016,,3,54.58751,-5.913564,0,0,unknown,0,asphalt,3
12,Belfast,012_0017,,3,54.68913,-5.923834,0,0,unknown,0,,3
12,Belfast,012_0018,,3,54.517863,-6.048566,0,0,unknown,0,,3
12,Belfast,012_0019,,3,54.560351,-5.885084,0,0,private,0,asphalt,3
12,Belfast,012_0020,,3,54.562746,-5.883948,0,0,unknown,0,,3
12,Belfast,012_0021,,3,54.62541,-5.96568,0,0,unknown,0,,3
12,Belfast,012_0022,,3,54.597133,-5.876347,0,0,unknown,0,artificial_turf,3
12,Belfast,012_0023,,2,54.561524,-5.910938,0,0,unknown,0,,2
12,Belfast,012_0024,Lisburn Racquets Club,1,54.517539,-6.033539,1,0,unknown,0,,2
12,Belfast,012_0025,,2,54.687541,-5.876137,0,0,unknown,0,,2
12,Belfast,012_0026,,2,54.585957,-5.821366,0,0,unknown,0,,2
12,Belfast,012_0027,,2,54.571317,-5.997092,0,0,unknown,0,,2
12,Belfast,012_0028,,2,54.556993,-5.988153,0,0,unknown,0,,2
12,Belfast,012_0029,,2,54.545917,-5.973905,0,0,public,0,asphalt,2
12,Belfast,012_0030,,2,54.586747,-5.821314,0,0,private,0,,2
12,Belfast,012_0031,,2,54.661732,-5.779881,0,0,private,0,,2
12,Belfast,012_0032,,2,54.557331,-5.985186,0,0,unknown,0,asphalt,2
12,Belfast,012_0033,,2,54.568922,-5.964658,0,0,unknown,0,,2
12,Belfast,012_0034,,2,54.533295,-5.874309,0,0,private,0,,2
12,Belfast,012_0035,,2,54.565657,-5.936376,0,0,private,0,,2
12,Belfast,012_0036,,1,54.579564,-5.906422,0,0,private,0,,1
12,Belfast,012_0037,,1,54.592347,-5.968643,0,0,unknown,0,,1
12,Belfast,012_0038,,1,54.597199,-5.829717,0,0,unknown,0,,1
12,Belfast,012_0039,,1,54.552481,-5.904698,0,0,unknown,0,,1
12,Belfast,012_0040,,1,54.579879,-5.907869,0,0,private,0,,1
12,Belfast,012_0041,Orangefield Park Tennis Courts,1,54.587963,-5.877124,0,0,unknown,0,asphalt,1
12,Belfast,012_0042,,1,54.689777,-5.884321,0,0,unknown,0,,1
12,Belfast,012_0043,,1,54.68965,-5.882785,0,0,unknown,0,,1
12,Belfast,012_0044,,1,54.68901,-5.885753,0,0,unknown,0,,1
12,Belfast,012_0045,,1,54.589302,-5.825913,0,0,unknown,0,,1
12,Belfast,012_0046,,1,54.547184,-5.816861,0,0,unknown,0,,1
12,Belfast,012_0047,,1,54.517093,-5.978219,0,0,private,0,,1
12,Belfast,012_0048,Cavehill Tennis Club,1,54.633547,-5.941943,0,0,unknown,0,,1
12,Belfast,012_0049,,1,54.575936,-5.900475,0,0,unknown,0,,1
12,Belfast,012_0050,,1,54.529449,-6.002525,0,0,private,0,,1
12,Belfast,012_0051,,1,54.568296,-5.949782,0,0,unknown,0,,1
12,Belfast,012_0052,,1,54.668171,-5.92347,0,0,unknown,0,,1
12,Belfast,012_0053,,1,54.523554,-5.974017,0,0,private,0,,1
12,Belfast,012_0054,,1,54.543833,-5.973037,0,0,private,0,,1
12,Belfast,012_0055,,1,54.532742,-5.919085,0,0,private,0,,1
12,Belfast,012_0056,,1,54.495592,-6.001782,0,0,private,0,,1
12,Belfast,012_0057,,1,54.547481,-5.985161,0,0,private,0,,1
12,Belfast,012_0058,,1,54.512602,-6.022445,0,0,private,0,,1
12,Belfast,012_0059,,1,54.678337,-6.070325,0,0,private,0,,1
12,Belfast,012_0060,,1,54.580068,-5.825948,0,0,private,0,,1
12,Belfast,012_0061,,1,54.646944,-5.825033,0,0,unknown,0,,1
12,Belfast,012_0062,,1,54.564284,-5.893534,0,0,private,0,,1
12,Belfast,012_0063,,1,54.500035,-6.052617,0,0,private,0,,1
12,Belfast,012_0064,,1,54.540891,-5.791849,0,0,private,0,,1
12,Belfast,012_0065,,1,54.574362,-5.800951,0,0,private,0,,1
12,Belfast,012_0066,,1,54.570693,-5.829536,0,0,private,0,,1
12,Belfast,012_0067,,1,54.655578,-5.806859,0,0,private,0,,1
12,Belfast,012_0068,,1,54.584001,-5.873523,0,0,unknown,0,,1
12,Belfast,012_0069,,1,54.657426,-5.80419,0,0,private,0,,1
12,Belfast,012_0070,,1,54.654962,-5.811516,0,0,private,0,,1
12,Belfast,012_0071,,1,54.652579,-5.812041,0,0,private,0,,1
12,Belfast,012_0072,,1,54.650986,-5.817638,0,0,private,0,,1
12,Belfast,012_0073,,1,54.65085,-5.810887,0,0,private,0,,1
12,Belfast,012_0074,,1,54.578213,-5.910584,0,0,unknown,0,,1
12,Belfast,012_0075,,1,54.625502,-5.847228,0,0,unknown,0,,1
12,Belfast,012_0076,,1,54.594067,-5.960795,0,0,unknown,0,,1
12,Belfast,012_0077,,1,54.57595,-5.782086,0,0,private,0,,1
12,Belfast,012_0078,,1,54.652535,-5.79505,0,0,private,0,,1
12,Belfast,012_0079,,1,54.654393,-5.787985,0,0,private,0,,1
12,Belfast,012_0080,,1,54.636564,-5.822695,0,0,private,0,,1
12,Belfast,012_0081,,1,54.643881,-5.808736,0,0,private,0,asphalt,1
12,Belfast,012_0082,,1,54.647295,-5.783398,0,0,private,0,,1
12,Belfast,012_0083,,1,54.67968,-6.096302,0,0,private,0,,1
12,Belfast,012_0084,,1,54.492837,-5.844295,0,0,private,0,,1
12,Belfast,012_0085,,1,54.532327,-5.981845,0,0,private,0,,1
12,Belfast,012_0086,,1,54.640619,-5.80318,0,0,private,0,,1
12,Belfast,012_0087,,1,54.49929,-5.825611,0,0,private,0,,1
12,Belfast,012_0088,,1,54.533304,-5.892517,0,0,private,0,,1
12,Belfast,012_0089,,1,54.49991,-5.822352,0,0,private,0,,1
12,Belfast,012_0090,,1,54.658622,-5.793754,0,0,unknown,0,,1
12,Belfast,012_0091,,1,54.567577,-5.956471,0,0,unknown,0,,1
12,Belfast,012_0092,,1,54.565171,-5.954306,0,0,unknown,0,,1
12,Belfast,012_0093,,1,54.623664,-5.825027,0,0,unknown,0,,1
12,Belfast,012_0094,,1,54.649212,-5.780251,0,0,unknown,0,,1
12,Belfast,012_0095,,1,54.625205,-5.958054,0,0,unknown,0,,1
12,Belfast,012_0096,,1,54.52589,-6.053574,0,0,private,0,,1
12,Belfast,012_0097,,1,54.544871,-5.975329,0,0,private,0,,1
12,Belfast,012_0098,Belfast Indoor Tennis Arena & Ozone Complex,2,54.589596,-5.914517,1,0,unknown,0,,1
13,Leicester,013_0000,The Leicestershire Lawn Tennis Club,9,52.613712,-1.110427,1,0,unknown,0,,10
13,Leicester,013_0001,,8,52.583894,-1.043288,0,0,unknown,0,,8
13,Leicester,013_0002,Oadby Tennis Club,6,52.604528,-1.092167,1,0,unknown,0,,7
13,Leicester,013_0003,,7,52.766991,-1.213398,0,0,unknown,0,,7
13,Leicester,013_0004,,6,52.659549,-1.107407,0,0,unknown,0,,6
13,Leicester,013_0005,,6,52.645328,-1.072769,0,0,unknown,0,,6
13,Leicester,013_0006,,6,52.763644,-1.204467,0,0,unknown,0,,6
13,Leicester,013_0007,,5,52.606921,-1.1129,0,0,unknown,0,,5
13,Leicester,013_0008,Roundhill Tennis Club,4,52.622041,-1.10006,1,0,unknown,0,,5
13,Leicester,013_0009,,5,52.612904,-1.164156,0,0,unknown,0,paved,5
13,Leicester,013_0010,,5,52.619046,-1.105073,0,0,unknown,0,clay,5
13,Leicester,013_0011,,4,52.705222,-1.069918,0,0,unknown,0,concrete,4
13,Leicester,013_0012,,4,52.701671,-1.045894,0,0,unknown,0,,4
13,Leicester,013_0013,,4,52.701377,-1.06972,0,0,unknown,0,,4
13,Leicester,013_0014,,3,52.62471,-0.994595,0,1,unknown,0,,4
13,Leicester,013_0015,,4,52.480601,-1.203272,0,0,unknown,0,,4
13,Leicester,013_0016,Leicester Forest East Tennis Club,2,52.619496,-1.236974,1,0,unknown,0,,3
13,Leicester,013_0017,,3,52.764416,-1.219275,0,0,unknown,0,,3
13,Leicester,013_0018,,3,52.600717,-1.086426,0,0,unknown,0,,3
13,Leicester,013_0019,,3,52.753088,-1.234182,0,0,unknown,0,artificial_turf;clay;hard court,3
13,Leicester,013_0020,Westfields Tennis Club,2,52.635661,-1.167063,1,0,unknown,0,,3
13,Leicester,013_0021,,3,52.577625,-1.164986,0,0,unknown,0,,3
13,Leicester,013_0022,Great Glen Sports and Social Club,2,52.577151,-1.035002,0,0,public,0,,2
13,Leicester,013_0023,,2,52.734554,-1.102043,0,0,unknown,0,,2
13,Leicester,013_0024,,2,52.608953,-1.09741,0,0,unknown,0,,2
13,Leicester,013_0025,,1,52.719843,-1.131616,1,0,unknown,0,,2
13,Leicester,013_0026,,2,52.725208,-1.214951,0,0,unknown,0,,2
13,Leicester,013_0027,,2,52.636567,-1.166665,0,0,unknown,0,,2
13,Leicester,013_0028,,2,52.598942,-1.10586,0,0,unknown,0,asphalt,2
13,Leicester,013_0029,,1,52.622608,-1.07739,0,0,unknown,0,asphalt,1
13,Leicester,013_0030,,1,52.624322,-1.120169,0,0,unknown,0,tartan,1
13,Leicester,013_0031,,1,52.767642,-1.201758,0,0,unknown,0,,1
13,Leicester,013_0032,,1,52.761866,-1.215944,0,0,unknown,0,,1
13,Leicester,013_0033,,1,52.648306,-1.139812,0,0,unknown,0,,1
13,Leicester,013_0034,,1,52.712204,-1.135196,0,0,unknown,0,tartan,1
13,Leicester,013_0035,,1,52.772934,-1.118555,0,0,unknown,0,,1
13,Leicester,013_0036,,1,52.781351,-1.133342,0,0,unknown,0,,1
13,Leicester,013_0037,,1,52.668499,-1.12221,0,0,unknown,0,,1
13,Leicester,013_0038,,1,52.670992,-1.139331,0,0,unknown,0,,1
13,Leicester,013_0039,,1,52.633391,-1.231083,0,0,unknown,0,,1
13,Leicester,013_0040,,1,52.733957,-1.203811,0,0,unknown,0,,1
13,Leicester,013_0041,,1,52.708018,-1.172882,0,0,unknown,0,,1
13,Leicester,013_0042,,1,52.683698,-1.22979,0,0,unknown,0,,1
13,Leicester,013_0043,,1,52.658244,-1.110741,0,0,unknown,0,,1
13,Leicester,013_0044,,1,52.751131,-1.240164,0,0,unknown,0,,1
13,Leicester,013_0045,,1,52.5457,-1.281454,0,0,unknown,0,,1
13,Leicester,013_0046,Enderby Lawn Tennis Club,1,52.585872,-1.204978,0,0,unknown,0,,1
13,Leicester,013_0047,,1,52.585377,-1.203262,0,0,unknown,0,,1
13,Leicester,013_0048,,1,52.630567,-1.031771,0,0,unknown,0,,1
13,Leicester,013_0049,,1,52.741902,-1.187559,0,0,unknown,0,,1
13,Leicester,013_0050,,1,52.613156,-1.101874,0,0,unknown,0,,1
13,Leicester,013_0051,,1,52.580562,-1.204162,0,0,unknown,0,,1
13,Leicester,013_0052,,1,52.669217,-1.18149,0,0,unknown,0,,1
13,Leicester,013_0053,,1,52.626614,-1.125575,0,0,unknown,0,,1
13,Leicester,013_0054,,1,52.728639,-1.195596,0,0,unknown,0,,1
13,Leicester,013_0055,,1,52.607515,-1.083826,0,0,private,0,,1
13,Leicester,013_0056,,1,52.607768,-1.080615,0,0,private,0,,1
13,Leicester,013_0057,,1,52.649194,-1.159952,0,0,unknown,0,,1
13,Leicester,013_0058,,1,52.54225,-0.996362,0,0,unknown,0,,1
13,Leicester,013_0059,,1,52.772811,-1.034273,0,0,unknown,0,,1
13,Leicester,013_0060,,1,52.730533,-1.075679,0,0,unknown,0,,1
13,Leicester,013_0061,,1,52.706199,-1.045054,0,0,unknown,0,,1
13,Leicester,013_0062,,1,52.4928,-1.254872,0,0,unknown,0,,1
13,Leicester,013_0063,,1,52.60494,-1.154271,0,0,unknown,0,,1
13,Leicester,013_0064,,1,52.690029,-1.091258,0,0,private,0,,1
13,Leicester,013_0065,,1,52.617705,-1.181775,0,0,unknown,0,,1
13,Leicester,013_0066,,1,52.576601,-1.105582,0,0,unknown,0,,1
13,Leicester,013_0067,,1,52.584105,-1.105727,0,0,unknown,0,,1
13,Leicester,013_0068,,1,52.605175,-1.150203,0,0,unknown,0,,1
13,Leicester,013_0069,,1,52.77066,-1.235802,0,0,unknown,0,,1
13,Leicester,013_0070,,1,52.775433,-1.257687,0,0,unknown,0,,1
13,Leicester,013_0071,,1,52.732444,-1.211857,0,0,unknown,0,,1
13,Leicester,013_0072,,1,52.636409,-1.17943,0,0,unknown,0,,1
13,Leicester,013_0073,,1,52.624878,-0.986654,0,0,private,0,,1
13,Leicester,013_0074,,1,52.522219,-1.28767,0,0,private,0,,1
13,Leicester,013_0075,,1,52.781702,-1.12774,0,0,private,0,,1
13,Leicester,013_0076,,1,52.481637,-1.16036,0,0,unknown,0,,1
13,Leicester,013_0077,,1,52.643581,-1.123905,0,0,unknown,0,,1
13,Leicester,013_0078,,1,52.575262,-1.000719,0,0,unknown,0,,1
13,Leicester,013_0079,,1,52.657527,-0.981094,0,0,unknown,0,,1
13,Leicester,013_0080,,1,52.512203,-1.259215,0,0,unknown,0,,1
13,Leicester,013_0081,,1,52.545456,-0.99426,0,0,private,0,,1
13,Leicester,013_0082,,1,52.554674,-1.086248,0,0,unknown,0,,1
13,Leicester,013_0083,,1,52.720751,-1.071545,0,0,unknown,0,,1
13,Leicester,013_0084,,1,52.735003,-1.044127,0,0,unknown,0,,1
13,Leicester,013_0085,,1,52.711427,-0.987671,0,0,unknown,0,,1
13,Leicester,013_0086,,1,52.712602,-1.183705,0,0,unknown,0,,1
13,Leicester,013_0087,,1,52.730782,-1.202996,0,0,unknown,0,,1
13,Leicester,013_0088,,1,52.684516,-1.065999,0,0,unknown,0,,1
13,Leicester,013_0089,,1,52.569764,-1.032288,0,0,unknown,0,,1
13,Leicester,013_0090,,1,52.486278,-1.020351,0,0,unknown,0,,1
13,Leicester,013_0091,,1,52.580262,-1.116005,0,0,unknown,0,,1
13,Leicester,013_0092,,1,52.578091,-1.137099,0,0,unknown,0,tartan,1
13,Leicester,013_0093,,1,52.569827,-1.138866,0,0,unknown,0,,1
13,Leicester,013_0094,,1,52.594914,-1.016117,0,0,unknown,0,,1
13,Leicester,013_0095,,1,52.700113,-1.17141,0,0,unknown,0,,1
13,Leicester,013_0096,,1,52.742098,-1.184055,0,0,unknown,0,,1
13,Leicester,013_0097,,1,52.740997,-1.168108,0,0,unknown,0,,1
13,Leicester,013_0098,,1,52.771833,-1.24188,0,0,unknown,0,,1
13,Leicester,013_0099,,1,52.603191,-0.976377,0,0,unknown,0,,1
13,Leicester,013_0100,,1,52.49598,-1.030464,0,0,unknown,0,,1
13,Leicester,013_0101,,1,52.497152,-1.027869,0,0,unknown,0,,1
13,Leicester,013_0102,,1,52.503511,-1.132769,0,0,unknown,0,,1
13,Leicester,013_0103,,1,52.710527,-0.973155,0,0,unknown,0,,1
13,Leicester,013_0104,,1,52.629083,-1.287839,0,0,private,0,,1
13,Leicester,013_0105,,1,52.629237,-1.284647,0,0,unknown,0,,1
13,Leicester,013_0106,,1,52.634606,-1.281982,0,0,unknown,0,,1
13,Leicester,013_0107,,1,52.63012,-1.044649,0,0,unknown,0,,1
13,Leicester,013_0108,,1,52.648004,-1.283443,0,0,unknown,0,,1
13,Leicester,013_0109,,1,52.574254,-1.158792,0,0,unknown,0,,1
13,Leicester,013_0110,,1,52.608127,-1.16481,0,0,unknown,0,,1
13,Leicester,013_0111,,1,52.581749,-0.97462,0,0,private,0,,1
13,Leicester,013_0112,,1,52.54747,-1.004607,0,0,private,0,,1
13,Leicester,013_0113,,1,52.55916,-1.25039,0,0,unknown,0,,1
13,Leicester,013_0114,,1,52.575352,-1.041931,0,0,private,0,,1
13,Leicester,013_0115,,1,52.569047,-0.97981,0,0,private,0,,1
13,Leicester,013_0116,,1,52.54343,-0.98643,0,0,unknown,0,,1
13,Leicester,013_0117,,1,52.618478,-1.202742,0,0,unknown,0,,1
14,Edinburgh,014_0000,Meadows Tennis,16,55.941411,-3.186279,1,0,unknown,0,tartan,17
14,Edinburgh,014_0001,,8,55.906475,-3.253437,0,0,unknown,0,artificial_turf,8
14,Edinburgh,014_0002,,6,55.923399,-3.235618,1,0,unknown,0,clay,7
14,Edinburgh,014_0003,Barnton Park Lawn Tennis Club,6,55.967616,-3.278943,1,0,unknown,0,artificial_turf,7
14,Edinburgh,014_0004,Mortonhall Tennis Club,5,55.918955,-3.211676,1,0,unknown,0,artificial_turf,6
14,Edinburgh,014_0005,,6,55.983336,-3.195191,0,0,unknown,0,,6
14,Edinburgh,014_0006,,6,55.938562,-3.304693,0,0,unknown,0,,6
14,Edinburgh,014_0007,,6,55.915007,-3.250932,0,0,unknown,0,,6
14,Edinburgh,014_0008,,6,55.960261,-3.212071,0,0,unknown,0,grass,6
14,Edinburgh,014_0009,Dean Tennis & Squash Club,4,55.956297,-3.214279,1,0,customers,0,artificial_turf,5
14,Edinburgh,014_0010,Craiglockhart Tennis Centre,3,55.921787,-3.235552,1,0,unknown,0,,5
14,Edinburgh,014_0011,,4,55.963487,-3.212915,1,0,public,0,concrete;tartan,5
14,Edinburgh,014_0012,Murrayfield Lawn Tennis Club,4,55.944792,-3.244899,1,0,unknown,0,artificial_turf;grass,5
14,Edinburgh,014_0013,,5,55.935557,-3.166277,0,0,unknown,0,tartan,5
14,Edinburgh,014_0014,,5,55.977358,-3.209481,0,0,unknown,0,,5
14,Edinburgh,014_0015,Leith Links Tennis,3,55.97221,-3.164775,1,0,unknown,0,acrylic,4
14,Edinburgh,014_0016,,4,55.939217,-3.283399,0,0,unknown,0,,4
14,Edinburgh,014_0017,,4,55.927038,-3.172934,0,0,unknown,0,artificial_turf,4
14,Edinburgh,014_0018,,4,55.924961,-3.164514,0,0,unknown,0,artificial_turf,4
14,Edinburgh,014_0019,,4,55.951609,-3.144435,0,0,unknown,0,artificial_turf,4
14,Edinburgh,014_0020,,4,55.954115,-3.251431,0,0,private,0,asphalt,4
14,Edinburgh,014_0021,Edinburgh Sports Club,3,55.949377,-3.224634,1,0,unknown,0,artificial_turf,4
14,Edinburgh,014_0022,,4,55.985702,-3.385946,0,0,unknown,0,,4
14,Edinburgh,014_0023,Merchiston Tennis Court,3,55.935304,-3.221373,0,0,private,0,clay,3
14,Edinburgh,014_0024,Braid Tennis Club,3,55.925431,-3.19935,0,0,unknown,0,artificial_turf,3
14,Edinburgh,014_0025,,3,55.909935,-3.253844,0,0,private,0,,3
14,Edinburgh,014_0026,,3,55.984482,-3.387534,0,0,unknown,0,,3
14,Edinburgh,014_0027,Falcon Tennis Court,3,55.929959,-3.203263,0,0,unknown,0,clay,3
14,Edinburgh,014_0028,,3,55.930734,-3.154981,0,0,unknown,0,,3
14,Edinburgh,014_0029,,2,55.904942,-3.369551,0,0,unknown,0,,2
14,Edinburgh,014_0030,,2,55.923653,-3.217367,0,0,unknown,0,,2
14,Edinburgh,014_0031,,2,55.885028,-3.338136,0,0,unknown,0,tartan,2
14,Edinburgh,014_0032,,2,55.929146,-3.168116,0,0,private,0,,2
14,Edinburgh,014_0033,,2,55.959936,-3.214095,0,0,unknown,0,,2
14,Edinburgh,014_0034,,2,55.949446,-3.226855,0,0,unknown,0,,2
14,Edinburgh,014_0035,,2,55.947827,-3.099981,0,0,unknown,0,,2
14,Edinburgh,014_0036,Corstorphine Tennis Club,1,55.943262,-3.279285,0,0,unknown,0,clay,1
14,Edinburgh,014_0037,,1,55.94407,-3.095966,0,0,unknown,0,,1
14,Edinburgh,014_0038,,1,55.912326,-3.255556,0,0,unknown,0,,1
14,Edinburgh,014_0039,,1,55.934966,-3.340497,0,0,unknown,0,,1
14,Edinburgh,014_0040,,1,55.972735,-3.414627,0,0,unknown,0,,1
14,Edinburgh,014_0041,,1,55.907084,-3.264317,0,0,private,0,,1
14,Edinburgh,014_0042,Blackhall Lawn Tennis Club,1,55.955863,-3.251008,0,0,unknown,0,clay,1
14,Edinburgh,014_0043,,1,55.963647,-3.228288,0,0,unknown,0,,1
14,Edinburgh,014_0044,,1,55.984396,-3.195608,0,0,unknown,0,,1
14,Edinburgh,014_0045,,1,55.969064,-3.30134,0,0,unknown,0,,1
14,Edinburgh,014_0046,Henderland Road Family Tennis Club,1,55.947882,-3.236614,0,0,private,0,,1
14,Edinburgh,014_0047,,1,55.947357,-3.249004,0,0,private,0,,1
14,Edinburgh,014_0048,,1,55.962073,-3.226136,0,0,unknown,0,,1
14,Edinburgh,014_0049,,1,55.963058,-3.221588,0,0,unknown,0,,1
14,Edinburgh,014_0050,,1,55.962505,-3.224156,0,0,unknown,0,,1
14,Edinburgh,014_0051,,1,55.961227,-3.229115,0,0,unknown,0,grass,1
14,Edinburgh,014_0052,,1,55.928516,-3.219159,0,0,unknown,0,,1
14,Edinburgh,014_0053,,1,55.9241,-3.382842,0,0,private,0,,1
14,Edinburgh,014_0054,,1,55.883413,-3.345221,0,0,private,0,,1
14,Edinburgh,014_0055,Drummond Lawn Tennis Club,1,55.959686,-3.193694,0,0,unknown,0,,1
14,Edinburgh,014_0056,,1,55.955688,-3.17997,0,0,unknown,0,,1
14,Edinburgh,014_0057,,1,55.904953,-3.286891,0,0,unknown,0,,1
14,Edinburgh,014_0058,,1,55.950424,-3.405858,0,0,private,0,,1
14,Edinburgh,014_0059,,1,55.95526,-3.376551,0,0,private,0,,1
14,Edinburgh,014_0060,St Serfs Tennis Club,3,55.971882,-3.206172,0,0,unknown,0,,1
14,Edinburgh,014_0061,,1,55.924229,-3.322455,0,0,private,0,,1
14,Edinburgh,014_0062,,1,55.966899,-3.286918,0,0,private,0,,1
14,Edinburgh,014_0063,,1,55.965905,-3.284769,0,0,private,0,,1
14,Edinburgh,014_0064,,1,55.965942,-3.286701,0,0,private,0,,1
14,Edinburgh,014_0065,,1,55.967814,-3.304552,0,0,private,0,,1
14,Edinburgh,014_0066,,1,55.968717,-3.305054,0,0,private,0,,1
14,Edinburgh,014_0067,,1,55.900842,-3.236147,0,0,unknown,0,,1
14,Edinburgh,014_0068,,1,55.900408,-3.244611,0,0,unknown,0,,1
14,Edinburgh,014_0069,,1,55.880031,-3.347653,0,0,private,0,,1
14,Edinburgh,014_0070,,1,55.921545,-3.200443,0,0,private,0,,1
14,Edinburgh,014_0071,,1,55.961447,-3.315218,0,0,private,0,,1
14,Edinburgh,014_0072,JGHS Astroturf,1,55.935969,-3.200224,0,0,private,0,artificial_turf,1
14,Edinburgh,014_0073,,1,55.898532,-3.195244,0,0,private,0,,1
14,Edinburgh,014_0074,,1,55.96492,-3.337117,0,0,unknown,0,,1
14,Edinburgh,014_0075,,1,55.962735,-3.20532,0,0,unknown,0,,1
14,Edinburgh,014_0076,,1,55.912954,-3.152685,0,0,unknown,0,,1
14,Edinburgh,014_0077,,1,55.88971,-3.332271,0,0,private,0,,1
14,Edinburgh,014_0078,,1,55.910592,-3.352115,0,0,unknown,0,,1
14,Edinburgh,014_0079,,1,55.961424,-3.309132,0,0,private,0,,1
14,Edinburgh,014_0080,,1,55.897619,-3.194199,0,0,unknown,0,,1
14,Edinburgh,014_0081,,1,55.96525,-3.289826,0,0,private,0,,1
14,Edinburgh,014_0082,,1,55.920103,-3.204127,0,0,private,0,,1
14,Edinburgh,014_0083,,1,55.900926,-3.251213,0,0,private,0,,1
14,Edinburgh,014_0084,,1,55.973652,-3.445572,0,0,private,0,,1
14,Edinburgh,014_0085,,1,55.948826,-3.277873,0,0,unknown,0,,1
14,Edinburgh,014_0086,,1,55.948211,-3.251769,0,0,private,0,,1
14,Edinburgh,014_0087,,1,55.901004,-3.286699,0,0,private,0,,1
14,Edinburgh,014_0088,,1,55.962794,-3.419973,0,0,unknown,0,,1
14,Edinburgh,014_0089,,1,55.88945,-3.323805,0,0,private,0,,1
14,Edinburgh,014_0090,,1,55.974301,-3.194849,0,0,unknown,0,asphalt,1
14,Edinburgh,014_0091,,1,55.924529,-3.426578,0,0,unknown,0,,1
14,Edinburgh,014_0092,,1,55.87553,-3.369628,0,0,unknown,0,,1
14,Edinburgh,014_0093,,1,55.878361,-3.369643,0,0,unknown,0,,1
14,Edinburgh,014_0094,,1,55.929813,-3.315856,0,0,unknown,0,,1
14,Edinburgh,014_0095,,1,55.964529,-3.200387,0,0,unknown,0,,1
15,Brighton and Hove,015_0000,Pavilion & Avenue Tennis Club,10,50.842885,-0.160936,1,0,unknown,0,,11
15,Brighton and Hove,015_0001,,10,50.842896,-0.148853,0,0,customers,0,asphalt;clay,10
15,Brighton and Hove,015_0002,,8,50.825904,-0.188829,0,0,unknown,0,asphalt,8
15,Brighton and Hove,015_0003,Court 8,8,50.838646,-0.145706,0,0,customers,0,asphalt,8
15,Brighton and Hove,015_0004,Court 3,8,50.830415,-0.157606,0,0,customers,0,asphalt,8
15,Brighton and Hove,015_0005,,7,50.840089,-0.172464,0,0,unknown,0,asphalt;clay,7
15,Brighton and Hove,015_0006,Court 1,6,50.849221,-0.134453,0,0,unknown,0,asphalt,6
15,Brighton and Hove,015_0007,,6,50.836205,-0.156605,0,0,private,0,paved,6
15,Brighton and Hove,015_0008,Court 6,6,50.837343,-0.154423,0,0,unknown,0,tartan,6
15,Brighton and Hove,015_0009,Saltdean Tennis Club,4,50.803302,-0.042329,1,0,unknown,0,,5
15,Brighton and Hove,015_0010,Badgers Tennis Club,4,50.818313,-0.111981,0,1,private,0,asphalt,5
15,Brighton and Hove,015_0011,,4,50.825515,-0.123331,0,0,unknown,0,,4
15,Brighton and Hove,015_0012,,4,50.833252,-0.191895,0,0,unknown,0,asphalt,4
15,Brighton and Hove,015_0013,,4,50.848652,-0.144076,0,0,private,0,asphalt,4
15,Brighton and Hove,015_0014,,3,50.810655,-0.080718,0,0,private,0,,3
15,Brighton and Hove,015_0015,,3,50.853238,-0.159586,0,0,unknown,0,,3
15,Brighton and Hove,015_0016,,3,50.835891,-0.167487,0,0,unknown,0,tartan,3
15,Brighton and Hove,015_0017,,2,50.824107,-0.124605,0,0,unknown,0,,2
15,Brighton and Hove,015_0018,,2,50.865337,-0.139286,0,0,unknown,0,,2
15,Brighton and Hove,015_0019,,2,50.828528,-0.151505,0,0,unknown,0,,2
15,Brighton and Hove,015_0020,Court 1,2,50.842197,-0.137691,0,0,customers,0,asphalt,2
15,Brighton and Hove,015_0021,,2,50.810178,-0.062231,0,0,public,0,tartan,2
15,Brighton and Hove,015_0022,,1,50.818074,-0.101803,0,0,unknown,0,grass,1
15,Brighton and Hove,015_0023,,1,50.840275,-0.179439,0,0,private,0,asphalt,1
15,Brighton and Hove,015_0024,Hard Courts,1,50.856919,-0.08621,0,0,unknown,0,,1
15,Brighton and Hove,015_0025,,1,50.858136,-0.089968,0,0,unknown,0,,1
15,Brighton and Hove,015_0026,,1,50.850064,-0.138413,0,0,unknown,0,asphalt,1
15,Brighton and Hove,015_0027,,1,50.814791,-0.068352,0,0,unknown,0,,1
15,Brighton and Hove,015_0028,,1,50.82267,-0.120183,0,0,private,0,,1
15,Brighton and Hove,015_0029,,1,50.83449,-0.066552,0,0,unknown,0,acrylic,1
15,Brighton and Hove,015_0030,,1,50.847937,-0.14951,0,0,unknown,0,,1
15,Brighton and Hove,015_0031,,1,50.853436,-0.166355,0,0,private,0,asphalt,1
15,Brighton and Hove,015_0032,,1,50.850845,-0.167274,0,0,private,0,,1
15,Brighton and Hove,015_0033,,1,50.849551,-0.160121,0,0,private,0,,1
16,Bournemouth/Poole,016_0000,,15,50.7371,-1.887352,0,0,unknown,0,,15
16,Bournemouth/Poole,016_0001,,10,50.750169,-1.851847,0,0,unknown,0,asphalt,10
16,Bournemouth/Poole,016_0002,,9,50.747338,-1.884165,0,0,unknown,0,,9
16,Bournemouth/Poole,016_0003,Bournemouth Gardens Tennis Centre,7,50.722727,-1.885517,1,0,unknown,0,asphalt,8
16,Bournemouth/Poole,016_0004,,6,50.754558,-1.977558,0,0,unknown,0,paved,6
16,Bournemouth/Poole,016_0005,,6,50.739058,-1.866693,0,0,unknown,0,asphalt;tartan,6
16,Bournemouth/Poole,016_0006,,5,50.720221,-1.970044,0,0,unknown,0,asphalt,5
16,Bournemouth/Poole,016_0007,,5,50.720748,-1.920414,0,0,unknown,0,clay,5
16,Bournemouth/Poole,016_0008,,5,50.786119,-1.950982,0,0,unknown,0,,5
16,Bournemouth/Poole,016_0009,,5,50.743332,-1.806006,0,0,unknown,0,,5
16,Bournemouth/Poole,016_0010,Ashdown Leisure Centre,4,50.749135,-1.967005,1,0,unknown,0,,5
16,Bournemouth/Poole,016_0011,,4,50.764114,-1.994998,0,0,unknown,0,asphalt,4
16,Bournemouth/Poole,016_0012,,4,50.7491,-1.855743,0,0,unknown,0,paved,4
16,Bournemouth/Poole,016_0013,,3,50.725652,-1.858132,0,0,unknown,0,asphalt,3
16,Bournemouth/Poole,016_0014,,3,50.745822,-1.990892,0,0,unknown,0,,3
16,Bournemouth/Poole,016_0015,,3,50.753741,-1.884085,0,0,unknown,0,,3
16,Bournemouth/Poole,016_0016,,3,50.723269,-1.824184,0,0,unknown,0,,3
16,Bournemouth/Poole,016_0017,Harry's Tennis Court,2,50.715694,-1.880414,0,0,public,0,asphalt,2
16,Bournemouth/Poole,016_0018,,2,50.733082,-1.795538,0,0,unknown,0,asphalt,2
16,Bournemouth/Poole,016_0019,,2,50.720964,-1.951279,0,0,unknown,0,,2
16,Bournemouth/Poole,016_0020,,2,50.740257,-1.974693,0,0,unknown,0,,2
16,Bournemouth/Poole,016_0021,,2,50.741532,-1.737196,0,0,unknown,0,,2
16,Bournemouth/Poole,016_0022,,1,50.737831,-1.817441,0,0,unknown,0,asphalt,1
16,Bournemouth/Poole,016_0023,,1,50.74198,-1.828523,0,0,unknown,0,,1
16,Bournemouth/Poole,016_0024,,1,50.77194,-1.901098,0,0,unknown,0,,1
16,Bournemouth/Poole,016_0025,,1,50.763703,-1.828377,0,0,unknown,0,,1
16,Bournemouth/Poole,016_0026,,1,50.746784,-1.888702,0,0,unknown,0,,1
16,Bournemouth/Poole,016_0027,,1,50.737136,-1.740683,0,0,unknown,0,,1
16,Bournemouth/Poole,016_0028,,1,50.723498,-1.833459,0,0,customers,0,asphalt,1
16,Bournemouth/Poole,016_0029,,1,50.724861,-1.800889,0,0,unknown,0,asphalt,1
16,Bournemouth/Poole,016_0030,,1,50.745731,-1.686076,0,0,unknown,0,,1
16,Bournemouth/Poole,016_0031,,1,50.743574,-1.72685,0,0,unknown,0,asphalt,1
16,Bournemouth/Poole,016_0032,,1,50.711676,-2.01001,0,0,unknown,0,asphalt,1
16,Bournemouth/Poole,016_0033,,1,50.76087,-1.85741,0,0,unknown,0,asphalt,1
16,Bournemouth/Poole,016_0034,,1,50.751425,-1.871455,0,0,unknown,0,,1
16,Bournemouth/Poole,016_0035,,1,50.785016,-1.951669,0,0,unknown,0,,1
16,Bournemouth/Poole,016_0036,,1,50.724485,-1.981209,0,0,unknown,0,,1
16,Bournemouth/Poole,016_0037,,1,50.725729,-1.981897,0,0,unknown,0,,1
16,Bournemouth/Poole,016_0038,,1,50.779913,-1.998283,0,0,unknown,0,,1
16,Bournemouth/Poole,016_0039,,1,50.779503,-2.005625,0,0,unknown,0,,1
16,Bournemouth/Poole,016_0040,,1,50.790274,-2.001439,0,0,unknown,0,,1
16,Bournemouth/Poole,016_0041,,1,50.754964,-1.807657,0,0,unknown,0,,1
16,Bournemouth/Poole,016_0042,,1,50.710966,-1.908987,0,0,private,0,asphalt,1
16,Bournemouth/Poole,016_0043,,1,50.785117,-1.985242,0,0,unknown,0,,1
16,Bournemouth/Poole,016_0044,,1,50.764883,-1.984744,0,0,private,0,asphalt,1
16,Bournemouth/Poole,016_0045,,1,50.718796,-2.031776,0,0,private,0,,1
16,Bournemouth/Poole,016_0046,Corfe Hills Tennis Courts,1,50.770371,-2.006547,0,0,unknown,0,paved,1
16,Bournemouth/Poole,016_0047,,1,50.762496,-2.008297,0,0,unknown,0,,1
16,Bournemouth/Poole,016_0048,,1,50.727045,-1.963864,0,0,unknown,0,,1
16,Bournemouth/Poole,016_0049,,1,50.727014,-1.882063,0,0,unknown,0,,1
16,Bournemouth/Poole,016_0050,,1,50.765915,-1.991326,0,0,unknown,0,,1
16,Bournemouth/Poole,016_0051,,1,50.68805,-1.942876,0,0,unknown,0,,1
16,Bournemouth/Poole,016_0052,,1,50.7078,-1.91816,0,0,private,0,,1
17,Cardiff,017_0000,,11,51.484176,-3.182252,0,0,unknown,0,,11
17,Cardiff,017_0001,Radyr Lawn Tennis Club,10,51.51308,-3.252436,1,0,unknown,0,,11
17,Cardiff,017_0002,Heath Tennis In The Park,9,51.511063,-3.187778,1,0,customers,0,asphalt,10
17,Cardiff,017_0003,Whitchurch Tennis Club,8,51.516325,-3.220609,1,0,unknown,0,,9
17,Cardiff,017_0004,,7,51.523535,-3.216694,0,0,unknown,0,,7
17,Cardiff,017_0005,Saint Fagans Tennis Club,5,51.484462,-3.272122,1,0,private,0,,6
17,Cardiff,017_0006,,5,51.491402,-3.167223,0,0,unknown,0,,5
17,Cardiff,017_0007,,4,51.486525,-3.218952,0,0,unknown,0,asphalt,4
17,Cardiff,017_0008,Tennis Court 2,4,51.500838,-3.171964,0,0,customers,0,grass;paved;rubber,4
17,Cardiff,017_0009,,4,51.547675,-3.184855,0,0,unknown,0,,4
17,Cardiff,017_0010,,4,51.51249,-3.109523,0,0,unknown,0,,4
17,Cardiff,017_0011,,4,51.505792,-3.13659,0,0,unknown,0,,4
17,Cardiff,017_0012,,3,51.526392,-3.298044,0,0,unknown,0,,3
17,Cardiff,017_0013,,3,51.485884,-3.192058,0,0,unknown,0,paved,3
17,Cardiff,017_0014,,3,51.491386,-3.243069,0,0,unknown,0,,3
17,Cardiff,017_0015,,2,51.498047,-3.198011,0,0,unknown,0,,2
17,Cardiff,017_0016,,2,51.513508,-3.198514,0,0,unknown,0,,2
17,Cardiff,017_0017,,2,51.51373,-3.178535,0,0,public,0,asphalt,2
17,Cardiff,017_0018,,2,51.489069,-3.21133,0,0,unknown,0,,2
17,Cardiff,017_0019,,2,51.47521,-3.20876,0,0,unknown,0,,2
17,Cardiff,017_0020,,2,51.531975,-3.110184,0,0,unknown,0,,2
17,Cardiff,017_0021,,1,51.501642,-3.228879,0,0,unknown,0,concrete,1
17,Cardiff,017_0022,Welsh National Tennis Centre,2,51.476474,-3.158324,1,0,unknown,0,,1
17,Cardiff,017_0023,,1,51.493085,-3.207073,0,0,unknown,0,asphalt,1
17,Cardiff,017_0024,David Lloyd Clubs,2,51.502808,-3.145772,1,0,unknown,0,,1
17,Cardiff,017_0025,,1,51.527593,-3.278708,0,0,unknown,0,,1
17,Cardiff,017_0026,,1,51.539025,-3.305332,0,0,unknown,0,,1
17,Cardiff,017_0027,,1,51.501868,-3.1458,0,0,unknown,0,,1
17,Cardiff,017_0028,,1,51.526112,-3.32204,0,0,unknown,0,,1
17,Cardiff,017_0029,,1,51.500068,-3.22503,0,0,unknown,0,,1
17,Cardiff,017_0030,,1,51.501148,-3.244227,0,0,unknown,0,,1
18,Teesside,018_0000,,10,54.500167,-1.345484,0,0,unknown,0,,10
18,Teesside,018_0001,,6,54.541784,-1.210404,0,0,unknown,0,,6
18,Teesside,018_0002,,5,54.686685,-1.232275,0,0,unknown,0,concrete,5
18,Teesside,018_0003,Eldon Grove Tennis Club,4,54.680874,-1.226967,1,0,unknown,0,concrete,5
18,Teesside,018_0004,David Lloyd Leisure,3,54.565446,-1.291722,1,0,unknown,0,artificial_turf,4
18,Teesside,018_0005,,4,54.536815,-1.063672,0,0,unknown,0,,4
18,Teesside,018_0006,,4,54.697493,-1.179252,0,0,public,0,,4
18,Teesside,018_0007,,4,54.687308,-1.247142,0,0,private,0,,4
18,Teesside,018_0008,,3,54.659342,-1.190233,0,0,public,0,concrete,3
18,Teesside,018_0009,,3,54.613555,-1.052493,0,0,customers,0,,3
18,Teesside,018_0010,,2,54.565815,-1.238215,0,0,unknown,0,,2
18,Teesside,018_0011,Northfield School Sports Drome,1,54.617599,-1.308689,1,0,unknown,0,asphalt,2
18,Teesside,018_0012,,2,54.607894,-1.062269,0,0,unknown,0,asphalt,2
18,Teesside,018_0013,,2,54.524101,-1.169732,0,0,unknown,0,,2
18,Teesside,018_0014,,2,54.527394,-1.340734,0,0,unknown,0,asphalt,2
18,Teesside,018_0015,,1,54.558044,-1.331348,0,0,unknown,0,asphalt,1
18,Teesside,018_0016,,1,54.549028,-1.285257,0,0,unknown,0,,1
18,Teesside,018_0017,,1,54.571316,-1.16115,0,0,unknown,0,,1
18,Teesside,018_0018,,1,54.496926,-1.349814,0,0,unknown,0,,1
18,Teesside,018_0019,,1,54.61982,-1.280183,0,0,unknown,0,,1
18,Teesside,018_0020,,1,54.679933,-1.228662,0,0,unknown,0,,1
18,Teesside,018_0021,,1,54.519163,-1.075805,0,0,unknown,0,,1
18,Teesside,018_0022,,1,54.608479,-1.288807,0,0,unknown,0,,1
18,Teesside,018_0023,,1,54.517082,-1.361501,0,0,unknown,0,,1
18,Teesside,018_0024,BEDE Sports Centre,2,54.616025,-1.281041,1,0,unknown,0,,1
18,Teesside,018_0025,,1,54.561689,-1.350866,0,0,unknown,0,paved,1
18,Teesside,018_0026,,1,54.509684,-1.121983,0,0,unknown,0,,1
18,Teesside,018_0027,,1,54.639654,-1.233069,0,0,unknown,0,,1
18,Teesside,018_0028,,1,54.517587,-1.319608,0,0,unknown,0,,1
18,Teesside,018_0029,,1,54.570401,-1.385176,0,0,unknown,0,,1
18,Teesside,018_0030,,1,54.519897,-1.39277,0,0,unknown,0,,1
18,Teesside,018_0031,,1,54.515887,-1.361313,0,0,unknown,0,,1
18,Teesside,018_0032,,1,54.656524,-1.210102,0,0,unknown,0,,1
18,Teesside,018_0033,,1,54.524442,-0.857919,0,0,unknown,0,,1
18,Teesside,018_0034,Saltburn Tennis Club,1,54.580294,-0.981869,0,0,unknown,0,,1
19,Stoke-on-Trent,019_0000,,4,53.01339,-2.174909,0,0,unknown,0,,4
19,Stoke-on-Trent,019_0001,,2,52.996155,-2.170729,0,0,unknown,0,,2
19,Stoke-on-Trent,019_0002,Florence Tennis and Bowls Club,1,52.979708,-2.138435,0,0,unknown,0,,1
19,Stoke-on-Trent,019_0003,,1,53.002547,-2.155422,0,0,unknown,0,,1
19,Stoke-on-Trent,019_0004,,1,53.025341,-2.148822,0,0,unknown,0,concrete,1
19,Stoke-on-Trent,019_0005,,1,52.976201,-2.13909,0,0,unknown,0,asphalt,1
19,Stoke-on-Trent,019_0006,,1,53.059267,-2.203315,0,0,unknown,0,,1
19,Stoke-on-Trent,019_0007,,1,53.047693,-2.187372,0,0,unknown,0,asphalt,1
19,Stoke-on-Trent,019_0008,,1,52.971327,-2.193854,0,0,unknown,0,,1
19,Stoke-on-Trent,019_0009,,1,52.959941,-2.181687,0,0,unknown,0,,1
19,Stoke-on-Trent,019_0010,,1,52.957079,-2.180067,0,0,unknown,0,,1
19,Stoke-on-Trent,019_0011,,1,52.995352,-2.125742,0,0,unknown,0,,1
19,Stoke-on-Trent,019_0012,,1,52.9841,-2.130539,0,0,unknown,0,,1
19,Stoke-on-Trent,019_0013,,1,53.060541,-2.203582,0,0,unknown,0,,1
19,Stoke-on-Trent,019_0014,,1,52.980894,-2.10932,0,0,unknown,0,,1
19,Stoke-on-Trent,019_0015,St Joseph's Preparatory School Tennis Courts,1,52.987177,-2.199228,0,0,unknown,0,asphalt,1
19,Stoke-on-Trent,019_0016,,1,53.000407,-2.201405,0,0,unknown,0,,1
20,Coventry,020_0000,Beechwood Tennis Club,9,52.395361,-1.537081,1,0,unknown,0,,10
20,Coventry,020_0001,,2,52.393811,-1.521514,0,0,unknown,0,asphalt,2
20,Coventry,020_0002,,2,52.400841,-1.51818,0,0,unknown,0,tartan,2
20,Coventry,020_0003,,2,52.413034,-1.47357,0,0,unknown,0,,2
20,Coventry,020_0004,,1,52.388344,-1.566064,0,0,unknown,0,clay,1
20,Coventry,020_0005,,1,52.389921,-1.488885,0,0,unknown,0,,1
20,Coventry,020_0006,,1,52.405205,-1.556528,0,0,unknown,0,,1
20,Coventry,020_0007,Tennis Courts,1,52.400059,-1.493431,0,0,private,0,concrete,1
20,Coventry,020_0008,,1,52.399145,-1.521712,0,0,unknown,0,tartan,1
20,Coventry,020_0009,,1,52.405771,-1.475114,0,0,unknown,0,,1
20,Coventry,020_0010,,1,52.399869,-1.460429,0,0,unknown,0,,1
20,Coventry,020_0011,,1,52.425789,-1.510457,0,0,unknown,0,,1
20,Coventry,020_0012,,1,52.412152,-1.502017,0,0,unknown,0,artificial_turf,1
20,Coventry,020_0013,,1,52.412881,-1.479934,0,0,private,0,,1
20,Coventry,020_0014,,1,52.403202,-1.590915,0,0,unknown,0,,1
20,Coventry,020_0015,Coventry Building Society Arena,2,52.448189,-1.496065,1,0,unknown,0,,1
21,Sunderland,021_0000,,6,54.9135,-1.516174,0,0,unknown,0,,6
21,Sunderland,021_0001,,4,54.875057,-1.387823,0,0,unknown,0,,4
21,Sunderland,021_0002,,4,54.88733,-1.522376,0,0,unknown,0,,4
21,Sunderland,021_0003,,2,54.882161,-1.407541,0,0,unknown,0,,2
21,Sunderland,021_0004,,2,54.88803,-1.432617,0,0,unknown,0,,2
21,Sunderland,021_0005,,2,54.923098,-1.369836,0,0,unknown,0,,2
21,Sunderland,021_0006,,2,54.895742,-1.546633,0,0,unknown,0,,2
21,Sunderland,021_0007,Ashbrooke Sports Club,2,54.895051,-1.386976,1,0,unknown,0,,1
21,Sunderland,021_0008,,1,54.923291,-1.400949,0,0,unknown,0,,1
21,Sunderland,021_0009,,1,54.863822,-1.42973,0,0,unknown,0,,1
21,Sunderland,021_0010,,1,54.893815,-1.404034,0,0,unknown,0,,1
21,Sunderland,021_0011,,1,54.896341,-1.394872,0,0,unknown,0,,1
21,Sunderland,021_0012,,1,54.894205,-1.376145,0,0,unknown,0,,1
21,Sunderland,021_0013,,1,54.874935,-1.505809,0,0,unknown,0,,1
21,Sunderland,021_0014,,1,54.898189,-1.380475,0,0,unknown,0,,1
21,Sunderland,021_0015,,1,54.890491,-1.382929,0,0,unknown,0,,1
21,Sunderland,021_0016,,1,54.855321,-1.396898,0,0,unknown,0,,1
21,Sunderland,021_0017,,1,54.872252,-1.425498,0,0,unknown,0,,1
21,Sunderland,021_0018,,1,54.8711,-1.378547,0,0,unknown,0,,1
21,Sunderland,021_0019,,1,54.890869,-1.516443,0,0,customers,0,hard,1
21,Sunderland,021_0020,,1,54.841951,-1.478426,0,0,private,0,,1
21,Sunderland,021_0021,,1,54.913899,-1.538987,0,0,unknown,0,,1
22,Birkenhead,022_0000,,7,53.425713,-3.050497,0,0,unknown,0,,7
22,Birkenhead,022_0001,Birdcage,7,53.371085,-3.037751,0,0,unknown,0,paved,7
22,Birkenhead,022_0002,,4,53.3803,-3.054644,0,0,unknown,0,,4
22,Birkenhead,022_0003,,4,53.35946,-3.009091,0,0,unknown,0,,4
22,Birkenhead,022_0004,,3,53.355752,-3.021805,0,0,unknown,0,,3
22,Birkenhead,022_0005,Thorndale Lawn Tennis Club,1,53.420715,-3.054448,1,0,unknown,0,,2
22,Birkenhead,022_0006,,2,53.387147,-3.05263,0,0,unknown,0,,2
22,Birkenhead,022_0007,,2,53.379559,-3.054076,0,0,unknown,0,,2
22,Birkenhead,022_0008,,2,53.362965,-3.004132,0,0,unknown,0,,2
22,Birkenhead,022_0009,,1,53.429525,-3.055163,0,0,unknown,0,,1
22,Birkenhead,022_0010,,1,53.403696,-3.063944,0,0,unknown,0,,1
22,Birkenhead,022_0011,,1,53.39646,-3.043086,0,0,unknown,0,,1
22,Birkenhead,022_0012,,1,53.370963,-3.033779,0,0,unknown,0,,1
22,Birkenhead,022_0013,,1,53.35378,-3.014582,0,0,unknown,0,asphalt,1
23,Reading,023_0000,,6,51.485346,-0.955146,0,0,unknown,0,,6
23,Reading,023_0001,,4,51.476921,-0.986182,0,0,unknown,0,,4
23,Reading,023_0002,,4,51.447855,-0.959904,0,0,unknown,0,grass,4
23,Reading,023_0003,,3,51.445596,-1.001471,0,0,unknown,0,,3
23,Reading,023_0004,,2,51.471895,-0.963465,0,0,unknown,0,,2
23,Reading,023_0005,,2,51.465169,-1.010192,0,0,unknown,0,asphalt,2
23,Reading,023_0006,,2,51.44707,-0.940612,0,0,unknown,0,,2
23,Reading,023_0007,,1,51.434956,-0.944225,0,0,unknown,0,asphalt,1
23,Reading,023_0008,,1,51.471063,-0.961942,0,0,unknown,0,acrylic,1
23,Reading,023_0009,,1,51.482035,-0.96035,0,0,unknown,0,,1
23,Reading,023_0010,,1,51.462196,-0.967969,0,0,unknown,0,clay,1
23,Reading,023_0011,,1,51.442472,-1.012536,0,0,unknown,0,,1
23,Reading,023_0012,,1,51.445604,-0.978609,0,0,unknown,0,,1
23,Reading,023_0013,,1,51.440416,-0.960533,0,0,unknown,0,asphalt,1
23,Reading,023_0014,Mapledurham Lawn Tennis Club,1,51.476692,-0.995028,0,0,customers,0,asphalt,1
23,Reading,023_0015,,1,51.443269,-0.948773,0,0,unknown,0,asphalt,1
23,Reading,023_0016,,1,51.444511,-0.950805,0,0,unknown,0,,1
23,Reading,023_0017,,1,51.44862,-0.961511,0,0,unknown,0,asphalt,1
23,Reading,023_0018,,1,51.455991,-1.005089,0,0,unknown,0,,1
23,Reading,023_0019,Caversham Lawn Tennis Club,2,51.480672,-0.991602,1,0,unknown,0,,1
23,Reading,023_0020,,1,51.426487,-0.959694,0,0,customers,0,asphalt,1
23,Reading,023_0021,,1,51.451688,-0.965104,0,0,unknown,0,asphalt,1
23,Reading,023_0022,,1,51.447384,-0.952044,0,0,unknown,0,,1
23,Reading,023_0023,,1,51.435231,-0.960376,0,0,unknown,0,asphalt,1
23,Reading,023_0024,,1,51.450086,-1.007539,0,0,unknown,0,,1
23,Reading,023_0025,,1,51.454818,-1.029402,0,0,unknown,0,,1
23,Reading,023_0026,,1,51.468412,-0.985987,0,0,unknown,0,grass,1
23,Reading,023_0027,,1,51.454588,-1.038476,0,0,unknown,0,,1
23,Reading,023_0028,,1,51.42613,-0.995382,0,0,unknown,0,,1
23,Reading,023_0029,,1,51.483088,-0.974696,0,0,unknown,0,,1
24,Kingston upon Hull,024_0000,,7,53.763122,-0.376909,0,0,unknown,0,,7
24,Kingston upon Hull,024_0001,,3,53.792125,-0.358041,0,0,unknown,0,,3
24,Kingston upon Hull,024_0002,,1,53.748895,-0.362473,0,0,unknown,0,,1
24,Kingston upon Hull,024_0003,,1,53.73903,-0.404233,0,0,unknown,0,asphalt,1
24,Kingston upon Hull,024_0004,,1,53.737455,-0.402546,0,0,unknown,0,grass,1
24,Kingston upon Hull,024_0005,,1,53.759466,-0.280017,0,0,unknown,0,,1
24,Kingston upon Hull,024_0006,,1,53.754466,-0.261576,0,0,unknown,0,,1
25,Preston,025_0000,,5,53.810093,-2.720146,0,0,unknown,0,,5
25,Preston,025_0001,Fulwood Lawn Tennis Club,5,53.778436,-2.7041,0,0,unknown,0,,5
25,Preston,025_0002,,4,53.7884,-2.71955,0,0,unknown,0,,4
25,Preston,025_0003,,4,53.785697,-2.708851,0,0,unknown,0,,4
25,Preston,025_0004,,3,53.751016,-2.68995,0,0,unknown,0,,3
25,Preston,025_0005,Goosnargh Tennis Club,1,53.825266,-2.674675,0,0,unknown,0,,1
25,Preston,025_0006,,1,53.770563,-2.7487,0,0,unknown,0,,1
25,Preston,025_0007,,1,53.777213,-2.754606,0,0,unknown,0,clay,1
25,Preston,025_0008,Ashton Park Tennis Courts,1,53.765586,-2.741479,0,0,unknown,0,,1
25,Preston,025_0009,,1,53.799793,-2.661905,0,0,unknown,0,,1
25,Preston,025_0010,,1,53.795637,-2.674446,0,0,unknown,0,grass,1
25,Preston,025_0011,,1,53.781703,-2.723851,0,0,private,0,,1
25,Preston,025_0012,,1,53.771369,-2.732747,0,0,unknown,0,asphalt,1
25,Preston,025_0013,Moor Park Tennis Courts,6,53.771125,-2.698711,0,0,customers,0,asphalt,1
25,Preston,025_0014,,1,53.799471,-2.714319,0,0,unknown,0,,1
25,Preston,025_0015,,1,53.806914,-2.726579,0,0,unknown,0,artificial_turf,1
25,Preston,025_0016,,1,53.812998,-2.698792,0,0,unknown,0,,1
25,Preston,025_0017,,1,53.806342,-2.644014,0,0,unknown,0,,1
25,Preston,025_0018,,1,53.829337,-2.620775,0,0,unknown,0,,1
26,Newport,026_0000,Newport Tennis Centre,7,51.571388,-2.961449,1,0,customers,0,acrylic;asphalt,9
26,Newport,026_0001,Stow Park Lawn Tennis Club,8,51.585138,-3.017651,1,0,customers,0,grass,9
26,Newport,026_0002,Allt-Yr-Yn Tennis Club,8,51.592046,-3.00678,1,0,customers,0,artificial_turf,9
26,Newport,026_0003,,6,51.568085,-3.027178,0,0,customers,0,asphalt,6
26,Newport,026_0004,,4,51.610775,-2.962647,0,0,private,0,paved,4
26,Newport,026_0005,,4,51.599206,-2.976866,0,0,customers,0,artificial_turf,4
26,Newport,026_0006,,3,51.592057,-2.964103,0,0,unknown,0,asphalt,3
26,Newport,026_0007,,2,51.580507,-3.000558,0,0,public,0,concrete,2
26,Newport,026_0008,,2,51.575028,-3.047219,0,0,private,0,concrete,2
26,Newport,026_0009,,2,51.55857,-3.013489,0,0,private,0,asphalt,2
26,Newport,026_0010,,2,51.604063,-2.935382,0,0,customers,0,,2
26,Newport,026_0011,,1,51.609962,-2.995158,0,0,public,0,asphalt,1
26,Newport,026_0012,,1,51.576417,-2.992077,0,0,unknown,0,,1
26,Newport,026_0013,,1,51.589724,-3.062742,0,0,public,0,asphalt,1
26,Newport,026_0014,,1,51.60162,-2.988028,0,0,unknown,0,,1
26,Newport,026_0015,,1,51.602353,-3.008303,0,0,public,0,asphalt,1
26,Newport,026_0016,,1,51.61471,-2.922999,0,0,unknown,0,,1
26,Newport,026_0017,,1,51.594802,-3.069855,0,0,public,0,,1
26,Newport,026_0018,,1,51.559828,-3.011584,0,0,private,0,asphalt,1
26,Newport,026_0019,,1,51.574903,-3.049882,0,0,private,0,concrete,1
26,Newport,026_0020,,1,51.586155,-2.945141,0,0,public,0,asphalt,1
26,Newport,026_0021,,1,51.538315,-3.084007,0,0,private,0,,1
26,Newport,026_0022,,1,51.603081,-2.985144,0,0,unknown,0,,1
26,Newport,026_0023,,1,51.589231,-3.015902,0,0,unknown,0,,1
26,Newport,026_0024,,1,51.618938,-3.011848,0,0,private,0,concrete,1
26,Newport,026_0025,,1,51.59412,-2.931274,0,0,unknown,0,artificial_turf,1
26,Newport,026_0026,,1,51.540734,-3.068534,0,0,unknown,0,,1
26,Newport,026_0027,,1,51.592895,-3.042554,0,0,private,0,,1
27,Swansea,027_0000,Swansea Tennis & Squash Club,6,51.607429,-3.991177,1,0,unknown,0,,7
27,Swansea,027_0001,,6,51.605956,-3.988106,0,0,unknown,0,,6
27,Swansea,027_0002,,6,51.643297,-4.03605,0,0,unknown,0,,6
27,Swansea,027_0003,,5,51.568493,-4.011761,0,0,unknown,0,,5
27,Swansea,027_0004,,4,51.641654,-3.926985,0,0,unknown,0,,4
27,Swansea,027_0005,,3,51.606876,-3.989663,0,0,unknown,0,,3
27,Swansea,027_0006,,3,51.710326,-4.036434,0,0,unknown,0,,3
27,Swansea,027_0007,,3,51.645722,-4.037734,0,0,unknown,0,,3
27,Swansea,027_0008,,3,51.661777,-3.937972,0,0,unknown,0,,3
27,Swansea,027_0009,,2,51.61304,-3.963161,0,0,public,0,asphalt,2
27,Swansea,027_0010,,2,51.697989,-3.881171,0,0,unknown,0,,2
27,Swansea,027_0011,,2,51.574361,-3.99692,0,0,unknown,0,,2
27,Swansea,027_0012,,1,51.552051,-4.207122,0,0,unknown,0,,1
27,Swansea,027_0013,,1,51.651139,-4.047516,0,0,unknown,0,,1
27,Swansea,027_0014,,1,51.616414,-3.986682,0,0,unknown,0,asphalt,1
27,Swansea,027_0015,,1,51.616092,-3.987668,0,0,unknown,0,asphalt,1
27,Swansea,027_0016,,1,51.621728,-3.970149,0,0,unknown,0,,1
27,Swansea,027_0017,,1,51.563024,-4.217222,0,0,unknown,0,,1
27,Swansea,027_0018,,1,51.564974,-4.271674,0,0,private,0,,1
27,Swansea,027_0019,,1,51.653353,-3.935991,0,0,unknown,0,,1
27,Swansea,027_0020,,1,51.58691,-4.074415,0,0,unknown,0,,1
27,Swansea,027_0021,,1,51.661685,-4.075742,0,0,unknown,0,grass,1
27,Swansea,027_0022,,1,51.630217,-4.125835,0,0,unknown,0,,1
27,Swansea,027_0023,,1,51.620497,-4.267286,0,0,unknown,0,,1
27,Swansea,027_0024,,1,51.641257,-4.114908,0,0,unknown,0,,1
27,Swansea,027_0025,,1,51.683638,-3.90693,0,0,unknown,0,,1
27,Swansea,027_0026,,1,51.577545,-4.125391,0,0,private,0,,1
27,Swansea,027_0027,,1,51.574382,-4.174222,0,0,unknown,0,,1
27,Swansea,027_0028,,1,51.584403,-4.047257,0,0,unknown,0,,1
27,Swansea,027_0029,,1,51.57053,-4.006004,0,0,unknown,0,,1
28,Southend-on-Sea,028_0000,,16,51.529161,0.756336,0,0,unknown,0,,16
28,Southend-on-Sea,028_0001,,4,51.554882,0.733413,0,0,unknown,0,,4
28,Southend-on-Sea,028_0002,,3,51.553901,0.704223,0,0,unknown,0,,3
28,Southend-on-Sea,028_0003,,3,51.565396,0.668962,0,0,unknown,0,,3
28,Southend-on-Sea,028_0004,,2,51.525812,0.791922,0,0,unknown,0,,2
28,Southend-on-Sea,028_0005,,2,51.53952,0.676638,0,0,unknown,0,,2
28,Southend-on-Sea,028_0006,Southend Leisure & Tennis Centre,2,51.553989,0.734747,1,0,unknown,0,,1
28,Southend-on-Sea,028_0007,,1,51.53572,0.784083,0,0,unknown,0,,1
28,Southend-on-Sea,028_0008,,1,51.566371,0.66408,0,0,unknown,0,,1
28,Southend-on-Sea,028_0009,Southend Lawn Tennis Club,1,51.541157,0.758715,0,0,unknown,0,,1
28,Southend-on-Sea,028_0010,,1,51.54513,0.676948,0,0,unknown,0,,1
28,Southend-on-Sea,028_0011,,1,51.557906,0.644775,0,0,unknown,0,,1
28,Southend-on-Sea,028_0012,Milton Road Gardens,1,51.536681,0.699912,0,0,unknown,0,,1
28,Southend-on-Sea,028_0013,,1,51.563588,0.684162,0,0,unknown,0,,1
28,Southend-on-Sea,028_0014,Bonchurch Tennis Courts,1,51.55131,0.652084,0,0,unknown,0,,1
28,Southend-on-Sea,028_0015,,1,51.551097,0.676458,0,0,unknown,0,,1
28,Southend-on-Sea,028_0016,,1,51.554665,0.683855,0,0,unknown,0,,1
28,Southend-on-Sea,028_0017,,1,51.531612,0.733354,0,0,unknown,0,,1
29,Derby,029_0000,,10,52.900446,-1.501736,0,0,unknown,0,,10
29,Derby,029_0001,,10,52.891671,-1.463052,0,0,unknown,0,,10
29,Derby,029_0002,Woodlands Tennis Club,9,52.943707,-1.50415,0,0,unknown,0,rubber,9
29,Derby,029_0003,,6,52.883284,-1.436012,0,0,unknown,0,,6
29,Derby,029_0004,Derbyshire Tennis Centre,4,52.904114,-1.487423,1,0,unknown,0,,5
29,Derby,029_0005,Littleover Tennis Club,3,52.908682,-1.505419,1,0,unknown,0,,4
29,Derby,029_0006,,4,52.918027,-1.459729,0,0,unknown,0,,4
29,Derby,029_0007,,3,52.903667,-1.515476,0,0,unknown,0,,3
29,Derby,029_0008,,2,52.899285,-1.516945,0,0,unknown,0,,2
29,Derby,029_0009,,2,52.93227,-1.505289,0,0,unknown,0,grass,2
29,Derby,029_0010,,2,52.950973,-1.486843,0,0,unknown,0,asphalt,2
29,Derby,029_0011,,2,52.875327,-1.426072,0,0,unknown,0,,2
29,Derby,029_0012,,2,52.906832,-1.4417,0,0,unknown,0,artificial_turf;rubber,2
29,Derby,029_0013,,1,52.927279,-1.432211,0,0,unknown,0,,1
29,Derby,029_0014,,1,52.902332,-1.491336,0,0,unknown,0,,1
29,Derby,029_0015,,1,52.876124,-1.49055,0,0,unknown,0,,1
29,Derby,029_0016,,1,52.917311,-1.458551,0,0,unknown,0,,1
29,Derby,029_0017,,1,52.955024,-1.500348,0,0,unknown,0,,1
29,Derby,029_0018,,1,52.935357,-1.475291,0,0,unknown,0,,1
29,Derby,029_0019,,1,52.937567,-1.497703,0,0,unknown,0,,1
30,Plymouth,030_0000,,4,50.385347,-4.149719,0,0,unknown,0,asphalt,4
30,Plymouth,030_0001,,3,50.387769,-4.182536,0,0,unknown,0,,3
30,Plymouth,030_0002,,3,50.391596,-4.124241,0,0,unknown,0,,3
30,Plymouth,030_0003,,2,50.388912,-4.056374,0,0,unknown,0,asphalt,2
30,Plymouth,030_0004,,2,50.361705,-4.09188,0,0,unknown,0,grass,2
30,Plymouth,030_0005,,2,50.391868,-4.065423,0,0,private,0,,2
30,Plymouth,030_0006,Padel Courts,1,50.420715,-4.111584,0,0,unknown,0,,1
30,Plymouth,030_0007,,1,50.363655,-4.149373,0,0,unknown,0,asphalt,1
30,Plymouth,030_0008,,1,50.392315,-4.150365,0,0,unknown,0,asphalt,1
30,Plymouth,030_0009,,1,50.418856,-4.116793,0,0,unknown,0,,1
30,Plymouth,030_0010,,1,50.392575,-4.130122,0,0,unknown,0,asphalt,1
30,Plymouth,030_0011,,1,50.394303,-4.131469,0,0,unknown,0,,1
30,Plymouth,030_0012,,1,50.407906,-4.182764,0,0,unknown,0,asphalt,1
30,Plymouth,030_0013,,1,50.389052,-4.133981,0,0,unknown,0,asphalt,1
30,Plymouth,030_0014,,1,50.399157,-4.121848,0,0,unknown,0,,1
30,Plymouth,030_0015,,1,50.375239,-4.170514,0,0,unknown,0,asphalt,1
30,Plymouth,030_0016,,1,50.373807,-4.121256,0,0,unknown,0,asphalt,1
30,Plymouth,030_0017,,1,50.361951,-4.161039,0,0,unknown,0,grass,1
30,Plymouth,030_0018,,1,50.364173,-4.055325,0,0,public,0,asphalt,1
31,Luton,031_0000,,4,51.920172,-0.425594,0,0,unknown,0,,4
31,Luton,031_0001,,3,51.893539,-0.406514,0,0,unknown,0,,3
31,Luton,031_0002,,2,51.870887,-0.397176,0,0,unknown,0,,2
31,Luton,031_0003,,2,51.918284,-0.471768,0,0,unknown,0,,2
31,Luton,031_0004,,1,51.907915,-0.383472,0,0,unknown,0,,1
31,Luton,031_0005,,1,51.867912,-0.405798,0,0,unknown,0,,1
31,Luton,031_0006,,1,51.902854,-0.40406,0,0,public,0,asphalt,1
31,Luton,031_0007,,1,51.867201,-0.415925,0,0,unknown,0,,1
31,Luton,031_0008,,1,51.89408,-0.417356,0,0,unknown,0,,1
31,Luton,031_0009,,1,51.893096,-0.417961,0,0,unknown,0,,1
31,Luton,031_0010,,1,51.899645,-0.483505,0,0,unknown,0,,1
31,Luton,031_0011,,1,51.88176,-0.427242,0,0,private,0,,1
31,Luton,031_0012,,1,51.90716,-0.425283,0,0,unknown,0,,1
32,Farnborough/Aldershot,032_0000,,10,51.262873,-0.750837,0,0,unknown,0,asphalt,10
32,Farnborough/Aldershot,032_0001,,4,51.301346,-0.761937,0,0,unknown,0,,4
32,Farnborough/Aldershot,032_0002,,3,51.239064,-0.768672,0,0,unknown,0,,3
32,Farnborough/Aldershot,032_0003,,2,51.2491,-0.753047,0,0,unknown,0,asphalt,2
32,Farnborough/Aldershot,032_0004,,1,51.29623,-0.742686,0,0,unknown,0,asphalt,1
32,Farnborough/Aldershot,032_0005,,1,51.279179,-0.743043,0,0,private,0,,1
32,Farnborough/Aldershot,032_0006,,1,51.305497,-0.752657,0,0,unknown,0,,1
32,Farnborough/Aldershot,032_0007,,1,51.301082,-0.751911,0,0,unknown,0,,1
32,Farnborough/Aldershot,032_0008,,1,51.293985,-0.765166,0,0,unknown,0,grass,1
32,Farnborough/Aldershot,032_0009,,1,51.241886,-0.756912,0,0,unknown,0,asphalt,1
33,Medway Towns,033_0000,,11,51.409013,0.518195,0,0,unknown,0,grass,11
33,Medway Towns,033_0001,,6,51.387027,0.531363,0,0,unknown,0,,6
33,Medway Towns,033_0002,,3,51.363376,0.551724,0,0,unknown,0,grass,3
33,Medway Towns,033_0003,,2,51.393537,0.4847,0,0,unknown,0,,2
33,Medway Towns,033_0004,,2,51.359646,0.498629,0,0,unknown,0,,2
33,Medway Towns,033_0005,,2,51.373061,0.549656,0,0,unknown,0,,2
33,Medway Towns,033_0006,,1,51.348981,0.582252,0,0,unknown,0,,1
33,Medway Towns,033_0007,,1,51.394112,0.565709,0,0,unknown,0,,1
33,Medway Towns,033_0008,Medway Park Sports Centre,2,51.390612,0.540896,1,0,customers,0,,1
33,Medway Towns,033_0009,,1,51.382628,0.510547,0,0,unknown,0,,1
33,Medway Towns,033_0010,,1,51.454307,0.496618,0,0,unknown,0,,1
33,Medway Towns,033_0011,,1,51.434898,0.551912,0,0,unknown,0,,1
33,Medway Towns,033_0012,,1,51.370264,0.594818,0,0,unknown,0,,1
33,Medway Towns,033_0013,,1,51.371855,0.500789,0,0,unknown,0,,1
33,Medway Towns,033_0014,,1,51.372026,0.499708,0,0,unknown,0,,1
33,Medway Towns,033_0015,,1,51.371553,0.494258,0,0,private,0,,1
33,Medway Towns,033_0016,,1,51.378955,0.498695,0,0,unknown,0,grass,1
33,Medway Towns,033_0017,,1,51.382043,0.539358,0,0,unknown,0,,1
33,Medway Towns,033_0018,,1,51.375239,0.612775,0,0,unknown,0,,1
33,Medway Towns,033_0019,,1,51.377227,0.559637,0,0,unknown,0,,1
33,Medway Towns,033_0020,,1,51.36813,0.521517,0,0,unknown,0,asphalt,1
33,Medway Towns,033_0021,,1,51.34345,0.508165,0,0,unknown,0,,1
33,Medway Towns,033_0022,,1,51.363917,0.50409,0,0,unknown,0,,1
33,Medway Towns,033_0023,,1,51.464707,0.604299,0,0,unknown,0,,1
33,Medway Towns,033_0024,,1,51.461219,0.593696,0,0,unknown,0,,1
33,Medway Towns,033_0025,,1,51.3743,0.450664,0,0,unknown,0,paved,1
33,Medway Towns,033_0026,,1,51.359153,0.516451,0,0,unknown,0,,1
34,Blackpool,034_0000,Stanley Park Tennis Courts,8,53.81299,-3.024097,1,0,unknown,0,asphalt,9
34,Blackpool,034_0001,,7,53.78393,-3.012358,0,0,unknown,0,clay,7
34,Blackpool,034_0002,,2,53.860872,-3.041078,0,0,unknown,0,,2
34,Blackpool,034_0003,,1,53.783598,-3.048514,0,0,unknown,0,,1
34,Blackpool,034_0004,,1,53.787551,-3.041542,0,0,unknown,0,rubber,1
34,Blackpool,034_0005,,1,53.831004,-3.044883,0,0,unknown,0,,1
34,Blackpool,034_0006,,1,53.813507,-3.010381,0,0,unknown,0,,1
35,Milton Keynes,035_0000,,6,52.040036,-0.708749,0,0,unknown,0,paved,6
35,Milton Keynes,035_0001,,4,52.07731,-0.720218,0,0,unknown,0,,4
35,Milton Keynes,035_0002,,3,52.059223,-0.854436,0,0,unknown,0,,3
35,Milton Keynes,035_0003,,3,52.024098,-0.789717,0,0,unknown,0,,3
35,Milton Keynes,035_0004,,2,52.052286,-0.733678,0,0,unknown,0,,2
35,Milton Keynes,035_0005,,2,52.07932,-0.736489,0,0,unknown,0,artificial_turf,2
35,Milton Keynes,035_0006,,2,52.033077,-0.821529,0,0,unknown,0,,2
35,Milton Keynes,035_0007,,1,52.027023,-0.708521,0,0,unknown,0,,1
35,Milton Keynes,035_0008,Woughton Tennis Courts,2,52.026975,-0.720459,1,0,unknown,0,,1
35,Milton Keynes,035_0009,,1,52.012377,-0.645493,0,0,unknown,0,,1
35,Milton Keynes,035_0010,,1,52.024894,-0.754916,0,0,unknown,0,,1
35,Milton Keynes,035_0011,,1,52.052009,-0.695434,0,0,unknown,0,,1
35,Milton Keynes,035_0012,Stantonbury Leisure Centre,2,52.061044,-0.7726,1,0,unknown,0,,1
35,Milton Keynes,035_0013,,1,52.019216,-0.690113,0,0,unknown,0,,1
35,Milton Keynes,035_0014,,1,52.058596,-0.812183,0,0,unknown,0,,1
35,Milton Keynes,035_0015,,1,51.997347,-0.74276,0,0,unknown,0,grass,1
35,Milton Keynes,035_0016,,1,52.061338,-0.76964,0,0,unknown,0,,1
35,Milton Keynes,035_0017,,1,52.019672,-0.813233,0,0,unknown,0,,1
35,Milton Keynes,035_0018,,1,52.047977,-0.67259,0,0,unknown,0,,1
35,Milton Keynes,035_0019,,1,52.059656,-0.825127,0,0,unknown,0,,1
35,Milton Keynes,035_0020,,1,52.033529,-0.649134,0,0,unknown,0,asphalt,1
35,Milton Keynes,035_0021,,1,52.070988,-0.751657,0,0,unknown,0,,1
35,Milton Keynes,035_0022,,1,51.993116,-0.801876,0,0,unknown,0,,1
35,Milton Keynes,035_0023,,1,52.048047,-0.763686,0,0,unknown,0,,1
35,Milton Keynes,035_0024,,1,52.018956,-0.772766,0,0,unknown,0,,1
35,Milton Keynes,035_0025,,1,52.006083,-0.803868,0,0,unknown,0,asphalt,1
35,Milton Keynes,035_0026,,1,52.042233,-0.701524,0,0,unknown,0,,1
35,Milton Keynes,035_0027,,1,52.031882,-0.704354,0,0,unknown,0,,1
35,Milton Keynes,035_0028,,1,52.028216,-0.664468,0,0,unknown,0,,1
36,Barnsley/Dearne Valley,036_0000,,5,53.566781,-1.501977,0,0,unknown,0,,5
36,Barnsley/Dearne Valley,036_0001,,5,53.550555,-1.502408,0,0,unknown,0,,5
36,Barnsley/Dearne Valley,036_0002,,5,53.530501,-1.395109,0,0,unknown,0,,5
36,Barnsley/Dearne Valley,036_0003,,4,53.545715,-1.496831,0,0,unknown,0,,4
36,Barnsley/Dearne Valley,036_0004,,3,53.549919,-1.496386,0,0,unknown,0,,3
36,Barnsley/Dearne Valley,036_0005,,2,53.584046,-1.5295,0,0,unknown,0,,2
36,Barnsley/Dearne Valley,036_0006,,2,53.532986,-1.638245,0,0,unknown,0,asphalt,2
36,Barnsley/Dearne Valley,036_0007,,2,53.559161,-1.44422,0,0,unknown,0,,2
36,Barnsley/Dearne Valley,036_0008,,2,53.542126,-1.49228,0,0,unknown,0,,2
36,Barnsley/Dearne Valley,036_0009,,2,53.554798,-1.472605,0,0,unknown,0,,2
36,Barnsley/Dearne Valley,036_0010,,2,53.519795,-1.403965,0,0,unknown,0,,2
36,Barnsley/Dearne Valley,036_0011,,1,53.586692,-1.446284,0,0,unknown,0,,1
36,Barnsley/Dearne Valley,036_0012,,1,53.530269,-1.629325,0,0,private,0,tartan,1
36,Barnsley/Dearne Valley,036_0013,,1,53.507237,-1.566133,0,0,unknown,0,asphalt,1
36,Barnsley/Dearne Valley,036_0014,,1,53.524588,-1.670583,0,0,unknown,0,,1
36,Barnsley/Dearne Valley,036_0015,,1,53.502795,-1.497375,0,0,unknown,0,,1
36,Barnsley/Dearne Valley,036_0016,,1,53.539924,-1.516776,0,0,unknown,0,,1
36,Barnsley/Dearne Valley,036_0017,,1,53.540777,-1.488393,0,0,unknown,0,,1
36,Barnsley/Dearne Valley,036_0018,,1,53.588067,-1.505031,0,0,unknown,0,,1
36,Barnsley/Dearne Valley,036_0019,,1,53.488937,-1.541222,0,0,unknown,0,,1
36,Barnsley/Dearne Valley,036_0020,,1,53.559348,-1.480864,0,0,unknown,0,,1
36,Barnsley/Dearne Valley,036_0021,,1,53.536919,-1.454381,0,0,unknown,0,,1
36,Barnsley/Dearne Valley,036_0022,,1,53.541768,-1.444072,0,0,unknown,0,asphalt,1
36,Barnsley/Dearne Valley,036_0023,,1,53.524974,-1.656428,0,0,unknown,0,asphalt,1
36,Barnsley/Dearne Valley,036_0024,,1,53.543734,-1.501753,0,0,unknown,0,,1
36,Barnsley/Dearne Valley,036_0025,,1,53.587727,-1.446382,0,0,unknown,0,,1
36,Barnsley/Dearne Valley,036_0026,,1,53.570285,-1.56635,0,0,unknown,0,,1
36,Barnsley/Dearne Valley,036_0027,,1,53.532482,-1.688389,0,0,unknown,0,,1
36,Barnsley/Dearne Valley,036_0028,,1,53.531542,-1.630022,0,0,private,0,,1
36,Barnsley/Dearne Valley,036_0029,,1,53.514295,-1.414724,0,0,unknown,0,,1
36,Barnsley/Dearne Valley,036_0030,,1,53.542855,-1.618703,0,0,private,0,,1
36,Barnsley/Dearne Valley,036_0031,,1,53.566213,-1.571313,0,0,unknown,0,asphalt,1
36,Barnsley/Dearne Valley,036_0032,,1,53.543786,-1.629442,0,0,unknown,0,,1
36,Barnsley/Dearne Valley,036_0033,,1,53.536938,-1.465106,0,0,unknown,0,,1
36,Barnsley/Dearne Valley,036_0034,,1,53.586329,-1.497032,0,0,unknown,0,,1
37,Northampton,037_0000,Northampton Lawn Tennis Club,12,52.248028,-0.847878,1,0,unknown,0,,13
37,Northampton,037_0001,Duston Tennis Club,6,52.246531,-0.936761,1,0,unknown,0,,7
37,Northampton,037_0002,,7,52.250285,-0.922969,0,0,unknown,0,,7
37,Northampton,037_0003,,2,52.253946,-0.850416,1,0,unknown,0,,3
37,Northampton,037_0004,,3,52.24508,-0.86712,0,0,unknown,0,tartan,3
37,Northampton,037_0005,,2,52.201781,-0.882494,0,0,unknown,0,paved,2
37,Northampton,037_0006,,2,52.248302,-0.883065,0,0,unknown,0,,2
37,Northampton,037_0007,,2,52.267321,-0.900955,0,0,unknown,0,,2
37,Northampton,037_0008,,1,52.233947,-0.891784,0,0,unknown,0,asphalt,1
37,Northampton,037_0009,,1,52.237915,-0.822993,0,0,unknown,0,,1
37,Northampton,037_0010,,1,52.270592,-0.861649,0,0,unknown,0,,1
37,Northampton,037_0011,,1,52.212278,-0.913368,0,0,unknown,0,,1
37,Northampton,037_0012,,1,52.215908,-0.87805,0,0,unknown,0,,1
37,Northampton,037_0013,,1,52.191243,-0.898766,0,0,unknown,0,,1
37,Northampton,037_0014,,1,52.237636,-0.870051,0,0,unknown,0,,1
37,Northampton,037_0015,,1,52.208673,-0.852669,0,0,unknown,0,,1
38,Norwich,038_0000,East Anglia Tennis & Squash Club,4,52.614923,1.27895,1,0,unknown,0,,5
38,Norwich,038_0001,,3,52.627232,1.242825,0,0,unknown,0,,3
38,Norwich,038_0002,,2,52.645009,1.287537,0,0,unknown,0,,2
38,Norwich,038_0003,,2,52.606272,1.279709,0,0,unknown,0,,2
38,Norwich,038_0004,,2,52.648925,1.298897,0,0,unknown,0,asphalt,2
38,Norwich,038_0005,,2,52.643305,1.288106,0,0,unknown,0,paved,2
38,Norwich,038_0006,,2,52.616589,1.298849,0,0,public,0,asphalt,2
38,Norwich,038_0007,,2,52.620114,1.258282,0,0,unknown,0,,2
38,Norwich,038_0008,Eaton Park,1,52.619029,1.258702,0,0,unknown,0,,1
38,Norwich,038_0009,,1,52.613379,1.307122,0,0,unknown,0,asphalt,1
38,Norwich,038_0010,,1,52.62586,1.267175,0,0,unknown,0,asphalt,1
38,Norwich,038_0011,,1,52.64395,1.33297,0,0,unknown,0,,1
38,Norwich,038_0012,,1,52.631881,1.303354,0,0,unknown,0,,1
38,Norwich,038_0013,,1,52.610237,1.274811,0,0,unknown,0,,1
38,Norwich,038_0014,,1,52.618514,1.27509,0,0,private,0,asphalt,1
38,Norwich,038_0015,,1,52.642347,1.291277,0,0,unknown,0,paved,1
38,Norwich,038_0016,,1,52.654015,1.284348,0,0,unknown,0,paved,1
38,Norwich,038_0017,,1,52.619698,1.304285,0,0,private,0,,1
38,Norwich,038_0018,,1,52.665226,1.277097,0,0,unknown,0,,1
38,Norwich,038_0019,,1,52.619003,1.271227,0,0,private,0,,1
38,Norwich,038_0020,,1,52.643022,1.223394,0,0,unknown,0,,1
39,Aberdeen,039_0000,Albury Community Sports Hub,4,57.139326,-2.106726,1,0,unknown,0,tartan,5
39,Aberdeen,039_0001,Westburn Tennis Centre,4,57.155024,-2.125154,0,0,unknown,0,rubber,4
39,Aberdeen,039_0002,,3,57.162894,-2.153187,0,0,unknown,0,,3
39,Aberdeen,039_0003,,2,57.192258,-2.098987,0,0,unknown,0,,2
39,Aberdeen,039_0004,,1,57.14071,-2.173588,0,0,unknown,0,,1
39,Aberdeen,039_0005,Tennis Courts,1,57.156155,-2.139819,0,0,unknown,0,,1
39,Aberdeen,039_0006,,1,57.134543,-2.121952,0,0,private,0,,1
39,Aberdeen,039_0007,,1,57.145833,-2.152951,0,0,unknown,0,,1
39,Aberdeen,039_0008,,1,57.138489,-2.149084,0,0,unknown,0,,1
39,Aberdeen,039_0009,Rubislaw Tennis Club,1,57.136604,-2.137632,0,0,unknown,0,clay,1
39,Aberdeen,039_0010,,1,57.119088,-2.127365,0,0,unknown,0,,1
39,Aberdeen,039_0011,,1,57.168284,-2.132531,0,0,unknown,0,,1
39,Aberdeen,039_0012,RGU SPORT,2,57.118754,-2.137647,1,0,unknown,0,,1
39,Aberdeen,039_0013,,1,57.175865,-2.099328,0,0,private,0,,1
39,Aberdeen,039_0014,,1,57.15485,-2.12206,0,0,unknown,0,,1
39,Aberdeen,039_0015,Cults Tennis Court,1,57.119526,-2.174742,0,0,unknown,0,,1
39,Aberdeen,039_0016,King's Multi Sports Area / Tennis Courts,1,57.163336,-2.100167,0,0,unknown,0,artificial_turf,1
39,Aberdeen,039_0017,,1,57.122265,-2.159927,0,0,unknown,0,,1
39,Aberdeen,039_0018,,1,57.122136,-2.161319,0,0,unknown,0,,1
39,Aberdeen,039_0019,,1,57.125488,-2.152275,0,0,unknown,0,,1
39,Aberdeen,039_0020,Former Tennis Grounds,1,57.144725,-2.179283,0,0,private,0,gravel,1
39,Aberdeen,039_0021,,1,57.137006,-2.125001,0,0,unknown,0,,1
39,Aberdeen,039_0022,,1,57.198242,-2.169269,0,0,unknown,0,,1
39,Aberdeen,039_0023,,1,57.103825,-2.25133,0,0,unknown,0,,1
39,Aberdeen,039_0024,,1,57.193717,-2.109487,0,0,unknown,0,,1
39,Aberdeen,039_0025,,1,57.112845,-2.212043,0,0,private,0,grass,1
39,Aberdeen,039_0026,,1,57.104445,-2.116523,0,0,unknown,0,,1
39,Aberdeen,039_0027,,1,57.113638,-2.221566,0,0,unknown,0,,1
39,Aberdeen,039_0028,,1,57.112883,-2.190799,0,0,unknown,0,,1
39,Aberdeen,039_0029,,1,57.120971,-2.157245,0,0,unknown,0,,1
39,Aberdeen,039_0030,,1,57.12357,-2.210708,0,0,unknown,0,,1
39,Aberdeen,039_0031,,1,57.117813,-2.256476,0,0,unknown,0,,1
40,Swindon,040_0000,,14,51.570234,-1.783999,0,0,unknown,0,,14
40,Swindon,040_0001,,4,51.549852,-1.700974,0,0,unknown,0,,4
40,Swindon,040_0002,,4,51.579093,-1.816589,0,0,unknown,0,,4
40,Swindon,040_0003,,4,51.549255,-1.7903,0,0,unknown,0,asphalt,4
40,Swindon,040_0004,,4,51.554333,-1.76296,0,0,private,0,,4
40,Swindon,040_0005,,3,51.551306,-1.780905,0,0,public,0,asphalt,3
40,Swindon,040_0006,,3,51.559036,-1.818507,0,0,unknown,0,,3
40,Swindon,040_0007,,3,51.603061,-1.784109,0,0,unknown,0,,3
40,Swindon,040_0008,,3,51.515055,-1.740024,0,0,unknown,0,,3
40,Swindon,040_0009,,2,51.599141,-1.792788,0,0,private,0,,2
40,Swindon,040_0010,,2,51.628661,-1.714838,0,0,unknown,0,,2
40,Swindon,040_0011,,2,51.612914,-1.781594,0,0,unknown,0,,2
40,Swindon,040_0012,,2,51.54903,-1.784314,0,0,unknown,0,,2
40,Swindon,040_0013,,2,51.546225,-1.81056,0,0,unknown,0,,2
40,Swindon,040_0014,,2,51.586447,-1.781351,0,0,unknown,0,,2
40,Swindon,040_0015,,2,51.518688,-1.80813,0,0,private,0,,2
40,Swindon,040_0016,,2,51.548852,-1.665934,0,0,unknown,0,,2
40,Swindon,040_0017,,2,51.559466,-1.728812,0,0,unknown,0,,2
40,Swindon,040_0018,,2,51.656287,-1.753391,0,0,unknown,0,,2
40,Swindon,040_0019,,2,51.555888,-1.759897,0,0,private,0,,2
40,Swindon,040_0020,Link Centre,2,51.558747,-1.830993,1,0,unknown,0,,1
40,Swindon,040_0021,,1,51.565636,-1.830455,0,0,private,0,,1
40,Swindon,040_0022,,1,51.557232,-1.847053,0,0,unknown,0,asphalt,1
40,Swindon,040_0023,,1,51.614137,-1.789585,0,0,private,0,,1
40,Swindon,040_0024,,1,51.596495,-1.814963,0,0,unknown,0,,1
40,Swindon,040_0025,,1,51.625801,-1.709067,0,0,unknown,0,,1
40,Swindon,040_0026,,1,51.523336,-1.749225,0,0,unknown,0,,1
40,Swindon,040_0027,,1,51.511378,-1.772191,0,0,unknown,0,asphalt,1
40,Swindon,040_0028,,1,51.531157,-1.792599,0,0,unknown,0,,1
40,Swindon,040_0029,,1,51.521067,-1.757719,0,0,unknown,0,,1
40,Swindon,040_0030,,1,51.636673,-1.745529,0,0,unknown,0,,1
40,Swindon,040_0031,,1,51.530031,-1.702798,0,0,private,0,,1
40,Swindon,040_0032,,1,51.533422,-1.70013,0,0,private,0,,1
40,Swindon,040_0033,,1,51.533877,-1.700949,0,0,private,0,,1
40,Swindon,040_0034,,1,51.555416,-1.694052,0,0,private,0,,1
40,Swindon,040_0035,,1,51.543749,-1.751454,0,0,private,0,,1
40,Swindon,040_0036,,1,51.532221,-1.699448,0,0,private,0,,1
40,Swindon,040_0037,,1,51.662006,-1.790266,0,0,unknown,0,,1
40,Swindon,040_0038,,1,51.521644,-1.836178,0,0,private,0,,1
40,Swindon,040_0039,,1,51.513044,-1.826031,0,0,private,0,,1
40,Swindon,040_0040,,1,51.520252,-1.719535,0,0,unknown,0,,1
40,Swindon,040_0041,,1,51.549576,-1.714354,0,0,private,0,,1
40,Swindon,040_0042,,1,51.613387,-1.813508,0,0,unknown,0,,1
40,Swindon,040_0043,,1,51.610504,-1.800867,0,0,unknown,0,,1
40,Swindon,040_0044,,1,51.581479,-1.789676,0,0,unknown,0,,1
40,Swindon,040_0045,,1,51.516534,-1.77858,0,0,private,0,,1
40,Swindon,040_0046,,1,51.545333,-1.774055,0,0,unknown,0,,1
40,Swindon,040_0047,,1,51.653279,-1.75506,0,0,unknown,0,,1
40,Swindon,040_0048,,1,51.529367,-1.815668,0,0,unknown,0,,1
40,Swindon,040_0049,,1,51.633977,-1.689467,0,0,unknown,0,,1
40,Swindon,040_0050,,1,51.661042,-1.743661,0,0,unknown,0,,1
40,Swindon,040_0051,,1,51.558138,-1.747345,0,0,private,0,,1
40,Swindon,040_0052,,1,51.565783,-1.806187,0,0,unknown,0,,1
40,Swindon,040_0053,,1,51.627122,-1.708983,0,0,unknown,0,asphalt,1
40,Swindon,040_0054,,1,51.604619,-1.73091,0,0,unknown,0,,1
40,Swindon,040_0055,,1,51.592395,-1.7584,0,0,unknown,0,,1
40,Swindon,040_0056,,1,51.552375,-1.750218,0,0,unknown,0,,1
41,Crawley,041_0000,,1,51.105694,-0.149743,0,0,unknown,0,,1
41,Crawley,041_0001,,1,51.110435,-0.181806,0,0,unknown,0,,1
41,Crawley,041_0002,,1,51.121478,-0.191647,0,0,unknown,0,,1
41,Crawley,041_0003,Crawley Lawn Tennis Club,1,51.122675,-0.16237,0,0,unknown,0,,1
41,Crawley,041_0004,,1,51.12279,-0.21102,0,0,unknown,0,,1
41,Crawley,041_0005,,1,51.126305,-0.151196,0,0,unknown,0,,1
41,Crawley,041_0006,,1,51.159026,-0.15113,0,0,unknown,0,,1
41,Crawley,041_0007,,1,51.145957,-0.145702,0,0,unknown,0,,1
41,Crawley,041_0008,,1,51.151124,-0.145644,0,0,unknown,0,,1
41,Crawley,041_0009,,1,51.10496,-0.209081,0,0,unknown,0,,1
42,Ipswich,042_0000,,5,52.064149,1.153837,0,0,unknown,0,,5
42,Ipswich,042_0001,St John's Tennis Club,3,52.064296,1.186925,1,0,unknown,0,,4
42,Ipswich,042_0002,,2,52.027567,1.212166,0,0,unknown,0,,2
42,Ipswich,042_0003,,2,52.054311,1.196301,0,0,unknown,0,,2
42,Ipswich,042_0004,Ipswich Sports Club,2,52.072869,1.153535,1,0,unknown,0,,1
42,Ipswich,042_0005,,1,52.061785,1.15433,0,0,unknown,0,,1
42,Ipswich,042_0006,,1,52.031492,1.189526,0,0,unknown,0,,1
42,Ipswich,042_0007,,1,52.066038,1.149738,0,0,unknown,0,paved,1
42,Ipswich,042_0008,,1,52.051912,1.118788,0,0,unknown,0,,1
42,Ipswich,042_0009,,1,52.043518,1.18455,0,0,unknown,0,grass,1
42,Ipswich,042_0010,,1,52.086829,1.152542,0,0,private,0,,1
42,Ipswich,042_0011,,1,52.075721,1.17126,0,0,private,0,,1
43,Wigan,043_0000,"Leigh Cricket, Tennis and Bowling Club",7,53.485236,-2.520284,1,0,customers,0,asphalt,8
43,Wigan,043_0001,Winstanley Tennis Club,6,53.528015,-2.702429,1,0,customers,0,asphalt,7
43,Wigan,043_0002,,4,53.486226,-2.526805,0,0,public,0,asphalt,4
43,Wigan,043_0003,,4,53.505678,-2.47082,0,0,unknown,0,,4
43,Wigan,043_0004,Tyldesley Tennis Club,3,53.515147,-2.451607,1,0,customers,0,,4
43,Wigan,043_0005,Golborne Sports & Social Club,2,53.473318,-2.58567,1,0,customers,0,asphalt,3
43,Wigan,043_0006,,2,53.491748,-2.640217,0,0,unknown,0,,2
43,Wigan,043_0007,,1,53.528831,-2.716929,0,0,unknown,0,,1
43,Wigan,043_0008,,1,53.557676,-2.626633,0,0,unknown,0,,1
43,Wigan,043_0009,,1,53.553803,-2.63952,0,0,unknown,0,asphalt,1
43,Wigan,043_0010,,1,53.535467,-2.655703,0,0,unknown,0,asphalt,1
43,Wigan,043_0011,,1,53.545445,-2.656324,0,0,unknown,0,,1
43,Wigan,043_0012,,1,53.565168,-2.588517,0,0,unknown,0,asphalt,1
43,Wigan,043_0013,,1,53.541395,-2.699631,0,0,unknown,0,,1
43,Wigan,043_0014,,1,53.494455,-2.645023,0,0,unknown,0,,1
43,Wigan,043_0015,,1,53.465234,-2.565534,0,0,private,0,,1
44,Mansfield,044_0000,,10,53.154279,-1.201778,0,0,unknown,0,,10
44,Mansfield,044_0001,,8,53.140994,-1.170436,0,0,unknown,0,,8
44,Mansfield,044_0002,,8,53.171938,-1.186649,0,0,unknown,0,,8
44,Mansfield,044_0003,,5,53.151193,-1.216065,0,0,unknown,0,,5
44,Mansfield,044_0004,,3,53.172932,-1.185128,0,0,unknown,0,,3
44,Mansfield,044_0005,,3,53.159987,-1.134889,0,0,unknown,0,,3
44,Mansfield,044_0006,,1,53.153172,-1.157123,0,0,unknown,0,,1
44,Mansfield,044_0007,,1,53.147875,-1.169768,0,0,unknown,0,,1
44,Mansfield,044_0008,,1,53.155278,-1.160695,0,0,unknown,0,,1
44,Mansfield,044_0009,,1,53.148705,-1.190273,0,0,unknown,0,asphalt,1
44,Mansfield,044_0010,,1,53.125378,-1.163922,0,0,unknown,0,,1
45,Oxford,045_0000,,27,51.747292,-1.242888,0,0,unknown,0,clay;grass,27
45,Oxford,045_0001,,21,51.766995,-1.254287,0,0,unknown,0,,21
45,Oxford,045_0002,,19,51.793084,-1.26893,0,0,unknown,0,,19
45,Oxford,045_0003,,12,51.779024,-1.269059,0,0,unknown,0,clay;grass,12
45,Oxford,045_0004,,9,51.742194,-1.217191,0,0,unknown,0,grass,9
45,Oxford,045_0005,,8,51.761769,-1.251899,0,0,unknown,0,grass,8
45,Oxford,045_0006,,6,51.779225,-1.262044,0,0,unknown,0,,6
45,Oxford,045_0007,,6,51.773611,-1.256458,0,0,unknown,0,asphalt,6
45,Oxford,045_0008,,5,51.757718,-1.238927,0,0,unknown,0,asphalt,5
45,Oxford,045_0009,,5,51.741261,-1.264232,0,0,unknown,0,asphalt;grass,5
45,Oxford,045_0010,,5,51.736753,-1.223753,0,0,unknown,0,,5
45,Oxford,045_0011,,4,51.777189,-1.274233,0,0,unknown,0,,4
45,Oxford,045_0012,,4,51.775656,-1.25759,0,0,unknown,0,,4
45,Oxford,045_0013,,4,51.790139,-1.260567,0,0,unknown,0,,4
45,Oxford,045_0014,,4,51.740482,-1.258952,0,0,unknown,0,tartan,4
45,Oxford,045_0015,,4,51.774004,-1.258682,0,0,unknown,0,,4
45,Oxford,045_0016,,3,51.771074,-1.268541,0,0,unknown,0,asphalt,3
45,Oxford,045_0017,,3,51.778007,-1.256841,0,0,unknown,0,,3
45,Oxford,045_0018,,3,51.79284,-1.275916,0,0,unknown,0,,3
45,Oxford,045_0019,,3,51.75645,-1.268919,0,0,unknown,0,,3
45,Oxford,045_0020,,3,51.758242,-1.247181,0,0,unknown,0,,3
45,Oxford,045_0021,,3,51.758758,-1.249654,0,0,unknown,0,,3
45,Oxford,045_0022,,3,51.74685,-1.246056,0,0,unknown,0,,3
45,Oxford,045_0023,,3,51.756779,-1.240987,0,0,unknown,0,,3
45,Oxford,045_0024,,3,51.742527,-1.250252,0,0,unknown,0,acrylic;grass,3
45,Oxford,045_0025,,3,51.74395,-1.223704,0,0,unknown,0,,3
45,Oxford,045_0026,,3,51.763805,-1.208152,0,0,unknown,0,,3
45,Oxford,045_0027,,3,51.731255,-1.202422,0,0,unknown,0,,3
45,Oxford,045_0028,,3,51.73713,-1.229236,0,0,unknown,0,,3
45,Oxford,045_0029,,3,51.718897,-1.221284,0,0,unknown,0,,3
45,Oxford,045_0030,,3,51.765314,-1.251787,0,0,unknown,0,,3
45,Oxford,045_0031,,2,51.753696,-1.275227,0,0,unknown,0,asphalt,2
45,Oxford,045_0032,,2,51.775238,-1.271148,0,0,unknown,0,asphalt,2
45,Oxford,045_0033,,2,51.759067,-1.224286,0,0,unknown,0,,2
45,Oxford,045_0034,,2,51.77188,-1.254383,0,0,unknown,0,,2
45,Oxford,045_0035,,2,51.761524,-1.263059,0,0,unknown,0,,2
45,Oxford,045_0036,,2,51.77124,-1.242094,0,0,unknown,0,,2
45,Oxford,045_0037,,2,51.739969,-1.215051,0,0,unknown,0,concrete,2
45,Oxford,045_0038,,1,51.737445,-1.208958,0,0,unknown,0,,1
45,Oxford,045_0039,,1,51.71639,-1.219142,0,0,unknown,0,,1
45,Oxford,045_0040,,1,51.767705,-1.259861,0,0,private,0,,1
45,Oxford,045_0041,,1,51.766968,-1.260616,0,0,private,0,,1
45,Oxford,045_0042,,1,51.766101,-1.217949,0,0,unknown,0,,1
45,Oxford,045_0043,,1,51.768208,-1.255766,0,0,unknown,0,,1
45,Oxford,045_0044,,1,51.731781,-1.231742,0,0,private,0,,1
45,Oxford,045_0045,,1,51.770097,-1.207533,0,0,unknown,0,asphalt,1
45,Oxford,045_0046,,1,51.760769,-1.228078,0,0,unknown,0,,1
45,Oxford,045_0047,,1,51.764793,-1.228933,0,0,unknown,0,,1
45,Oxford,045_0048,,1,51.747757,-1.223732,0,0,unknown,0,,1
45,Oxford,045_0049,,1,51.766832,-1.21629,0,0,unknown,0,,1
45,Oxford,045_0050,,1,51.756806,-1.250856,0,0,unknown,0,,1
45,Oxford,045_0051,,1,51.74506,-1.222637,0,0,unknown,0,,1
45,Oxford,045_0052,,1,51.784835,-1.275624,0,0,private,0,,1
45,Oxford,045_0053,,1,51.732721,-1.235175,0,0,unknown,0,,1
46,Warrington,046_0000,Lymm Lawn Tennis and Croquet Club,9,53.380082,-2.480684,1,0,customers,0,,10
46,Warrington,046_0001,The Padgate Tennis and Bowling Club,6,53.404918,-2.558021,1,0,unknown,0,,7
46,Warrington,046_0002,,7,53.387657,-2.625787,0,0,unknown,0,,7
46,Warrington,046_0003,,6,53.372339,-2.560501,0,0,unknown,0,,6
46,Warrington,046_0004,,5,53.361982,-2.580391,0,0,unknown,0,artificial_turf,5
46,Warrington,046_0005,Rixton Tennis Club,3,53.412275,-2.468175,1,0,unknown,0,,4
46,Warrington,046_0006,,4,53.451554,-2.515087,0,0,unknown,0,,4
46,Warrington,046_0007,Birchwood Leisure & Tennis Centre,1,53.415728,-2.528713,1,0,unknown,0,,2
46,Warrington,046_0008,,1,53.381181,-2.649549,0,0,unknown,0,,1
46,Warrington,046_0009,David Lloyd Clubs,2,53.387622,-2.624487,1,0,unknown,0,,1
46,Warrington,046_0010,Great Sankey Neighbourhood Hub,2,53.401109,-2.661695,1,0,unknown,0,,1
46,Warrington,046_0011,,1,53.446492,-2.569672,0,0,unknown,0,,1
46,Warrington,046_0012,,1,53.36452,-2.595695,0,0,unknown,0,,1
46,Warrington,046_0013,,1,53.339519,-2.568545,0,0,unknown,0,,1
46,Warrington,046_0014,,1,53.348086,-2.627339,0,0,private,0,,1
46,Warrington,046_0015,,1,53.442164,-2.550707,0,0,unknown,0,,1
46,Warrington,046_0016,,1,53.353571,-2.604293,0,0,unknown,0,,1
46,Warrington,046_0017,,1,53.400749,-2.662727,0,0,customers,0,,1
46,Warrington,046_0018,,1,53.437106,-2.571061,0,0,private,0,,1
46,Warrington,046_0019,,1,53.35636,-2.574335,0,0,unknown,0,,1
46,Warrington,046_0020,,1,53.362366,-2.576861,0,0,unknown,0,,1
46,Warrington,046_0021,,1,53.432205,-2.581056,0,0,unknown,0,,1
46,Warrington,046_0022,,1,53.379891,-2.458613,0,0,private,0,artificial_turf,1
46,Warrington,046_0023,,1,53.336292,-2.573707,0,0,private,0,,1
47,Slough,047_0000,,2,51.49862,-0.553688,0,0,unknown,0,,2
47,Slough,047_0001,,2,51.498661,-0.551783,0,0,unknown,0,,2
47,Slough,047_0002,,1,51.522523,-0.64478,0,0,unknown,0,,1
47,Slough,047_0003,,1,51.492103,-0.545699,0,0,unknown,0,,1
47,Slough,047_0004,,1,51.526347,-0.577796,0,0,unknown,0,,1
47,Slough,047_0005,,1,51.511813,-0.652374,0,0,unknown,0,,1
47,Slough,047_0006,,1,51.519219,-0.610481,0,0,unknown,0,,1
47,Slough,047_0007,,1,51.534994,-0.622113,0,0,unknown,0,,1
47,Slough,047_0008,,1,51.50369,-0.582112,0,0,public,0,,1
47,Slough,047_0009,,1,51.482394,-0.510582,0,0,unknown,0,,1
47,Slough,047_0010,,1,51.526065,-0.596115,0,0,unknown,0,,1
47,Slough,047_0011,,1,51.512539,-0.604559,0,0,unknown,0,,1
47,Slough,047_0012,Salt Hill Tennis Courts,1,51.512455,-0.603223,0,0,unknown,0,,1
47,Slough,047_0013,,1,51.498994,-0.60569,0,0,unknown,0,,1
48,Peterborough,048_0000,,7,52.584128,-0.233748,0,0,unknown,0,acrylic,7
48,Peterborough,048_0001,,5,52.446875,-0.095371,0,0,unknown,0,,5
48,Peterborough,048_0002,,5,52.675411,-0.295248,0,0,unknown,0,,5
48,Peterborough,048_0003,,5,52.584904,-0.274007,0,0,unknown,0,,5
48,Peterborough,048_0004,,4,52.534834,-0.263271,0,0,unknown,0,,4
48,Peterborough,048_0005,,4,52.571092,-0.344089,0,0,unknown,0,paved,4
48,Peterborough,048_0006,,3,52.576441,-0.350365,0,0,unknown,0,,3
48,Peterborough,048_0007,Abbey College Tennis Courts,2,52.447996,-0.098889,0,0,unknown,0,asphalt,2
48,Peterborough,048_0008,Longthorpe Tennis Club,2,52.56991,-0.283624,0,0,private,0,grass;paved,2
48,Peterborough,048_0009,,2,52.572563,-0.339414,0,0,unknown,0,,2
48,Peterborough,048_0010,,2,52.688691,-0.306768,0,0,unknown,0,,2
48,Peterborough,048_0011,,2,52.571223,-0.279284,0,0,unknown,0,,2
48,Peterborough,048_0012,,1,52.712414,-0.355451,0,0,unknown,0,tartan,1
48,Peterborough,048_0013,,1,52.444874,-0.094789,0,0,unknown,0,,1
48,Peterborough,048_0014,,1,52.486903,-0.10998,0,0,unknown,0,,1
48,Peterborough,048_0015,,1,52.457907,-0.265721,0,0,unknown,0,,1
48,Peterborough,048_0016,,1,52.44735,-0.173942,0,0,unknown,0,,1
48,Peterborough,048_0017,,1,52.418217,-0.335503,0,0,unknown,0,,1
48,Peterborough,048_0018,,1,52.453136,-0.318004,0,0,unknown,0,,1
48,Peterborough,048_0019,,1,52.59159,-0.108103,0,0,unknown,0,,1
48,Peterborough,048_0020,,1,52.43733,-0.281856,0,0,unknown,0,,1
48,Peterborough,048_0021,,1,52.515707,-0.25431,0,0,unknown,0,,1
48,Peterborough,048_0022,,1,52.439905,-0.283238,0,0,unknown,0,,1
48,Peterborough,048_0023,,1,52.595312,-0.263066,0,0,unknown,0,,1
48,Peterborough,048_0024,,1,52.460379,-0.303997,0,0,unknown,0,,1
48,Peterborough,048_0025,,1,52.462975,-0.309802,0,0,unknown,0,,1
48,Peterborough,048_0026,,1,52.582212,-0.222378,0,0,unknown,0,artificial_turf,1
48,Peterborough,048_0027,,1,52.584718,-0.219215,0,0,unknown,0,,1
48,Peterborough,048_0028,,1,52.576995,-0.277209,0,0,unknown,0,,1
48,Peterborough,048_0029,,1,52.518212,-0.091791,0,0,unknown,0,,1
48,Peterborough,048_0030,,1,52.674777,-0.165439,0,0,unknown,0,,1
48,Peterborough,048_0031,,1,52.550807,-0.226221,0,0,unknown,0,,1
48,Peterborough,048_0032,,1,52.539632,-0.273772,0,0,unknown,0,,1
48,Peterborough,048_0033,,1,52.54681,-0.300969,0,0,unknown,0,,1
48,Peterborough,048_0034,,1,52.54561,-0.300866,0,0,unknown,0,,1
48,Peterborough,048_0035,,1,52.567265,-0.255372,0,0,unknown,0,,1
48,Peterborough,048_0036,,1,52.634429,-0.161913,0,0,unknown,0,,1
48,Peterborough,048_0037,,1,52.69794,-0.345161,0,0,unknown,0,,1
48,Peterborough,048_0038,,1,52.506366,-0.287137,0,0,unknown,0,,1
48,Peterborough,048_0039,,1,52.49233,-0.287531,0,0,unknown,0,,1
48,Peterborough,048_0040,,1,52.459705,-0.30835,0,0,unknown,0,,1
48,Peterborough,048_0041,,1,52.618694,-0.105778,0,0,unknown,0,,1
48,Peterborough,048_0042,,1,52.56935,-0.298988,0,0,unknown,0,,1
48,Peterborough,048_0043,,1,52.643272,-0.387355,0,0,unknown,0,,1
48,Peterborough,048_0044,,1,52.62263,-0.386321,0,0,unknown,0,,1
48,Peterborough,048_0045,,1,52.623646,-0.383647,0,0,unknown,0,,1
48,Peterborough,048_0046,,1,52.434559,-0.351537,0,0,unknown,0,,1
48,Peterborough,048_0047,,1,52.574305,-0.38479,0,0,unknown,0,,1
48,Peterborough,048_0048,,1,52.65845,-0.379776,0,0,unknown,0,,1
48,Peterborough,048_0049,,1,52.670149,-0.37788,0,0,unknown,0,,1
48,Peterborough,048_0050,,1,52.664409,-0.355924,0,0,unknown,0,,1
48,Peterborough,048_0051,,1,52.519358,-0.328292,0,0,unknown,0,,1
48,Peterborough,048_0052,,1,52.523555,-0.399499,0,0,unknown,0,,1
48,Peterborough,048_0053,,1,52.567871,-0.332608,0,0,private,0,,1
48,Peterborough,048_0054,,1,52.534537,-0.366617,0,0,unknown,0,,1
48,Peterborough,048_0055,,1,52.645845,-0.275845,0,0,unknown,0,,1
48,Peterborough,048_0056,,1,52.424594,-0.390156,0,0,private,0,,1
48,Peterborough,048_0057,,1,52.602871,-0.253566,0,0,unknown,0,,1
48,Peterborough,048_0058,,1,52.603579,-0.25567,0,0,unknown,0,,1
48,Peterborough,048_0059,,1,52.715963,-0.229272,0,0,unknown,0,,1
48,Peterborough,048_0060,,1,52.679653,-0.127873,0,0,unknown,0,,1
49,Cambridge,049_0000,Cambridge Lawn Tennis Club,20,52.208382,0.096327,1,0,unknown,0,clay;concrete;grass,21
49,Cambridge,049_0001,University Tennis Club,11,52.199006,0.13235,1,0,unknown,0,grass,13
49,Cambridge,049_0002,Hills Road Sports & Tennis Centre,6,52.18667,0.134622,1,0,customers,0,acrylic;asphalt;clay,7
49,Cambridge,049_0003,,6,52.192423,0.10349,0,0,unknown,0,grass,6
49,Cambridge,049_0004,,6,52.206678,0.103155,0,0,unknown,0,artificial_turf,6
49,Cambridge,049_0005,,5,52.207546,0.108349,0,0,private,0,,5
49,Cambridge,049_0006,,4,52.206952,0.124999,0,0,unknown,0,concrete,4
49,Cambridge,049_0007,,4,52.185883,0.128732,0,0,unknown,0,,4
49,Cambridge,049_0008,,4,52.226324,0.131718,0,0,unknown,0,grass,4
49,Cambridge,049_0009,David Lloyd Cambridge,2,52.193695,0.167162,1,0,unknown,0,paved,3
49,Cambridge,049_0010,,3,52.21238,0.099601,0,0,unknown,0,tartan,3
49,Cambridge,049_0011,The Perse Sports Centre,2,52.180241,0.136524,1,0,unknown,0,,3
49,Cambridge,049_0012,,3,52.192619,0.105477,0,0,unknown,0,,3
49,Cambridge,049_0013,,6,52.211549,0.119602,0,0,unknown,0,asphalt;grass,2
49,Cambridge,049_0014,,1,52.197774,0.113248,0,0,unknown,0,asphalt,1
49,Cambridge,049_0015,,1,52.187472,0.163636,0,0,unknown,0,asphalt,1
49,Cambridge,049_0016,,4,52.191247,0.163724,0,0,unknown,0,,1
49,Cambridge,049_0017,,1,52.192047,0.117654,0,0,unknown,0,,1
49,Cambridge,049_0018,,1,52.212702,0.074547,0,0,unknown,0,,1
49,Cambridge,049_0019,,1,52.211734,0.107881,0,0,unknown,0,,1
49,Cambridge,049_0020,,1,52.203787,0.10742,0,0,unknown,0,,1
49,Cambridge,049_0021,,1,52.198985,0.102684,0,0,unknown,0,,1
49,Cambridge,049_0022,,1,52.19431,0.120503,0,0,unknown,0,,1
49,Cambridge,049_0023,,1,52.194562,0.121885,0,0,unknown,0,,1
49,Cambridge,049_0024,,1,52.217004,0.121486,0,0,unknown,0,,1
49,Cambridge,049_0025,,1,52.178468,0.134422,0,0,unknown,0,,1
49,Cambridge,049_0026,,1,52.175873,0.136921,0,0,unknown,0,,1
49,Cambridge,049_0027,,1,52.214271,0.106645,0,0,unknown,0,,1
49,Cambridge,049_0028,,1,52.210537,0.12318,0,0,unknown,0,,1
49,Cambridge,049_0029,,1,52.19964,0.112326,0,0,private,0,,1
49,Cambridge,049_0030,,1,52.213235,0.082848,0,0,unknown,0,rubber,1
49,Cambridge,049_0031,,1,52.208097,0.109556,0,0,private,0,artificial_turf,1
49,Cambridge,049_0032,,1,52.176281,0.105764,0,0,unknown,0,,1
49,Cambridge,049_0033,,1,52.200681,0.097115,0,0,unknown,0,,1
49,Cambridge,049_0034,,1,52.197471,0.107634,0,0,unknown,0,,1
49,Cambridge,049_0035,,1,52.197968,0.109052,0,0,unknown,0,,1
49,Cambridge,049_0036,,1,52.215407,0.102666,0,0,unknown,0,,1
49,Cambridge,049_0037,,1,52.173819,0.115548,0,0,unknown,0,,1
49,Cambridge,049_0038,,1,52.224831,0.130873,0,0,unknown,0,,1
49,Cambridge,049_0039,,1,52.176744,0.149368,0,0,unknown,0,acrylic,1
49,Cambridge,049_0040,,1,52.197741,0.106143,0,0,unknown,0,,1
49,Cambridge,049_0041,,1,52.19161,0.115585,0,0,unknown,0,,1
49,Cambridge,049_0042,,1,52.189193,0.12009,0,0,unknown,0,,1
49,Cambridge,049_0043,,1,52.219501,0.10532,0,0,private,0,asphalt,1
49,Cambridge,049_0044,,1,52.17956,0.165279,0,0,unknown,0,paved,1
49,Cambridge,049_0045,,1,52.191811,0.145862,0,0,public,0,asphalt,1
49,Cambridge,049_0046,,1,52.1931,0.142487,0,0,public,0,asphalt,1
49,Cambridge,049_0047,,1,52.184657,0.127667,0,0,unknown,0,,1
49,Cambridge,049_0048,,1,52.222149,0.146645,0,0,private,0,asphalt,1
49,Cambridge,049_0049,,1,52.197969,0.111076,0,0,unknown,0,,1
49,Cambridge,049_0050,,1,52.224594,0.102231,0,0,unknown,0,acrylic,1
49,Cambridge,049_0051,,4,52.208924,0.109349,0,0,private,0,grass,1
50,Doncaster,050_0000,,5,53.518832,-1.120233,0,0,unknown,0,,5
50,Doncaster,050_0001,,3,53.493336,-1.283464,0,0,unknown,0,,3
50,Doncaster,050_0002,,1,53.509758,-1.093232,0,0,unknown,0,,1
50,Doncaster,050_0003,,1,53.535003,-1.102802,0,0,unknown,0,,1
50,Doncaster,050_0004,,1,53.53367,-1.085297,0,0,unknown,0,,1
50,Doncaster,050_0005,,1,53.533628,-1.105147,0,0,unknown,0,concrete,1
50,Doncaster,050_0006,,1,53.50676,-1.090777,0,0,unknown,0,concrete,1
50,Doncaster,050_0007,,1,53.498013,-1.138938,0,0,unknown,0,,1
50,Doncaster,050_0008,,1,53.434308,-1.106825,0,0,unknown,0,asphalt,1
50,Doncaster,050_0009,,1,53.53928,-1.058996,0,0,unknown,0,,1
50,Doncaster,050_0010,,1,53.614574,-0.953177,0,0,unknown,0,,1
50,Doncaster,050_0011,,1,53.436962,-1.156535,0,0,unknown,0,,1
50,Doncaster,050_0012,,1,53.48618,-1.013232,0,0,unknown,0,,1
50,Doncaster,050_0013,,1,53.525351,-1.270501,0,0,unknown,0,,1
50,Doncaster,050_0014,,1,53.521211,-1.266763,0,0,unknown,0,,1
50,Doncaster,050_0015,,1,53.428781,-1.118676,0,0,unknown,0,,1
50,Doncaster,050_0016,,1,53.567358,-1.191972,0,0,unknown,0,,1
50,Doncaster,050_0017,,1,53.567308,-1.190014,0,0,unknown,0,asphalt,1
50,Doncaster,050_0018,,1,53.486892,-0.988422,0,0,unknown,0,,1
50,Doncaster,050_0019,,1,53.566962,-1.11032,0,0,unknown,0,,1
50,Doncaster,050_0020,,1,53.456829,-1.084779,0,0,unknown,0,,1
50,Doncaster,050_0021,,1,53.601635,-1.092528,0,0,unknown,0,,1
50,Doncaster,050_0022,,1,53.544151,-1.171524,0,0,unknown,0,,1
51,Dundee,051_0000,Broughty Ferry Tennis Club,6,56.48207,-2.858174,1,0,unknown,0,,7
51,Dundee,051_0001,,4,56.480567,-2.978258,0,0,unknown,0,,4
51,Dundee,051_0002,,4,56.457406,-3.006565,0,0,private,0,artificial_turf;asphalt,4
51,Dundee,051_0003,,3,56.484588,-3.037284,0,0,unknown,0,asphalt,3
51,Dundee,051_0004,,3,56.461508,-3.005432,0,0,unknown,0,asphalt,3
51,Dundee,051_0005,,2,56.475606,-2.871875,0,0,unknown,0,,2
51,Dundee,051_0006,,2,56.470082,-3.048825,0,0,unknown,0,clay,2
51,Dundee,051_0007,,1,56.457473,-2.983465,0,0,unknown,0,tartan,1
51,Dundee,051_0008,,1,56.465204,-2.98689,0,0,unknown,0,,1
51,Dundee,051_0009,,1,56.470202,-2.94825,0,0,unknown,0,,1
51,Dundee,051_0010,,1,56.475459,-2.895087,0,0,unknown,0,,1
51,Dundee,051_0011,,1,56.461159,-3.0165,0,0,unknown,0,,1
51,Dundee,051_0012,,1,56.467325,-2.859336,0,0,unknown,0,acrylic,1
51,Dundee,051_0013,,1,56.471535,-2.869894,0,0,unknown,0,,1
51,Dundee,051_0014,,1,56.4809,-3.067153,0,0,unknown,0,,1
52,York,052_0000,Copmanthorpe Tennis Club,3,53.91525,-1.136549,1,0,customers,0,asphalt,4
52,York,052_0001,,4,53.974274,-1.138438,0,0,unknown,0,all_weather,4
52,York,052_0002,Heworth Tennis Club,2,53.965116,-1.062146,1,0,unknown,0,,3
52,York,052_0003,,3,53.929264,-1.111278,0,0,unknown,0,,3
52,York,052_0004,,3,53.899191,-0.967442,0,0,unknown,0,,3
52,York,052_0005,,3,53.942922,-1.055333,0,0,unknown,0,artificial_turf,3
52,York,052_0006,,3,53.93662,-1.068403,0,0,unknown,0,,3
52,York,052_0007,,2,53.962375,-0.975322,0,0,unknown,0,,2
52,York,052_0008,,2,53.964637,-1.064388,0,0,unknown,0,,2
52,York,052_0009,,2,53.972131,-1.108308,0,0,unknown,0,,2
52,York,052_0010,,2,53.984823,-1.155987,0,0,unknown,0,,2
52,York,052_0011,,2,53.95106,-1.047021,0,0,unknown,0,,2
52,York,052_0012,,1,53.947751,-1.081489,0,0,unknown,0,artificial_turf,1
52,York,052_0013,,1,53.948276,-1.083087,0,0,unknown,0,artificial_turf,1
52,York,052_0014,,1,53.948762,-1.06401,0,0,unknown,0,,1
52,York,052_0015,,1,53.955683,-1.056194,0,0,unknown,0,artificial_turf,1
52,York,052_0016,,1,53.966821,-1.084088,0,0,unknown,0,asphalt,1
52,York,052_0017,,1,53.965057,-1.086707,0,0,unknown,0,,1
52,York,052_0018,,1,53.969335,-1.072209,0,0,unknown,0,asphalt,1
52,York,052_0019,,1,53.932306,-1.090659,0,0,unknown,0,,1
52,York,052_0020,,1,53.949938,-1.089652,0,0,unknown,0,,1
52,York,052_0021,,1,54.008813,-1.059774,0,0,unknown,0,clay,1
52,York,052_0022,,1,53.947696,-1.130605,0,0,unknown,0,,1
52,York,052_0023,Bishopthorpe Tennis Club,1,53.918592,-1.09113,0,0,unknown,0,,1
52,York,052_0024,,1,53.953377,-1.039708,0,0,unknown,0,,1
52,York,052_0025,,1,53.926279,-0.946413,0,0,unknown,0,,1
52,York,052_0026,Wigginton Tennis Club,1,54.019373,-1.09601,0,0,unknown,0,,1
52,York,052_0027,,1,53.9667,-1.096499,0,0,unknown,0,,1
52,York,052_0028,,1,53.941274,-1.102863,0,0,unknown,0,,1
52,York,052_0029,Rufforth Tennis Club,1,53.954482,-1.185351,0,0,unknown,0,,1
52,York,052_0030,,1,53.979456,-1.071912,0,0,unknown,0,,1
52,York,052_0031,,1,53.98035,-1.070959,0,0,unknown,0,,1
52,York,052_0032,,1,53.95688,-1.194767,0,0,unknown,0,,1
52,York,052_0033,,1,53.974486,-1.101347,0,0,unknown,0,asphalt,1
52,York,052_0034,,1,54.007855,-1.096379,0,0,unknown,0,,1
52,York,052_0035,,1,54.010743,-1.120101,0,0,unknown,0,,1
52,York,052_0036,,1,53.983228,-1.198052,0,0,unknown,0,,1
52,York,052_0037,,1,54.024422,-1.038575,0,0,unknown,0,,1
52,York,052_0038,,1,53.932252,-1.072146,0,0,unknown,0,,1
52,York,052_0039,,1,53.924095,-1.10204,0,0,unknown,0,asphalt,1
52,York,052_0040,,1,53.978836,-0.96923,0,0,unknown,0,,1
52,York,052_0041,,1,53.931759,-1.085676,0,0,unknown,0,,1
52,York,052_0042,,1,53.966848,-1.100563,0,0,unknown,0,,1
52,York,052_0043,,1,54.038261,-1.022785,0,0,unknown,0,,1
52,York,052_0044,,1,54.036682,-1.025623,0,0,unknown,0,,1
52,York,052_0045,,1,54.037205,-1.026943,0,0,unknown,0,,1
52,York,052_0046,,1,54.01775,-1.0787,0,0,private,0,,1
52,York,052_0047,,1,53.91688,-0.938391,0,0,unknown,0,,1
52,York,052_0048,,1,54.0004,-0.979397,0,0,private,0,,1
52,York,052_0049,,1,54.022892,-1.082197,0,0,private,0,,1
52,York,052_0050,,1,53.935872,-1.113456,0,0,unknown,0,,1
53,Gloucester,053_0000,,7,51.871559,-2.229984,0,0,unknown,0,,7
53,Gloucester,053_0001,,5,51.870814,-2.253037,0,0,customers,0,artificial_turf,5
53,Gloucester,053_0002,,4,51.84808,-2.248776,0,0,unknown,0,concrete,4
53,Gloucester,053_0003,,2,51.878651,-2.233182,0,0,unknown,0,rubber,2
53,Gloucester,053_0004,,2,51.818992,-2.263079,0,0,unknown,0,asphalt,2
53,Gloucester,053_0005,,2,51.863253,-2.19423,0,0,unknown,0,,2
53,Gloucester,053_0006,,2,51.822353,-2.268042,0,0,unknown,0,asphalt,2
53,Gloucester,053_0007,,2,51.821037,-2.27226,0,0,unknown,0,,2
53,Gloucester,053_0008,,2,51.873356,-2.242415,0,0,unknown,0,,2
53,Gloucester,053_0009,,1,51.860835,-2.202013,0,0,private,0,asphalt,1
53,Gloucester,053_0010,,1,51.86036,-2.20069,0,0,public,0,asphalt,1
53,Gloucester,053_0011,,1,51.87257,-2.234139,0,0,unknown,0,,1
53,Gloucester,053_0012,,1,51.850867,-2.24943,0,0,unknown,0,concrete,1
53,Gloucester,053_0013,,1,51.852726,-2.269427,0,0,unknown,0,,1
53,Gloucester,053_0014,,1,51.849041,-2.206822,0,0,unknown,0,,1
53,Gloucester,053_0015,,1,51.872688,-2.204007,0,0,unknown,0,,1
54,Burnley,054_0000,,4,53.795853,-2.228475,0,0,unknown,0,,4
54,Burnley,054_0001,,1,53.775659,-2.231333,0,0,unknown,0,,1
54,Burnley,054_0002,,1,53.782258,-2.256819,0,0,unknown,0,,1
54,Burnley,054_0003,,1,53.807983,-2.242118,0,0,unknown,0,,1
54,Burnley,054_0004,,1,53.799756,-2.316508,0,0,unknown,0,,1
54,Burnley,054_0005,,1,53.797269,-2.268906,0,0,unknown,0,,1
54,Burnley,054_0006,,1,53.790639,-2.190556,0,0,unknown,0,,1
55,Telford,055_0000,,1,52.695943,-2.455765,0,0,unknown,0,,1
55,Telford,055_0001,,1,52.662681,-2.470675,0,0,unknown,0,,1
55,Telford,055_0002,,1,52.67456,-2.481451,0,0,unknown,0,,1
55,Telford,055_0003,,1,52.692715,-2.466831,0,0,private,0,,1
55,Telford,055_0004,,1,52.717442,-2.429977,0,0,unknown,0,paved,1
56,Blackburn,056_0000,,6,53.758513,-2.494775,0,0,unknown,0,asphalt;grass,6
56,Blackburn,056_0001,,5,53.769166,-2.489206,0,0,unknown,0,,5
56,Blackburn,056_0002,,4,53.763284,-2.495216,0,0,unknown,0,,4
56,Blackburn,056_0003,,1,53.772475,-2.477595,0,0,unknown,0,,1
56,Blackburn,056_0004,,1,53.741546,-2.493087,0,0,unknown,0,,1
57,Basildon,057_0000,Billericay Lawn Tennis Club,10,51.623566,0.40248,1,0,unknown,0,,11
57,Basildon,057_0001,,5,51.586938,0.462157,0,0,customers,0,,5
57,Basildon,057_0002,,4,51.639915,0.405221,0,0,unknown,0,concrete,4
57,Basildon,057_0003,,4,51.648411,0.423647,0,0,unknown,0,,4
57,Basildon,057_0004,Basildon Tennis Club,1,51.573167,0.482816,1,0,public,0,asphalt,2
57,Basildon,057_0005,,2,51.617599,0.419382,0,0,unknown,0,,2
57,Basildon,057_0006,,2,51.633112,0.419548,0,0,unknown,0,,2
57,Basildon,057_0007,,2,51.637759,0.431734,0,0,private,0,concrete,2
57,Basildon,057_0008,,1,51.618277,0.533605,0,0,unknown,0,asphalt,1
57,Basildon,057_0009,,1,51.566088,0.510308,0,0,unknown,0,,1
57,Basildon,057_0010,,1,51.563545,0.414263,0,0,unknown,0,asphalt,1
57,Basildon,057_0011,,1,51.603494,0.407788,0,0,unknown,0,,1
57,Basildon,057_0012,,1,51.606181,0.4116,0,0,unknown,0,,1
57,Basildon,057_0013,,1,51.602412,0.406633,0,0,unknown,0,,1
57,Basildon,057_0014,,1,51.620472,0.492822,0,0,unknown,0,,1
57,Basildon,057_0015,,1,51.620857,0.494101,0,0,unknown,0,,1
57,Basildon,057_0016,,1,51.604676,0.417846,0,0,unknown,0,,1
57,Basildon,057_0017,,1,51.558954,0.459541,0,0,unknown,0,,1
57,Basildon,057_0018,,1,51.626216,0.38767,0,0,unknown,0,,1
58,Grimsby,058_0000,,8,53.554017,-0.098875,0,0,unknown,0,asphalt,8
58,Grimsby,058_0001,,8,53.560483,-0.041146,0,0,unknown,0,,8
58,Grimsby,058_0002,Court 2,6,53.552228,-0.076277,0,0,customers,0,artificial_turf;tartan,6
58,Grimsby,058_0003,,1,53.569073,-0.115255,0,0,unknown,0,,1
58,Grimsby,058_0004,,1,53.550116,-0.055867,0,0,unknown,0,,1
58,Grimsby,058_0005,,1,53.543477,-0.057903,0,0,unknown,0,,1
58,Grimsby,058_0006,,1,53.552773,-0.066867,0,0,unknown,0,,1
58,Grimsby,058_0007,,1,53.550383,-0.084228,0,0,unknown,0,,1
58,Grimsby,058_0008,,1,53.573924,-0.070643,0,0,unknown,0,,1
58,Grimsby,058_0009,,1,53.548826,-0.039105,0,0,unknown,0,asphalt,1
58,Grimsby,058_0010,,1,53.554539,-0.091709,0,0,unknown,0,asphalt,1
59,Hastings,059_0000,,6,50.862372,0.567976,0,0,unknown,0,artificial_turf;clay,6
59,Hastings,059_0001,,3,50.879976,0.616553,0,0,unknown,0,asphalt,3
59,Hastings,059_0002,,2,50.865038,0.571432,0,0,unknown,0,asphalt,2
59,Hastings,059_0003,,1,50.854262,0.568606,0,0,unknown,0,asphalt,1
59,Hastings,059_0004,The Green Lawn Tennis Club,1,50.859875,0.551633,0,0,unknown,0,,1
59,Hastings,059_0005,,1,50.887175,0.566995,0,0,unknown,0,,1
59,Hastings,059_0006,,1,50.876993,0.606777,0,0,private,0,grass,1
59,Hastings,059_0007,,1,50.877066,0.60474,0,0,private,0,grass,1
59,Hastings,059_0008,,1,50.872452,0.59938,0,0,unknown,0,asphalt,1
59,Hastings,059_0009,,1,50.879692,0.552372,0,0,unknown,0,,1
59,Hastings,059_0010,,1,50.853194,0.551681,0,0,unknown,0,,1
60,High Wycombe,060_0000,High Wycombe Lawn Tennis Club,6,51.62343,-0.732926,1,0,unknown,0,,7
60,High Wycombe,060_0001,,5,51.616703,-0.765488,0,0,private,0,asphalt,5
60,High Wycombe,060_0002,Bucks Indoor Tennis Centre,3,51.614717,-0.783066,1,0,unknown,0,,4
60,High Wycombe,060_0003,,3,51.637428,-0.774976,0,0,unknown,0,,3
60,High Wycombe,060_0004,,1,51.622489,-0.73681,0,0,unknown,0,,1
60,High Wycombe,060_0005,,1,51.616655,-0.754671,0,0,unknown,0,,1
60,High Wycombe,060_0006,,1,51.620344,-0.763235,0,0,unknown,0,,1
60,High Wycombe,060_0007,,1,51.619811,-0.749351,0,0,unknown,0,,1
60,High Wycombe,060_0008,,1,51.623674,-0.749082,0,0,private,0,,1
60,High Wycombe,060_0009,,1,51.639379,-0.740644,0,0,unknown,0,grass,1
60,High Wycombe,060_0010,,1,51.618635,-0.759199,0,0,private,0,,1
60,High Wycombe,060_0011,,1,51.635889,-0.744285,0,0,private,0,,1
60,High Wycombe,060_0012,,1,51.640888,-0.781261,0,0,unknown,0,,1
61,Thanet,061_0000,Margate Lawn Tennis Club,6,51.380355,1.37783,1,0,unknown,0,,7
61,Thanet,061_0001,,6,51.359823,1.41804,0,0,private,0,,6
61,Thanet,061_0002,,4,51.344028,1.41469,0,0,unknown,0,paved,4
61,Thanet,061_0003,,4,51.391478,1.409691,0,0,unknown,0,asphalt,4
61,Thanet,061_0004,Birchington-on-Sea Bowls Club & Tennis Court,2,51.379968,1.301351,1,0,unknown,0,artificial_turf,3
61,Thanet,061_0005,,3,51.350177,1.393985,0,0,unknown,0,,3
61,Thanet,061_0006,,3,51.345468,1.413017,0,0,unknown,0,paved,3
61,Thanet,061_0007,,3,51.329715,1.413579,0,0,unknown,0,,3
61,Thanet,061_0008,Broadstairs and St. Peters Lawn Tennis Club,2,51.366869,1.42931,0,0,unknown,0,,2
61,Thanet,061_0009,,2,51.343238,1.416244,0,0,unknown,0,,2
61,Thanet,061_0010,,1,51.361863,1.433369,0,0,unknown,0,asphalt,1
61,Thanet,061_0011,,1,51.343769,1.432635,0,0,unknown,0,,1
61,Thanet,061_0012,,1,51.342412,1.414251,0,0,unknown,0,,1
61,Thanet,061_0013,,1,51.342557,1.415372,0,0,unknown,0,paved,1
61,Thanet,061_0014,,1,51.338888,1.404035,0,0,unknown,0,asphalt,1
61,Thanet,061_0015,,1,51.352974,1.252112,0,0,unknown,0,asphalt,1
61,Thanet,061_0016,,1,51.349986,1.347494,0,0,private,0,,1
61,Thanet,061_0017,,1,51.383233,1.410244,0,0,private,0,,1
61,Thanet,061_0018,,1,51.378387,1.432814,0,0,private,0,,1
61,Thanet,061_0019,,1,51.38299,1.371194,0,0,unknown,0,asphalt,1
61,Thanet,061_0020,,1,51.337142,1.295573,0,0,private,0,,1
61,Thanet,061_0021,,1,51.335111,1.283213,0,0,customers,0,asphalt,1
61,Thanet,061_0022,,1,51.365665,1.330642,0,0,unknown,0,,1
61,Thanet,061_0023,,1,51.357997,1.314172,0,0,unknown,0,,1
61,Thanet,061_0024,,1,51.348107,1.410047,0,0,unknown,0,,1
61,Thanet,061_0025,,1,51.370759,1.446822,0,0,private,0,,1
61,Thanet,061_0026,,1,51.3707,1.307162,0,0,unknown,0,,1
61,Thanet,061_0027,,1,51.361384,1.403708,0,0,unknown,0,asphalt,1
61,Thanet,061_0028,,1,51.360203,1.423805,0,0,unknown,0,asphalt,1
61,Thanet,061_0029,,1,51.387062,1.437657,0,0,unknown,0,,1
61,Thanet,061_0030,,1,51.378012,1.435399,0,0,unknown,0,,1
61,Thanet,061_0031,,1,51.364512,1.291202,0,0,unknown,0,,1
61,Thanet,061_0032,,1,51.368497,1.446191,0,0,private,0,,1
61,Thanet,061_0033,,1,51.380383,1.298799,0,0,private,0,,1
61,Thanet,061_0034,,1,51.335613,1.32717,0,0,unknown,0,,1
61,Thanet,061_0035,,1,51.384633,1.361511,0,0,unknown,0,,1
61,Thanet,061_0036,,1,51.383613,1.345472,0,0,unknown,0,,1
62,Accrington/Rossendale,062_0000,Holcombe Brook Tennis Club,9,53.623449,-2.325352,1,0,customers,0,,10
62,Accrington/Rossendale,062_0001,,6,53.694999,-2.329863,0,0,unknown,0,,6
62,Accrington/Rossendale,062_0002,,2,53.629139,-2.364569,0,0,customers,0,,2
62,Accrington/Rossendale,062_0003,,2,53.700257,-2.296055,0,0,unknown,0,,2
62,Accrington/Rossendale,062_0004,,2,53.737734,-2.285116,0,0,unknown,0,,2
62,Accrington/Rossendale,062_0005,,1,53.775659,-2.231333,0,0,unknown,0,,1
62,Accrington/Rossendale,062_0006,,1,53.789944,-2.407757,0,0,unknown,0,asphalt,1
62,Accrington/Rossendale,062_0007,,1,53.774812,-2.390361,0,0,unknown,0,asphalt,1
62,Accrington/Rossendale,062_0008,,1,53.642516,-2.311593,0,0,unknown,0,,1
62,Accrington/Rossendale,062_0009,Edgworth Tennis Courts,1,53.645202,-2.392017,0,0,unknown,0,,1
62,Accrington/Rossendale,062_0010,,1,53.707931,-2.282489,0,0,unknown,0,,1
62,Accrington/Rossendale,062_0011,,1,53.702787,-2.269031,0,0,unknown,0,,1
62,Accrington/Rossendale,062_0012,,1,53.745113,-2.358514,0,0,unknown,0,,1
62,Accrington/Rossendale,062_0013,,1,53.738188,-2.356149,0,0,unknown,0,,1
62,Accrington/Rossendale,062_0014,Accrington Tennis Club,1,53.764975,-2.359243,0,0,public,0,asphalt,1
62,Accrington/Rossendale,062_0015,Peel Park Tennis Court,1,53.75825,-2.351156,0,0,public,0,asphalt,1
62,Accrington/Rossendale,062_0016,,1,53.782258,-2.256819,0,0,unknown,0,,1
62,Accrington/Rossendale,062_0017,,1,53.693419,-2.203192,0,0,unknown,0,,1
62,Accrington/Rossendale,062_0018,,1,53.618656,-2.296933,0,0,unknown,0,,1
62,Accrington/Rossendale,062_0019,,1,53.62629,-2.281581,0,0,unknown,0,,1
62,Accrington/Rossendale,062_0020,,1,53.652207,-2.375009,0,0,unknown,0,,1
62,Accrington/Rossendale,062_0021,,1,53.640922,-2.340451,0,0,private,0,,1
62,Accrington/Rossendale,062_0022,,1,53.623272,-2.371309,0,0,unknown,0,,1
62,Accrington/Rossendale,062_0023,,1,53.790639,-2.190556,0,0,unknown,0,,1
63,Motherwell,063_0000,Stepps Lawn Tennis Club,1,55.892471,-4.146102,1,0,unknown,0,,2
63,Motherwell,063_0001,,2,55.967805,-4.008001,0,0,unknown,0,acrylic,2
63,Motherwell,063_0002,,2,55.867809,-3.963941,0,0,unknown,0,artificial_turf;grass,2
63,Motherwell,063_0003,,2,55.9884,-4.004097,0,0,unknown,0,,2
63,Motherwell,063_0004,,1,55.96857,-3.978149,0,0,unknown,0,,1
63,Motherwell,063_0005,,1,55.945907,-4.03682,0,0,unknown,0,,1
63,Motherwell,063_0006,,1,55.960617,-4.014036,0,0,unknown,0,,1
63,Motherwell,063_0007,,1,55.856272,-4.069263,0,0,unknown,0,,1
64,Burton-upon-Trent,064_0000,,3,52.811436,-1.622334,0,0,unknown,0,,3
64,Burton-upon-Trent,064_0001,,2,52.810593,-1.657163,0,0,unknown,0,tartan,2
64,Burton-upon-Trent,064_0002,,2,52.808702,-1.616964,0,0,unknown,0,,2
64,Burton-upon-Trent,064_0003,,2,52.789486,-1.615797,0,0,unknown,0,,2
64,Burton-upon-Trent,064_0004,,2,52.830196,-1.646433,0,0,unknown,0,,2
64,Burton-upon-Trent,064_0005,,1,52.807848,-1.613824,0,0,unknown,0,,1
64,Burton-upon-Trent,064_0006,,1,52.817448,-1.647119,0,0,unknown,0,,1
64,Burton-upon-Trent,064_0007,,1,52.807563,-1.648684,0,0,unknown,0,,1
64,Burton-upon-Trent,064_0008,,1,52.806968,-1.648108,0,0,unknown,0,,1
64,Burton-upon-Trent,064_0009,Burton Tennis Club,1,52.803611,-1.605741,0,0,unknown,0,,1
65,Colchester,065_0000,West End Sports Ground,15,51.877778,0.877436,1,0,unknown,0,asphalt;grass,17
65,Colchester,065_0001,,4,51.874916,0.950415,1,0,unknown,0,,5
65,Colchester,065_0002,,4,51.873873,0.971739,0,0,unknown,0,,4
65,Colchester,065_0003,,3,51.774551,0.915809,0,0,private,0,,3
65,Colchester,065_0004,,2,51.921461,0.899883,0,0,unknown,0,,2
65,Colchester,065_0005,,2,51.841694,0.854371,0,0,unknown,0,,2
65,Colchester,065_0006,,2,51.888848,0.883248,0,0,private,0,,2
65,Colchester,065_0007,West Mersea Tennis Club,2,51.785176,0.924485,1,0,unknown,0,,1
65,Colchester,065_0008,Dedham Lawn Tennis Club,1,51.956961,0.995963,0,0,unknown,0,,1
65,Colchester,065_0009,,1,51.95175,0.929772,0,0,unknown,0,,1
65,Colchester,065_0010,,1,51.883614,0.880407,0,0,unknown,0,,1
65,Colchester,065_0011,,1,51.882653,0.81677,0,0,unknown,0,,1
65,Colchester,065_0012,,1,51.914133,0.846585,0,0,unknown,0,,1
65,Colchester,065_0013,,1,51.89659,0.870004,0,0,unknown,0,,1
65,Colchester,065_0014,,1,51.790503,0.985196,0,0,unknown,0,,1
65,Colchester,065_0015,,1,51.908606,0.789243,0,0,unknown,0,,1
65,Colchester,065_0016,,1,51.881033,0.809645,0,0,unknown,0,,1
65,Colchester,065_0017,,1,51.869653,0.810296,0,0,unknown,0,,1
65,Colchester,065_0018,,1,51.889218,0.787372,0,0,unknown,0,,1
65,Colchester,065_0019,,1,51.956554,0.990804,0,0,private,0,,1
65,Colchester,065_0020,,1,51.907317,0.899987,0,0,unknown,0,,1
65,Colchester,065_0021,,1,51.951311,1.013729,0,0,private,0,concrete,1
65,Colchester,065_0022,,1,51.945116,1.01583,0,0,private,0,concrete,1
65,Colchester,065_0023,,1,51.916111,0.757607,0,0,unknown,0,,1
65,Colchester,065_0024,,1,51.91373,0.748552,0,0,unknown,0,,1
65,Colchester,065_0025,,1,51.845022,0.946855,0,0,unknown,0,,1
65,Colchester,065_0026,,1,51.833405,0.757635,0,0,unknown,0,,1
65,Colchester,065_0027,,1,51.833388,0.740295,0,0,unknown,0,,1
65,Colchester,065_0028,,1,51.94684,0.941997,0,0,unknown,0,,1
65,Colchester,065_0029,,1,51.945978,0.951088,0,0,unknown,0,,1
65,Colchester,065_0030,,1,51.803745,0.85394,0,0,unknown,0,,1
65,Colchester,065_0031,,1,51.82939,0.821743,0,0,unknown,0,,1
65,Colchester,065_0032,,1,51.827792,0.727785,0,0,unknown,0,,1
65,Colchester,065_0033,,1,51.831457,0.725188,0,0,unknown,0,,1
65,Colchester,065_0034,,1,51.847591,0.808012,0,0,unknown,0,,1
65,Colchester,065_0035,,1,51.844317,0.878527,0,0,unknown,0,,1
65,Colchester,065_0036,,1,51.845177,0.962276,0,0,unknown,0,,1
65,Colchester,065_0037,,1,51.908694,0.830292,0,0,private,0,,1
65,Colchester,065_0038,,1,51.849924,0.942552,0,0,unknown,0,,1
65,Colchester,065_0039,,1,51.954444,0.817834,0,0,unknown,0,,1
65,Colchester,065_0040,,1,51.9121,0.837043,0,0,unknown,0,,1
65,Colchester,065_0041,,1,51.90976,0.838995,0,0,unknown,0,,1
65,Colchester,065_0042,,1,51.909769,0.843069,0,0,unknown,0,,1
65,Colchester,065_0043,,1,51.893985,0.843261,0,0,unknown,0,,1
65,Colchester,065_0044,,1,51.893102,0.844773,0,0,unknown,0,,1
65,Colchester,065_0045,,1,51.953471,0.984254,0,0,unknown,0,,1
65,Colchester,065_0046,,1,51.950808,0.981004,0,0,unknown,0,,1
65,Colchester,065_0047,,1,51.942944,0.980404,0,0,unknown,0,,1
65,Colchester,065_0048,,1,51.955005,0.923228,0,0,unknown,0,,1
65,Colchester,065_0049,,1,51.961744,0.951413,0,0,unknown,0,,1
65,Colchester,065_0050,,1,51.963038,0.952722,0,0,unknown,0,,1
65,Colchester,065_0051,,1,51.960068,0.96815,0,0,unknown,0,,1
65,Colchester,065_0052,,1,51.954981,0.981364,0,0,unknown,0,,1
65,Colchester,065_0053,,1,51.951965,0.985279,0,0,unknown,0,,1
65,Colchester,065_0054,,1,51.937892,0.877366,0,0,unknown,0,,1
65,Colchester,065_0055,,1,51.923156,0.750504,0,0,unknown,0,,1
65,Colchester,065_0056,,1,51.941759,0.750058,0,0,unknown,0,,1
65,Colchester,065_0057,,1,51.96136,0.912456,0,0,unknown,0,,1
65,Colchester,065_0058,,1,51.777828,0.932897,0,0,unknown,0,,1
65,Colchester,065_0059,,1,51.783922,0.939792,0,0,private,0,,1
65,Colchester,065_0060,,1,51.93863,0.827904,0,0,unknown,0,,1
65,Colchester,065_0061,,1,51.94513,0.832511,0,0,unknown,0,,1
65,Colchester,065_0062,,1,51.908383,0.843272,0,0,unknown,0,,1
65,Colchester,065_0063,,1,51.908721,0.839991,0,0,unknown,0,,1
65,Colchester,065_0064,,1,51.9173,0.851783,0,0,unknown,0,,1
65,Colchester,065_0065,,1,51.789305,0.928154,0,0,unknown,0,,1
65,Colchester,065_0066,,1,51.797497,0.995142,0,0,unknown,0,,1
65,Colchester,065_0067,,1,51.775283,0.908619,0,0,unknown,0,,1
65,Colchester,065_0068,,1,51.799576,0.858869,0,0,private,0,,1
65,Colchester,065_0069,,1,51.821202,0.885727,0,0,unknown,0,,1
65,Colchester,065_0070,,1,51.83354,0.905345,0,0,private,0,,1
65,Colchester,065_0071,,1,51.835594,0.906151,0,0,unknown,0,,1
65,Colchester,065_0072,,1,51.835477,0.903473,0,0,unknown,0,,1
65,Colchester,065_0073,,1,51.835506,0.923455,0,0,unknown,0,,1
65,Colchester,065_0074,,1,51.92792,0.806781,0,0,unknown,0,,1
65,Colchester,065_0075,,1,51.898602,0.744801,0,0,unknown,0,,1
65,Colchester,065_0076,,1,51.902483,0.782645,0,0,unknown,0,,1
65,Colchester,065_0077,,1,51.828998,0.917531,0,0,private,0,,1
65,Colchester,065_0078,,1,51.797379,0.870122,0,0,private,0,,1
65,Colchester,065_0079,,1,51.929022,0.847961,0,0,private,0,,1
65,Colchester,065_0080,,1,51.92335,0.864624,0,0,private,0,,1
65,Colchester,065_0081,,1,51.940998,0.864233,0,0,private,0,,1
65,Colchester,065_0082,,1,51.941459,0.855411,0,0,private,0,,1
65,Colchester,065_0083,,1,51.942149,0.866388,0,0,private,0,,1
65,Colchester,065_0084,,1,51.943002,0.876999,0,0,unknown,0,,1
65,Colchester,065_0085,,1,51.943716,0.882259,0,0,private,0,,1
65,Colchester,065_0086,,1,51.931923,0.889531,0,0,private,0,,1
65,Colchester,065_0087,,1,51.876208,0.897428,0,0,unknown,0,,1
65,Colchester,065_0088,,1,51.866828,0.891165,0,0,unknown,0,,1
65,Colchester,065_0089,,1,51.858466,0.889313,0,0,unknown,0,,1
65,Colchester,065_0090,,1,51.859086,0.869249,0,0,private,0,,1
65,Colchester,065_0091,,1,51.951053,0.849635,0,0,unknown,0,,1
65,Colchester,065_0092,,1,51.951584,0.852711,0,0,private,0,,1
65,Colchester,065_0093,,1,51.944246,0.877123,0,0,unknown,0,,1
65,Colchester,065_0094,,1,51.947991,0.873536,0,0,private,0,,1
65,Colchester,065_0095,,1,51.925023,0.805216,0,0,private,0,grass,1
65,Colchester,065_0096,,1,51.889057,0.867082,0,0,private,0,,1
65,Colchester,065_0097,,1,51.886495,0.866309,0,0,private,0,,1
65,Colchester,065_0098,,1,51.886543,0.871662,0,0,private,0,,1
66,Eastbourne,066_0000,Fishermens Green Tennis Court,4,50.777738,0.306271,0,0,customers,0,asphalt,4
66,Eastbourne,066_0001,,3,50.793887,0.275484,0,0,unknown,0,,3
66,Eastbourne,066_0002,Hampden Park Tennis Club,2,50.794053,0.272165,0,0,unknown,0,asphalt,2
66,Eastbourne,066_0003,,2,50.758261,0.261818,0,0,unknown,0,,2
66,Eastbourne,066_0004,,2,50.770873,0.26899,0,0,unknown,0,,2
66,Eastbourne,066_0005,,2,50.766049,0.259673,0,0,unknown,0,,2
66,Eastbourne,066_0006,,1,50.770381,0.273309,0,0,unknown,0,,1
66,Eastbourne,066_0007,,1,50.758085,0.263495,0,0,unknown,0,,1
66,Eastbourne,066_0008,,1,50.758802,0.2639,0,0,unknown,0,,1
66,Eastbourne,066_0009,,1,50.762808,0.278077,0,0,unknown,0,,1
66,Eastbourne,066_0010,,1,50.76524,0.2706,0,0,unknown,0,,1
66,Eastbourne,066_0011,,1,50.772997,0.254977,0,0,unknown,0,asphalt,1
66,Eastbourne,066_0012,,1,50.773815,0.254334,0,0,unknown,0,asphalt,1
66,Eastbourne,066_0013,,1,50.762457,0.280242,0,0,unknown,0,asphalt,1
67,Exeter,067_0000,,8,50.722619,-3.498304,0,0,public,0,asphalt,8
67,Exeter,067_0001,Victoria Park Tennis And Bridge Club,4,50.719066,-3.51434,1,0,unknown,0,clay,5
67,Exeter,067_0002,David Lloyd Clubs,3,50.709859,-3.470184,1,0,customers,0,,4
67,Exeter,067_0003,,4,50.732103,-3.478557,0,0,unknown,0,,4
67,Exeter,067_0004,Tunnels Tennis Club,3,50.711355,-3.517295,0,0,unknown,0,asphalt,3
67,Exeter,067_0005,,2,50.717177,-3.510618,0,0,unknown,0,artificial_turf,2
67,Exeter,067_0006,,2,50.684557,-3.464969,0,0,public,0,asphalt,2
67,Exeter,067_0007,,2,50.707383,-3.490613,0,0,unknown,0,,2
67,Exeter,067_0008,,1,50.71087,-3.545132,0,0,unknown,0,,1
67,Exeter,067_0009,,1,50.699627,-3.495151,0,0,unknown,0,,1
67,Exeter,067_0010,Covered Tennis Courts,1,50.738814,-3.536559,0,0,unknown,0,,1
67,Exeter,067_0011,,1,50.735465,-3.526534,0,0,unknown,0,,1
67,Exeter,067_0012,,1,50.725651,-3.548069,0,0,unknown,0,,1
67,Exeter,067_0013,,1,50.718345,-3.480539,0,0,private,0,asphalt,1
67,Exeter,067_0014,,1,50.69988,-3.487083,0,0,unknown,0,,1
67,Exeter,067_0015,,1,50.733401,-3.488373,0,0,unknown,0,,1
67,Exeter,067_0016,,1,50.731347,-3.464093,0,0,unknown,0,hard,1
67,Exeter,067_0017,,1,50.733955,-3.527825,0,0,unknown,0,,1
67,Exeter,067_0018,,1,50.730726,-3.471376,0,0,unknown,0,,1
67,Exeter,067_0019,,1,50.729639,-3.537794,0,0,unknown,0,tartan,1
67,Exeter,067_0020,,1,50.679543,-3.459168,0,0,unknown,0,,1
67,Exeter,067_0021,,1,50.72828,-3.556109,0,0,unknown,0,,1
67,Exeter,067_0022,St James School Tennis Court,1,50.738452,-3.495729,0,0,unknown,0,,1
67,Exeter,067_0023,,1,50.692399,-3.510732,0,0,private,0,,1
68,Cheltenham,068_0000,Cheltenham Ladies' College Well Place Courts,17,51.89558,-2.091594,1,0,unknown,0,,18
68,Cheltenham,068_0001,East Glos Club,9,51.88662,-2.067432,1,0,unknown,0,,10
68,Cheltenham,068_0002,,8,51.886339,-2.099493,0,0,unknown,0,asphalt,8
68,Cheltenham,068_0003,Court 1,6,51.894188,-2.080636,0,0,public,0,asphalt,6
68,Cheltenham,068_0004,,6,51.911877,-2.063637,0,0,private,0,asphalt,6
68,Cheltenham,068_0005,,6,51.892852,-2.107103,0,0,unknown,0,asphalt,6
68,Cheltenham,068_0006,,4,51.892175,-2.103164,0,0,unknown,0,asphalt,4
68,Cheltenham,068_0007,,3,51.910687,-2.069674,0,0,unknown,0,rubber,3
68,Cheltenham,068_0008,,3,51.884357,-2.063564,0,0,unknown,0,,3
68,Cheltenham,068_0009,,3,51.878398,-2.081715,0,0,unknown,0,grass,3
68,Cheltenham,068_0010,,3,51.877381,-2.091788,0,0,customers,0,,3
68,Cheltenham,068_0011,,2,51.891099,-2.052648,0,0,unknown,0,,2
68,Cheltenham,068_0012,,1,51.870151,-2.074096,0,0,unknown,0,,1
68,Cheltenham,068_0013,,1,51.896581,-2.08477,0,0,unknown,0,grass,1
68,Cheltenham,068_0014,,1,51.890629,-2.125001,0,0,unknown,0,asphalt,1
68,Cheltenham,068_0015,,1,51.912964,-2.051096,0,0,unknown,0,,1
68,Cheltenham,068_0016,,1,51.887332,-2.073204,0,0,unknown,0,rubber,1
68,Cheltenham,068_0017,,1,51.8912,-2.099744,0,0,private,0,,1
68,Cheltenham,068_0018,,1,51.905062,-2.115429,0,0,unknown,0,,1
68,Cheltenham,068_0019,,1,51.925032,-2.091897,0,0,unknown,0,,1
68,Cheltenham,068_0020,,1,51.895571,-2.132275,0,0,unknown,0,,1
68,Cheltenham,068_0021,,1,51.919857,-2.075335,0,0,unknown,0,,1
68,Cheltenham,068_0022,,1,51.885704,-2.09215,0,0,unknown,0,,1
68,Cheltenham,068_0023,,1,51.883412,-2.065421,0,0,unknown,0,,1
68,Cheltenham,068_0024,,1,51.876475,-2.029511,0,0,unknown,0,,1
68,Cheltenham,068_0025,,1,51.878794,-2.032751,0,0,unknown,0,,1
68,Cheltenham,068_0026,,1,51.888756,-2.03886,0,0,unknown,0,,1
68,Cheltenham,068_0027,,1,51.881399,-2.041422,0,0,unknown,0,,1
68,Cheltenham,068_0028,,1,51.88539,-2.04415,0,0,private,0,,1
68,Cheltenham,068_0029,,1,51.8952,-2.045516,0,0,unknown,0,,1
68,Cheltenham,068_0030,,1,51.868077,-2.068369,0,0,unknown,0,,1
68,Cheltenham,068_0031,,1,51.913937,-2.109845,0,0,unknown,0,asphalt,1
69,Torquay/Paignton,069_0000,,8,50.465838,-3.536303,0,0,unknown,0,,8
69,Torquay/Paignton,069_0001,,4,50.385197,-3.518384,0,0,unknown,0,,4
69,Torquay/Paignton,069_0002,,2,50.463733,-3.538176,0,0,unknown,0,tartan,2
69,Torquay/Paignton,069_0003,,2,50.431448,-3.569601,0,0,unknown,0,,2
69,Torquay/Paignton,069_0004,,2,50.468296,-3.497097,0,0,unknown,0,,2
69,Torquay/Paignton,069_0005,,2,50.457776,-3.521867,0,0,unknown,0,,2
69,Torquay/Paignton,069_0006,,1,50.43856,-3.565823,0,0,unknown,0,asphalt,1
69,Torquay/Paignton,069_0007,,1,50.477573,-3.51885,0,0,unknown,0,,1
69,Torquay/Paignton,069_0008,,1,50.396476,-3.518114,0,0,unknown,0,,1
69,Torquay/Paignton,069_0009,,1,50.480009,-3.556698,0,0,unknown,0,,1
69,Torquay/Paignton,069_0010,,1,50.396334,-3.542956,0,0,unknown,0,asphalt,1
69,Torquay/Paignton,069_0011,,1,50.430322,-3.617264,0,0,unknown,0,,1
69,Torquay/Paignton,069_0012,,1,50.414185,-3.566344,0,0,unknown,0,,1
69,Torquay/Paignton,069_0013,,1,50.458976,-3.542037,0,0,private,0,,1
69,Torquay/Paignton,069_0014,,1,50.476277,-3.558558,0,0,unknown,0,artificial_turf,1
69,Torquay/Paignton,069_0015,,1,50.47584,-3.552148,0,0,unknown,0,,1
69,Torquay/Paignton,069_0016,,1,50.479806,-3.541929,0,0,unknown,0,,1
69,Torquay/Paignton,069_0017,,1,50.466088,-3.539808,0,0,unknown,0,paved,1
69,Torquay/Paignton,069_0018,,1,50.465283,-3.540263,0,0,unknown,0,paved,1
69,Torquay/Paignton,069_0019,,1,50.442565,-3.56606,0,0,unknown,0,,1
69,Torquay/Paignton,069_0020,,1,50.497104,-3.524848,0,0,unknown,0,,1
69,Torquay/Paignton,069_0021,,1,50.500862,-3.527014,0,0,unknown,0,,1
69,Torquay/Paignton,069_0022,,1,50.499008,-3.517844,0,0,unknown,0,,1
69,Torquay/Paignton,069_0023,,1,50.396909,-3.559234,0,0,unknown,0,,1
69,Torquay/Paignton,069_0024,,1,50.384033,-3.545107,0,0,unknown,0,,1
69,Torquay/Paignton,069_0025,,1,50.437026,-3.608288,0,0,unknown,0,,1
69,Torquay/Paignton,069_0026,,1,50.457807,-3.509138,0,0,unknown,0,,1
70,Lincoln,070_0000,,6,53.235165,-0.560385,0,0,unknown,0,,6
70,Lincoln,070_0001,,6,53.195761,-0.57332,0,0,unknown,0,,6
70,Lincoln,070_0002,Eastgate Tennis Club,2,53.236521,-0.532288,1,0,unknown,0,,1
70,Lincoln,070_0003,,1,53.203655,-0.571789,0,0,unknown,0,,1
71,Chesterfield,071_0000,Chesterfield Lawn Tennis Club,7,53.241178,-1.439095,1,0,unknown,0,grass,8
71,Chesterfield,071_0001,,2,53.229777,-1.437901,0,0,unknown,0,asphalt,2
71,Chesterfield,071_0002,,1,53.250084,-1.445143,0,0,unknown,0,,1
71,Chesterfield,071_0003,,1,53.231375,-1.432805,0,0,unknown,0,,1
71,Chesterfield,071_0004,,1,53.253086,-1.458574,0,0,private,0,,1
71,Chesterfield,071_0005,,1,53.2523,-1.45662,0,0,unknown,0,,1
71,Chesterfield,071_0006,,1,53.222974,-1.406314,0,0,unknown,0,,1
71,Chesterfield,071_0007,,1,53.225514,-1.473218,0,0,unknown,0,,1
71,Chesterfield,071_0008,,1,53.230564,-1.474106,0,0,private,0,,1
71,Chesterfield,071_0009,,1,53.229169,-1.47194,0,0,private,0,,1
71,Chesterfield,071_0010,,1,53.254793,-1.469916,0,0,private,0,,1
72,Chelmsford,072_0000,,10,51.763699,0.507747,0,0,unknown,0,,10
72,Chelmsford,072_0001,,9,51.719304,0.494817,0,0,unknown,0,concrete;grass;tartan,9
72,Chelmsford,072_0002,,7,51.77216,0.465625,0,0,unknown,0,asphalt,7
72,Chelmsford,072_0003,Grove Lawn Tennis Club,6,51.721896,0.467469,1,0,private,0,tartan,7
72,Chelmsford,072_0004,Great Baddow Lawn Tennis Club,6,51.710999,0.515554,1,0,unknown,0,,7
72,Chelmsford,072_0005,,5,51.744364,0.468979,0,0,unknown,0,paved,5
72,Chelmsford,072_0006,,4,51.725146,0.433715,0,0,unknown,0,Acrylic,4
72,Chelmsford,072_0007,Old Chelmsfordians,2,51.740573,0.441098,1,0,unknown,0,,3
72,Chelmsford,072_0008,,3,51.740196,0.518595,0,0,unknown,0,,3
72,Chelmsford,072_0009,,3,51.722076,0.462557,0,0,public,0,asphalt,3
72,Chelmsford,072_0010,,3,51.648863,0.435966,0,0,unknown,0,,3
72,Chelmsford,072_0011,,2,51.754891,0.461397,0,0,unknown,0,,2
72,Chelmsford,072_0012,,2,51.750935,0.450749,0,0,unknown,0,,2
72,Chelmsford,072_0013,,2,51.737873,0.486455,0,0,unknown,0,asphalt,2
72,Chelmsford,072_0014,,2,51.737126,0.486817,0,0,unknown,0,asphalt,2
72,Chelmsford,072_0015,,2,51.756594,0.54482,0,0,unknown,0,,2
72,Chelmsford,072_0016,,2,51.728176,0.575703,0,0,unknown,0,,2
72,Chelmsford,072_0017,,2,51.646657,0.621105,0,0,unknown,0,,2
72,Chelmsford,072_0018,,2,51.734313,0.43564,0,0,unknown,0,grass,2
72,Chelmsford,072_0019,,2,51.739425,0.450996,0,0,unknown,0,,2
72,Chelmsford,072_0020,,2,51.739955,0.4524,0,0,unknown,0,,2
72,Chelmsford,072_0021,,2,51.722925,0.46434,0,0,unknown,0,asphalt,2
72,Chelmsford,072_0022,,1,51.802376,0.408331,0,0,unknown,0,,1
72,Chelmsford,072_0023,,1,51.705801,0.468961,0,0,unknown,0,asphalt,1
72,Chelmsford,072_0024,,1,51.738325,0.42686,0,0,unknown,0,,1
72,Chelmsford,072_0025,,1,51.690389,0.417093,0,0,unknown,0,,1
72,Chelmsford,072_0026,,1,51.654691,0.520457,0,0,private,0,,1
72,Chelmsford,072_0027,,1,51.714369,0.577607,0,0,unknown,0,,1
72,Chelmsford,072_0028,,1,51.844146,0.519763,0,0,unknown,0,,1
72,Chelmsford,072_0029,,1,51.622002,0.533143,0,0,private,0,,1
72,Chelmsford,072_0030,Fitness Suite & Changing Rooms,2,51.764884,0.50736,1,0,unknown,0,,1
72,Chelmsford,072_0031,,1,51.738502,0.587581,0,0,unknown,0,,1
72,Chelmsford,072_0032,,1,51.733362,0.462705,0,0,unknown,0,decoturf,1
72,Chelmsford,072_0033,,1,51.729735,0.441446,0,0,unknown,0,,1
72,Chelmsford,072_0034,,1,51.719097,0.470016,0,0,unknown,0,,1
72,Chelmsford,072_0035,,1,51.75297,0.571969,0,0,private,0,,1
72,Chelmsford,072_0036,,1,51.756345,0.543081,0,0,unknown,0,,1
72,Chelmsford,072_0037,,1,51.756856,0.543823,0,0,unknown,0,,1
72,Chelmsford,072_0038,,1,51.743864,0.583055,0,0,unknown,0,,1
72,Chelmsford,072_0039,,1,51.743251,0.583678,0,0,unknown,0,,1
72,Chelmsford,072_0040,,1,51.735867,0.582624,0,0,unknown,0,,1
72,Chelmsford,072_0041,,1,51.729328,0.57666,0,0,unknown,0,,1
72,Chelmsford,072_0042,,1,51.725617,0.58414,0,0,unknown,0,,1
72,Chelmsford,072_0043,,1,51.683499,0.492838,0,0,unknown,0,,1
72,Chelmsford,072_0044,,1,51.675135,0.47911,0,0,unknown,0,,1
72,Chelmsford,072_0045,,1,51.672595,0.502099,0,0,unknown,0,,1
72,Chelmsford,072_0046,,1,51.668563,0.502261,0,0,unknown,0,,1
72,Chelmsford,072_0047,,1,51.77911,0.360887,0,0,unknown,0,,1
72,Chelmsford,072_0048,,1,51.713367,0.484571,0,0,unknown,0,,1
72,Chelmsford,072_0049,,1,51.71684,0.49015,0,0,unknown,0,,1
72,Chelmsford,072_0050,,1,51.682572,0.47895,0,0,unknown,0,,1
72,Chelmsford,072_0051,,1,51.696376,0.413729,0,0,unknown,0,,1
72,Chelmsford,072_0052,,1,51.695805,0.411689,0,0,unknown,0,,1
72,Chelmsford,072_0053,,1,51.728848,0.553881,0,0,private,0,,1
72,Chelmsford,072_0054,,1,51.776155,0.469699,0,0,private,0,,1
72,Chelmsford,072_0055,,1,51.825871,0.506269,0,0,unknown,0,,1
72,Chelmsford,072_0056,,1,51.790219,0.45461,0,0,unknown,0,,1
72,Chelmsford,072_0057,,1,51.789414,0.47721,0,0,unknown,0,,1
72,Chelmsford,072_0058,,1,51.797471,0.428089,0,0,unknown,0,,1
72,Chelmsford,072_0059,,1,51.715489,0.583514,0,0,unknown,0,,1
72,Chelmsford,072_0060,,1,51.784586,0.47885,0,0,unknown,0,,1
72,Chelmsford,072_0061,,1,51.674061,0.463669,0,0,unknown,0,,1
72,Chelmsford,072_0062,,1,51.697615,0.5468,0,0,unknown,0,,1
72,Chelmsford,072_0063,,1,51.7009,0.547174,0,0,unknown,0,,1
72,Chelmsford,072_0064,,1,51.714824,0.556061,0,0,unknown,0,,1
72,Chelmsford,072_0065,,1,51.689829,0.410763,0,0,unknown,0,,1
72,Chelmsford,072_0066,,1,51.683676,0.556624,0,0,unknown,0,,1
72,Chelmsford,072_0067,,1,51.625036,0.498337,0,0,unknown,0,,1
72,Chelmsford,072_0068,,1,51.683173,0.435833,0,0,unknown,0,,1
72,Chelmsford,072_0069,,1,51.811967,0.518057,0,0,private,0,,1
72,Chelmsford,072_0070,,1,51.682401,0.482137,0,0,unknown,0,,1
72,Chelmsford,072_0071,,1,51.743618,0.575599,0,0,unknown,0,,1
72,Chelmsford,072_0072,,1,51.74048,0.577491,0,0,unknown,0,,1
72,Chelmsford,072_0073,,1,51.73503,0.574496,0,0,unknown,0,,1
72,Chelmsford,072_0074,,1,51.732206,0.582262,0,0,unknown,0,,1
72,Chelmsford,072_0075,,1,51.736356,0.590278,0,0,unknown,0,,1
72,Chelmsford,072_0076,,1,51.73574,0.591662,0,0,unknown,0,,1
72,Chelmsford,072_0077,,1,51.674605,0.504702,0,0,unknown,0,,1
72,Chelmsford,072_0078,,1,51.640694,0.526584,0,0,unknown,0,,1
72,Chelmsford,072_0079,,1,51.637858,0.479685,0,0,unknown,0,,1
72,Chelmsford,072_0080,,1,51.783795,0.354951,0,0,unknown,0,,1
72,Chelmsford,072_0081,,1,51.729557,0.427721,0,0,unknown,0,,1
72,Chelmsford,072_0082,,1,51.742995,0.553508,0,0,private,0,,1
73,Basingstoke,073_0000,,4,51.352346,-1.259201,0,0,unknown,0,,4
73,Basingstoke,073_0001,,3,51.355782,-1.386434,0,0,unknown,0,,3
73,Basingstoke,073_0002,,3,51.246875,-1.123536,0,0,unknown,0,,3
73,Basingstoke,073_0003,,2,51.29667,-1.100383,0,0,unknown,0,clay,2
73,Basingstoke,073_0004,,2,51.31113,-1.38603,0,0,unknown,0,,2
73,Basingstoke,073_0005,Tadley Common Tennis Court,1,51.355898,-1.135287,0,0,unknown,0,,1
73,Basingstoke,073_0006,,1,51.354289,-1.123788,0,0,unknown,0,,1
73,Basingstoke,073_0007,,1,51.32477,-1.240064,0,0,unknown,0,,1
73,Basingstoke,073_0008,,1,51.315879,-1.160764,0,0,unknown,0,,1
73,Basingstoke,073_0009,Waverley Lawn Tennis Club,1,51.258774,-1.087763,0,0,unknown,0,,1
73,Basingstoke,073_0010,,2,51.252529,-1.130307,1,0,unknown,0,,1
73,Basingstoke,073_0011,,1,51.258514,-1.077598,0,0,customers,0,,1
73,Basingstoke,073_0012,,1,51.330203,-1.065725,0,0,unknown,0,,1
73,Basingstoke,073_0013,,1,51.315673,-1.027539,0,0,unknown,0,,1
73,Basingstoke,073_0014,,1,51.212711,-1.156101,0,0,unknown,0,,1
73,Basingstoke,073_0015,,1,51.274977,-1.042079,0,0,unknown,0,,1
73,Basingstoke,073_0016,,1,51.233012,-1.299818,0,0,unknown,0,,1
73,Basingstoke,073_0017,,1,51.245342,-1.263399,0,0,unknown,0,paved,1
73,Basingstoke,073_0018,,1,51.346456,-1.356928,0,0,unknown,0,,1
73,Basingstoke,073_0019,,1,51.339664,-1.368991,0,0,private,0,,1
73,Basingstoke,073_0020,,1,51.342726,-1.370847,0,0,unknown,0,,1
73,Basingstoke,073_0021,,1,51.325724,-1.378008,0,0,unknown,0,,1
73,Basingstoke,073_0022,,1,51.20404,-1.040495,0,0,unknown,0,,1
73,Basingstoke,073_0023,,1,51.286168,-1.096615,0,0,unknown,0,,1
73,Basingstoke,073_0024,,1,51.222519,-1.224626,0,0,unknown,0,,1
73,Basingstoke,073_0025,,1,51.214977,-1.197615,0,0,unknown,0,,1
73,Basingstoke,073_0026,,1,51.308062,-1.021463,0,0,unknown,0,,1
73,Basingstoke,073_0027,,1,51.357359,-1.407022,0,0,unknown,0,,1
73,Basingstoke,073_0028,,1,51.326255,-1.362377,0,0,private,0,,1
73,Basingstoke,073_0029,,1,51.201584,-1.074904,0,0,private,0,,1
73,Basingstoke,073_0030,,1,51.301254,-1.126382,0,0,private,0,,1
73,Basingstoke,073_0031,,1,51.299527,-1.114729,0,0,unknown,0,,1
73,Basingstoke,073_0032,,1,51.276691,-1.154159,0,0,unknown,0,,1
73,Basingstoke,073_0033,,1,51.236868,-1.099808,0,0,unknown,0,,1
73,Basingstoke,073_0034,,1,51.250807,-1.259036,0,0,unknown,0,,1
73,Basingstoke,073_0035,,1,51.274565,-1.150916,0,0,unknown,0,,1
73,Basingstoke,073_0036,,1,51.282798,-0.990431,0,0,private,0,,1
73,Basingstoke,073_0037,,1,51.287892,-1.187358,0,0,unknown,0,,1
73,Basingstoke,073_0038,,1,51.289082,-1.187663,0,0,unknown,0,,1
73,Basingstoke,073_0039,,1,51.289651,-1.192925,0,0,unknown,0,,1
73,Basingstoke,073_0040,,1,51.292123,-1.193145,0,0,unknown,0,,1
73,Basingstoke,073_0041,,1,51.240985,-1.028729,0,0,unknown,0,,1
73,Basingstoke,073_0042,,1,51.230833,-1.035866,0,0,unknown,0,,1
73,Basingstoke,073_0043,,1,51.264309,-1.02015,0,0,unknown,0,,1
73,Basingstoke,073_0044,,1,51.317957,-0.990457,0,0,unknown,0,,1
73,Basingstoke,073_0045,,1,51.311585,-0.986596,0,0,unknown,0,,1
73,Basingstoke,073_0046,,1,51.18542,-1.129298,0,0,private,0,,1
73,Basingstoke,073_0047,,1,51.185279,-1.103642,0,0,private,0,,1
73,Basingstoke,073_0048,,1,51.210621,-1.092036,0,0,private,0,,1
73,Basingstoke,073_0049,,1,51.26102,-0.999609,0,0,unknown,0,,1
73,Basingstoke,073_0050,,1,51.258177,-1.038551,0,0,unknown,0,,1
73,Basingstoke,073_0051,,1,51.253637,-1.01845,0,0,unknown,0,,1
73,Basingstoke,073_0052,,1,51.302966,-1.391294,0,0,unknown,0,,1
73,Basingstoke,073_0053,,1,51.298717,-1.118476,0,0,unknown,0,,1
73,Basingstoke,073_0054,,1,51.306864,-1.035693,0,0,unknown,0,,1
73,Basingstoke,073_0055,,1,51.262765,-1.228978,0,0,unknown,0,,1
73,Basingstoke,073_0056,,1,51.261938,-1.231057,0,0,unknown,0,,1
73,Basingstoke,073_0057,,1,51.260204,-1.231927,0,0,unknown,0,,1
73,Basingstoke,073_0058,,1,51.284291,-1.230175,0,0,unknown,0,,1
73,Basingstoke,073_0059,,1,51.295468,-1.224865,0,0,private,0,,1
73,Basingstoke,073_0060,,1,51.298517,-1.228354,0,0,unknown,0,,1
73,Basingstoke,073_0061,,1,51.308981,-1.155637,0,0,unknown,0,,1
73,Basingstoke,073_0062,,1,51.25528,-1.182121,0,0,private,0,,1
73,Basingstoke,073_0063,,1,51.261216,-1.077382,0,0,unknown,0,asphalt,1
73,Basingstoke,073_0064,,1,51.279853,-1.040901,0,0,unknown,0,,1
73,Basingstoke,073_0065,,1,51.271152,-1.041985,0,0,unknown,0,,1
73,Basingstoke,073_0066,,1,51.209486,-1.157046,0,0,private,0,,1
73,Basingstoke,073_0067,,1,51.241556,-1.269729,0,0,unknown,0,,1
73,Basingstoke,073_0068,,1,51.243492,-1.271512,0,0,unknown,0,,1
73,Basingstoke,073_0069,,1,51.331406,-1.244572,0,0,unknown,0,,1
73,Basingstoke,073_0070,,1,51.347304,-1.240005,0,0,unknown,0,,1
73,Basingstoke,073_0071,,1,51.348413,-1.243738,0,0,private,0,,1
73,Basingstoke,073_0072,,1,51.351771,-1.250017,0,0,unknown,0,,1
73,Basingstoke,073_0073,,1,51.34922,-1.258018,0,0,unknown,0,,1
73,Basingstoke,073_0074,,1,51.345643,-1.263283,0,0,unknown,0,,1
73,Basingstoke,073_0075,,1,51.356479,-1.287678,0,0,unknown,0,,1
73,Basingstoke,073_0076,,1,51.358882,-1.306057,0,0,unknown,0,,1
73,Basingstoke,073_0077,,1,51.366213,-1.297206,0,0,unknown,0,,1
73,Basingstoke,073_0078,,1,51.372077,-1.314673,0,0,unknown,0,,1
73,Basingstoke,073_0079,,1,51.370524,-1.314066,0,0,unknown,0,,1
73,Basingstoke,073_0080,,1,51.307521,-1.02218,0,0,unknown,0,,1
73,Basingstoke,073_0081,,1,51.339911,-1.211713,0,0,unknown,0,,1
73,Basingstoke,073_0082,,1,51.328966,-1.344013,0,0,private,0,,1
73,Basingstoke,073_0083,,1,51.236722,-1.087059,0,0,unknown,0,,1
73,Basingstoke,073_0084,,1,51.205609,-0.987525,0,0,private,0,,1
73,Basingstoke,073_0085,,1,51.19995,-0.991196,0,0,private,0,,1
73,Basingstoke,073_0086,,1,51.173128,-1.13369,0,0,unknown,0,,1
73,Basingstoke,073_0087,,1,51.151312,-1.167818,0,0,private,0,,1
73,Basingstoke,073_0088,,1,51.150964,-1.176058,0,0,private,0,,1
73,Basingstoke,073_0089,,1,51.15119,-1.172658,0,0,private,0,,1
73,Basingstoke,073_0090,,1,51.181441,-1.09425,0,0,private,0,,1
73,Basingstoke,073_0091,,1,51.216328,-1.109984,0,0,unknown,0,,1
73,Basingstoke,073_0092,,1,51.211978,-1.145447,0,0,unknown,0,,1
73,Basingstoke,073_0093,,1,51.19649,-1.130303,0,0,unknown,0,,1
73,Basingstoke,073_0094,,1,51.226888,-1.019975,0,0,unknown,0,,1
73,Basingstoke,073_0095,,1,51.264397,-1.011781,0,0,unknown,0,,1
73,Basingstoke,073_0096,,1,51.218397,-1.016392,0,0,unknown,0,,1
73,Basingstoke,073_0097,,1,51.224581,-1.013057,0,0,unknown,0,,1
73,Basingstoke,073_0098,,1,51.178482,-1.129223,0,0,private,0,,1
73,Basingstoke,073_0099,,1,51.172904,-1.130278,0,0,private,0,,1
73,Basingstoke,073_0100,,1,51.169124,-1.141557,0,0,private,0,,1
73,Basingstoke,073_0101,,1,51.167397,-1.137402,0,0,private,0,,1
73,Basingstoke,073_0102,,1,51.168284,-1.135384,0,0,private,0,,1
73,Basingstoke,073_0103,,1,51.158464,-1.160611,0,0,unknown,0,,1
73,Basingstoke,073_0104,,1,51.211947,-1.045488,0,0,private,0,,1
73,Basingstoke,073_0105,,1,51.352872,-1.101463,0,0,unknown,0,,1
73,Basingstoke,073_0106,,1,51.211509,-1.230924,0,0,unknown,0,,1
73,Basingstoke,073_0107,,1,51.210569,-1.240944,0,0,unknown,0,,1
73,Basingstoke,073_0108,,1,51.225063,-1.359548,0,0,private,0,,1
73,Basingstoke,073_0109,,1,51.23281,-1.372534,0,0,private,0,,1
73,Basingstoke,073_0110,,1,51.269313,-1.188925,0,0,unknown,0,,1
73,Basingstoke,073_0111,,1,51.21164,-1.360316,0,0,unknown,0,,1
73,Basingstoke,073_0112,,1,51.245579,-1.234478,0,0,unknown,0,,1
73,Basingstoke,073_0113,,1,51.332038,-1.264051,0,0,private,0,,1
73,Basingstoke,073_0114,,1,51.331637,-1.267171,0,0,private,0,,1
73,Basingstoke,073_0115,,1,51.317546,-1.304316,0,0,private,0,,1
73,Basingstoke,073_0116,,1,51.346243,-1.413255,0,0,unknown,0,,1
73,Basingstoke,073_0117,,1,51.347589,-1.392479,0,0,unknown,0,,1
73,Basingstoke,073_0118,,1,51.351511,-1.420792,0,0,unknown,0,,1
73,Basingstoke,073_0119,,1,51.27864,-1.042115,0,0,unknown,0,,1
73,Basingstoke,073_0120,,1,51.285625,-1.050259,0,0,unknown,0,,1
73,Basingstoke,073_0121,,1,51.228031,-1.220724,0,0,unknown,0,,1
73,Basingstoke,073_0122,,1,51.229525,-1.214324,0,0,unknown,0,,1
73,Basingstoke,073_0123,,1,51.220973,-1.210329,0,0,unknown,0,,1
73,Basingstoke,073_0124,,1,51.221059,-1.214436,0,0,unknown,0,,1
73,Basingstoke,073_0125,,1,51.259634,-1.002233,0,0,unknown,0,,1
73,Basingstoke,073_0126,,1,51.322548,-1.289151,0,0,private,0,,1
73,Basingstoke,073_0127,,1,51.303979,-1.127347,0,0,unknown,0,,1
73,Basingstoke,073_0128,,1,51.354967,-1.180999,0,0,unknown,0,,1
73,Basingstoke,073_0129,,1,51.306778,-1.411061,0,0,unknown,0,,1
73,Basingstoke,073_0130,,1,51.312129,-1.404787,0,0,unknown,0,,1
73,Basingstoke,073_0131,,1,51.315836,-1.402924,0,0,unknown,0,,1
73,Basingstoke,073_0132,,1,51.316524,-1.401888,0,0,unknown,0,,1
73,Basingstoke,073_0133,,1,51.342206,-1.378219,0,0,unknown,0,,1
73,Basingstoke,073_0134,,1,51.3078,-1.127116,0,0,unknown,0,,1
73,Basingstoke,073_0135,,1,51.290606,-1.380874,0,0,unknown,0,,1
73,Basingstoke,073_0136,,1,51.277631,-1.397137,0,0,unknown,0,,1
73,Basingstoke,073_0137,,1,51.277461,-1.399821,0,0,unknown,0,,1
73,Basingstoke,073_0138,,1,51.347609,-1.365552,0,0,unknown,0,,1
73,Basingstoke,073_0139,,1,51.253319,-1.398335,0,0,unknown,0,,1
73,Basingstoke,073_0140,,1,51.247701,-1.391075,0,0,unknown,0,,1
73,Basingstoke,073_0141,,1,51.27135,-1.372991,0,0,private,0,,1
73,Basingstoke,073_0142,,1,51.324583,-1.075916,0,0,unknown,0,,1
73,Basingstoke,073_0143,,1,51.320917,-1.078567,0,0,unknown,0,,1
73,Basingstoke,073_0144,,1,51.325835,-1.076752,0,0,unknown,0,,1
73,Basingstoke,073_0145,,1,51.236177,-1.315344,0,0,unknown,0,,1
73,Basingstoke,073_0146,,1,51.21776,-1.375829,0,0,unknown,0,,1
73,Basingstoke,073_0147,,1,51.358684,-1.25711,0,0,unknown,0,,1
73,Basingstoke,073_0148,,1,51.36236,-1.252042,0,0,unknown,0,,1
73,Basingstoke,073_0149,,1,51.242333,-1.249251,0,0,private,0,,1
73,Basingstoke,073_0150,,1,51.336712,-1.382476,0,0,unknown,0,,1
73,Basingstoke,073_0151,,1,51.336178,-1.377309,0,0,unknown,0,,1
73,Basingstoke,073_0152,,1,51.333846,-1.37631,0,0,unknown,0,,1
73,Basingstoke,073_0153,,1,51.244688,-1.235141,0,0,private,0,,1
73,Basingstoke,073_0154,,1,51.357648,-1.39362,0,0,private,0,,1
73,Basingstoke,073_0155,,1,51.352163,-1.408045,0,0,unknown,0,,1
73,Basingstoke,073_0156,,1,51.354368,-1.406563,0,0,unknown,0,,1
73,Basingstoke,073_0157,,1,51.340922,-1.400394,0,0,unknown,0,,1
73,Basingstoke,073_0158,,1,51.349888,-1.404449,0,0,unknown,0,,1
73,Basingstoke,073_0159,,1,51.34919,-1.418485,0,0,unknown,0,,1
73,Basingstoke,073_0160,,1,51.363102,-1.387206,0,0,unknown,0,,1
73,Basingstoke,073_0161,,1,51.331417,-1.392449,0,0,unknown,0,,1
73,Basingstoke,073_0162,,1,51.33292,-1.393605,0,0,unknown,0,,1
73,Basingstoke,073_0163,,1,51.244278,-1.218261,0,0,unknown,0,,1
73,Basingstoke,073_0164,,1,51.249704,-1.218975,0,0,unknown,0,,1
73,Basingstoke,073_0165,,1,51.352273,-1.416601,0,0,unknown,0,,1
73,Basingstoke,073_0166,,1,51.353574,-1.017489,0,0,unknown,0,,1
73,Basingstoke,073_0167,,1,51.211808,-1.199028,0,0,unknown,0,,1
73,Basingstoke,073_0168,,1,51.362186,-1.371821,0,0,private,0,,1
73,Basingstoke,073_0169,,1,51.229312,-0.996874,0,0,unknown,0,,1
73,Basingstoke,073_0170,,1,51.22741,-1.006434,0,0,unknown,0,,1
73,Basingstoke,073_0171,,1,51.228513,-1.001447,0,0,unknown,0,,1
73,Basingstoke,073_0172,,1,51.231015,-1.000703,0,0,unknown,0,,1
73,Basingstoke,073_0173,,1,51.232743,-1.00405,0,0,unknown,0,,1
73,Basingstoke,073_0174,,1,51.275743,-1.15556,0,0,unknown,0,,1
73,Basingstoke,073_0175,,1,51.364575,-1.389324,0,0,unknown,0,,1
73,Basingstoke,073_0176,,1,51.363318,-1.402422,0,0,unknown,0,,1
73,Basingstoke,073_0177,,1,51.253227,-1.405257,0,0,private,0,,1
73,Basingstoke,073_0178,,1,51.255719,-1.410751,0,0,private,0,,1
73,Basingstoke,073_0179,,1,51.257106,-1.41156,0,0,private,0,,1
73,Basingstoke,073_0180,,1,51.225038,-1.336423,0,0,private,0,paved,1
73,Basingstoke,073_0181,,1,51.355785,-1.336911,0,0,unknown,0,,1
73,Basingstoke,073_0182,,1,51.328488,-0.990426,0,0,unknown,0,,1
73,Basingstoke,073_0183,,1,51.331639,-0.986527,0,0,unknown,0,,1
73,Basingstoke,073_0184,,1,51.338007,-1.002482,0,0,unknown,0,,1
73,Basingstoke,073_0185,,1,51.347087,-1.004623,0,0,unknown,0,,1
73,Basingstoke,073_0186,,1,51.295447,-1.230773,0,0,unknown,0,,1
73,Basingstoke,073_0187,,1,51.246158,-1.181288,0,0,private,0,,1
73,Basingstoke,073_0188,,1,51.17076,-1.091888,0,0,unknown,0,,1
73,Basingstoke,073_0189,,1,51.356524,-1.335192,0,0,unknown,0,,1
73,Basingstoke,073_0190,,1,51.367442,-1.335477,0,0,unknown,0,,1
73,Basingstoke,073_0191,,1,51.368125,-1.329694,0,0,unknown,0,,1
73,Basingstoke,073_0192,,1,51.243147,-1.042366,0,0,unknown,0,,1
73,Basingstoke,073_0193,,1,51.324044,-1.254347,0,0,unknown,0,,1
73,Basingstoke,073_0194,,1,51.351088,-1.235087,0,0,unknown,0,,1
73,Basingstoke,073_0195,,1,51.274965,-1.165773,0,0,private,0,asphalt,1
73,Basingstoke,073_0196,,1,51.296871,-1.225924,0,0,private,0,,1
73,Basingstoke,073_0197,,1,51.248453,-1.18482,0,0,unknown,0,,1
73,Basingstoke,073_0198,,1,51.245792,-1.397876,0,0,unknown,0,,1
73,Basingstoke,073_0199,,1,51.254737,-1.182843,0,0,public,0,rubber,1
73,Basingstoke,073_0200,,1,51.347508,-1.315308,0,0,private,0,,1
73,Basingstoke,073_0201,,1,51.349162,-1.316604,0,0,private,0,,1
73,Basingstoke,073_0202,,1,51.340044,-1.296229,0,0,private,0,,1
73,Basingstoke,073_0203,,1,51.338677,-1.29433,0,0,private,0,,1
73,Basingstoke,073_0204,,1,51.334884,-1.334964,0,0,private,0,,1
73,Basingstoke,073_0205,,1,51.335773,-1.283956,0,0,unknown,0,,1
73,Basingstoke,073_0206,,1,51.319908,-1.204594,0,0,unknown,0,,1
73,Basingstoke,073_0207,,1,51.33502,-1.166024,0,0,unknown,0,,1
73,Basingstoke,073_0208,,1,51.331598,-1.179605,0,0,unknown,0,,1
73,Basingstoke,073_0209,,1,51.329569,-1.181112,0,0,unknown,0,,1
73,Basingstoke,073_0210,,1,51.329746,-1.182527,0,0,unknown,0,,1
73,Basingstoke,073_0211,,1,51.327005,-1.186475,0,0,unknown,0,,1
73,Basingstoke,073_0212,,1,51.318281,-1.199261,0,0,unknown,0,,1
73,Basingstoke,073_0213,,1,51.31329,-1.158022,0,0,unknown,0,,1
73,Basingstoke,073_0214,,1,51.317707,-1.160674,0,0,unknown,0,,1
73,Basingstoke,073_0215,,1,51.310468,-1.160927,0,0,unknown,0,,1
73,Basingstoke,073_0216,,1,51.248731,-1.187453,0,0,unknown,0,,1
73,Basingstoke,073_0217,,1,51.241834,-1.417698,0,0,unknown,0,,1
73,Basingstoke,073_0218,,1,51.242998,-1.415816,0,0,private,0,,1
73,Basingstoke,073_0219,,1,51.257248,-1.414627,0,0,unknown,0,,1
73,Basingstoke,073_0220,,1,51.257076,-1.40621,0,0,unknown,0,,1
73,Basingstoke,073_0221,,1,51.261411,-1.420883,0,0,unknown,0,,1
73,Basingstoke,073_0222,,1,51.265056,-1.419112,0,0,private,0,,1
73,Basingstoke,073_0223,,1,51.234795,-1.38725,0,0,private,0,,1
73,Basingstoke,073_0224,,1,51.33575,-1.338546,0,0,unknown,0,,1
73,Basingstoke,073_0225,,1,51.318605,-1.317113,0,0,private,0,,1
74,Maidstone,074_0000,,4,51.279479,0.500153,0,0,unknown,0,,4
74,Maidstone,074_0001,,3,51.269354,0.578475,0,0,unknown,0,,3
74,Maidstone,074_0002,,3,51.278519,0.514505,0,0,unknown,0,,3
74,Maidstone,074_0003,,2,51.273083,0.544518,0,0,unknown,0,,2
74,Maidstone,074_0004,,2,51.24764,0.541334,0,0,unknown,0,,2
74,Maidstone,074_0005,,2,51.265542,0.533852,0,0,private,0,,2
74,Maidstone,074_0006,,2,51.172621,0.635298,0,0,unknown,0,,2
74,Maidstone,074_0007,,2,51.156747,0.486593,0,0,unknown,0,,2
74,Maidstone,074_0008,,2,51.281529,0.560544,0,0,unknown,0,,2
74,Maidstone,074_0009,,2,51.257476,0.616315,0,0,unknown,0,,2
74,Maidstone,074_0010,,1,51.262278,0.52754,0,0,unknown,0,tartan,1
74,Maidstone,074_0011,,1,51.155868,0.553701,0,0,unknown,0,,1
74,Maidstone,074_0012,,1,51.238574,0.709171,0,0,unknown,0,,1
74,Maidstone,074_0013,,1,51.138157,0.567958,0,0,private,0,,1
74,Maidstone,074_0014,,1,51.138774,0.511309,0,0,private,0,,1
74,Maidstone,074_0015,,1,51.213192,0.421293,0,0,private,0,,1
74,Maidstone,074_0016,,1,51.182868,0.471713,0,0,private,0,,1
74,Maidstone,074_0017,,1,51.230731,0.518483,0,0,private,0,,1
74,Maidstone,074_0018,,1,51.223299,0.582008,0,0,private,0,,1
74,Maidstone,074_0019,,1,51.17674,0.454951,0,0,private,0,,1
74,Maidstone,074_0020,,1,51.187227,0.4548,0,0,private,0,,1
74,Maidstone,074_0021,,1,51.187793,0.463185,0,0,private,0,,1
74,Maidstone,074_0022,,1,51.19981,0.44629,0,0,private,0,,1
74,Maidstone,074_0023,,1,51.210199,0.436712,0,0,private,0,,1
74,Maidstone,074_0024,,1,51.18981,0.419134,0,0,private,0,,1
74,Maidstone,074_0025,,1,51.255272,0.543236,0,0,unknown,0,,1
74,Maidstone,074_0026,,1,51.243443,0.682237,0,0,unknown,0,,1
74,Maidstone,074_0027,,1,51.217468,0.71113,0,0,unknown,0,,1
74,Maidstone,074_0028,,1,51.267983,0.5006,0,0,public,0,asphalt,1
74,Maidstone,074_0029,,1,51.174806,0.585758,0,0,unknown,0,,1
74,Maidstone,074_0030,,1,51.289426,0.538189,0,0,unknown,0,,1
74,Maidstone,074_0031,,1,51.289335,0.539582,0,0,unknown,0,,1
74,Maidstone,074_0032,,1,51.246756,0.6849,0,0,unknown,0,,1
74,Maidstone,074_0033,,1,51.176337,0.503521,0,0,unknown,0,,1
74,Maidstone,074_0034,,1,51.164954,0.507427,0,0,unknown,0,,1
74,Maidstone,074_0035,,1,51.242095,0.465909,0,0,unknown,0,,1
74,Maidstone,074_0036,,1,51.293841,0.508616,0,0,unknown,0,,1
74,Maidstone,074_0037,,1,51.157904,0.569615,0,0,unknown,0,,1
74,Maidstone,074_0038,,1,51.160053,0.574312,0,0,unknown,0,,1
74,Maidstone,074_0039,,1,51.165544,0.5787,0,0,unknown,0,,1
74,Maidstone,074_0040,,1,51.165562,0.575863,0,0,unknown,0,,1
74,Maidstone,074_0041,,1,51.164262,0.606129,0,0,unknown,0,,1
74,Maidstone,074_0042,,1,51.149229,0.569799,0,0,unknown,0,,1
74,Maidstone,074_0043,,1,51.16946,0.539303,0,0,unknown,0,,1
74,Maidstone,074_0044,,1,51.161712,0.509169,0,0,unknown,0,,1
74,Maidstone,074_0045,,1,51.156143,0.5125,0,0,unknown,0,,1
74,Maidstone,074_0046,,1,51.215514,0.693445,0,0,unknown,0,,1
74,Maidstone,074_0047,,1,51.233692,0.733005,0,0,unknown,0,,1
74,Maidstone,074_0048,,1,51.166626,0.516188,0,0,unknown,0,,1
74,Maidstone,074_0049,,1,51.160575,0.515219,0,0,unknown,0,,1
74,Maidstone,074_0050,,1,51.163747,0.492587,0,0,unknown,0,,1
74,Maidstone,074_0051,,1,51.144192,0.640723,0,0,unknown,0,,1
74,Maidstone,074_0052,,1,51.22641,0.510079,0,0,unknown,0,,1
74,Maidstone,074_0053,,1,51.246772,0.454749,0,0,private,0,,1
74,Maidstone,074_0054,,1,51.273872,0.576571,0,0,unknown,0,,1
74,Maidstone,074_0055,,1,51.277403,0.571395,0,0,unknown,0,,1
74,Maidstone,074_0056,,1,51.28884,0.522274,0,0,unknown,0,,1
74,Maidstone,074_0057,,1,51.249856,0.515356,0,0,unknown,0,,1
74,Maidstone,074_0058,,1,51.255239,0.511285,0,0,unknown,0,,1
74,Maidstone,074_0059,,1,51.255378,0.559898,0,0,unknown,0,,1
74,Maidstone,074_0060,,1,51.225234,0.676356,0,0,private,0,,1
74,Maidstone,074_0061,,1,51.299908,0.544315,0,0,unknown,0,,1
74,Maidstone,074_0062,,1,51.205163,0.467969,0,0,unknown,0,,1
74,Maidstone,074_0063,,1,51.201391,0.471919,0,0,unknown,0,,1
74,Maidstone,074_0064,,1,51.196624,0.47827,0,0,unknown,0,,1
74,Maidstone,074_0065,,1,51.219068,0.477081,0,0,unknown,0,,1
74,Maidstone,074_0066,,1,51.219936,0.47421,0,0,unknown,0,,1
74,Maidstone,074_0067,,1,51.220063,0.47068,0,0,unknown,0,,1
74,Maidstone,074_0068,,1,51.219099,0.469039,0,0,unknown,0,,1
74,Maidstone,074_0069,,1,51.21846,0.455293,0,0,unknown,0,,1
74,Maidstone,074_0070,,1,51.21958,0.454749,0,0,unknown,0,,1
74,Maidstone,074_0071,,1,51.223635,0.445881,0,0,unknown,0,,1
74,Maidstone,074_0072,,1,51.222504,0.442032,0,0,unknown,0,,1
74,Maidstone,074_0073,,1,51.223686,0.480888,0,0,unknown,0,,1
74,Maidstone,074_0074,,1,51.224462,0.491511,0,0,unknown,0,,1
74,Maidstone,074_0075,,1,51.222032,0.518034,0,0,unknown,0,,1
74,Maidstone,074_0076,,1,51.210156,0.512546,0,0,unknown,0,,1
74,Maidstone,074_0077,,1,51.185092,0.494004,0,0,unknown,0,,1
74,Maidstone,074_0078,,1,51.181726,0.472377,0,0,unknown,0,,1
74,Maidstone,074_0079,,1,51.190476,0.454298,0,0,unknown,0,,1
74,Maidstone,074_0080,,1,51.19487,0.459237,0,0,unknown,0,,1
74,Maidstone,074_0081,,1,51.192608,0.460702,0,0,unknown,0,,1
74,Maidstone,074_0082,,1,51.22431,0.432629,0,0,unknown,0,,1
74,Maidstone,074_0083,,1,51.231489,0.434789,0,0,unknown,0,,1
74,Maidstone,074_0084,,1,51.232885,0.433816,0,0,unknown,0,,1
74,Maidstone,074_0085,,1,51.237937,0.453959,0,0,unknown,0,,1
74,Maidstone,074_0086,,1,51.232064,0.450848,0,0,unknown,0,,1
74,Maidstone,074_0087,,1,51.242659,0.426376,0,0,unknown,0,,1
74,Maidstone,074_0088,,1,51.218044,0.534384,0,0,unknown,0,,1
74,Maidstone,074_0089,,1,51.231441,0.539319,0,0,unknown,0,,1
74,Maidstone,074_0090,,1,51.201173,0.450656,0,0,unknown,0,,1
74,Maidstone,074_0091,,1,51.245356,0.778857,0,0,unknown,0,,1
74,Maidstone,074_0092,,1,51.244259,0.412949,0,0,unknown,0,,1
74,Maidstone,074_0093,,1,51.241438,0.41232,0,0,unknown,0,,1
74,Maidstone,074_0094,,1,51.241041,0.746624,0,0,unknown,0,,1
74,Maidstone,074_0095,,1,51.215312,0.644576,0,0,unknown,0,,1
74,Maidstone,074_0096,,1,51.197895,0.657857,0,0,unknown,0,,1
74,Maidstone,074_0097,,1,51.221958,0.608256,0,0,unknown,0,,1
74,Maidstone,074_0098,,1,51.222707,0.603324,0,0,unknown,0,,1
74,Maidstone,074_0099,,1,51.265858,0.599739,0,0,unknown,0,,1
74,Maidstone,074_0100,,1,51.172358,0.6111,0,0,unknown,0,,1
74,Maidstone,074_0101,,1,51.174345,0.579524,0,0,unknown,0,,1
74,Maidstone,074_0102,,1,51.231541,0.478815,0,0,unknown,0,,1
74,Maidstone,074_0103,,1,51.241667,0.702396,0,0,unknown,0,,1
74,Maidstone,074_0104,,1,51.245362,0.687647,0,0,unknown,0,,1
74,Maidstone,074_0105,,1,51.246568,0.683013,0,0,unknown,0,,1
74,Maidstone,074_0106,,1,51.322949,0.659023,0,0,unknown,0,,1
74,Maidstone,074_0107,,1,51.195079,0.56043,0,0,unknown,0,,1
74,Maidstone,074_0108,,1,51.291864,0.592788,0,0,unknown,0,,1
74,Maidstone,074_0109,,1,51.249999,0.475874,0,0,private,0,,1
74,Maidstone,074_0110,,1,51.248297,0.477082,0,0,private,0,,1
74,Maidstone,074_0111,,1,51.159897,0.570853,0,0,unknown,0,,1
74,Maidstone,074_0112,,1,51.242746,0.593797,0,0,private,0,,1
74,Maidstone,074_0113,,1,51.247953,0.573573,0,0,unknown,0,,1
74,Maidstone,074_0114,,1,51.192844,0.513559,0,0,unknown,0,,1
74,Maidstone,074_0115,,1,51.189731,0.545988,0,0,unknown,0,,1
75,Bedford,075_0000,Riverside Tennis Club,12,52.141161,-0.451612,1,0,unknown,0,,13
75,Bedford,075_0001,,8,52.159221,-0.432281,0,0,unknown,0,asphalt,8
75,Bedford,075_0002,,4,52.149536,-0.483379,0,0,unknown,0,,4
75,Bedford,075_0003,,4,52.146469,-0.46424,0,0,unknown,0,,4
75,Bedford,075_0004,,4,52.088285,-0.470398,0,0,unknown,0,,4
75,Bedford,075_0005,,3,52.114332,-0.481501,0,0,unknown,0,,3
75,Bedford,075_0006,,2,52.16089,-0.447437,0,0,unknown,0,asphalt,2
75,Bedford,075_0007,,2,52.160822,-0.466247,0,0,unknown,0,asphalt,2
75,Bedford,075_0008,,2,52.166992,-0.432026,0,0,unknown,0,,2
75,Bedford,075_0009,,2,52.086224,-0.533478,0,0,unknown,0,,2
75,Bedford,075_0010,,2,52.224624,-0.538285,0,0,unknown,0,,2
75,Bedford,075_0011,Bedford Girls School Junior School Tennis Courts,2,52.132211,-0.464347,1,0,private,0,,1
75,Bedford,075_0012,Alexander Sports Centre,2,52.143579,-0.486114,1,0,unknown,0,,1
75,Bedford,075_0013,,1,52.140339,-0.478604,0,0,unknown,0,,1
75,Bedford,075_0014,,1,52.134031,-0.449448,0,0,unknown,0,tartan,1
75,Bedford,075_0015,,3,52.139414,-0.506243,0,0,unknown,0,,1
75,Bedford,075_0016,,1,52.228838,-0.570294,0,0,unknown,0,,1
75,Bedford,075_0017,,1,52.225259,-0.549309,0,0,unknown,0,,1
75,Bedford,075_0018,,1,52.145052,-0.463633,0,0,unknown,0,,1
75,Bedford,075_0019,,1,52.213226,-0.369085,0,0,unknown,0,,1
75,Bedford,075_0020,,1,52.194115,-0.364206,0,0,unknown,0,,1
75,Bedford,075_0021,,1,52.170981,-0.554622,0,0,unknown,0,,1
75,Bedford,075_0022,,1,52.148958,-0.455895,0,0,unknown,0,asphalt,1
75,Bedford,075_0023,,1,52.202174,-0.611521,0,0,unknown,0,,1
75,Bedford,075_0024,,1,52.163928,-0.561646,0,0,unknown,0,,1
75,Bedford,075_0025,,1,52.168975,-0.533799,0,0,unknown,0,,1
75,Bedford,075_0026,,1,52.138231,-0.381081,0,0,unknown,0,,1
75,Bedford,075_0027,,1,52.15931,-0.59021,0,0,unknown,0,,1
75,Bedford,075_0028,,1,52.165535,-0.621228,0,0,unknown,0,,1
75,Bedford,075_0029,,1,52.275681,-0.493289,0,0,unknown,0,,1
75,Bedford,075_0030,,1,52.307739,-0.488645,0,0,private,0,,1
75,Bedford,075_0031,,1,52.316098,-0.498839,0,0,private,0,,1
75,Bedford,075_0032,,1,52.261364,-0.476579,0,0,private,0,,1
75,Bedford,075_0033,,1,52.281218,-0.494236,0,0,private,0,,1
75,Bedford,075_0034,,1,52.247612,-0.487916,0,0,private,0,,1
75,Bedford,075_0035,,1,52.255282,-0.42859,0,0,private,0,,1
75,Bedford,075_0036,,1,52.163134,-0.619247,0,0,unknown,0,,1
75,Bedford,075_0037,,1,52.294117,-0.515874,0,0,unknown,0,,1
75,Bedford,075_0038,,1,52.190644,-0.538835,0,0,unknown,0,,1
75,Bedford,075_0039,,1,52.247526,-0.631556,0,0,unknown,0,,1
75,Bedford,075_0040,,1,52.179144,-0.551193,0,0,unknown,0,,1
75,Bedford,075_0041,,1,52.139749,-0.511911,0,0,private,0,,1
75,Bedford,075_0042,,1,52.137654,-0.507923,0,0,unknown,0,,1
75,Bedford,075_0043,,1,52.191056,-0.422988,0,0,unknown,0,,1
75,Bedford,075_0044,,1,52.303172,-0.459178,0,0,unknown,0,,1
75,Bedford,075_0045,,1,52.157262,-0.388951,0,0,unknown,0,,1
75,Bedford,075_0046,,1,52.144768,-0.50117,0,0,unknown,0,,1
75,Bedford,075_0047,,1,52.122462,-0.390433,0,0,unknown,0,,1
75,Bedford,075_0048,,1,52.154311,-0.351641,0,0,unknown,0,grass,1
75,Bedford,075_0049,,1,52.241366,-0.408415,0,0,unknown,0,,1
75,Bedford,075_0050,,1,52.169233,-0.529222,0,0,unknown,0,,1
75,Bedford,075_0051,,1,52.121119,-0.388362,0,0,unknown,0,,1
75,Bedford,075_0052,,1,52.221649,-0.352345,0,0,unknown,0,,1
75,Bedford,075_0053,,1,52.091954,-0.383412,0,0,unknown,0,,1
75,Bedford,075_0054,,1,52.132523,-0.526947,0,0,unknown,0,,1
75,Bedford,075_0055,,1,52.131519,-0.530843,0,0,unknown,0,,1
75,Bedford,075_0056,,1,52.133016,-0.531968,0,0,unknown,0,,1
75,Bedford,075_0057,,1,52.067649,-0.513147,0,0,unknown,0,,1
75,Bedford,075_0058,,1,52.237078,-0.333838,0,0,unknown,0,,1
76,Worcester,076_0000,Boughton Park Lawn Tennis Club,7,52.18141,-2.246082,1,0,unknown,0,artificial_turf;grass,9
76,Worcester,076_0001,,5,52.187378,-2.230017,0,0,unknown,0,,5
76,Worcester,076_0002,,2,52.207524,-2.230952,0,0,unknown,0,paved,2
76,Worcester,076_0003,,1,52.18978,-2.22907,0,0,unknown,0,asphalt,1
76,Worcester,076_0004,,1,52.215995,-2.234572,0,0,unknown,0,artificial_turf,1
76,Worcester,076_0005,,1,52.213648,-2.20596,0,0,unknown,0,,1
76,Worcester,076_0006,,1,52.201653,-2.230315,0,0,private,0,,1
76,Worcester,076_0007,,1,52.180932,-2.211381,0,0,unknown,0,,1
