city_rank,city_name,osm_type,osm_id,lat,lon,kind,leisure,sport,club,access,name,operator,tennis_courts_tag,surface,in_park,park_name,in_park,park_name
1,Greater London,node,6369893182,51.473175,-0.2152334,sports_centre,sports_centre,tennis,,,Bishops Park Tennis Centre,,,,1,Bishop's Park,1,Bishop's Park
1,Greater London,node,6525008515,51.5287271,-0.1744813,sports_centre,sports_centre,tennis,sport,,,,,,0,,0,
1,Greater London,node,6566010913,51.3961415,-0.2261022,sports_centre,sports_centre,tennis,,,All England Club Community Sports Ground,,,,0,,0,
1,Greater London,node,7368055523,51.4947972,-0.2578367,sports_centre,sports_centre,soccer;tennis;netball;padel,,,Rocks Lane Chiswick,,,,1,Chiswick Back Common,1,Chiswick Back Common
1,Greater London,node,9434227144,51.5897324,-0.2306034,court,pitch,tennis,,,Real Tennis Court,,,,0,,0,
1,Greater London,node,11780254990,51.5031988,-0.1732562,sports_centre,sports_centre,bowls;netball;padel;soccer;table_tennis;tennis,,,The Courts at Hyde Park,,,,1,Hyde Park,1,Hyde Park
1,Greater London,node,13585201949,51.5257366,-0.1535773,sports_centre,sports_centre,tennis,,,The Courts at The Regent's Park,,,,1,The Regent's Park,1,The Regent's Park
1,Greater London,way,3794047,51.4669057,-0.2277234,court,pitch,tennis,,,,,,,0,,0,
1,Greater London,way,4075881,51.4270756,-0.0133193,court,pitch,tennis,,,,,,,0,,0,
1,Greater London,way,4076765,51.4199173,-0.0370509,court,pitch,tennis,,,,,,,0,,0,
1,Greater London,way,4251005,51.5293439,-0.3094491,court,pitch,tennis,,,,,,,0,,0,
1,Greater London,way,4254146,51.4574186,-0.3744749,court,pitch,tennis,,,,,,,0,,0,
1,Greater London,way,4260005,51.4978208,-0.1160694,court,pitch,tennis,,yes,,,,tartan,1,Archbishop's Park,1,Archbishop's Park
1,Greater London,way,4263129,51.5924565,0.0602166,court,pitch,tennis,,,,,,,0,,0,
1,Greater London,way,4263419,51.5830095,0.118625,court,pitch,tennis,,,,,,,0,,0,
1,Greater London,way,4365471,51.4617605,-0.2249002,sports_centre,sports_centre,tennis,sport,,Putney Lawn Tennis Club,,,,0,,0,
1,Greater London,way,4437823,51.4475201,-0.1772543,sports_centre,sports_centre,tennis,,,Magdalen Park Lawn Tennis Club,,,,0,,0,
1,Greater London,way,4566326,51.5250542,-0.053326,court,pitch,tennis,,,,Tower Hamlets Tennis,,paved,1,Bethnal Green Gardens,1,Bethnal Green Gardens
1,Greater London,way,4808837,51.5555422,-0.3446611,court,pitch,tennis,,,,,,,0,,0,
1,Greater London,way,4808840,51.5558829,-0.3445318,court,pitch,tennis,,,,,,,0,,0,
1,Greater London,way,4808841,51.5563423,-0.3443824,court,pitch,tennis,,,,,,,0,,0,
1,Greater London,way,4857779,51.549488,-0.3308642,court,pitch,tennis,,,,,,,1,Horsenden Hill Open Space,1,Horsenden Hill Open Space
1,Greater London,way,4940726,51.5125533,-0.3433647,court,pitch,tennis,,,,,,grass,0,,0,
1,Greater London,way,4940789,51.5128309,-0.3429644,court,pitch,tennis,,,,,,,0,,0,
1,Greater London,way,4941298,51.4437645,-0.3181656,court,pitch,tennis,,,,,,,1,King George's Field,1,King George's Field
1,Greater London,way,4946717,51.4440444,-0.0875155,court,pitch,tennis,,,,,,,0,,0,
1,Greater London,way,4946722,51.4444407,-0.0873431,court,pitch,tennis,,,,,,,0,,0,
1,Greater London,way,4960831,51.4211689,-0.069765,court,pitch,tennis,,,,,,asphalt,1,Crystal Palace Park,1,Crystal Palace Park
1,Greater London,way,4965225,51.4442755,-0.0820127,court,pitch,tennis,,,,,,,1,Dulwich Park,1,Dulwich Park
1,Greater London,way,5012638,51.4512459,-0.1084473,court,pitch,tennis,,,,,,,0,,0,
1,Greater London,way,5012639,51.4509935,-0.1089826,court,pitch,tennis,,,,,,,0,,0,
1,Greater London,way,5012640,51.4507313,-0.1085453,court,pitch,tennis,,,,,,,0,,0,
1,Greater London,way,5015046,51.4545505,-0.0870548,sports_centre,sports_centre,tennis,,,North Dulwich Lawn Tennis Club,,,,0,,0,
1,Greater London,way,5021721,51.363008,-0.1600902,court,pitch,tennis,,,,,,tartan,1,Carshalton Park,1,Carshalton Park
1,Greater London,way,5035391,51.5729763,-0.3311647,court,pitch,tennis,,,Beckwith Courts,,,,0,,0,
1,Greater London,way,5035392,51.5725651,-0.330671,court,pitch,tennis,,,Beckwith Courts,,,,0,,0,
1,Greater London,way,5035441,51.5661879,-0.3360985,court,pitch,tennis,,,,,,,0,,0,
1,Greater London,way,5052363,51.4358299,-0.2029745,court,pitch,tennis,,,,,,artificial_turf,1,Wimbledon Park,1,Wimbledon Park
1,Greater London,way,5052369,51.4363764,-0.2037812,court,pitch,tennis,,,,,,artificial_turf,1,Wimbledon Park,1,Wimbledon Park
1,Greater London,way,5081765,51.4811746,-0.263241,sports_centre,sports_centre,tennis,sport,,Chiswick Tennis Club,,,,0,,0,
1,Greater London,way,5111753,51.4575897,-0.0848245,court,pitch,tennis,,,,,,,0,,0,
1,Greater London,way,5211987,51.5265608,-0.3410423,court,pitch,tennis,,,,,,,0,,0,
1,Greater London,way,5217116,51.4668132,-0.3319924,court,pitch,tennis,,,,,,,1,Redlees Park,1,Redlees Park
1,Greater London,way,5318791,51.4881145,-0.1588221,court,pitch,tennis,,,,,,tartan,1,Burton Court,1,Burton Court
1,Greater London,way,5984151,51.6466096,-0.1826621,court,pitch,tennis,,,,,,,0,,0,
1,Greater London,way,5984640,51.6289619,-0.1686548,sports_centre,sports_centre,tennis,,,Oakleigh Park Lawn Tennis and Squash Club,,,,0,,0,
1,Greater London,way,8104212,51.4293249,-0.0490263,court,pitch,tennis,,,,,,,1,Mayow Park,1,Mayow Park
1,Greater London,way,8681366,51.6438477,-0.0728715,sports_centre,sports_centre,bowls;tennis,social;sport,,Bush Hill Park Club,,,,0,,0,
1,Greater London,way,8681534,51.6463388,-0.0755839,court,pitch,tennis,,,,,,,0,,0,
1,Greater London,way,8681680,51.650695,-0.0866603,court,pitch,tennis,,,,,,asphalt,1,Enfield Town Park,1,Enfield Town Park
1,Greater London,way,8879805,51.4729095,-0.0010979,court,pitch,tennis,,customers,,,,asphalt,0,,0,
1,Greater London,way,8885667,51.4220519,-0.0591797,sports_centre,sports_centre,tennis;squash;croquet,sport,,"Sydenham Tennis, Squash and Croquet Club",,,,0,,0,
1,Greater London,way,9060653,51.6614017,-0.1009251,sports_centre,sports_centre,tennis,sport,,Enfield Lawn Tennis Club,,,,0,,0,
1,Greater London,way,9066487,51.6501994,-0.0687696,court,pitch,tennis,,,,,,,1,Bush Hill Park,1,Bush Hill Park
1,Greater London,way,9640240,51.6133698,-0.2390922,court,pitch,tennis,,,,,,,1,Mill Hill Park,1,Mill Hill Park
1,Greater London,way,9797897,51.635916,-0.151395,court,pitch,tennis,,,,,,,1,Oak Hill Park,1,Oak Hill Park
1,Greater London,way,9924916,51.3678534,0.1052986,court,pitch,tennis,,private,,,,,0,,0,
1,Greater London,way,9924923,51.367589,0.1059311,court,pitch,tennis,,private,,,,,0,,0,
1,Greater London,way,9935948,51.4784627,-0.3353196,court,pitch,tennis,,,,,,clay,0,,0,
1,Greater London,way,10589795,51.4932991,-0.4004009,sports_centre,sports_centre,tennis,,,David Lloyd Raquet Health and Fitness Club,,,,0,,0,
1,Greater London,way,12546159,51.6615881,-0.0920209,court,pitch,tennis,,,,,,artificial_turf,0,,0,
1,Greater London,way,12546223,51.6619128,-0.0914544,court,pitch,tennis,,,,,,artificial_turf,0,,0,
1,Greater London,way,13001136,51.4492846,-0.0963093,court,pitch,tennis,,,,,,,0,,0,
1,Greater London,way,13001160,51.4490732,-0.09632,court,pitch,tennis,,,,,,,0,,0,
1,Greater London,way,13001198,51.4485919,-0.0943157,court,pitch,tennis,,,,,,,0,,0,
1,Greater London,way,13001238,51.4486704,-0.0939433,court,pitch,tennis,,,,,,,0,,0,
1,Greater London,way,13001247,51.4479257,-0.0940238,court,pitch,tennis,,,,,,,0,,0,
1,Greater London,way,13868528,51.4052257,-0.1172761,sports_centre,sports_centre,tennis,,,Norbury Park Lawn Tennis Club,,,,0,,0,
1,Greater London,way,13869015,51.5032022,-0.1734955,court,pitch,tennis,,,,,,,1,Hyde Park,1,Hyde Park
1,Greater London,way,14014520,51.4632757,-0.1180028,court,pitch,football;tennis;netball,,,Ferndale Community Sports Centre,,,,0,,0,
1,Greater London,way,15137411,51.6432134,-0.0787098,sports_centre,sports_centre,tennis,sport,,Enfield Chase Tennis Club,,,,0,,0,
1,Greater London,way,15244833,51.4842623,-0.4120248,court,pitch,tennis,,,,,,,1,Avenue Park,1,Avenue Park
1,Greater London,way,15254174,51.3725557,-0.0512133,court,pitch,tennis,,,,,,,0,,0,
1,Greater London,way,17555586,51.6098976,-0.1959145,sports_centre,sports_centre,tennis,,,Finchley Lawn Tennis Club,,,,0,,0,
1,Greater London,way,18099654,51.601106,-0.2040908,court,pitch,tennis,,,,,,,0,,0,
1,Greater London,way,18614176,51.4423512,-0.1799657,sports_centre,sports_centre,cricket;tennis;field_hockey;squash;lacrosse;netball,sport,,The Spencer Club,,,,0,,0,
1,Greater London,way,19248526,51.316438,0.0458218,court,pitch,tennis,,,,,,,0,,0,
1,Greater London,way,19789972,51.5855066,-0.1955661,court,pitch,tennis,,,,,,,0,,0,
1,Greater London,way,19801627,51.3151504,-0.1332446,court,pitch,tennis,,,,,,,1,Coulsdon Memorial Ground,1,Coulsdon Memorial Ground
1,Greater London,way,20043930,51.5851845,-0.3465373,court,pitch,tennis;basketball,,,,,,asphalt,1,Harrow Recreation Ground,1,Harrow Recreation Ground
1,Greater London,way,20206484,51.5155273,-0.2207132,sports_centre,sports_centre,climbing;tennis;badminton;football;eton_fives;squash,,,Westway Sports Centre,,,,0,,0,
1,Greater London,way,20212520,51.5977245,-0.1902064,court,pitch,tennis,,,,,,acrylic,0,,0,
1,Greater London,way,22312263,51.5893332,-0.3513649,sports_centre,sports_centre,tennis,,,,,,,0,,0,
1,Greater London,way,22315736,51.5929092,-0.366043,court,pitch,tennis;netball,,,,,,,0,,0,
1,Greater London,way,22696925,51.5003079,-0.2816352,sports_centre,sports_centre,bowls;tennis,sport,,Gunnersbury Triangle Club,,,,0,,0,
1,Greater London,way,22933413,51.4816323,-0.0929126,court,pitch,tennis,,,Court 3,,,asphalt,1,Burgess Park,1,Burgess Park
1,Greater London,way,22933414,51.4815278,-0.091706,court,pitch,tennis,,,Court 7,,,asphalt,1,Burgess Park,1,Burgess Park
1,Greater London,way,22999227,51.3540759,-0.2181223,court,pitch,tennis,,,,,,,0,,0,
1,Greater London,way,22999238,51.354608,-0.2185149,court,pitch,tennis,,,,,,,0,,0,
1,Greater London,way,22999242,51.3543504,-0.218212,court,pitch,tennis,,,,,,,0,,0,
1,Greater London,way,23022262,51.3497261,-0.2157818,court,pitch,tennis,,,,,,artificial_turf,0,,0,
1,Greater London,way,23022287,51.3497808,-0.2155864,court,pitch,tennis,,,,,,artificial_turf,0,,0,
1,Greater London,way,23022288,51.3498442,-0.2153613,court,pitch,tennis,,,,,,artificial_turf,0,,0,
1,Greater London,way,23022292,51.3499087,-0.2151312,court,pitch,tennis,,,,,,artificial_turf,0,,0,
1,Greater London,way,23022319,51.3382467,-0.2107877,court,pitch,tennis,,private,,,,,0,,0,
1,Greater London,way,23022320,51.3383238,-0.2106046,court,pitch,tennis,,private,,,,,0,,0,
1,Greater London,way,23022325,51.3384003,-0.2104208,court,pitch,tennis,,private,,,,,0,,0,
1,Greater London,way,23086131,51.4527927,-0.3250722,court,pitch,tennis,,,,,4,asphalt,1,Moormead Park,1,Moormead Park
1,Greater London,way,23141600,51.5481918,0.1676901,court,pitch,tennis,,,,,,,0,,0,
1,Greater London,way,23446210,51.5147125,-0.2202679,court,pitch,tennis,,,,,,clay,0,,0,
1,Greater London,way,23446211,51.5143377,-0.2204989,court,pitch,tennis,,,,,,clay,0,,0,
1,Greater London,way,23448049,51.6347904,-0.1121609,court,pitch,tennis,,,,,,,1,Grovelands Park,1,Grovelands Park
1,Greater London,way,23556205,51.4555018,-0.3059735,court,pitch,tennis,,,,,,concrete,0,,0,
1,Greater London,way,23716271,51.6190933,-0.1177009,court,pitch,tennis,,,,,,,1,Broomfield Park,1,Broomfield Park
1,Greater London,way,23716272,51.618669,-0.1181556,court,pitch,tennis,,,,,,,1,Broomfield Park,1,Broomfield Park
1,Greater London,way,23762937,51.4947065,-0.2374728,court,pitch,tennis,,,,,,paved,1,Ravenscourt Park,1,Ravenscourt Park
1,Greater London,way,24215666,51.6419511,-0.1244891,court,pitch,tennis,,,,,,asphalt,1,Oakwood Park,1,Oakwood Park
1,Greater London,way,24313795,51.4908057,-0.3182285,court,pitch,tennis,,,,,,,1,Boston Manor Park,1,Boston Manor Park
1,Greater London,way,24384629,51.4947609,-0.2572079,court,pitch,tennis,,,,,,tartan,1,Chiswick Back Common,1,Chiswick Back Common
1,Greater London,way,24392991,51.3933383,-0.270618,sports_centre,sports_centre,football;rugby_union;cricket;netball;tennis,,,LSE Sports Ground,London School of Economics and Political Science,,,0,,0,
1,Greater London,way,24527438,51.3729218,-0.2408552,court,pitch,tennis,,,,,,asphalt,0,,0,
1,Greater London,way,24532080,51.3859124,-0.2343413,court,pitch,tennis,,,,,,grass,1,Mayflower Park,1,Mayflower Park
1,Greater London,way,24539527,51.3780416,-0.1948681,court,pitch,tennis,,,,,,,1,Rosehill Park,1,Rosehill Park
1,Greater London,way,24539529,51.3792536,-0.1952106,court,pitch,tennis,,,,,,clay,1,Rosehill Park,1,Rosehill Park
1,Greater London,way,24585183,51.3622851,-0.221983,court,pitch,tennis,,,,,,,1,Cheam Recreation Ground,1,Cheam Recreation Ground
1,Greater London,way,24620340,51.4032464,-0.2760739,sports_centre,sports_centre,tennis,,customers,Park Tennis Kingston,,,,1,Kingston Road Recreation Ground,1,Kingston Road Recreation Ground
1,Greater London,way,24678202,51.6542141,-0.210546,court,pitch,tennis,,,,,,,0,,0,
1,Greater London,way,24693534,51.6557681,-0.1774788,court,pitch,tennis,,,,,,,0,,0,
1,Greater London,way,24750961,51.494798,-0.3752266,court,pitch,tennis,,,,,,,1,Wolf Fields Park,1,Wolf Fields Park
1,Greater London,way,24751862,51.6433782,-0.2411687,court,pitch,tennis,,,,,,,0,,0,
1,Greater London,way,24751880,51.6431018,-0.2446687,court,pitch,tennis,,,,,,,0,,0,
1,Greater London,way,24751885,51.6434649,-0.2442934,court,pitch,tennis,,,,,,,0,,0,
1,Greater London,way,24760260,51.3526669,-0.1849907,court,pitch,tennis,,,,,,concrete,0,,0,
1,Greater London,way,24760514,51.3564343,-0.1808811,sports_centre,sports_centre,petanque;tennis,sport,,Sutton Highfields Tennis & Pétanque Club,,,,0,,0,
1,Greater London,way,24772363,51.6468193,-0.1833615,court,pitch,tennis,,,,,,,0,,0,
1,Greater London,way,24777615,51.3549584,-0.1700584,court,pitch,tennis,,,,,,,0,,0,
1,Greater London,way,24777616,51.3549818,-0.1698611,court,pitch,tennis,,,,,,,0,,0,
1,Greater London,way,24777617,51.3546381,-0.1699045,court,pitch,tennis,,,,,,,0,,0,
1,Greater London,way,24777618,51.3546114,-0.1701082,court,pitch,tennis,,,,,,,0,,0,
1,Greater London,way,24777619,51.3543131,-0.1699272,court,pitch,tennis,,,,,,,0,,0,
1,Greater London,way,24777620,51.354284,-0.1701321,court,pitch,tennis,,,,,,,0,,0,
1,Greater London,way,24777621,51.354342,-0.1697197,court,pitch,tennis,,,,,,,0,,0,
1,Greater London,way,24822663,51.4956975,-0.0583437,court,pitch,tennis,,yes,,,,asphalt,1,Southwark Park,1,Southwark Park
1,Greater London,way,24975589,51.4853384,-0.1353769,court,pitch,tennis,,,,,,,0,,0,
1,Greater London,way,24975737,51.4932141,-0.1365524,court,pitch,tennis,,private,,,,,0,,0,
1,Greater London,way,25200372,51.5795488,-0.3952118,sports_centre,sports_centre,tennis,,,Lowlands Tennis Club,,,,0,,0,
1,Greater London,way,25292508,51.5511111,-0.1634104,sports_centre,sports_centre,tennis,sport,,Globe Tennis Club,,,,0,,0,
1,Greater London,way,25396729,51.6089104,0.042904,sports_centre,sports_centre,tennis,,private,,,,,0,,0,
1,Greater London,way,25694730,51.448209,-0.3238144,court,pitch,tennis,,,,,,,1,,1,
1,Greater London,way,25914699,51.5846339,0.0376903,court,pitch,tennis,,,,,,,0,,0,
1,Greater London,way,26537027,51.4424599,-0.0693958,sports_centre,sports_centre,tennis,,,Camber Lawn Tennis Club,,,,0,,0,
1,Greater London,way,26547055,51.4203298,-0.1175578,court,pitch,tennis,,,,,,,1,Streatham Common Nature Reserve,1,Streatham Common Nature Reserve
1,Greater London,way,26710706,51.4364464,-0.1394492,court,pitch,tennis,,,,,,,0,,0,
1,Greater London,way,26772222,51.5935238,-0.1463803,court,pitch,tennis,,,,,,asphalt,1,Muswell Hill Methodist Church Gardens,1,Muswell Hill Methodist Church Gardens
1,Greater London,way,26797329,51.3931087,-0.2892862,sports_centre,sports_centre,tennis,,,Surbiton Racket and Fitness Club,,,,0,,0,
1,Greater London,way,26980315,51.5280884,-0.0840231,court,pitch,tennis,,,,Hackney Tennis,,,1,Aske Gardens,1,Aske Gardens
1,Greater London,way,27141276,51.4278084,-0.3714575,court,pitch,tennis,,private,,,,,0,,0,
1,Greater London,way,27230481,51.4701043,-0.2223376,court,pitch,tennis,,,,,,,1,Leader's Gardens,1,Leader's Gardens
1,Greater London,way,27256932,51.4499666,-0.0900587,court,pitch,tennis,,,,,,,0,,0,
1,Greater London,way,27257078,51.5548952,-0.4681963,court,pitch,tennis,,,,,,,0,,0,
1,Greater London,way,27257082,51.5545873,-0.4682224,court,pitch,tennis,,,,,,,0,,0,
1,Greater London,way,27257084,51.5542851,-0.4682502,court,pitch,tennis,,yes,,,,asphalt,0,,0,
1,Greater London,way,27257092,51.5539634,-0.4682827,court,pitch,tennis,,yes,,,,grass,0,,0,
1,Greater London,way,27817850,51.55496,-0.3058593,court,pitch,tennis,,,,,,,0,,0,
1,Greater London,way,28036805,51.376065,-0.2746691,court,pitch,tennis,,,,,,,0,,0,
1,Greater London,way,28131409,51.6260632,-0.0114303,court,pitch,tennis,,,,,,,1,Ridgeway Park,1,Ridgeway Park
1,Greater London,way,28131413,51.6261733,-0.0117641,court,pitch,tennis,,,,,,,1,Ridgeway Park,1,Ridgeway Park
1,Greater London,way,28131416,51.6260053,-0.0122425,court,pitch,tennis,,,,,,,1,Ridgeway Park,1,Ridgeway Park
1,Greater London,way,28178955,51.4043499,-0.1584046,court,pitch,tennis,,,,,,,0,,0,
1,Greater London,way,28476541,51.3626266,0.1158169,court,pitch,tennis,,,,,,,0,,0,
1,Greater London,way,28477012,51.3979393,0.0235757,sports_centre,sports_centre,tennis,sport,,Bromley Wendover Lawn Tennis Club,,,,0,,0,
1,Greater London,way,28968607,51.5902461,-0.4841121,court,pitch,tennis,,,,,,,1,Moorhall Recreation Ground,1,Moorhall Recreation Ground
1,Greater London,way,29215065,51.5479323,0.0674628,court,pitch,tennis,,,,,,,1,Little Ilford Park,1,Little Ilford Park
1,Greater London,way,29432537,51.5845408,0.0571693,court,pitch,tennis,,yes,,,,,1,Clayhall Park,1,Clayhall Park
1,Greater London,way,29647383,51.5753484,0.098772,court,pitch,tennis,,,,,,,0,,0,
1,Greater London,way,30050309,51.6231518,-0.1187302,court,pitch,tennis,,,,,,,0,,0,
1,Greater London,way,30122378,51.5419871,0.0442201,court,pitch,tennis,,,,,,,1,Plashet Park,1,Plashet Park
1,Greater London,way,30140233,51.5725816,-0.335377,court,pitch,tennis,,,,,,,0,,0,
1,Greater London,way,30140234,51.5725567,-0.3347821,court,pitch,tennis,,,,,,,0,,0,
1,Greater London,way,30140237,51.5717264,-0.339595,court,pitch,tennis,,,,,,,0,,0,
1,Greater London,way,30181792,51.4565575,-0.0552073,court,pitch,tennis,,,,,,,0,,0,
1,Greater London,way,30198196,51.5458622,-0.1217592,sports_centre,sports_centre,tennis,,,Islington Tennis Centre and Gym,Greenwich Leisure Limited,,,0,,0,
1,Greater London,way,30476122,51.5507106,-0.0995277,court,pitch,tennis,,,,,,,1,Highbury Fields,1,Highbury Fields
1,Greater London,way,31408811,51.3309893,0.0514015,court,pitch,tennis,,,,,,paved,1,Down House Garden,1,Down House Garden
1,Greater London,way,31865003,51.605925,-0.254474,court,pitch,tennis,,,,,,asphalt,0,,0,
1,Greater London,way,32607971,51.4069365,-0.0776094,court,pitch,tennis,,,,,,asphalt,1,South Norwood Lake,1,South Norwood Lake
1,Greater London,way,33460093,51.612637,-0.363474,sports_centre,sports_centre,tennis,sport,,Hatch End Lawn Tennis Club,,,,0,,0,
1,Greater London,way,33489305,51.3996703,-0.0202804,court,pitch,tennis,,,,,,tartan,1,Kelsey Park,1,Kelsey Park
1,Greater London,way,34041000,51.5777974,-0.3566903,court,pitch,tennis,,,,,,asphalt,1,West Harrow Recreation Ground,1,West Harrow Recreation Ground
1,Greater London,way,34105226,51.4512813,-0.3163477,court,pitch,tennis,,,,,,tartan,1,Marble Hill Park,1,Marble Hill Park
1,Greater London,way,34750829,51.4159136,-0.1050985,court,pitch,tennis,,,,,,asphalt,1,Biggin Woods,1,Biggin Woods
1,Greater London,way,34872239,51.5812306,-0.2058113,court,pitch,tennis,,,,,,asphalt,1,Princes Park,1,Princes Park
1,Greater London,way,35926218,51.4165204,0.0235377,court,pitch,tennis,,,,,,,0,,0,
1,Greater London,way,35926219,51.4170917,0.0237384,court,pitch,tennis,,,,,,grass,0,,0,
1,Greater London,way,35926220,51.4168788,0.0243223,court,pitch,tennis,,,,,,grass,0,,0,
1,Greater London,way,35943609,51.4092438,-0.2067296,court,pitch,tennis,,,,,,,1,John Innes Park,1,John Innes Park
1,Greater London,way,35968128,51.4089796,0.0282345,sports_centre,sports_centre,tennis,,,,,,,0,,0,
1,Greater London,way,38199596,51.6105477,-0.0045275,court,pitch,tennis,,,,,,,0,,0,
1,Greater London,way,38199743,51.6110566,-0.0051918,court,pitch,tennis,,,,,,,0,,0,
1,Greater London,way,38375801,51.3190685,0.0733185,court,pitch,tennis,,,,,,,0,,0,
1,Greater London,way,38385735,51.3362893,0.0556391,court,pitch,tennis,,,,,,,0,,0,
1,Greater London,way,38610162,51.4522005,-0.0445217,court,pitch,tennis,,yes,,,,asphalt,0,,0,
1,Greater London,way,39460698,51.5696238,0.0324632,court,pitch,tennis,,,,,,clay,0,,0,
1,Greater London,way,39769942,51.5043933,0.1262525,court,pitch,tennis,,,,,,,1,Crossway Park,1,Crossway Park
1,Greater London,way,39843200,51.4596648,-0.2611805,court,pitch,tennis,,,,,,asphalt,1,Palewell Fields and Common,1,Palewell Fields and Common
1,Greater London,way,39910702,51.4546325,0.0676399,court,pitch,tennis,,,,,,,1,Eltham Park South,1,Eltham Park South
1,Greater London,way,39910794,51.4553645,0.0676471,court,pitch,tennis,,,,,,,1,Eltham Park South,1,Eltham Park South
1,Greater London,way,40438392,51.4677715,0.1945302,court,pitch,tennis,,,,,,,0,,0,
1,Greater London,way,40739055,51.4390271,0.144485,court,pitch,tennis,,,,,,,0,,0,
1,Greater London,way,41393850,51.4217948,0.1003059,court,pitch,tennis,,,,,,,0,,0,
1,Greater London,way,41682455,51.3680816,-0.0016788,court,pitch,tennis,,,,,,asphalt,0,,0,
1,Greater London,way,41956892,51.6046054,-0.1024843,court,pitch,tennis,,,,,,asphalt,0,,0,
1,Greater London,way,42212266,51.5284012,-0.31781,court,pitch,tennis,,,,,,,1,Pitshanger Park,1,Pitshanger Park
1,Greater London,way,42839517,51.585561,-0.3177535,court,pitch,basketball;tennis,,,,,,asphalt,1,Kenton Recreation Ground,1,Kenton Recreation Ground
1,Greater London,way,43626242,51.4996936,-0.3322196,court,pitch,tennis;soccer,,,,,,paved,0,,0,
1,Greater London,way,44425875,51.4698041,-0.2028568,court,pitch,tennis,,,,,,,1,Hurlingham Park,1,Hurlingham Park
1,Greater London,way,44463353,51.42048,-0.3358127,court,pitch,tennis,,,,,,grass,0,,0,
1,Greater London,way,44463360,51.4207837,-0.3356413,court,pitch,tennis,,,,,,artificial_turf,0,,0,
1,Greater London,way,44533046,51.4585756,-0.2721494,court,pitch,tennis,,,,,,,0,,0,
1,Greater London,way,44724382,51.4020285,0.0130357,court,pitch,tennis,,,,,,asphalt,1,Church House Gardens,1,Church House Gardens
1,Greater London,way,44731594,51.3947175,0.0603452,court,pitch,tennis,,,,,,paved,0,,0,
1,Greater London,way,44731596,51.3944097,0.0595757,court,pitch,tennis,,,,,,paved,0,,0,
1,Greater London,way,44733827,51.5329356,-0.358556,sports_centre,sports_centre,tennis,sport,,Greenford Tennis Club,,,,0,,0,
1,Greater London,way,45167848,51.503295,-0.2871143,court,pitch,tennis,,,,,,,0,,0,
1,Greater London,way,45170537,51.515354,-0.3291542,sports_centre,sports_centre,tennis,sport,,West Middlesex Lawn Tennis Club,,,,0,,0,
1,Greater London,way,45695255,51.590119,-0.3822938,court,pitch,tennis,,,,,,,0,,0,
1,Greater London,way,45877121,51.6199076,-0.2746285,sports_centre,sports_centre,tennis,sport,,The Drive Tennis Club,,,,0,,0,
1,Greater London,way,45959759,51.6177137,-0.3135548,court,pitch,tennis,,,,,,,0,,0,
1,Greater London,way,46098273,51.6311914,-0.1216505,court,pitch,tennis,,,,,,,1,Grovelands Park,1,Grovelands Park
1,Greater London,way,46262367,51.6534999,-0.249007,court,pitch,tennis,,,,,,,0,,0,
1,Greater London,way,46494144,51.5866937,-0.2063657,court,pitch,tennis,,,,,,,0,,0,
1,Greater London,way,47630725,51.6115347,-0.4444973,court,pitch,tennis,,,,,,,0,,0,
1,Greater London,way,47835156,51.6177379,-0.0936362,court,pitch,tennis,,,,,,,0,,0,
1,Greater London,way,47847974,51.636669,-0.0929046,court,pitch,tennis,,,,,,,0,,0,
1,Greater London,way,47975456,51.6153275,0.0006089,court,pitch,tennis,,,,,,,0,,0,
1,Greater London,way,48040107,51.6147015,0.0272249,court,pitch,tennis,,,,,,,0,,0,
1,Greater London,way,48045789,51.4751988,-0.0854086,court,pitch,tennis,,,,,,,1,Brunswick Park,1,Brunswick Park
1,Greater London,way,48290924,51.6097945,-0.1214051,court,pitch,tennis,,,,,,,0,,0,
1,Greater London,way,48552494,51.5657232,0.0244361,court,pitch,tennis,,,,,,asphalt,0,,0,
1,Greater London,way,48700379,51.5327421,0.0698198,court,pitch,tennis,,,,,,,0,,0,
1,Greater London,way,48920473,51.5854439,-0.1867836,sports_centre,sports_centre,tennis,sport,,Northway Lawn Tennis Club,,,asphalt,1,Northway Gardens,1,Northway Gardens
1,Greater London,way,48920492,51.5823982,-0.1973674,court,pitch,tennis,,,,,,grass,0,,0,
1,Greater London,way,48922657,51.5929505,-0.1828008,sports_centre,sports_centre,tennis,,,Chandos Tennis Club,,,,0,,0,
1,Greater London,way,48976185,51.5837391,-0.1354715,court,pitch,tennis,,,Court 4,,,acrylic,0,,0,
1,Greater London,way,49011919,51.5833156,-0.1564634,court,pitch,tennis,,,,,,,0,,0,
1,Greater London,way,49522671,51.563377,-0.2313893,court,pitch,tennis,,,,,,,0,,0,
1,Greater London,way,51422485,51.3899047,-0.3137477,court,pitch,tennis,,customers,,,,asphalt,1,Victoria Park,1,Victoria Park
1,Greater London,way,51422491,51.3896465,-0.3134596,court,pitch,tennis,,yes,,,,asphalt,1,Victoria Park,1,Victoria Park
1,Greater London,way,51422505,51.3892884,-0.3130882,court,pitch,tennis,,customers,,,,asphalt,1,Victoria Park,1,Victoria Park
1,Greater London,way,52469170,51.5118313,0.0601954,court,pitch,tennis,,,,,,,1,New Beckton Park,1,New Beckton Park
1,Greater London,way,52490776,51.5403837,-0.0342289,court,pitch,tennis,,yes,,Tower Hamlets Tennis,,macadam,1,Victoria Park,1,Victoria Park
1,Greater London,way,52580402,51.4994566,0.06618,court,pitch,tennis,,,,,,asphalt,1,Royal Victoria Gardens,1,Royal Victoria Gardens
1,Greater London,way,53373834,51.4859292,-0.2866989,court,pitch,tennis,,,,,,,1,Westerly Ware,1,Westerly Ware
1,Greater London,way,53702084,51.4740642,-0.2844222,sports_centre,sports_centre,tennis,sport,,Pensford Tennis Club,,,,0,,0,
1,Greater London,way,54158566,51.3325411,-0.0977507,court,pitch,tennis,,,,,,,0,,0,
1,Greater London,way,54158622,51.3225669,-0.1177065,sports_centre,sports_centre,tennis,sport,,Reedham Park Tennis Club,,,,0,,0,
1,Greater London,way,55149713,51.4874611,-0.2114176,sports_centre,sports_centre,tennis,,,The Queen’s Club,,,,0,,0,
1,Greater London,way,55893534,51.4482694,-0.2291556,court,pitch,tennis,,private,,,,,1,Putney Heath,1,Putney Heath
1,Greater London,way,56230908,51.5479532,0.2497042,court,pitch,tennis,,customers,,,,artificial_turf,0,,0,
1,Greater London,way,57371278,51.5318838,-0.1899451,court,pitch,tennis,,,,,,asphalt,1,Paddington Recreation Ground,1,Paddington Recreation Ground
1,Greater London,way,57937976,51.4668109,-0.2047531,court,pitch,tennis,,private,,,,,0,,0,
1,Greater London,way,57937981,51.4680049,-0.2024877,court,pitch,tennis,,private,,,,,0,,0,
1,Greater London,way,57937982,51.4676765,-0.2025411,court,pitch,tennis,,private,,,,,0,,0,
1,Greater London,way,57938004,51.4666834,-0.1973205,court,pitch,tennis,,,,,,,0,,0,
1,Greater London,way,59470895,51.5534374,0.1925983,court,pitch,tennis,,,,,,,1,Harrow Lodge Park,1,Harrow Lodge Park
1,Greater London,way,59605762,51.6149627,0.0275134,court,pitch,tennis,,,,,,,0,,0,
1,Greater London,way,59605763,51.6149063,0.0277228,court,pitch,tennis,,,,,,,0,,0,
1,Greater London,way,59605764,51.6150119,0.0270406,court,pitch,tennis,,,,,,,0,,0,
1,Greater London,way,60693929,51.4816261,-0.1506614,court,pitch,tennis,,,,,,artificial_turf,1,Battersea Park,1,Battersea Park
1,Greater London,way,64619612,51.4762179,-0.1957164,court,pitch,tennis,,,,,,asphalt,1,Eel Brook Common,1,Eel Brook Common
1,Greater London,way,65495252,51.6662357,-0.07994,court,pitch,tennis,,,,,,asphalt,1,,1,
1,Greater London,way,69365938,51.5866431,-0.1496895,court,pitch,tennis,,,,,,asphalt,0,,0,
1,Greater London,way,72922910,51.420705,0.0475967,court,pitch,tennis,,,,,,,0,,0,
1,Greater London,way,75639157,51.4837134,-0.2809394,court,pitch,tennis,,,,,,,0,,0,
1,Greater London,way,76561025,51.5591441,-0.4537313,court,pitch,tennis,,,,,,,0,,0,
1,Greater London,way,78350855,51.5001908,-0.201743,court,pitch,tennis,,,,,,asphalt,1,Holland Park,1,Holland Park
1,Greater London,way,86678038,51.4723495,-0.0884912,sports_centre,sports_centre,tennis,,,Butterfly Tennis Club,,,,0,,0,
1,Greater London,way,87734346,51.4692964,-0.193901,court,pitch,tennis,,,,,,,1,South Park,1,South Park
1,Greater London,way,87734358,51.4694627,-0.193509,court,pitch,tennis,,,,,,,1,South Park,1,South Park
1,Greater London,way,87734368,51.4693692,-0.1937279,court,pitch,tennis,,,,,,,1,South Park,1,South Park
1,Greater London,way,87734371,51.4688701,-0.1949029,court,pitch,tennis,,,,,,,1,South Park,1,South Park
1,Greater London,way,87734377,51.4689427,-0.1947287,court,pitch,tennis,,,,,,,1,South Park,1,South Park
1,Greater London,way,87734378,51.469537,-0.1933366,court,pitch,tennis,,,,,,,1,South Park,1,South Park
1,Greater London,way,89471479,51.4566818,-0.0919623,court,pitch,tennis,,,,,,,1,Sunray Gardens,1,Sunray Gardens
1,Greater London,way,91648574,51.4222377,-0.3672419,court,pitch,tennis,,,,,,,1,Carlisle Park,1,Carlisle Park
1,Greater London,way,91648589,51.4219181,-0.3674853,court,pitch,tennis,,,,,,,1,Carlisle Park,1,Carlisle Park
1,Greater London,way,91648603,51.4219049,-0.3672817,court,pitch,tennis,,,,,,,1,Carlisle Park,1,Carlisle Park
1,Greater London,way,91648802,51.4222786,-0.3680961,court,pitch,tennis,,,,,,,1,Carlisle Park,1,Carlisle Park
1,Greater London,way,91648833,51.4222524,-0.3674525,court,pitch,tennis,,,,,,,1,Carlisle Park,1,Carlisle Park
1,Greater London,way,91650698,51.4222714,-0.3678856,court,pitch,tennis,,,,,,,1,Carlisle Park,1,Carlisle Park
1,Greater London,way,91650868,51.4222597,-0.3676749,court,pitch,tennis,,,,,,,1,Carlisle Park,1,Carlisle Park
1,Greater London,way,93399352,51.658708,-0.0623019,court,pitch,tennis,,,,,,,0,,0,
1,Greater London,way,93399361,51.6586318,-0.0619473,court,pitch,tennis,,,,,,,0,,0,
1,Greater London,way,93399365,51.658996,-0.0621914,court,pitch,tennis,,,,,,,0,,0,
1,Greater London,way,93399369,51.6585931,-0.0613815,court,pitch,tennis,,,,,,,0,,0,
1,Greater London,way,93883894,51.4710782,-0.1742428,court,pitch,tennis,,,,,,,0,,0,
1,Greater London,way,94175935,51.4668221,-0.2037198,court,pitch,tennis,,private,,,,,0,,0,
1,Greater London,way,94175937,51.4683216,-0.2033401,court,pitch,tennis,,private,,,,,0,,0,
1,Greater London,way,94175939,51.4671946,-0.2037332,court,pitch,tennis,,private,,,,,0,,0,
1,Greater London,way,94175940,51.4664832,-0.2047756,court,pitch,tennis,,private,,,,,0,,0,
1,Greater London,way,94175941,51.4675232,-0.2037174,court,pitch,tennis,,private,,,,,0,,0,
1,Greater London,way,94180699,51.46687,-0.2022596,court,pitch,tennis,,private,,,,,0,,0,
1,Greater London,way,94221100,51.4849684,-0.2080979,court,pitch,tennis,,,,,,,0,,0,
1,Greater London,way,94234501,51.4733186,-0.2146848,court,pitch,tennis,,,,,,,1,Bishop's Park,1,Bishop's Park
1,Greater London,way,94234511,51.4730562,-0.2150701,court,pitch,tennis,,,,,,,1,Bishop's Park,1,Bishop's Park
1,Greater London,way,94234514,51.4736674,-0.2139105,court,pitch,tennis,,,,,,,1,Bishop's Park,1,Bishop's Park
1,Greater London,way,94234521,51.4727453,-0.2159131,court,pitch,tennis,,,,,,,1,Bishop's Park,1,Bishop's Park
1,Greater London,way,94234533,51.4735145,-0.2142553,court,pitch,tennis,,,,,,,1,Bishop's Park,1,Bishop's Park
1,Greater London,way,95207641,51.4613902,-0.2018633,court,pitch,tennis;basketball,,,,,,tartan,1,Wandsworth Park,1,Wandsworth Park
1,Greater London,way,95507370,51.4465029,-0.0817131,court,pitch,tennis,,,,,,,1,Dulwich Park,1,Dulwich Park
1,Greater London,way,95507375,51.4434512,-0.0777039,court,pitch,tennis,,,,,,,0,,0,
1,Greater London,way,95507385,51.4428731,-0.0777457,court,pitch,tennis,,,,,,,0,,0,
1,Greater London,way,96266884,51.48486,-0.2079946,court,pitch,tennis,,,,,,,0,,0,
1,Greater London,way,96266889,51.4847493,-0.2078671,court,pitch,tennis,,,,,,,0,,0,
1,Greater London,way,97887860,51.3554195,-0.1627144,court,pitch,tennis,,,,,,,1,Stanley Park,1,Stanley Park
1,Greater London,way,98361331,51.6536202,-0.0868084,court,pitch,tennis,,private,,,,,0,,0,
1,Greater London,way,98694421,51.484358,-0.1669845,court,pitch,tennis,,private,,,,,0,,0,
1,Greater London,way,101691255,51.4978236,-0.2418262,court,pitch,tennis,,,,,,,1,Ravenscourt Park,1,Ravenscourt Park
1,Greater London,way,101692606,51.4950964,-0.2368481,court,pitch,tennis,,,,,,,1,Ravenscourt Park,1,Ravenscourt Park
1,Greater London,way,102776445,51.4872871,-0.2418254,court,pitch,tennis,,,,,,artificial_turf,0,,0,
1,Greater London,way,103108536,51.5536949,-0.1802012,court,pitch,tennis,,,,,,,0,,0,
1,Greater London,way,103108538,51.553394,-0.1800248,court,pitch,tennis,,,,,,,0,,0,
1,Greater London,way,103108541,51.5530772,-0.1798696,court,pitch,tennis,,,,,,,0,,0,
1,Greater London,way,105914476,51.6686998,-0.0355843,court,pitch,tennis,,,,,,,1,Albany Park,1,Albany Park
1,Greater London,way,106496516,51.4485867,-0.3205898,court,pitch,tennis,,,,,,,0,,0,
1,Greater London,way,107037612,51.4817884,-0.1863597,court,pitch,tennis,,private,,,,asphalt,1,Kings Chelsea Garden,1,Kings Chelsea Garden
1,Greater London,way,107271239,51.5528232,-0.1950339,court,pitch,tennis,,,,,,,0,,0,
1,Greater London,way,107271240,51.5525801,-0.1946812,court,pitch,tennis,,,,,,,0,,0,
1,Greater London,way,107279214,51.4961411,-0.1581376,court,pitch,tennis,,private,,Cadogan Estates Ltd,,,1,Cadogan Place South Garden,1,Cadogan Place South Garden
1,Greater London,way,107279215,51.4961673,-0.1578713,court,pitch,tennis,,private,,Cadogan Estates Ltd,,,1,Cadogan Place South Garden,1,Cadogan Place South Garden
1,Greater London,way,107283793,51.5142015,-0.0673445,court,pitch,tennis,,,,,,,0,,0,
1,Greater London,way,109226531,51.5990465,-0.3363841,court,pitch,tennis,,,,,,,0,,0,
1,Greater London,way,109246190,51.590331,-0.3894441,sports_centre,sports_centre,tennis,sport,,Pinner West End Lawn Tennis Club,,,,0,,0,
1,Greater London,way,109657980,51.4714392,-0.2352952,court,pitch,tennis,,,,,,,1,Rocks Lane Sports Centre,1,Rocks Lane Sports Centre
1,Greater London,way,110348063,51.5041071,-0.191281,court,pitch,tennis,,private,,,,,0,,0,
1,Greater London,way,110517699,51.555592,-0.1838033,court,pitch,tennis,,,,,,,0,,0,
1,Greater London,way,111537332,51.6100165,0.0462246,court,pitch,tennis,,,,,,asphalt,1,Ray Park,1,Ray Park
1,Greater London,way,112307257,51.495406,-0.1606384,court,pitch,tennis,,,,,,,1,Cadogan Square Garden,1,Cadogan Square Garden
1,Greater London,way,114729595,51.4626836,0.1500549,court,pitch,tennis,,,,,,,1,Russell Park,1,Russell Park
1,Greater London,way,115686756,51.5688524,-0.340856,court,pitch,tennis,,,,,,,0,,0,
1,Greater London,way,116337381,51.4536192,-0.1512511,court,pitch,tennis,,,,,,,1,Clapham Common,1,Clapham Common
1,Greater London,way,116337384,51.4544176,-0.1510468,court,pitch,tennis,,,,,,,1,Clapham Common,1,Clapham Common
1,Greater London,way,116541801,51.5452971,0.0866387,court,pitch,tennis,,,,,,asphalt,1,Barking Park,1,Barking Park
1,Greater London,way,116541806,51.5472737,0.0938249,court,pitch,tennis,,,,,,,0,,0,
1,Greater London,way,116764865,51.5970013,0.0291429,court,pitch,tennis,,,,,,,1,Elmhurst Gardens,1,Elmhurst Gardens
1,Greater London,way,117198498,51.453074,-0.1959352,sports_centre,sports_centre,tennis,,,All Star Tennis,,,,1,King George's Park,1,King George's Park
1,Greater London,way,117198499,51.4535496,-0.1958478,sports_centre,sports_centre,tennis,,,All Star Tennis,,,,1,King George's Park,1,King George's Park
1,Greater London,way,118182258,51.4344172,-0.2147915,court,pitch,tennis,,,Court 15,,,grass,0,,0,
1,Greater London,way,118182259,51.4328768,-0.2130217,court,pitch,tennis,,,Court 11,,,grass,0,,0,
1,Greater London,way,118182260,51.4322533,-0.2135443,court,pitch,tennis,,,Court 12,,,grass,0,,0,
1,Greater London,way,118182263,51.4330883,-0.2135878,court,pitch,tennis,,,Court 6,,,grass,0,,0,
1,Greater London,way,118182266,51.4327766,-0.2133354,court,pitch,tennis,,,Court 10,,,grass,0,,0,
1,Greater London,way,118182268,51.4342974,-0.2151689,court,pitch,tennis,,,Court 14,,,grass,0,,0,
1,Greater London,way,118182271,51.4326833,-0.2136315,court,pitch,tennis,,,Court 9,,,grass,0,,0,
1,Greater London,way,118182273,51.4329956,-0.2138851,court,pitch,tennis,,,Court 5,,,grass,0,,0,
1,Greater London,way,118182274,51.434671,-0.2159811,court,pitch,tennis,,,Court 18,,,grass,0,,0,
1,Greater London,way,118182276,51.432898,-0.2141932,court,pitch,tennis,,,Court 4,,,grass,0,,0,
1,Greater London,way,118182279,51.4346437,-0.2140119,court,pitch,tennis,,,Court 17,,,grass,0,,0,
1,Greater London,way,118182280,51.4331892,-0.2132727,court,pitch,tennis,,,Court 7,,,grass,0,,0,
1,Greater London,way,118182281,51.4325859,-0.2139414,court,pitch,tennis,,,Court 8,,,grass,0,,0,
1,Greater London,way,118182282,51.4345223,-0.2143958,court,pitch,tennis,,,Court 16,,,grass,0,,0,
1,Greater London,way,119303563,51.4457656,-0.2652097,court,pitch,tennis,,private,,,,,1,Richmond Park,1,Richmond Park
1,Greater London,way,119724867,51.5565256,-0.3926873,court,pitch,tennis,,,,,,,0,,0,
1,Greater London,way,119724871,51.5565807,-0.3931522,court,pitch,tennis,,,,,,,0,,0,
1,Greater London,way,119775603,51.4370625,-0.2152191,court,pitch,tennis,,,,,,grass,0,,0,
1,Greater London,way,119775604,51.4368359,-0.2158184,court,pitch,tennis,,,,,,,0,,0,
1,Greater London,way,119968806,51.4924693,-0.1436528,court,pitch,tennis,,private,,,,artificial_turf,1,Eccleston Square,1,Eccleston Square
1,Greater London,way,119968812,51.4909803,-0.1409405,court,pitch,tennis,,private,,,,,1,Warwick Square,1,Warwick Square
1,Greater London,way,122682320,51.366542,-0.1694163,court,pitch,tennis,,,,,,,0,,0,
1,Greater London,way,122682321,51.365619,-0.1692682,court,pitch,tennis,,,,,,,0,,0,
1,Greater London,way,122682322,51.3659221,-0.1693168,court,pitch,tennis,,,,,,,0,,0,
1,Greater London,way,122682323,51.3662301,-0.1693662,court,pitch,tennis,,,,,,,0,,0,
1,Greater London,way,122682324,51.3656051,-0.1686254,court,pitch,tennis,,,,,,,0,,0,
1,Greater London,way,123077212,51.6188812,-0.1349685,court,pitch,tennis,,,,,,,1,Arnos Park,1,Arnos Park
1,Greater London,way,125015931,51.5285581,-0.1562468,court,pitch,tennis,,private,,,,,1,The Regent's Park,1,The Regent's Park
1,Greater London,way,126239403,51.5923665,-0.0200646,court,pitch,tennis,,,,,,,1,Lloyd Park,1,Lloyd Park
1,Greater London,way,131144798,51.377425,-0.0713799,court,pitch,tennis,,,,,,tartan,1,Addiscombe Recreation Ground,1,Addiscombe Recreation Ground
1,Greater London,way,131144799,51.3780136,-0.0712689,court,pitch,tennis,,,,,,tartan,1,Addiscombe Recreation Ground,1,Addiscombe Recreation Ground
1,Greater London,way,133674076,51.5911217,-0.0626976,court,pitch,tennis,,,,,,,1,Down Lane Park,1,Down Lane Park
1,Greater London,way,133674086,51.591066,-0.0624035,court,pitch,tennis,,,,,,,1,Down Lane Park,1,Down Lane Park
1,Greater London,way,134498217,51.5435505,-0.4526591,court,pitch,tennis,,,,,,rubber,1,Hillingdon Court Park,1,Hillingdon Court Park
1,Greater London,way,135098156,51.4372172,-0.1153147,court,pitch,tennis,,,,,,,1,Hillside Gardens Park,1,Hillside Gardens Park
1,Greater London,way,135098157,51.437262,-0.1155374,court,pitch,tennis,,,,,,,1,Hillside Gardens Park,1,Hillside Gardens Park
1,Greater London,way,135098158,51.4381076,-0.1154565,court,pitch,tennis,,,,,,,1,Hillside Gardens Park,1,Hillside Gardens Park
1,Greater London,way,135098159,51.4378498,-0.1157709,court,pitch,tennis,,,,,,,1,Hillside Gardens Park,1,Hillside Gardens Park
1,Greater London,way,135701006,51.3632017,-0.0867855,court,pitch,tennis,,,,,,,0,,0,
1,Greater London,way,135812499,51.4824938,-0.1226152,court,pitch,tennis,,,,,,,1,Vauxhall Park,1,Vauxhall Park
1,Greater London,way,138566168,51.5252125,-0.1083628,court,pitch,tennis; basketball,,,,,,asphalt,1,Spa Fields,1,Spa Fields
1,Greater London,way,139423131,51.629453,-0.1094737,sports_centre,sports_centre,tennis,sport,,Brackendale Lawn Tennis Club,,,,0,,0,
1,Greater London,way,140154780,51.5000397,-0.0804429,court,pitch,tennis,,yes,,,,asphalt,1,Tanner Street Park,1,Tanner Street Park
1,Greater London,way,142289511,51.6893558,-0.1110713,court,pitch,tennis,,,,,,,0,,0,
1,Greater London,way,144380373,51.4525799,-0.0809413,court,pitch,tennis,,,,,,,0,,0,
1,Greater London,way,145830984,51.3352182,0.0507464,court,pitch,tennis,,,,,,,0,,0,
1,Greater London,way,146457210,51.4522696,-0.2078226,sports_centre,sports_centre,tennis,sport,,Southfields Lawn Tennis Club,,,,0,,0,
1,Greater London,way,146787905,51.6486309,-0.203186,court,pitch,tennis,,,,,,,1,Old Courthouse Recreation Ground,1,Old Courthouse Recreation Ground
1,Greater London,way,146787907,51.647304,-0.2035597,court,pitch,tennis,,,,,,,1,Old Courthouse Recreation Ground,1,Old Courthouse Recreation Ground
1,Greater London,way,146787909,51.6483098,-0.2033157,court,pitch,tennis,,,,,,,1,Old Courthouse Recreation Ground,1,Old Courthouse Recreation Ground
1,Greater London,way,146787910,51.6476324,-0.2035465,court,pitch,tennis,,,,,,,1,Old Courthouse Recreation Ground,1,Old Courthouse Recreation Ground
1,Greater London,way,146787912,51.6466398,-0.2034608,court,pitch,tennis,,,,,,,1,Old Courthouse Recreation Ground,1,Old Courthouse Recreation Ground
1,Greater London,way,146787915,51.6469751,-0.2035109,court,pitch,tennis,,,,,,,1,Old Courthouse Recreation Ground,1,Old Courthouse Recreation Ground
1,Greater London,way,148900065,51.645123,-0.2360889,court,pitch,tennis,,,,,,,0,,0,
1,Greater London,way,149925298,51.4194176,-0.0304091,court,pitch,tennis,,,,,,,0,,0,
1,Greater London,way,150465941,51.4798976,-0.3543125,court,pitch,tennis,,,,,,,0,,0,
1,Greater London,way,151196672,51.6376594,-0.0872524,court,pitch,tennis,,,,,,,0,,0,
1,Greater London,way,151196673,51.6376907,-0.0865453,court,pitch,tennis,,,,,,clay,0,,0,
1,Greater London,way,151196674,51.6377536,-0.0874073,court,pitch,tennis,,,,,,,0,,0,
1,Greater London,way,151196675,51.637789,-0.0867099,court,pitch,tennis,,,,,,clay,0,,0,
1,Greater London,way,151196676,51.6374453,-0.0868949,court,pitch,tennis,,,,,,clay,0,,0,
1,Greater London,way,151196677,51.637847,-0.0875671,court,pitch,tennis,,,,,,,0,,0,
1,Greater London,way,151196678,51.6375361,-0.0870471,court,pitch,tennis,,,,,,clay,0,,0,
1,Greater London,way,151270738,51.6629197,-0.1926334,court,pitch,tennis,,private,,,,,0,,0,
1,Greater London,way,151622206,51.5017597,-0.0415849,court,pitch,tennis,,,,,,asphalt,0,,0,
1,Greater London,way,151622207,51.5021109,-0.0407533,court,pitch,tennis,,,,,,,0,,0,
1,Greater London,way,152284284,51.6641881,-0.1874297,court,pitch,tennis,,private,,,,,0,,0,
1,Greater London,way,152284499,51.6593754,-0.1971666,court,pitch,tennis,,,,,,,0,,0,
1,Greater London,way,152284895,51.6603221,-0.1954733,court,pitch,tennis,,private,,,,,0,,0,
1,Greater London,way,152286203,51.6593233,-0.1914339,court,pitch,tennis,,private,,,,,0,,0,
1,Greater London,way,153425807,51.3547241,-0.1700931,sports_centre,sports_centre,tennis,,,Carshalton Tennis Club,,,,0,,0,
1,Greater London,way,154099481,51.3457806,-0.1817935,court,pitch,tennis,,,,,,,0,,0,
1,Greater London,way,155118816,51.5232316,-0.1818587,court,pitch,tennis,,private,,,,,1,Little Venice Gardens,1,Little Venice Gardens
1,Greater London,way,156538126,51.5264613,-0.1897265,sports_centre,sports_centre,bowls;tennis;squash,,,Paddington Sports Club,,,,0,,0,
1,Greater London,way,156538143,51.5259078,-0.1881697,court,pitch,tennis,,private,,,,,1,,1,
1,Greater London,way,159093034,51.6390108,-0.146084,court,pitch,tennis,,,,,,asphalt,0,,0,
1,Greater London,way,160648990,51.4202077,-0.1880069,court,pitch,tennis,,,,,,,1,Haydons Road Recreation Ground,1,Haydons Road Recreation Ground
1,Greater London,way,161095571,51.426642,-0.3173429,court,pitch,tennis,,,,,,,0,,0,
1,Greater London,way,161095573,51.4271866,-0.3166216,court,pitch,tennis,,,,,,,0,,0,
1,Greater London,way,161419463,51.5458254,-0.1226,court,pitch,tennis,,,,,,asphalt,0,,0,
1,Greater London,way,161419464,51.5455368,-0.1223892,court,pitch,tennis,,,,,,asphalt,0,,0,
1,Greater London,way,161640222,51.449066,-0.3201441,court,pitch,tennis,,,Orleans Park School Tennis and Handball Pitch,,,,0,,0,
1,Greater London,way,161734110,51.3713494,-0.1049376,court,pitch,tennis,,,,,4,,0,,0,
1,Greater London,way,162542523,51.5706373,-0.337646,court,pitch,tennis,,,,,,,0,,0,
1,Greater London,way,163654519,51.5056523,-0.2011777,court,pitch,tennis,,private,,,,,0,,0,
1,Greater London,way,163654520,51.5059502,-0.2013861,court,pitch,tennis,,private,,,,,0,,0,
1,Greater London,way,163654521,51.5057059,-0.2009777,court,pitch,tennis,,private,,,,,0,,0,
1,Greater London,way,163654522,51.505761,-0.2007791,court,pitch,tennis,,private,,,,,0,,0,
1,Greater London,way,163654523,51.5060572,-0.2009829,court,pitch,tennis,,private,,,,,0,,0,
1,Greater London,way,163654524,51.5060038,-0.2011827,court,pitch,tennis,,private,,,,,0,,0,
1,Greater London,way,163710350,51.586837,-0.1584799,court,pitch,tennis,,,,,,,0,,0,
1,Greater London,way,163710351,51.5873768,-0.1585233,court,pitch,tennis,,,,,,,0,,0,
1,Greater London,way,164965281,51.3693398,-0.0914348,court,pitch,tennis,,,,,,asphalt,1,Park Hill Recreation Ground,1,Park Hill Recreation Ground
1,Greater London,way,164965282,51.3693481,-0.0917543,court,pitch,tennis,,,,,,asphalt,1,Park Hill Recreation Ground,1,Park Hill Recreation Ground
1,Greater London,way,164965284,51.3696652,-0.091434,court,pitch,tennis,,,,,,asphalt,1,Park Hill Recreation Ground,1,Park Hill Recreation Ground
1,Greater London,way,165641998,51.4656243,-0.307927,court,pitch,tennis,,,,,,,1,Old Deer Park,1,Old Deer Park
1,Greater London,way,165642007,51.4657691,-0.3087526,court,pitch,tennis,,,,,,,1,Old Deer Park,1,Old Deer Park
1,Greater London,way,169083265,51.3988871,-0.2296272,court,pitch,tennis,,,,,,,0,,0,
1,Greater London,way,169083266,51.3989686,-0.230204,court,pitch,tennis,,,,,,,0,,0,
1,Greater London,way,171299686,51.4816063,-0.0934143,court,pitch,tennis,,,Court 4,,,asphalt,1,Burgess Park,1,Burgess Park
1,Greater London,way,172188648,51.5710151,0.0592283,court,pitch,tennis,,,,,,artificial_turf,0,,0,
1,Greater London,way,174128463,51.3524853,-0.1362324,court,pitch,tennis,,,,,,,1,Roundshaw Park,1,Roundshaw Park
1,Greater London,way,179062475,51.4697277,0.0507482,court,pitch,tennis,,private,,,,,1,Eltham Common,1,Eltham Common
1,Greater London,way,179114133,51.4273004,-0.3099129,court,pitch,tennis,,,,,,,1,,1,
1,Greater London,way,179114134,51.4268725,-0.3093104,sports_centre,sports_centre,fitness;gymn_classes;weightlifting;karate;soft_play;tennis;football;zumba;pilates,,,YMCA Hawker Centre,YMCA St Paul's Group,,,1,,1,
1,Greater London,way,181187856,51.6534113,-0.1683292,court,pitch,tennis,,,,,,,1,Victoria Recreation Ground,1,Victoria Recreation Ground
1,Greater London,way,181453998,51.4796553,-0.3243201,court,pitch,tennis,,,,,3,,0,,0,
1,Greater London,way,181643101,51.3156661,-0.1332794,court,pitch,tennis,,,,,,,1,Coulsdon Memorial Ground,1,Coulsdon Memorial Ground
1,Greater London,way,181730670,51.558791,-0.3174489,sports_centre,sports_centre,tennis,,,Parkside Lawn Tennis Club,,,,0,,0,
1,Greater London,way,181730674,51.5590615,-0.3176452,court,pitch,tennis,,,,,,,0,,0,
1,Greater London,way,181730676,51.5589465,-0.3175703,court,pitch,tennis,,,,,,,0,,0,
1,Greater London,way,181770937,51.5930085,-0.0201799,court,pitch,tennis,,,,,,,1,Lloyd Park,1,Lloyd Park
1,Greater London,way,182344297,51.3862429,-0.0658457,court,pitch,tennis,,,,,,,1,Ashburton Park,1,Ashburton Park
1,Greater London,way,182430446,51.4467422,-0.3501597,court,pitch,tennis,,customers,,,,tartan,1,Kneller Gardens,1,Kneller Gardens
1,Greater London,way,182661330,51.4486471,-0.1588023,court,pitch,tennis,,,,,,,0,,0,
1,Greater London,way,182661333,51.4484038,-0.158587,court,pitch,tennis,,,,,,,0,,0,
1,Greater London,way,183448900,51.5829312,-0.0883116,court,pitch,tennis,,,,,,,1,Chestnuts Park,1,Chestnuts Park
1,Greater London,way,185883182,51.582813,-0.1365483,court,pitch,tennis,,,Hanley LTC,,,,0,,0,
1,Greater London,way,185883189,51.5824229,-0.1366437,court,pitch,tennis,,,Hanley LTC,,,,0,,0,
1,Greater London,way,185897557,51.6123149,-0.1508804,court,pitch,tennis,,,,,,,1,Friern Park,1,Friern Park
1,Greater London,way,187712721,51.60061,-0.1522718,court,pitch,tennis,,,,,,asphalt,1,Halliwick Recreation Ground,1,Halliwick Recreation Ground
1,Greater London,way,187826903,51.6071211,-0.1745078,court,pitch,tennis,,,,,,,0,,0,
1,Greater London,way,187826904,51.6068331,-0.1740066,court,pitch,tennis,,,,,,,0,,0,
1,Greater London,way,187826909,51.606774,-0.1745188,court,pitch,tennis,,,,,,,0,,0,
1,Greater London,way,187826911,51.6064079,-0.1743586,court,pitch,tennis,,,,,,,0,,0,
1,Greater London,way,187826914,51.606857,-0.1732249,sports_centre,sports_centre,tennis;swimming;yoga;badminton,,,David Lloyd Finchley,David Lloyd,,,0,,0,
1,Greater London,way,188324761,51.6236133,-0.1379161,court,pitch,tennis,,,,,,,0,,0,
1,Greater London,way,188324762,51.6236317,-0.1389814,court,pitch,tennis,,,,,,,0,,0,
1,Greater London,way,188594375,51.3925278,-0.2392499,court,pitch,tennis,,,,,,,1,Sir Joseph Hood Memorial Playing Fields,1,Sir Joseph Hood Memorial Playing Fields
1,Greater London,way,188957355,51.6256524,-0.1279919,court,pitch,tennis,,,,,,,1,Walker Ground,1,Walker Ground
1,Greater London,way,189660138,51.4483619,-0.0952113,sports_centre,sports_centre,cricket;croquet;field_hockey;squash;tennis;fitness,,,Dulwich Sports Club,,,,0,,0,
1,Greater London,way,189833243,51.43856,-0.0821424,court,pitch,tennis,,,,,,,0,,0,
1,Greater London,way,189833244,51.4386511,-0.0817545,court,pitch,tennis,,,,,,,0,,0,
1,Greater London,way,189833245,51.4386072,-0.0819462,court,pitch,tennis,,,,,,,0,,0,
1,Greater London,way,190398395,51.4420724,-0.0697721,court,pitch,tennis,,,,,,,0,,0,
1,Greater London,way,190398399,51.4428854,-0.0691614,court,pitch,tennis,,,,,,,0,,0,
1,Greater London,way,190398401,51.4423519,-0.0695685,court,pitch,tennis,,,,,,,0,,0,
1,Greater London,way,190398402,51.441726,-0.0702109,court,pitch,tennis,,,,,,,0,,0,
1,Greater London,way,191261853,51.522463,-0.0967604,court,pitch,tennis,,,,,,,0,,0,
1,Greater London,way,191281916,51.5051314,-0.2101194,sports_centre,sports_centre,tennis,sport,,Holland Park Lawn Tennis Club,,,,0,,0,
1,Greater London,way,193310387,51.4972918,-0.0109541,court,pitch,tennis,,,Court 1,,,tartan,1,St John's Park,1,St John's Park
1,Greater London,way,193310390,51.4973863,-0.0108112,court,pitch,tennis,,,Court 2,,,tartan,1,St John's Park,1,St John's Park
1,Greater London,way,195118169,51.4255219,-0.1514572,court,pitch,tennis,,,,,,asphalt,1,,1,
1,Greater London,way,195118175,51.4255392,-0.1516661,court,pitch,tennis,,,,,,asphalt,1,,1,
1,Greater London,way,196841499,51.3537746,0.0409968,court,pitch,tennis,,,,,,,1,Holwood Park,1,Holwood Park
1,Greater London,way,197850577,51.4991057,-0.153666,court,pitch,tennis,,private,,,,,1,Belgrave Square,1,Belgrave Square
1,Greater London,way,198319425,51.3746345,-0.114331,court,pitch,tennis,,,,,,,1,Wandle Park,1,Wandle Park
1,Greater London,way,198436695,51.3491085,0.1378524,court,pitch,tennis,,,,,,,0,,0,
1,Greater London,way,198642472,51.3858534,-0.2345344,court,pitch,tennis,,,,,,,1,Mayflower Park,1,Mayflower Park
1,Greater London,way,198644501,51.6280148,-0.1989098,court,pitch,tennis,,,,,,,0,,0,
1,Greater London,way,198644502,51.6297109,-0.1999376,court,pitch,tennis,,,,,,,0,,0,
1,Greater London,way,198702039,51.615675,-0.2242483,court,pitch,tennis,,,,,,paved,0,,0,
1,Greater London,way,198753752,51.621297,-0.2356515,court,pitch,tennis,,private,,,,,0,,0,
1,Greater London,way,198753760,51.6207142,-0.2360847,court,pitch,tennis,,private,,,,,0,,0,
1,Greater London,way,199104521,51.587475,-0.2436565,court,pitch,tennis,,,Rushgrove Tennis Courts,,,,1,Rushgrove Park,1,Rushgrove Park
1,Greater London,way,201855870,51.597653,-0.1913934,court,pitch,tennis,,,,,,,0,,0,
1,Greater London,way,202281854,51.5002503,-0.182201,court,pitch,tennis,,,,,,,0,,0,
1,Greater London,way,202827858,51.587248,0.1943086,court,pitch,tennis,,,,,,,0,,0,
1,Greater London,way,202827859,51.5876447,0.1950163,court,pitch,tennis,,,,,,,0,,0,
1,Greater London,way,203140009,51.3708216,-0.0480648,court,pitch,tennis,,,,,,asphalt,1,Shirley Church Recreation Ground,1,Shirley Church Recreation Ground
1,Greater London,way,204867741,51.3396472,-0.0636879,court,pitch,tennis,,,,,,paved,0,,0,
1,Greater London,way,205703541,51.340309,-0.0917912,court,pitch,tennis,,,,,,,0,,0,
1,Greater London,way,205703542,51.3323381,-0.0973074,court,pitch,tennis,,,,,,,0,,0,
1,Greater London,way,205703543,51.3400846,-0.0912454,court,pitch,tennis,,,,,,,0,,0,
1,Greater London,way,206463509,51.5615776,0.2562757,court,pitch,tennis,,,,,,,0,,0,
1,Greater London,way,206999912,51.3129665,-0.1553234,court,pitch,tennis,,,,,,,0,,0,
1,Greater London,way,206999917,51.3132591,-0.1551761,court,pitch,tennis,,,,,,,0,,0,
1,Greater London,way,207924018,51.5071899,-0.3147682,court,pitch,tennis,,,,,,,0,,0,
1,Greater London,way,210101214,51.3247308,-0.1118598,court,pitch,tennis,,,,,,,0,,0,
1,Greater London,way,211456718,51.4330069,-0.2127301,court,pitch,tennis,,,,,,,0,,0,
1,Greater London,way,212693964,51.452781,-0.1707451,court,pitch,tennis,,,,,,,1,Wandsworth Common,1,Wandsworth Common
1,Greater London,way,212693966,51.4528785,-0.1703709,court,pitch,tennis,,,,,,,1,Wandsworth Common,1,Wandsworth Common
1,Greater London,way,212693967,51.4527315,-0.1709303,court,pitch,tennis,,,,,,,1,Wandsworth Common,1,Wandsworth Common
1,Greater London,way,212693968,51.4528303,-0.1705536,court,pitch,tennis,,,,,,,1,Wandsworth Common,1,Wandsworth Common
1,Greater London,way,212693974,51.4531672,-0.1705696,court,pitch,tennis,,,,,,,1,Wandsworth Common,1,Wandsworth Common
1,Greater London,way,212693976,51.4531151,-0.1707637,court,pitch,tennis,,,,,,,1,Wandsworth Common,1,Wandsworth Common
1,Greater London,way,214668000,51.585053,-0.0006287,court,pitch,tennis,,,,,,,0,,0,
1,Greater London,way,214814674,51.4774234,-0.1744593,court,pitch,tennis,,,,,,,0,,0,
1,Greater London,way,215120714,51.3185456,-0.1236644,court,pitch,tennis,,,,,,,0,,0,
1,Greater London,way,215120717,51.3186195,-0.12325,court,pitch,tennis,,,,,,,0,,0,
1,Greater London,way,215310305,51.5009501,-0.2043633,court,pitch,tennis,,,,,,,1,Holland Park,1,Holland Park
1,Greater London,way,218644900,51.4885207,-0.2348394,court,pitch,tennis,,private,,,,asphalt,0,,0,
1,Greater London,way,219014574,51.4397715,-0.3526073,court,pitch,tennis,,private,,,,,0,,0,
1,Greater London,way,219014575,51.4353983,-0.3717465,court,pitch,tennis,,private,,,,,0,,0,
1,Greater London,way,221187710,51.4567682,-0.1718167,court,pitch,tennis;basketball;soccer,,,,,,,1,Wandsworth Common,1,Wandsworth Common
1,Greater London,way,221550498,51.5155275,-0.1561232,court,pitch,tennis,,,,,,tartan,1,Portman Square Garden,1,Portman Square Garden
1,Greater London,way,221846014,51.5329669,-0.3402322,court,pitch,tennis,,,,,,asphalt,1,Perivale Park,1,Perivale Park
1,Greater London,way,222907891,51.3628473,0.1154483,court,pitch,cricket;rugby;tennis,,,,,,,0,,0,
1,Greater London,way,223017678,51.4161173,-0.2789027,court,pitch,tennis,,,,,,,0,,0,
1,Greater London,way,223017679,51.4163717,-0.2788356,court,pitch,tennis,,,,,,,0,,0,
1,Greater London,way,223017681,51.4162683,-0.2794081,court,pitch,tennis,,,,,,,0,,0,
1,Greater London,way,223017682,51.4158793,-0.2792987,court,pitch,tennis,,,,,,,0,,0,
1,Greater London,way,223017683,51.4161926,-0.2791529,court,pitch,tennis,,,,,,,0,,0,
1,Greater London,way,223017684,51.4158226,-0.2791118,court,pitch,tennis,,,,,,,0,,0,
1,Greater London,way,223017685,51.4164832,-0.2787512,court,pitch,tennis,,,,,,,0,,0,
1,Greater London,way,223073123,51.403255,-0.0887291,court,pitch,tennis,,,,,,,1,Grangewood Park,1,Grangewood Park
1,Greater London,way,223073125,51.4032099,-0.0884939,court,pitch,tennis,,,,,,,1,Grangewood Park,1,Grangewood Park
1,Greater London,way,223309002,51.4114042,-0.3132273,court,pitch,tennis,,,,,,,1,Bushy Park,1,Bushy Park
1,Greater London,way,223309003,51.4114525,-0.3130391,court,pitch,tennis,,,,,,,1,Bushy Park,1,Bushy Park
1,Greater London,way,223313411,51.3876717,-0.250819,court,pitch,tennis,,,,,,,0,,0,
1,Greater London,way,223313412,51.3879051,-0.250547,court,pitch,tennis,,,,,,,0,,0,
1,Greater London,way,223313413,51.3873759,-0.250544,court,pitch,tennis,,,,,,,0,,0,
1,Greater London,way,223313414,51.3877868,-0.2506838,court,pitch,tennis,,,,,,,0,,0,
1,Greater London,way,223313415,51.3874861,-0.2504214,court,pitch,tennis,,,,,,,0,,0,
1,Greater London,way,223313416,51.3876052,-0.2502641,court,pitch,tennis,,,,,,,0,,0,
1,Greater London,way,223313417,51.3875535,-0.2509495,court,pitch,tennis,,,,,,,0,,0,
1,Greater London,way,223313418,51.3877133,-0.2501384,court,pitch,tennis,,,,,,,0,,0,
1,Greater London,way,223328425,51.5429427,-0.3845317,court,pitch,tennis,,,,,,,0,,0,
1,Greater London,way,223471825,51.3962213,-0.0786822,court,pitch,tennis,,,,,,,1,South Norwood Recreation Ground,1,South Norwood Recreation Ground
1,Greater London,way,223966962,51.4552293,-0.3057433,court,pitch,tennis,,,,,,concrete,0,,0,
1,Greater London,way,223966963,51.455563,-0.305793,court,pitch,tennis,,,,,,concrete,0,,0,
1,Greater London,way,223966964,51.4552944,-0.3055656,court,pitch,tennis,,,,,,concrete,0,,0,
1,Greater London,way,223982098,51.3776497,-0.3037347,court,pitch,tennis,,,,,,,0,,0,
1,Greater London,way,223982099,51.3775417,-0.3037804,court,pitch,tennis,,,,,,,0,,0,
1,Greater London,way,223982100,51.3777541,-0.3036853,court,pitch,tennis,,,,,,,0,,0,
1,Greater London,way,223982101,51.3778609,-0.3036397,court,pitch,tennis,,,,,,,0,,0,
1,Greater London,way,223982103,51.3776769,-0.3040817,court,pitch,tennis,,,,,,,0,,0,
1,Greater London,way,224643093,51.5351198,-0.3003628,court,pitch,tennis,,,,,,,0,,0,
1,Greater London,way,224887275,51.5675516,0.0851699,court,pitch,tennis,,,,,,,0,,0,
1,Greater London,way,224887278,51.5679085,0.0851387,court,pitch,tennis,,,,,,,0,,0,
1,Greater London,way,224887284,51.5677307,0.0851569,court,pitch,tennis,,,,,,,0,,0,
1,Greater London,way,224891739,51.5783593,0.035502,court,pitch,tennis,,,,,,,0,,0,
1,Greater London,way,224891741,51.5783033,0.0352179,court,pitch,tennis,,,,,,,0,,0,
1,Greater London,way,224891743,51.5781021,0.0344776,court,pitch,tennis,,,,,,,0,,0,
1,Greater London,way,224891745,51.5781659,0.0347304,court,pitch,tennis,,,,,,,0,,0,
1,Greater London,way,224891750,51.578255,0.0350338,court,pitch,tennis,,,,,,,0,,0,
1,Greater London,way,225547283,51.4880371,-0.2108103,court,pitch,tennis,,,Court No 4,,,grass,0,,0,
1,Greater London,way,225547287,51.4873946,-0.2122492,court,pitch,tennis,,,Andy Murray Arena,,,grass,0,,0,
1,Greater London,way,225547288,51.4883901,-0.210871,court,pitch,tennis,,,Court No 6,,,grass,0,,0,
1,Greater London,way,225631252,51.5696653,0.0300225,sports_centre,sports_centre,tennis,sport,,Linkside Lawn Tennis Club,,,,0,,0,
1,Greater London,way,225631465,51.4585663,-0.2717386,court,pitch,tennis,,,,,,,0,,0,
1,Greater London,way,225631466,51.4585678,-0.2719413,court,pitch,tennis,,,,,,,0,,0,
1,Greater London,way,225631467,51.4583629,-0.2713715,court,pitch,tennis,,,,,,,0,,0,
1,Greater London,way,225631468,51.4583474,-0.2708917,court,pitch,tennis,,,,,,,0,,0,
1,Greater London,way,225631469,51.4585706,-0.270948,court,pitch,tennis,,,,,,,0,,0,
1,Greater London,way,225631470,51.4585762,-0.2711418,court,pitch,tennis,,,,,,,0,,0,
1,Greater London,way,225631471,51.4585678,-0.2707521,court,pitch,tennis,,,,,,,0,,0,
1,Greater London,way,225738042,51.4092836,-0.2065256,court,pitch,tennis,,,,,,,1,John Innes Park,1,John Innes Park
1,Greater London,way,225738043,51.4090258,-0.2064065,court,pitch,tennis,,,,,,,1,John Innes Park,1,John Innes Park
1,Greater London,way,225738045,51.4089891,-0.2066083,court,pitch,tennis,,,,,,,1,John Innes Park,1,John Innes Park
1,Greater London,way,226898568,51.5708098,0.0754418,court,pitch,tennis,,,,,,,1,Valentines Park,1,Valentines Park
1,Greater London,way,228067817,51.5218921,-0.0545928,court,pitch,tennis;soccer;basketball;roller_skating,,yes,,,,asphalt,0,,0,
1,Greater London,way,228435764,51.5652214,0.0244646,sports_centre,sports_centre,tennis,,,Aldersbrook Lawn Tennis Club,,,,0,,0,
1,Greater London,way,228435802,51.5653592,0.0245766,court,pitch,tennis,,,,,,,0,,0,
1,Greater London,way,228435803,51.5652566,0.024378,court,pitch,tennis,,,,,,asphalt,0,,0,
1,Greater London,way,229289241,51.5644415,-0.3361984,court,pitch,tennis,,private,,,,,0,,0,
1,Greater London,way,229338335,51.5632011,-0.3369564,court,pitch,tennis,,,,,,,0,,0,
1,Greater London,way,229429562,51.5696721,-0.3371495,court,pitch,tennis,,,,,,,0,,0,
1,Greater London,way,229521271,51.5760889,-0.3339831,court,pitch,tennis,,,,,,,0,,0,
1,Greater London,way,229615582,51.3962295,-0.1044594,court,pitch,tennis,,,,,,,0,,0,
1,Greater London,way,229615583,51.3963725,-0.1039106,court,pitch,tennis,,,,,,,0,,0,
1,Greater London,way,229615586,51.3961505,-0.1046376,court,pitch,tennis,,,,,,,0,,0,
1,Greater London,way,229615587,51.396491,-0.1040465,court,pitch,tennis,,,,,,,0,,0,
1,Greater London,way,229615589,51.3963073,-0.1042839,court,pitch,tennis,,,,,,,0,,0,
1,Greater London,way,229824022,51.5612425,-0.3417552,court,pitch,tennis,,private,,,,,0,,0,
1,Greater London,way,230512536,51.3904078,-0.0147656,court,pitch,tennis,,,,,,grass,0,,0,
1,Greater London,way,231201140,51.5962809,-0.3770516,court,pitch,tennis,,,,,,,0,,0,
1,Greater London,way,231330223,51.4222257,-0.0591182,court,pitch,tennis,,,,,,,0,,0,
1,Greater London,way,231330224,51.4223334,-0.0597048,court,pitch,tennis,,,,,,,0,,0,
1,Greater London,way,231330225,51.4218606,-0.0592006,court,pitch,tennis,,,,,,,0,,0,
1,Greater London,way,231330226,51.4222979,-0.0594923,court,pitch,tennis,,,,,,,0,,0,
1,Greater London,way,231330227,51.421871,-0.0594029,court,pitch,tennis,,,,,,,0,,0,
1,Greater London,way,231330228,51.4225102,-0.0587741,court,pitch,tennis,,,,,,,0,,0,
1,Greater London,way,231330230,51.4221944,-0.0589156,court,pitch,tennis,,,,,,rubber,0,,0,
1,Greater London,way,234173879,51.5716372,-0.3042933,court,pitch,tennis,,yes,,,,,1,Preston Park,1,Preston Park
1,Greater London,way,234173880,51.5713074,-0.3042839,court,pitch,tennis,,yes,,,,,1,Preston Park,1,Preston Park
1,Greater London,way,234173881,51.5709767,-0.304283,court,pitch,tennis,,yes,,,,,1,Preston Park,1,Preston Park
1,Greater London,way,234426883,51.5084779,-0.3728607,court,pitch,tennis,,,,,,,1,Southall Park,1,Southall Park
1,Greater London,way,234726496,51.5742011,-0.2978065,court,pitch,basketball;tennis;volleyball;boules,,yes,,,,asphalt,1,Tenterden Sports Ground,1,Tenterden Sports Ground
1,Greater London,way,235206051,51.5835463,-0.3001936,court,pitch,tennis,,yes,,,,,1,Woodcock Park,1,Woodcock Park
1,Greater London,way,238947903,51.4668135,-0.3317878,court,pitch,tennis,,,,,,,1,Redlees Park,1,Redlees Park
1,Greater London,way,238947904,51.4668143,-0.3310193,court,pitch,tennis,,,,,,,1,Redlees Park,1,Redlees Park
1,Greater London,way,238947905,51.4668145,-0.331297,court,pitch,tennis,,,,,,,1,Redlees Park,1,Redlees Park
1,Greater London,way,239308295,51.6371602,-0.0583892,court,pitch,tennis,,,,,,,1,Jubilee Park,1,Jubilee Park
1,Greater London,way,239308296,51.6368485,-0.0582797,court,pitch,tennis,,,,,,,1,Jubilee Park,1,Jubilee Park
1,Greater London,way,239308299,51.6371366,-0.0581864,court,pitch,tennis,,,,,,,1,Jubilee Park,1,Jubilee Park
1,Greater London,way,239308306,51.6368686,-0.058479,court,pitch,tennis,,,,,,,1,Jubilee Park,1,Jubilee Park
1,Greater London,way,240730644,51.5594854,0.1133888,court,pitch,tennis,,,,,,,1,Goodmayes Park,1,Goodmayes Park
1,Greater London,way,240730646,51.5594643,0.1135951,court,pitch,tennis,,,,,,,1,Goodmayes Park,1,Goodmayes Park
1,Greater London,way,240731294,51.5591987,0.1133212,court,pitch,tennis,,,,,,,1,Goodmayes Park,1,Goodmayes Park
1,Greater London,way,240731296,51.5591765,0.1135336,court,pitch,tennis,,,,,,,1,Goodmayes Park,1,Goodmayes Park
1,Greater London,way,241129002,51.5802018,-0.190961,court,pitch,tennis,,,,,,asphalt,0,,0,
1,Greater London,way,241129004,51.5805475,-0.1913015,court,pitch,tennis,,,,,,asphalt,0,,0,
1,Greater London,way,242188095,51.5032218,-0.1721887,court,pitch,tennis,,,,,,,1,Hyde Park,1,Hyde Park
1,Greater London,way,242188096,51.5032095,-0.1730437,court,pitch,tennis,,,,,,,1,Hyde Park,1,Hyde Park
1,Greater London,way,242188097,51.5032158,-0.1726153,court,pitch,tennis,,,,,,,1,Hyde Park,1,Hyde Park
1,Greater London,way,242188099,51.5032126,-0.1728308,court,pitch,tennis,,,,,,,1,Hyde Park,1,Hyde Park
1,Greater London,way,242188100,51.503206,-0.1732565,court,pitch,tennis,,,,,,,1,Hyde Park,1,Hyde Park
1,Greater London,way,242188787,51.4820578,-0.1536809,court,pitch,tennis,,,,,,asphalt,1,Battersea Park,1,Battersea Park
1,Greater London,way,242188788,51.4816704,-0.1534805,court,pitch,tennis,,,,,,asphalt,1,Battersea Park,1,Battersea Park
1,Greater London,way,242188789,51.4817692,-0.1538706,court,pitch,tennis,,,,,,asphalt,1,Battersea Park,1,Battersea Park
1,Greater London,way,242188790,51.4817196,-0.1536749,court,pitch,tennis,,,,,,asphalt,1,Battersea Park,1,Battersea Park
1,Greater London,way,242188792,51.4818574,-0.1529018,court,pitch,tennis,,,,,,asphalt,1,Battersea Park,1,Battersea Park
1,Greater London,way,242188793,51.4817256,-0.1513019,court,pitch,tennis,,,,,,asphalt,1,Battersea Park,1,Battersea Park
1,Greater London,way,242188794,51.482009,-0.1534862,court,pitch,tennis,,,,,,asphalt,1,Battersea Park,1,Battersea Park
1,Greater London,way,242188795,51.48162,-0.1532855,court,pitch,tennis,,,,,,asphalt,1,Battersea Park,1,Battersea Park
1,Greater London,way,242188797,51.4819578,-0.1532924,court,pitch,tennis,,,,,,asphalt,1,Battersea Park,1,Battersea Park
1,Greater London,way,242188798,51.4816568,-0.15086,court,pitch,tennis,,,,,,artificial_turf,1,Battersea Park,1,Battersea Park
1,Greater London,way,242188799,51.4817592,-0.1515063,court,pitch,tennis,,,,,,asphalt,1,Battersea Park,1,Battersea Park
1,Greater London,way,242188802,51.481689,-0.1510586,court,pitch,tennis,,,,,,artificial_turf,1,Battersea Park,1,Battersea Park
1,Greater London,way,242195186,51.5585021,-0.2050548,court,pitch,tennis,,,,,,,0,,0,
1,Greater London,way,242195187,51.5578891,-0.204905,court,pitch,tennis,,,,,,,0,,0,
1,Greater London,way,242195188,51.5577098,-0.2044268,court,pitch,tennis,,,,,,,0,,0,
1,Greater London,way,242195190,51.5576291,-0.2045951,court,pitch,tennis,,,,,,,0,,0,
1,Greater London,way,242195191,51.5579668,-0.204734,court,pitch,tennis,,,,,,,0,,0,
1,Greater London,way,242195192,51.5584379,-0.2052334,court,pitch,tennis,,,,,,,0,,0,
1,Greater London,way,242195195,51.5583735,-0.2054142,court,pitch,tennis,,,,,,,0,,0,
1,Greater London,way,242195400,51.5583542,-0.1327993,court,pitch,tennis,,,,,,,0,,0,
1,Greater London,way,242195401,51.5586298,-0.1330114,court,pitch,tennis,,,,,,,0,,0,
1,Greater London,way,242209752,51.4367855,0.0349017,court,pitch,tennis,,,,,,,0,,0,
1,Greater London,way,242209753,51.4367827,0.0352553,court,pitch,tennis,,,,,,,0,,0,
1,Greater London,way,242209758,51.43678,0.0356097,court,pitch,tennis,,,,,,,0,,0,
1,Greater London,way,242211966,51.5835025,-0.1360249,court,pitch,tennis,,,Court 2,,,clay,0,,0,
1,Greater London,way,242211967,51.5848132,-0.1370577,court,pitch,tennis,,,,,,,0,,0,
1,Greater London,way,242211968,51.5832327,-0.1367117,court,pitch,tennis,,,Court 8,,,clay,0,,0,
1,Greater London,way,242211969,51.5841184,-0.1345537,court,pitch,tennis,,,Highgate CLTC (Brookside),,,clay,0,,0,
1,Greater London,way,242211970,51.5825715,-0.1344782,court,pitch,tennis,,,Highgate CLTC,,,asphalt,0,,0,
1,Greater London,way,242211971,51.5828098,-0.1335865,court,pitch,tennis,,,HWS (HCLTC),,,asphalt,0,,0,
1,Greater London,way,242211972,51.5847635,-0.1372394,court,pitch,tennis,,,,,,,0,,0,
1,Greater London,way,242211974,51.5840597,-0.134706,court,pitch,tennis,,,Highgate CLTC (Brookside),,,clay,0,,0,
1,Greater London,way,242211975,51.5825091,-0.1346592,court,pitch,tennis,,,Highgate CLTC,,,asphalt,0,,0,
1,Greater London,way,242211976,51.5835598,-0.1358334,court,pitch,tennis,,,Court 3,,,clay,0,,0,
1,Greater London,way,242211977,51.5826181,-0.1341412,court,pitch,tennis,,,HWS (HCLTC),,,asphalt,0,,0,
1,Greater London,way,242211978,51.5839977,-0.1348671,court,pitch,tennis,,,Highgate CLTC (Brookside),,,clay,0,,0,
1,Greater London,way,242211980,51.5834464,-0.136218,court,pitch,tennis,,,Court 1,,,clay,0,,0,
1,Greater London,way,242211982,51.5826818,-0.1339571,court,pitch,tennis,,,HWS (HCLTC),,,asphalt,0,,0,
1,Greater London,way,242211984,51.5838845,-0.1351009,court,pitch,tennis,,,Court 6,,,acrylic,0,,0,
1,Greater London,way,242211986,51.582745,-0.1337721,court,pitch,tennis,,,HWS (HCLTC),,,asphalt,0,,0,
1,Greater London,way,242211989,51.5822372,-0.1344211,court,pitch,tennis,,,Highgate CLTC,,,asphalt,0,,0,
1,Greater London,way,242211992,51.5841962,-0.1365963,court,pitch,tennis,,,,,,,0,,0,
1,Greater London,way,242211994,51.5839164,-0.1363586,court,pitch,tennis,,,,,,asphalt,0,,0,
1,Greater London,way,242211997,51.5844848,-0.1368377,court,pitch,tennis,,,,,,,0,,0,
1,Greater London,way,242211999,51.5838126,-0.1352859,court,pitch,tennis,,,Court 5,,,acrylic,0,,0,
1,Greater London,way,242212002,51.5845455,-0.1366534,court,pitch,tennis,,,,,,,0,,0,
1,Greater London,way,242212005,51.5822997,-0.1342378,court,pitch,tennis,,,Highgate CLTC,,,asphalt,0,,0,
1,Greater London,way,244930786,51.5517942,-0.0624106,court,pitch,tennis,,,,,,,0,,0,
1,Greater London,way,245378422,51.4506352,-0.3078835,court,pitch,tennis,,,,,,,0,,0,
1,Greater London,way,250683435,51.4600013,0.1188471,court,pitch,tennis,,,,,,,0,,0,
1,Greater London,way,251501873,51.5915841,-0.2745188,court,pitch,tennis,,,,,,,1,Eton Grove Open Space,1,Eton Grove Open Space
1,Greater London,way,251805047,51.5868427,0.0089203,court,pitch,tennis,,,,,,,0,,0,
1,Greater London,way,253089458,51.4418943,-0.4057576,court,pitch,tennis,,,,,,,0,,0,
1,Greater London,way,255305346,51.5612746,-0.3497278,court,pitch,tennis,,,,,,,0,,0,
1,Greater London,way,255472320,51.5940286,-0.1528326,court,pitch,tennis,,,,,,,0,,0,
1,Greater London,way,256389288,51.345153,-0.067768,court,pitch,tennis,,,,,,,0,,0,
1,Greater London,way,256389290,51.3455126,-0.0678477,court,pitch,tennis,,,,,,,0,,0,
1,Greater London,way,256389293,51.3455316,-0.067388,court,pitch,tennis,,,,,,,0,,0,
1,Greater London,way,256389294,51.3452296,-0.0675539,court,pitch,tennis,,,,,,,0,,0,
1,Greater London,way,256389295,51.3453838,-0.0672235,court,pitch,tennis,,,,,,,0,,0,
1,Greater London,way,256710718,51.5886591,0.079622,court,pitch,tennis,,,,,,,1,Barkingside Recreation Ground,1,Barkingside Recreation Ground
1,Greater London,way,257069936,51.4263591,0.0104708,court,pitch,tennis,,,,,,,0,,0,
1,Greater London,way,257069939,51.428139,0.0155211,court,pitch,tennis,,,,,,,0,,0,
1,Greater London,way,257164620,51.5518803,-0.1883378,court,pitch,tennis,,,,,,,0,,0,
1,Greater London,way,257164621,51.5518175,-0.1885096,court,pitch,tennis,,,,,,,0,,0,
1,Greater London,way,257164623,51.5507879,-0.1871137,sports_centre,sports_centre,cricket;field_hockey;fitness;squash;table_tennis;tennis,sport,,Cumberland Lawn Tennis Club and Hampstead Cricket Club,,,,0,,0,
1,Greater London,way,257164624,51.5511365,-0.1880879,court,pitch,tennis,,,,,,,0,,0,
1,Greater London,way,257164625,51.5512028,-0.187909,court,pitch,tennis,,,,,,,0,,0,
1,Greater London,way,257164626,51.5512696,-0.1877289,court,pitch,tennis,,,,,,,0,,0,
1,Greater London,way,258641342,51.5898263,-0.2886587,court,pitch,tennis,,,,,,,1,,1,
1,Greater London,way,258641680,51.5820156,-0.2821975,court,pitch,tennis,,private,,,2,asphalt,0,,0,
1,Greater London,way,259392942,51.5579154,-0.2940142,court,pitch,tennis,,,,,,,0,,0,
1,Greater London,way,259392953,51.5579232,-0.2943842,court,pitch,tennis,,,,,,,0,,0,
1,Greater London,way,259393720,51.330404,-0.0700664,court,pitch,tennis,,,,,,,0,,0,
1,Greater London,way,259393721,51.3302119,-0.070668,court,pitch,tennis,,,,,,,0,,0,
1,Greater London,way,259393723,51.3303451,-0.0702533,court,pitch,tennis,,,,,,,0,,0,
1,Greater London,way,259393725,51.330274,-0.0704725,court,pitch,tennis,,,,,,,0,,0,
1,Greater London,way,260122201,51.447328,0.1527388,court,pitch,tennis,,,,,,,0,,0,
1,Greater London,way,261372896,51.5164142,0.0280769,court,pitch,tennis,,,,,,,1,Canning Town Recreation Ground,1,Canning Town Recreation Ground
1,Greater London,way,261849316,51.412999,-0.1448291,court,pitch,tennis,,yes,,,,,1,Streatham Vale Park,1,Streatham Vale Park
1,Greater London,way,262420041,51.4211068,-0.0695183,court,pitch,tennis,,,,,,asphalt,1,Crystal Palace Park,1,Crystal Palace Park
1,Greater London,way,262420042,51.4210442,-0.0692742,court,pitch,tennis,,,,,,asphalt,1,Crystal Palace Park,1,Crystal Palace Park
1,Greater London,way,262420043,51.420981,-0.069024,court,pitch,tennis,,,,,,asphalt,1,Crystal Palace Park,1,Crystal Palace Park
1,Greater London,way,262943835,51.4584879,0.1196993,court,pitch,tennis,,,,,,,1,Danson Park,1,Danson Park
1,Greater London,way,264140555,51.3243241,-0.1595899,court,pitch,tennis,,,,,,,1,Corrigan Recreation Ground,1,Corrigan Recreation Ground
1,Greater London,way,264140557,51.3240783,-0.1593025,court,pitch,tennis,,,,,,,1,Corrigan Recreation Ground,1,Corrigan Recreation Ground
1,Greater London,way,264155197,51.4226268,0.1042109,court,pitch,tennis,,,,,,,0,,0,
1,Greater London,way,264155199,51.4225396,0.105531,court,pitch,tennis,,,,,,,0,,0,
1,Greater London,way,264244420,51.5171119,-0.3120204,court,pitch,tennis,,,,,,paved,0,,0,
1,Greater London,way,264244422,51.5172236,-0.3115303,court,pitch,tennis,,,,,,paved,0,,0,
1,Greater London,way,264538653,51.5156985,-0.3289147,court,pitch,tennis,,,,,,,0,,0,
1,Greater London,way,264538654,51.5153044,-0.3292841,court,pitch,tennis,,,,,,,0,,0,
1,Greater London,way,264538655,51.5150372,-0.3288069,court,pitch,tennis,,,,,,,0,,0,
1,Greater London,way,264538656,51.5153683,-0.3288596,court,pitch,tennis,,,,,,,0,,0,
1,Greater London,way,264538657,51.5153373,-0.3290745,court,pitch,tennis,,,,,,,0,,0,
1,Greater London,way,264538658,51.5156392,-0.3293014,court,pitch,tennis,,,,,,,0,,0,
1,Greater London,way,264538659,51.5156701,-0.3290972,court,pitch,tennis,,,,,,,0,,0,
1,Greater London,way,264538660,51.515005,-0.3290187,court,pitch,tennis,,,,,,,0,,0,
1,Greater London,way,264538661,51.5156095,-0.3295051,court,pitch,tennis,,,,,,,0,,0,
1,Greater London,way,264854708,51.5317764,-0.3276177,court,pitch,tennis,,,,,,,0,,0,
1,Greater London,way,264854709,51.5317975,-0.3273713,court,pitch,tennis,,,,,,,0,,0,
1,Greater London,way,265138131,51.4163939,-0.0910374,court,pitch,tennis,,,,,,,1,Upper Norwood Recreation Ground,1,Upper Norwood Recreation Ground
1,Greater London,way,265138132,51.416489,-0.0908955,court,pitch,tennis,,,,,,,1,Upper Norwood Recreation Ground,1,Upper Norwood Recreation Ground
1,Greater London,way,265313368,51.3668442,0.0741875,sports_centre,sports_centre,tennis,,,Bromley Tennis Centre,,,,0,,0,
1,Greater London,way,265313429,51.3663643,0.0737201,court,pitch,tennis,,,,,,,0,,0,
1,Greater London,way,268683981,51.4506534,0.1358516,court,pitch,tennis,,,,,,,0,,0,
1,Greater London,way,270104401,51.4731779,-0.2152309,sports_centre,sports_centre,tennis,,,Bishops Park Tennis Centre,,,,1,Bishop's Park,1,Bishop's Park
1,Greater London,way,273377328,51.4559998,-0.3495221,court,pitch,tennis,,,,,,,0,,0,
1,Greater London,way,274158298,51.3958437,-0.2742481,court,pitch,tennis,,customers,,,,,0,,0,
1,Greater London,way,274158300,51.3963916,-0.2724449,court,pitch,tennis,,customers,,,,,0,,0,
1,Greater London,way,274978956,51.5358456,-0.21232,court,pitch,tennis,,,,,,,1,Queens Park,1,Queens Park
1,Greater London,way,274978957,51.5358705,-0.2121206,court,pitch,tennis,,,,,,,1,Queens Park,1,Queens Park
1,Greater London,way,274978958,51.5358945,-0.211926,court,pitch,tennis,,,,,,,1,Queens Park,1,Queens Park
1,Greater London,way,274978959,51.535966,-0.2113408,court,pitch,tennis,,,,,,,1,Queens Park,1,Queens Park
1,Greater London,way,274978960,51.5359182,-0.2117322,court,pitch,tennis,,,,,,,1,Queens Park,1,Queens Park
1,Greater London,way,274978961,51.5359414,-0.2115348,court,pitch,tennis,,,,,,,1,Queens Park,1,Queens Park
1,Greater London,way,275138936,51.5502848,-0.1860142,court,pitch,tennis,,,,,,,0,,0,
1,Greater London,way,275138937,51.5501105,-0.1864425,court,pitch,tennis,,,,,,,0,,0,
1,Greater London,way,275138938,51.5499364,-0.1868688,court,pitch,tennis,,,,,,,0,,0,
1,Greater London,way,275498693,51.5678608,0.1142548,court,pitch,tennis,,,,,,,1,Barley Lane Recreation Ground,1,Barley Lane Recreation Ground
1,Greater London,way,277162112,51.512744,0.0531759,court,pitch,tennis,,private,,,,,0,,0,
1,Greater London,way,280983681,51.4420152,-0.2085353,court,pitch,tennis,,,,,,grass,0,,0,
1,Greater London,way,280983686,51.4420184,-0.2083039,sports_centre,sports_centre,tennis,sport,,The Gardens Lawn Tennis Club,,,,0,,0,
1,Greater London,way,282084653,51.5261297,-0.188519,court,pitch,tennis,,,,,,,0,,0,
1,Greater London,way,282084654,51.526929,-0.1906006,court,pitch,tennis,,,,,,,0,,0,
1,Greater London,way,282084659,51.5265408,-0.1894297,court,pitch,tennis,,,,,,,0,,0,
1,Greater London,way,282084660,51.526838,-0.190403,court,pitch,tennis,,,,,,,0,,0,
1,Greater London,way,282084661,51.5261871,-0.1894273,court,pitch,tennis,,,,,,,0,,0,
1,Greater London,way,282084662,51.5266167,-0.19057,court,pitch,tennis,,,,,,,0,,0,
1,Greater London,way,282084663,51.5268056,-0.1909794,court,pitch,tennis,,,,,,,0,,0,
1,Greater London,way,282084664,51.5261029,-0.189237,court,pitch,tennis,,,,,,,0,,0,
1,Greater London,way,282084665,51.5263374,-0.1889769,court,pitch,tennis,,,,,,,0,,0,
1,Greater London,way,282084666,51.5264527,-0.1901932,court,pitch,tennis,,,,,,,0,,0,
1,Greater London,way,282901073,51.4186882,-0.2302489,sports_centre,sports_centre,tennis,sport,private,Westside Lawn Tennis Club,,,,0,,0,
1,Greater London,way,285734777,51.5895172,-0.0874233,court,pitch,tennis,,,,,,,1,Downhills Park,1,Downhills Park
1,Greater London,way,288316270,51.5228688,0.0635579,court,pitch,tennis,,,,,,asphalt,1,Gooseley Playing Field,1,Gooseley Playing Field
1,Greater London,way,288629012,51.4274944,-0.3207417,court,pitch,tennis,,,,,,artificial_turf,0,,0,
1,Greater London,way,291934279,51.3964452,-0.0175878,sports_centre,sports_centre,tennis;fitness;squash,,,The Park Langley Club,,,,0,,0,
1,Greater London,way,291934283,51.3965755,-0.01717,court,pitch,tennis,,,,,,,0,,0,
1,Greater London,way,292283986,51.4852784,-0.1357722,court,pitch,tennis,,,,,,,0,,0,
1,Greater London,way,293000851,51.5204444,-0.3159578,court,pitch,tennis,,private,,,,,0,,0,
1,Greater London,way,293812658,51.3226451,-0.1181857,court,pitch,tennis,,,,,,,0,,0,
1,Greater London,way,293812659,51.3227107,-0.1177617,court,pitch,tennis,,,,,,,0,,0,
1,Greater London,way,293812660,51.3223853,-0.1179002,court,pitch,tennis,,,,,,,0,,0,
1,Greater London,way,293812661,51.3224146,-0.1176502,court,pitch,tennis,,,,,,,0,,0,
1,Greater London,way,293812662,51.3223627,-0.1180908,court,pitch,tennis,,,,,,,0,,0,
1,Greater London,way,293812663,51.3227408,-0.1175656,court,pitch,tennis,,,,,,,0,,0,
1,Greater London,way,293812664,51.3226758,-0.1179884,court,pitch,tennis,,,,,,,0,,0,
1,Greater London,way,293812665,51.3227743,-0.1173003,court,pitch,tennis,,,,,,,0,,0,
1,Greater London,way,294344908,51.3717112,0.0075493,court,pitch,tennis,,,,,,asphalt,0,,0,
1,Greater London,way,294344909,51.3714602,0.0077434,court,pitch,tennis,,,,,,asphalt,0,,0,
1,Greater London,way,294931127,51.4824646,0.0801773,court,pitch,tennis,,,,,,,1,Plumstead Common,1,Plumstead Common
1,Greater London,way,294931128,51.4824691,0.0803755,court,pitch,tennis,,,,,,,1,Plumstead Common,1,Plumstead Common
1,Greater London,way,294931129,51.4824735,0.0805737,court,pitch,tennis,,,,,,,1,Plumstead Common,1,Plumstead Common
1,Greater London,way,296434403,51.5411962,-0.2330194,court,pitch,tennis,,,,,,,0,,0,
1,Greater London,way,296434404,51.540872,-0.2331743,court,pitch,tennis,,,,,,,0,,0,
1,Greater London,way,296925500,51.5403522,-0.0338142,court,pitch,tennis,,yes,,Tower Hamlets Tennis,,macadam,1,Victoria Park,1,Victoria Park
1,Greater London,way,296925501,51.5403671,-0.034021,court,pitch,tennis,,yes,,Tower Hamlets Tennis,,macadam,1,Victoria Park,1,Victoria Park
1,Greater London,way,296925502,51.5403353,-0.033606,court,pitch,tennis,,yes,,Tower Hamlets Tennis,,macadam,1,Victoria Park,1,Victoria Park
1,Greater London,way,296927687,51.553178,-0.0152015,court,pitch,tennis,,,,,,asphalt,1,Queen Elizabeth Olympic Park,1,Queen Elizabeth Olympic Park
1,Greater London,way,296927689,51.5532039,-0.0148609,court,pitch,tennis,,,,,,asphalt,1,Queen Elizabeth Olympic Park,1,Queen Elizabeth Olympic Park
1,Greater London,way,296927690,51.5528434,-0.0144385,court,pitch,tennis,,,,,,asphalt,1,Queen Elizabeth Olympic Park,1,Queen Elizabeth Olympic Park
1,Greater London,way,296927692,51.5532318,-0.0145207,court,pitch,tennis,,,,,,asphalt,1,Queen Elizabeth Olympic Park,1,Queen Elizabeth Olympic Park
1,Greater London,way,296927694,51.5527888,-0.0151209,court,pitch,tennis,,,,,,asphalt,1,Queen Elizabeth Olympic Park,1,Queen Elizabeth Olympic Park
1,Greater London,way,296927695,51.5528169,-0.0147814,court,pitch,tennis,,,,,,asphalt,1,Queen Elizabeth Olympic Park,1,Queen Elizabeth Olympic Park
1,Greater London,way,298877943,51.4862785,0.1103977,court,pitch,tennis,,,,,,,0,,0,
1,Greater London,way,300644147,51.4430625,0.1015708,court,pitch,tennis,,,,,,,1,Willersley Park,1,Willersley Park
1,Greater London,way,300778574,51.5859248,-0.1583,court,pitch,tennis,,,,,,asphalt,1,Cherry Tree Wood,1,Cherry Tree Wood
1,Greater London,way,303228167,51.4406381,-0.1295738,court,pitch,tennis,,,,,,,0,,0,
1,Greater London,way,303228168,51.4439451,-0.1356598,sports_centre,sports_centre,tennis,,,Grafton Tennis Club,,,,0,,0,
1,Greater London,way,303228170,51.4403866,-0.1297853,sports_centre,sports_centre,tennis,,,Telford Park Tennis Club,,,,0,,0,
1,Greater London,way,305476519,51.5697938,0.2444879,court,pitch,tennis,,,,,,,0,,0,
1,Greater London,way,305476522,51.5698417,0.244285,court,pitch,tennis,,,,,,,0,,0,
1,Greater London,way,305476523,51.5697317,0.2447835,court,pitch,tennis,,,,,,,0,,0,
1,Greater London,way,305996916,51.4428525,-0.0858108,court,pitch,tennis,,,,,,,0,,0,
1,Greater London,way,305998877,51.434999,-0.0815879,court,pitch,tennis,,private,,,,,0,,0,
1,Greater London,way,306013244,51.6480694,-0.0857739,court,pitch,tennis,,,,,,asphalt,1,Enfield Town Park,1,Enfield Town Park
1,Greater London,way,306013245,51.6480435,-0.0859793,court,pitch,tennis,,,,,,asphalt,1,Enfield Town Park,1,Enfield Town Park
1,Greater London,way,307058717,51.3818033,-0.0345734,court,pitch,tennis,,,,,,clay,0,,0,
1,Greater London,way,307058726,51.3803528,-0.030421,court,pitch,tennis,,,,,,,0,,0,
1,Greater London,way,310155840,51.6505958,-0.0864716,court,pitch,tennis,,,,,,asphalt,1,Enfield Town Park,1,Enfield Town Park
1,Greater London,way,315336513,51.5103603,-0.2556083,court,pitch,tennis,,,,,,,0,,0,
1,Greater London,way,315336514,51.5103311,-0.2558789,court,pitch,tennis,,,,,,,0,,0,
1,Greater London,way,315336515,51.5098926,-0.2557,court,pitch,tennis,,,,,,,0,,0,
1,Greater London,way,315337136,51.5111309,-0.2528883,court,pitch,tennis,,,,,,artificial_turf,0,,0,
1,Greater London,way,315337138,51.5089584,-0.2542446,court,pitch,tennis,,,,,,,0,,0,
1,Greater London,way,315340430,51.5078693,-0.2530655,court,pitch,tennis,,,,,,,0,,0,
1,Greater London,way,315933701,51.4289539,-0.3325754,court,pitch,tennis,,private,,,,,0,,0,
1,Greater London,way,316353219,51.4691209,-0.2962754,sports_centre,sports_centre,rugby_union;archery;tennis;cricket;bowls,,customers,Old Deer Park Sports Ground,,,,1,Old Deer Park,1,Old Deer Park
1,Greater London,way,316464042,51.4493767,0.0202046,court,pitch,tennis,,private,,,,,0,,0,
1,Greater London,way,316789386,51.4347141,-0.2094014,court,pitch,tennis,,,,,,clay,0,,0,
1,Greater London,way,316789387,51.4345284,-0.2091556,court,pitch,tennis,,,,,,clay,0,,0,
1,Greater London,way,316789388,51.4351382,-0.2089232,court,pitch,tennis,,,,,,,0,,0,
1,Greater London,way,316789389,51.4350066,-0.2095255,court,pitch,tennis,,,,,,grass,0,,0,
1,Greater London,way,316976560,51.4585048,-0.2714424,sports_centre,sports_centre,tennis,,,Sheen Lawn Tennis and Squash Club,,,,0,,0,
1,Greater London,way,318520249,51.4189956,-0.2492542,court,pitch,tennis,,,,,,,0,,0,
1,Greater London,way,320226975,51.503117,-0.4723417,court,pitch,tennis,,,Tennis Courts,,,,1,The Closes Recreation Ground,1,The Closes Recreation Ground
1,Greater London,way,321441392,51.5737273,-0.3543525,court,pitch,tennis,,,,,,asphalt,0,,0,
1,Greater London,way,321650176,51.5547575,0.2468039,court,pitch,tennis,,yes,,,,concrete,1,Upminster Park,1,Upminster Park
1,Greater London,way,323619651,51.4982812,-0.3883175,court,pitch,tennis,,,,,,,0,,0,
1,Greater London,way,324900258,51.5736256,-0.1734302,court,pitch,tennis,,private,,,,,0,,0,
1,Greater London,way,325254475,51.6049456,-0.299862,court,pitch,tennis,,,,,,,1,,1,
1,Greater London,way,325254476,51.6045988,-0.2998363,court,pitch,tennis,,,,,,,1,,1,
1,Greater London,way,325254477,51.6046538,-0.2996239,court,pitch,tennis,,,,,,,1,,1,
1,Greater London,way,325254478,51.6048816,-0.3000595,court,pitch,tennis,,,,,,,1,,1,
1,Greater London,way,327688638,51.4946923,-0.2576751,court,pitch,tennis,,,,,,tartan,1,Chiswick Back Common,1,Chiswick Back Common
1,Greater London,way,329467661,51.4926839,0.1061712,court,pitch,tennis,,,,,,,0,,0,
1,Greater London,way,329467671,51.4927405,0.1054663,court,pitch,tennis,,,,,,,0,,0,
1,Greater London,way,329957795,51.5669355,-0.2907549,court,pitch,tennis,,,,,,,0,,0,
1,Greater London,way,330489973,51.4963164,-0.1062662,court,pitch,tennis,,,Court 1,,,asphalt,1,Geraldine Mary Harmsworth Park,1,Geraldine Mary Harmsworth Park
1,Greater London,way,330489974,51.4962555,-0.1060565,court,pitch,tennis,,,Court 2,,,asphalt,1,Geraldine Mary Harmsworth Park,1,Geraldine Mary Harmsworth Park
1,Greater London,way,330592448,51.3771212,-0.0714419,court,pitch,tennis,,,,,,tartan,1,Addiscombe Recreation Ground,1,Addiscombe Recreation Ground
1,Greater London,way,331907656,51.5631735,-0.3380884,court,pitch,tennis,,private,,,,,0,,0,
1,Greater London,way,338836024,51.4767169,-0.2532239,court,pitch,tennis,,,,,,asphalt,0,,0,
1,Greater London,way,338836025,51.4766783,-0.2530086,court,pitch,tennis,,,,,,asphalt,0,,0,
1,Greater London,way,338836026,51.4770088,-0.25308,court,pitch,tennis,,,,,,asphalt,0,,0,
1,Greater London,way,338836027,51.4769688,-0.2528673,court,pitch,tennis,,,,,,asphalt,0,,0,
1,Greater London,way,338836040,51.4770726,-0.2535036,court,pitch,tennis,,,,,,,0,,0,
1,Greater London,way,338836041,51.4770349,-0.2533035,court,pitch,tennis,,,,,,,0,,0,
1,Greater London,way,338942152,51.4743981,-0.254735,court,pitch,tennis,,,,,,,0,,0,
1,Greater London,way,338942153,51.4748824,-0.2547972,court,pitch,tennis,,,,,,,0,,0,
1,Greater London,way,338942154,51.474769,-0.2545977,court,pitch,tennis,,,,,,,0,,0,
1,Greater London,way,338942155,51.4746595,-0.2543992,court,pitch,tennis,,,,,,,0,,0,
1,Greater London,way,338942156,51.475195,-0.2552214,court,pitch,tennis,,,,,,,0,,0,
1,Greater London,way,338942157,51.4751007,-0.255047,court,pitch,tennis,,,,,,,0,,0,
1,Greater London,way,338942158,51.4749111,-0.2556291,court,pitch,tennis,,,,,,,0,,0,
1,Greater London,way,338942159,51.4748067,-0.255452,court,pitch,tennis,,,,,,,0,,0,
1,Greater London,way,338942160,51.4744065,-0.2555445,court,pitch,tennis,,,,,,,0,,0,
1,Greater London,way,338942161,51.4742954,-0.2553501,court,pitch,tennis,,,,,,,0,,0,
1,Greater London,way,338942162,51.4741859,-0.2551503,court,pitch,tennis,,,,,,,0,,0,
1,Greater London,way,338942163,51.4747098,-0.2561883,court,pitch,tennis,,,,,,,0,,0,
1,Greater London,way,338942164,51.4746253,-0.2560327,court,pitch,tennis,,,,,,,0,,0,
1,Greater London,way,338942165,51.4745359,-0.2558731,court,pitch,tennis,,,,,,,0,,0,
1,Greater London,way,338945670,51.4632441,-0.2467617,sports_centre,sports_centre,tennis,,,,,,,0,,0,
1,Greater London,way,339949834,51.4530985,-0.1963355,court,pitch,tennis,,,,,,artificial_turf,1,King George's Park,1,King George's Park
1,Greater London,way,339949835,51.4530825,-0.1961359,court,pitch,tennis,,,,,,artificial_turf,1,King George's Park,1,King George's Park
1,Greater London,way,339949836,51.4530621,-0.1959374,court,pitch,tennis,,,,,,artificial_turf,1,King George's Park,1,King George's Park
1,Greater London,way,339949837,51.4530462,-0.1957319,court,pitch,tennis,,,,,,artificial_turf,1,King George's Park,1,King George's Park
1,Greater London,way,339949838,51.4530294,-0.1955358,court,pitch,tennis,,,,,,artificial_turf,1,King George's Park,1,King George's Park
1,Greater London,way,339949839,51.4536186,-0.1962349,court,pitch,tennis,,,,,,artificial_turf,1,King George's Park,1,King George's Park
1,Greater London,way,339949840,51.4535829,-0.1960411,court,pitch,tennis,,,,,,artificial_turf,1,King George's Park,1,King George's Park
1,Greater London,way,339949841,51.4535442,-0.1958394,court,pitch,tennis,,,,,,artificial_turf,1,King George's Park,1,King George's Park
1,Greater London,way,339949842,51.4535089,-0.1956466,court,pitch,tennis,,,,,,artificial_turf,1,King George's Park,1,King George's Park
1,Greater London,way,339949843,51.4534747,-0.1954537,court,pitch,tennis,,,,,,artificial_turf,1,King George's Park,1,King George's Park
1,Greater London,way,340291716,51.4723739,-0.1757515,court,pitch,tennis,,,,,,,1,Fred Wells Gardens,1,Fred Wells Gardens
1,Greater London,way,340620671,51.3529192,-0.0912074,court,pitch,tennis,,,,,,asphalt,0,,0,
1,Greater London,way,340620672,51.3527926,-0.0910651,court,pitch,tennis,,,,,,asphalt,0,,0,
1,Greater London,way,340620673,51.3529451,-0.0913179,sports_centre,sports_centre,croquet;tennis,,,St. Paul's Lawn Tennis & Croquet Club,,,,0,,0,
1,Greater London,way,342364314,51.3791147,0.089438,court,pitch,tennis,,,,,,,0,,0,
1,Greater London,way,342364315,51.3787444,0.08936,court,pitch,tennis,,,,,,,0,,0,
1,Greater London,way,342364316,51.3784246,0.0893429,court,pitch,tennis,,,,,,,0,,0,
1,Greater London,way,342364317,51.3787491,0.0893675,sports_centre,sports_centre,tennis,,,Knoll Orpington Lawn Tennis,,,,0,,0,
1,Greater London,way,343240740,51.5496183,-0.1874899,court,pitch,tennis,,,,,,,0,,0,
1,Greater London,way,347962262,51.4950705,-0.1524346,court,pitch,tennis,,private,,,,,1,Eaton Square Garden,1,Eaton Square Garden
1,Greater London,way,361182172,51.431714,0.1117906,court,pitch,tennis,,,,,,,1,Waring Park,1,Waring Park
1,Greater London,way,363292712,51.4166338,0.0222049,court,pitch,tennis,,,,,,,0,,0,
1,Greater London,way,363362597,51.428583,0.0274982,court,pitch,tennis,,,,,,,1,Chinbrook Meadows,1,Chinbrook Meadows
1,Greater London,way,363362602,51.4284521,0.027538,court,pitch,tennis,,,,,,,1,Chinbrook Meadows,1,Chinbrook Meadows
1,Greater London,way,365201159,51.5025346,-0.0264734,court,pitch,tennis,,,,,,asphalt,0,,0,
1,Greater London,way,366295009,51.5832848,-0.1562708,court,pitch,tennis,,,,,,,0,,0,
1,Greater London,way,368636619,51.4168276,-0.3055591,court,pitch,tennis,,,,,,clay,1,Canbury Gardens,1,Canbury Gardens
1,Greater London,way,368636724,51.4175374,-0.3052451,court,pitch,tennis,,,,,,,1,Canbury Gardens,1,Canbury Gardens
1,Greater London,way,369759632,51.5601961,-0.1505856,court,pitch,tennis,,,,,,,1,Hampstead Heath,1,Hampstead Heath
1,Greater London,way,369759634,51.5604718,-0.1508415,court,pitch,tennis,,,,,,,1,Hampstead Heath,1,Hampstead Heath
1,Greater London,way,369759636,51.5605329,-0.1506744,court,pitch,tennis,,,,,,,1,Hampstead Heath,1,Hampstead Heath
1,Greater London,way,369759638,51.5596554,-0.1507842,court,pitch,tennis,,,,,,,1,Hampstead Heath,1,Hampstead Heath
1,Greater London,way,369759639,51.5598471,-0.1502692,court,pitch,tennis,,,,,,,1,Hampstead Heath,1,Hampstead Heath
1,Greater London,way,369759640,51.5597162,-0.1506149,court,pitch,tennis,,,,,,,1,Hampstead Heath,1,Hampstead Heath
1,Greater London,way,369759643,51.5597821,-0.1504422,court,pitch,tennis,,,,,,,1,Hampstead Heath,1,Hampstead Heath
1,Greater London,way,369759645,51.5604062,-0.1510241,court,pitch,tennis,,,,,,,1,Hampstead Heath,1,Hampstead Heath
1,Greater London,way,369759647,51.5602612,-0.1504169,court,pitch,tennis,,,,,,,1,Hampstead Heath,1,Hampstead Heath
1,Greater London,way,369759649,51.5601324,-0.150765,court,pitch,tennis,,,,,,,1,Hampstead Heath,1,Hampstead Heath
1,Greater London,way,369817979,51.6026404,-0.4170029,court,pitch,tennis,,,,,,,0,,0,
1,Greater London,way,371159229,51.5826412,0.1917871,court,pitch,tennis,,,,,,,1,Lodge Farm Park,1,Lodge Farm Park
1,Greater London,way,371159230,51.5829586,0.1917588,court,pitch,tennis,,,,,,,1,Lodge Farm Park,1,Lodge Farm Park
1,Greater London,way,371344365,51.5902022,0.1909985,court,pitch,tennis,,,,,,,1,Raphael Park,1,Raphael Park
1,Greater London,way,371344366,51.5902787,0.1911464,court,pitch,tennis,,,,,,,1,Raphael Park,1,Raphael Park
1,Greater London,way,371344367,51.5897853,0.1915514,court,pitch,tennis,,,,,,,1,Raphael Park,1,Raphael Park
1,Greater London,way,371344368,51.5896282,0.1919966,court,pitch,tennis,,,,,,,1,Raphael Park,1,Raphael Park
1,Greater London,way,371344371,51.5905108,0.1908372,court,pitch,tennis,,,,,,,1,Raphael Park,1,Raphael Park
1,Greater London,way,371344372,51.5906677,0.1903808,court,pitch,tennis,,,,,,,1,Raphael Park,1,Raphael Park
1,Greater London,way,371344373,51.589322,0.1921537,court,pitch,tennis,,,,,,,1,Raphael Park,1,Raphael Park
1,Greater London,way,371344375,51.5904345,0.1906904,court,pitch,tennis,,,,,,,1,Raphael Park,1,Raphael Park
1,Greater London,way,371344376,51.5898569,0.1916929,court,pitch,tennis,,,,,,,1,Raphael Park,1,Raphael Park
1,Greater London,way,371344377,51.5895514,0.191849,court,pitch,tennis,,,,,,,1,Raphael Park,1,Raphael Park
1,Greater London,way,371344379,51.5907445,0.1905283,court,pitch,tennis,,,,,,,1,Raphael Park,1,Raphael Park
1,Greater London,way,371344380,51.5894017,0.1923027,court,pitch,tennis,,,,,,,1,Raphael Park,1,Raphael Park
1,Greater London,way,371353113,51.5571563,-0.1497539,court,pitch,tennis,,,,,,,0,,0,
1,Greater London,way,371638490,51.576383,-0.1311668,sports_centre,sports_centre,tennis,sport,,Coolhurst Tennis & Squash Club,,,,0,,0,
1,Greater London,way,372348982,51.4474173,-0.3031652,court,pitch,tennis,,,,,,,0,,0,
1,Greater London,way,372348983,51.4472617,-0.3016281,court,pitch,tennis,,,,,,,0,,0,
1,Greater London,way,372884979,51.4414093,-0.0910486,court,pitch,tennis,,,,,,,1,Belair Park,1,Belair Park
1,Greater London,way,372884980,51.4414075,-0.0908568,court,pitch,tennis,,,,,,,1,Belair Park,1,Belair Park
1,Greater London,way,372884981,51.4414111,-0.0912381,court,pitch,tennis,,,,,,,1,Belair Park,1,Belair Park
1,Greater London,way,372884982,51.4414054,-0.0906649,court,pitch,tennis,,,,,,,1,Belair Park,1,Belair Park
1,Greater London,way,373415826,51.553176,-0.0601438,court,pitch,tennis,,,,Hackney Tennis,,acrylic,1,Hackney Downs,1,Hackney Downs
1,Greater London,way,373415827,51.5528939,-0.0598137,court,pitch,tennis,,,,Hackney Tennis,,acrylic,1,Hackney Downs,1,Hackney Downs
1,Greater London,way,373415828,51.5528655,-0.0600386,court,pitch,tennis,,,,Hackney Tennis,,acrylic,1,Hackney Downs,1,Hackney Downs
1,Greater London,way,373415830,51.5532051,-0.0599145,court,pitch,tennis,,,,Hackney Tennis,,acrylic,1,Hackney Downs,1,Hackney Downs
1,Greater London,way,374536052,51.6151044,-0.2942737,court,pitch,tennis,,,,,,,0,,0,
1,Greater London,way,374536053,51.6153392,-0.2938439,court,pitch,tennis,,,,,,,0,,0,
1,Greater London,way,374536054,51.6152495,-0.2943648,court,pitch,tennis,,,,,,,0,,0,
1,Greater London,way,374536055,51.6153987,-0.2936304,court,pitch,tennis,,,,,,,0,,0,
1,Greater London,way,374536056,51.6155198,-0.2932076,court,pitch,tennis,,,,,,,0,,0,
1,Greater London,way,374536058,51.6155803,-0.292997,court,pitch,tennis,,,,,,,0,,0,
1,Greater London,way,374536059,51.6154591,-0.2934185,court,pitch,tennis,,,,,,,0,,0,
1,Greater London,way,374536060,51.6156397,-0.2927852,court,pitch,tennis,,,,,,,0,,0,
1,Greater London,way,374540475,51.6097553,-0.2925887,court,pitch,tennis,,,,,,artificial_turf,0,,0,
1,Greater London,way,374540493,51.6097645,-0.292378,court,pitch,tennis,,,,,,artificial_turf,0,,0,
1,Greater London,way,374540517,51.6095329,-0.2923545,court,pitch,tennis,,,,,,artificial_turf,0,,0,
1,Greater London,way,374540519,51.6095109,-0.2928538,court,pitch,tennis,,,,,,,0,,0,
1,Greater London,way,374540520,51.6097368,-0.2930082,court,pitch,tennis,,,,,,artificial_turf,0,,0,
1,Greater London,way,374540527,51.609746,-0.2927983,court,pitch,tennis,,,,,,artificial_turf,0,,0,
1,Greater London,way,374541404,51.6050508,-0.2843515,court,pitch,tennis,,,,,,,1,Chandos Recreation Ground,1,Chandos Recreation Ground
1,Greater London,way,374541561,51.6154215,-0.28381,court,pitch,tennis,,,,,,asphalt,1,Stonegrove Park,1,Stonegrove Park
1,Greater London,way,374541562,51.6155203,-0.283661,court,pitch,tennis,,,,,,,1,Stonegrove Park,1,Stonegrove Park
1,Greater London,way,374541974,51.6135141,-0.2944254,court,pitch,tennis,,,,,,,0,,0,
1,Greater London,way,374541975,51.6136101,-0.2940666,court,pitch,tennis,,,,,,,0,,0,
1,Greater London,way,374541976,51.6135654,-0.2942414,court,pitch,tennis,,,,,,,0,,0,
1,Greater London,way,374627771,51.5958679,-0.2577898,court,pitch,tennis,,,,,,,1,Montrose Playing Fields,1,Montrose Playing Fields
1,Greater London,way,374627772,51.5959688,-0.2576074,court,pitch,tennis,,,,,,,1,Montrose Playing Fields,1,Montrose Playing Fields
1,Greater London,way,375067115,51.5639621,-0.0866592,sports_centre,sports_centre,tennis,,,Clissold Park Tennis Pavilion,,,,1,Clissold Park,1,Clissold Park
1,Greater London,way,375152873,51.5620782,-0.0867019,court,pitch,tennis,,,,Hackney Tennis,,rubber,1,Clissold Park,1,Clissold Park
1,Greater London,way,375152875,51.562325,-0.0856214,court,pitch,tennis,,,,Hackney Tennis,,rubber,1,Clissold Park,1,Clissold Park
1,Greater London,way,375152876,51.5621807,-0.0862629,court,pitch,tennis,,,,Hackney Tennis,,rubber,1,Clissold Park,1,Clissold Park
1,Greater London,way,375152878,51.5625314,-0.0850727,court,pitch,tennis,,,,Hackney Tennis,,,1,Clissold Park,1,Clissold Park
1,Greater London,way,375152879,51.5622271,-0.0860607,court,pitch,tennis,,,,Hackney Tennis,,tartan,1,Clissold Park,1,Clissold Park
1,Greater London,way,375152880,51.5621258,-0.0864963,court,pitch,tennis,,,,Hackney Tennis,,rubber,1,Clissold Park,1,Clissold Park
1,Greater London,way,375152881,51.5623688,-0.0854234,court,pitch,tennis,,,,Hackney Tennis,,rubber,1,Clissold Park,1,Clissold Park
1,Greater London,way,375152882,51.5622785,-0.085822,court,pitch,tennis,,,,Hackney Tennis,,rubber,1,Clissold Park,1,Clissold Park
1,Greater London,way,375152884,51.5624148,-0.0852246,court,pitch,tennis,,,,Hackney Tennis,,rubber,1,Clissold Park,1,Clissold Park
1,Greater London,way,375152887,51.5623856,-0.084988,court,pitch,tennis,,,,Hackney Tennis,,,1,Clissold Park,1,Clissold Park
1,Greater London,way,375211275,51.4899108,0.0430279,court,pitch,tennis,,,,,,fine_gravel,1,Maryon Park,1,Maryon Park
1,Greater London,way,375395533,51.5695061,-0.1471932,court,pitch,tennis,,,,,,tartan,1,Waterlow Park,1,Waterlow Park
1,Greater London,way,375395534,51.5690751,-0.1472225,court,pitch,tennis,,,,,,,1,Waterlow Park,1,Waterlow Park
1,Greater London,way,375395535,51.5693593,-0.1475431,court,pitch,tennis,,,,,,tartan,1,Waterlow Park,1,Waterlow Park
1,Greater London,way,375395536,51.5694328,-0.1473682,court,pitch,tennis,,,,,,tartan,1,Waterlow Park,1,Waterlow Park
1,Greater London,way,375395537,51.5691485,-0.1470479,court,pitch,tennis,,,,,,,1,Waterlow Park,1,Waterlow Park
1,Greater London,way,375395538,51.5695797,-0.147018,court,pitch,tennis,,,,,,tartan,1,Waterlow Park,1,Waterlow Park
1,Greater London,way,376166099,51.5681283,-0.1044656,court,pitch,tennis,,,Court 7,,,asphalt,1,Finsbury Park,1,Finsbury Park
1,Greater London,way,376166101,51.5680942,-0.1048953,court,pitch,tennis,,,Court 5,,,asphalt,1,Finsbury Park,1,Finsbury Park
1,Greater London,way,376166103,51.5681113,-0.1046805,court,pitch,tennis,,,Court 6,,,asphalt,1,Finsbury Park,1,Finsbury Park
1,Greater London,way,376166860,51.5677875,-0.1048322,court,pitch,tennis,,,Court 4,,,asphalt,1,Finsbury Park,1,Finsbury Park
1,Greater London,way,376166861,51.5681427,-0.1042599,court,pitch,tennis,,,Court 8,,,asphalt,1,Finsbury Park,1,Finsbury Park
1,Greater London,way,376166862,51.5678218,-0.1044025,court,pitch,tennis,,,Court 2,,,asphalt,1,Finsbury Park,1,Finsbury Park
1,Greater London,way,376166863,51.5678046,-0.1046172,court,pitch,tennis,,,Court 3,,,asphalt,1,Finsbury Park,1,Finsbury Park
1,Greater London,way,377615032,51.4323915,-0.1333747,sports_centre,sports_centre,tennis,sport,,Wigmore Lawn Tennis Club,,,,0,,0,
1,Greater London,way,379652722,51.4870309,-0.2422954,court,pitch,tennis,,,,,,artificial_turf,0,,0,
1,Greater London,way,388030631,51.6453452,-0.0450819,court,pitch,tennis,,,,,,,1,Ponders End Park,1,Ponders End Park
1,Greater London,way,391469332,51.5033583,-0.0330525,court,pitch,tennis,,private,,,,,0,,0,
1,Greater London,way,394150898,51.6176193,-0.1609251,court,pitch,tennis,,,,,,,1,Friary Park,1,Friary Park
1,Greater London,way,394150900,51.6176491,-0.1607193,court,pitch,tennis,,,,,,,1,Friary Park,1,Friary Park
1,Greater London,way,394437995,51.5522417,-0.1012975,court,pitch,tennis,,,,,,asphalt,1,Highbury Fields,1,Highbury Fields
1,Greater London,way,394437996,51.5522133,-0.1010637,court,pitch,tennis,,,,,,asphalt,1,Highbury Fields,1,Highbury Fields
1,Greater London,way,394437997,51.5524553,-0.1011165,court,pitch,tennis,,,,,,asphalt,1,Highbury Fields,1,Highbury Fields
1,Greater London,way,394440761,51.5515264,-0.099319,court,pitch,tennis,,,,,,rubber,1,Highbury Fields,1,Highbury Fields
1,Greater London,way,394440764,51.5515348,-0.0991075,court,pitch,tennis,,,,,,rubber,1,Highbury Fields,1,Highbury Fields
1,Greater London,way,394440767,51.5515436,-0.0988489,court,pitch,tennis,,,,,,rubber,1,Highbury Fields,1,Highbury Fields
1,Greater London,way,394440771,51.5515515,-0.0986468,court,pitch,tennis,,,,,,rubber,1,Highbury Fields,1,Highbury Fields
1,Greater London,way,394442292,51.5506637,-0.0993265,court,pitch,tennis,,,,,,,1,Highbury Fields,1,Highbury Fields
1,Greater London,way,394443053,51.5510484,-0.0988519,court,pitch,tennis,,,,,,,1,Highbury Fields,1,Highbury Fields
1,Greater London,way,394443054,51.5510549,-0.0986493,court,pitch,tennis,,,,,,,1,Highbury Fields,1,Highbury Fields
1,Greater London,way,394903386,51.4640222,-0.2468213,court,pitch,tennis,,,,,,,0,,0,
1,Greater London,way,395048047,51.6029006,-0.1330184,court,pitch,tennis,,,,,,asphalt,0,,0,
1,Greater London,way,395048054,51.6031523,-0.1331096,court,pitch,tennis,,,,,,asphalt,0,,0,
1,Greater London,way,395048055,51.6027708,-0.1329649,court,pitch,tennis,,,,,,asphalt,0,,0,
1,Greater London,way,395048056,51.6030305,-0.1330636,court,pitch,tennis,,,,,,asphalt,0,,0,
1,Greater London,way,395048546,51.6032104,-0.1328287,court,pitch,tennis,,,,,,asphalt,0,,0,
1,Greater London,way,395048547,51.6029398,-0.1327254,court,pitch,tennis,,,,,,asphalt,0,,0,
1,Greater London,way,395048549,51.6031153,-0.1324593,court,pitch,tennis,,,,,,asphalt,0,,0,
1,Greater London,way,395048550,51.6030755,-0.132777,court,pitch,tennis,,,,,,asphalt,0,,0,
1,Greater London,way,395048551,51.6032441,-0.1325127,court,pitch,tennis,,,,,,asphalt,0,,0,
1,Greater London,way,395048553,51.6028046,-0.1326784,court,pitch,tennis,,,,,,asphalt,0,,0,
1,Greater London,way,395604548,51.6001409,-0.1375884,court,pitch,tennis,,,,,,,0,,0,
1,Greater London,way,395604549,51.5999477,-0.1377934,court,pitch,tennis,,,,,,,0,,0,
1,Greater London,way,395604550,51.6000394,-0.1379263,court,pitch,tennis,,,,,,,0,,0,
1,Greater London,way,397006271,51.472176,-0.2618991,court,pitch,tennis,,,,,,clay,0,,0,
1,Greater London,way,397060295,51.6215227,-0.1486131,court,pitch,tennis,,,,,,asphalt,1,New Southgate Recreation Ground,1,New Southgate Recreation Ground
1,Greater London,way,397060296,51.6214199,-0.1484759,court,pitch,tennis,,,,,,asphalt,1,New Southgate Recreation Ground,1,New Southgate Recreation Ground
1,Greater London,way,397060298,51.6200733,-0.1572031,court,pitch,tennis,,,,,,asphalt,1,Bethune Park,1,Bethune Park
1,Greater London,way,397972797,51.5910959,-0.0625528,court,pitch,tennis,,,,,,,1,Down Lane Park,1,Down Lane Park
1,Greater London,way,398436560,51.6686564,-0.1748876,court,pitch,tennis,,,,,,asphalt,1,,1,
1,Greater London,way,398436561,51.6689858,-0.1749303,court,pitch,tennis,,,,,,asphalt,1,,1,
1,Greater London,way,398436562,51.6693263,-0.1749758,court,pitch,tennis,,,,,,asphalt,1,,1,
1,Greater London,way,398436563,51.6693458,-0.1746427,court,pitch,tennis,,,,,,asphalt,1,,1,
1,Greater London,way,398436565,51.6686421,-0.1750893,court,pitch,tennis,,,,,,asphalt,1,,1,
1,Greater London,way,398436566,51.6693062,-0.1751866,court,pitch,tennis,,,,,,asphalt,1,,1,
1,Greater London,way,398436567,51.6689754,-0.1751409,court,pitch,tennis,,,,,,asphalt,1,,1,
1,Greater London,way,398586802,51.4571713,0.0246788,court,pitch,tennis;basketball,,,,,,,0,,0,
1,Greater London,way,404575616,51.4588972,0.1414639,court,pitch,tennis,,,,,,,0,,0,
1,Greater London,way,405564023,51.5678682,-0.1908846,court,pitch,tennis,,,,,,asphalt,1,Golders Hill Park,1,Golders Hill Park
1,Greater London,way,405564026,51.5680885,-0.1911483,court,pitch,tennis,,,,,,asphalt,1,Golders Hill Park,1,Golders Hill Park
1,Greater London,way,405564027,51.5677723,-0.1911624,court,pitch,tennis,,,,,,asphalt,1,Golders Hill Park,1,Golders Hill Park
1,Greater London,way,405564029,51.5678649,-0.1906879,court,pitch,tennis,,,,,,asphalt,1,Golders Hill Park,1,Golders Hill Park
1,Greater London,way,406525731,51.5744737,0.0294769,court,pitch,tennis,,,,,,,0,,0,
1,Greater London,way,407864760,51.4615843,-0.2252675,court,pitch,tennis,,,,,,clay,0,,0,
1,Greater London,way,407864761,51.4615717,-0.2250791,court,pitch,tennis,,,,,,clay,0,,0,
1,Greater London,way,407864762,51.4615607,-0.2248796,court,pitch,tennis,,,,,,clay,0,,0,
1,Greater London,way,407864763,51.4615483,-0.2246766,court,pitch,tennis,,,,,,clay,0,,0,
1,Greater London,way,407864764,51.4615358,-0.2244754,court,pitch,tennis,,,,,,clay,0,,0,
1,Greater London,way,407864765,51.4618918,-0.2252842,court,pitch,tennis,,,,,,artificial_turf,0,,0,
1,Greater London,way,407864766,51.4618854,-0.2250818,court,pitch,tennis,,,,,,artificial_turf,0,,0,
1,Greater London,way,407864767,51.4618811,-0.2248835,court,pitch,tennis,,,,,,artificial_turf,0,,0,
1,Greater London,way,407864768,51.4618754,-0.2246823,court,pitch,tennis,,,,,,artificial_turf,0,,0,
1,Greater London,way,407864769,51.4618705,-0.2244778,court,pitch,tennis,,,,,,artificial_turf,0,,0,
1,Greater London,way,408034116,51.4407851,0.0344881,court,pitch,tennis,,,,,,,0,,0,
1,Greater London,way,411181947,51.6331762,-0.2128965,court,pitch,tennis,,,,,,,0,,0,
1,Greater London,way,411498689,51.629042,-0.1985898,court,pitch,tennis,,,,,,,0,,0,
1,Greater London,way,411498692,51.627377,-0.1967445,court,pitch,tennis,,,,,,,0,,0,
1,Greater London,way,411498693,51.6303298,-0.1994665,court,pitch,tennis,,,,,,,0,,0,
1,Greater London,way,411799017,51.4859491,-0.2877439,court,pitch,tennis,,,,,,acrylic,0,,0,
1,Greater London,way,415304943,51.467369,-0.1936826,court,pitch,tennis,,,,,,,1,South Park,1,South Park
1,Greater London,way,415304944,51.4674616,-0.193454,court,pitch,tennis,,,,,,,1,South Park,1,South Park
1,Greater London,way,415304945,51.4675503,-0.1932325,court,pitch,tennis,,,,,,,1,South Park,1,South Park
1,Greater London,way,416095810,51.5445096,-0.1429045,court,pitch,tennis,,,,,,,0,,0,
1,Greater London,way,420567619,51.5478629,-0.4851359,court,pitch,tennis,,,,,,,1,Fassnidge Park,1,Fassnidge Park
1,Greater London,way,422886133,51.573296,-0.3538803,court,pitch,tennis,,,,,,asphalt,0,,0,
1,Greater London,way,422886137,51.5175305,-0.232047,court,pitch,tennis,,,,,,paved,0,,0,
1,Greater London,way,422886140,51.5736298,-0.3542384,court,pitch,tennis,,,,,,asphalt,0,,0,
1,Greater London,way,422886143,51.5000292,-0.3327447,court,pitch,tennis;soccer,,,,,,paved,0,,0,
1,Greater London,way,422886146,51.5734152,-0.3539952,court,pitch,tennis,,,,,,asphalt,0,,0,
1,Greater London,way,422886151,51.5177277,-0.232076,court,pitch,tennis,,,,,,paved,0,,0,
1,Greater London,way,422886155,51.510765,-0.2125648,court,pitch,tennis,,,,,,paved,1,Avondale Park,1,Avondale Park
1,Greater London,way,422886170,51.5735126,-0.3541093,court,pitch,tennis,,,,,,asphalt,0,,0,
1,Greater London,way,422886176,51.5173453,-0.2320083,court,pitch,tennis,,,,,,paved,0,,0,
1,Greater London,way,422886179,51.5109135,-0.2126275,court,pitch,tennis,,,,,,paved,1,Avondale Park,1,Avondale Park
1,Greater London,way,422886181,51.5106148,-0.2125059,court,pitch,tennis,,,,,,paved,1,Avondale Park,1,Avondale Park
1,Greater London,way,422886188,51.5731985,-0.3537662,court,pitch,tennis,,,,,,asphalt,0,,0,
1,Greater London,way,422886197,51.4998029,-0.3323848,court,pitch,tennis;soccer,,,,,,paved,0,,0,
1,Greater London,way,423196331,51.6038802,-0.0638623,court,pitch,tennis,,private,,,,asphalt,0,,0,
1,Greater London,way,423393331,51.5249749,-0.0537648,court,pitch,tennis,,,,Tower Hamlets Tennis,,paved,1,Bethnal Green Gardens,1,Bethnal Green Gardens
1,Greater London,way,423393332,51.6040699,-0.1085625,court,pitch,tennis,,,,,,paved,0,,0,
1,Greater London,way,423393336,51.524935,-0.0539871,court,pitch,tennis,,,,Tower Hamlets Tennis,,paved,1,Bethnal Green Gardens,1,Bethnal Green Gardens
1,Greater London,way,423393342,51.4664829,-0.0937729,court,pitch,tennis,,,,,,tartan,1,Ruskin Park,1,Ruskin Park
1,Greater London,way,423393347,51.603912,-0.1085453,court,pitch,tennis,,,,,,paved,0,,0,
1,Greater London,way,423393355,51.603769,-0.1085342,court,pitch,tennis,,,,,,paved,0,,0,
1,Greater London,way,423393366,51.5250133,-0.0535445,court,pitch,tennis,,,,Tower Hamlets Tennis,,paved,1,Bethnal Green Gardens,1,Bethnal Green Gardens
1,Greater London,way,423726757,51.3402563,-0.0624582,court,pitch,tennis,,,,,,paved,0,,0,
1,Greater London,way,423726761,51.3399093,-0.0632414,court,pitch,tennis,,,,,,paved,0,,0,
1,Greater London,way,423726764,51.3945575,0.0606814,court,pitch,tennis,,,,,,paved,0,,0,
1,Greater London,way,423726765,51.3400338,-0.0629725,court,pitch,tennis,,,,,,paved,0,,0,
1,Greater London,way,423726767,51.3401071,-0.0628069,court,pitch,tennis,,,,,,paved,0,,0,
1,Greater London,way,423726770,51.3944788,0.0608396,court,pitch,tennis,,,,,,paved,0,,0,
1,Greater London,way,423726771,51.3401758,-0.0626245,court,pitch,tennis,,,,,,paved,0,,0,
1,Greater London,way,423726772,51.3946378,0.0605151,court,pitch,tennis,,,,,,paved,0,,0,
1,Greater London,way,423726774,51.3397503,-0.0620505,court,pitch,tennis,,,,,,paved,0,,0,
1,Greater London,way,423726775,51.3397267,-0.0635284,court,pitch,tennis,,,,,,paved,0,,0,
1,Greater London,way,423726781,51.394514,0.0597023,court,pitch,tennis,,,,,,paved,0,,0,
1,Greater London,way,423726782,51.3943901,0.0609925,court,pitch,tennis,,,,,,paved,0,,0,
1,Greater London,way,423726791,51.3396531,-0.0622517,court,pitch,tennis,,,,,,paved,0,,0,
1,Greater London,way,423726794,51.3946127,0.0598338,court,pitch,tennis,,,,,,paved,0,,0,
1,Greater London,way,423726797,51.3398239,-0.0633808,court,pitch,tennis,,,,,,paved,0,,0,
1,Greater London,way,427341333,51.5575105,0.089772,court,pitch,tennis,,permissive,,,,asphalt,1,South Park,1,South Park
1,Greater London,way,427360614,51.573996,0.0994791,court,pitch,tennis,,,,,,,1,Seven Kings Park,1,Seven Kings Park
1,Greater London,way,427360616,51.5740839,0.0992734,court,pitch,tennis,,,,,,,1,Seven Kings Park,1,Seven Kings Park
1,Greater London,way,427499681,51.4111282,0.1094145,court,pitch,tennis,,,,,,,0,,0,
1,Greater London,way,427875098,51.4364516,0.0241183,court,pitch,tennis,,,,,,,0,,0,
1,Greater London,way,427875100,51.4364698,0.0243066,court,pitch,tennis,,,,,,,0,,0,
1,Greater London,way,427875102,51.4364916,0.0245008,court,pitch,tennis,,,,,,,0,,0,
1,Greater London,way,429210289,51.5864536,-0.1261527,court,pitch,tennis,,,,,,asphalt,1,Priory Park,1,Priory Park
1,Greater London,way,431727401,51.5678582,-0.2065599,court,pitch,tennis,,,,,,paved,1,Basing Hill Park,1,Basing Hill Park
1,Greater London,way,432161596,51.4282872,-0.0670884,court,pitch,tennis,,,,,,,1,Sydenham Wells Park,1,Sydenham Wells Park
1,Greater London,way,433847152,51.4470634,-0.0257872,court,pitch,tennis,,,,,,,1,Ladywell Fields,1,Ladywell Fields
1,Greater London,way,436014159,51.6133073,-0.0148396,court,pitch,tennis,,,,,,,1,Memorial Park,1,Memorial Park
1,Greater London,way,441596757,51.5610698,0.1626216,court,pitch,tennis,,,,,,,1,Central Park,1,Central Park
1,Greater London,way,441596759,51.561049,0.1622325,court,pitch,tennis,,,,,,,1,Central Park,1,Central Park
1,Greater London,way,441596760,51.5610646,0.1624253,court,pitch,tennis,,,,,,,1,Central Park,1,Central Park
1,Greater London,way,441596761,51.5610409,0.1620343,court,pitch,tennis,,,,,,,1,Central Park,1,Central Park
1,Greater London,way,443349237,51.4752299,0.1533222,court,pitch,tennis,,,,,,,0,,0,
1,Greater London,way,443349242,51.4752231,0.1539541,court,pitch,tennis,,,,,,,0,,0,
1,Greater London,way,443349244,51.4752254,0.1537432,court,pitch,tennis,,,,,,,0,,0,
1,Greater London,way,443349245,51.4752275,0.1535327,court,pitch,tennis,,,,,,,0,,0,
1,Greater London,way,443414470,51.5377986,0.0072785,court,pitch,tennis,,,,,,asphalt,1,Stratford Park,1,Stratford Park
1,Greater London,way,443414474,51.5375236,0.0069821,court,pitch,tennis,,,,,,asphalt,1,Stratford Park,1,Stratford Park
1,Greater London,way,443414475,51.537677,0.0073953,court,pitch,tennis,,,,,,asphalt,1,Stratford Park,1,Stratford Park
1,Greater London,way,443414478,51.5376452,0.0068655,court,pitch,tennis,,,,,,asphalt,1,Stratford Park,1,Stratford Park
1,Greater London,way,445115165,51.5599708,-0.0472776,court,pitch,tennis,,,,Hackney Tennis,,asphalt,1,Millfields Park,1,Millfields Park
1,Greater London,way,445115166,51.5596979,-0.0470178,court,pitch,tennis,,,,Hackney Tennis,,asphalt,1,Millfields Park,1,Millfields Park
1,Greater London,way,445115167,51.5599317,-0.0474767,court,pitch,tennis,,,,Hackney Tennis,,asphalt,1,Millfields Park,1,Millfields Park
1,Greater London,way,445115168,51.5596553,-0.0472121,court,pitch,tennis,,,,Hackney Tennis,,asphalt,1,Millfields Park,1,Millfields Park
1,Greater London,way,447785411,51.4647068,-0.002313,court,pitch,tennis,,,,,,,0,,0,
1,Greater London,way,447785413,51.4646604,-0.0024955,court,pitch,tennis,,,,,,,0,,0,
1,Greater London,way,447785416,51.4647767,-0.0020356,court,pitch,tennis,,,,,,,0,,0,
1,Greater London,way,447921160,51.5695011,-0.1446601,court,pitch,tennis,,,,,,,0,,0,
1,Greater London,way,447921161,51.5694868,-0.144854,court,pitch,tennis,,,,,,,0,,0,
1,Greater London,way,450506841,51.429476,-0.2706774,court,pitch,tennis,,,,,,,0,,0,
1,Greater London,way,455058053,51.5316031,-0.1631518,court,pitch,tennis,,private,,,,,0,,0,
1,Greater London,way,456432684,51.6611432,-0.0771299,court,pitch,tennis,,,,,,,0,,0,
1,Greater London,way,456432704,51.6610268,-0.0771768,court,pitch,tennis,,,,,,,0,,0,
1,Greater London,way,459815524,51.6147716,-0.1806465,court,pitch,tennis,,,,,,,0,,0,
1,Greater London,way,464800244,51.4158411,-0.2158431,court,pitch,tennis,,,,,,,0,,0,
1,Greater London,way,467749583,51.5049829,-0.2102837,court,pitch,tennis,,private,,,,,0,,0,
1,Greater London,way,467749585,51.5049221,-0.2104705,court,pitch,tennis,,private,,,,,0,,0,
1,Greater London,way,467749589,51.5050442,-0.210096,court,pitch,tennis,,private,,,,,0,,0,
1,Greater London,way,467749591,51.5052766,-0.2105322,court,pitch,tennis,,private,,,,,0,,0,
1,Greater London,way,467749593,51.5052173,-0.2107123,court,pitch,tennis,,private,,,,,0,,0,
1,Greater London,way,468665996,51.5627608,-0.4517347,court,pitch,tennis,,,,,,,0,,0,
1,Greater London,way,469278179,51.5851511,-0.2684267,court,pitch,tennis,,,Kingsbury Tennis Courts,,,asphalt,1,Roe Green Park,1,Roe Green Park
1,Greater London,way,474414575,51.5677242,-0.1563624,court,pitch,tennis,,,,,,,0,,0,
1,Greater London,way,474481929,51.5381666,-0.2259644,court,pitch,tennis,,,,,,,1,Chelmsford Square Tennis Courts & Gardens,1,Chelmsford Square Tennis Courts & Gardens
1,Greater London,way,474481930,51.5381916,-0.2257579,court,pitch,tennis,,,,,,,1,Chelmsford Square Tennis Courts & Gardens,1,Chelmsford Square Tennis Courts & Gardens
1,Greater London,way,474481931,51.5384753,-0.2258705,court,pitch,tennis,,,,,,,1,Chelmsford Square Tennis Courts & Gardens,1,Chelmsford Square Tennis Courts & Gardens
1,Greater London,way,474481932,51.5384381,-0.2260756,court,pitch,tennis,,,,,,,1,Chelmsford Square Tennis Courts & Gardens,1,Chelmsford Square Tennis Courts & Gardens
1,Greater London,way,477957818,51.3739219,-0.0607947,court,pitch,tennis,,,,,,asphalt,0,,0,
1,Greater London,way,482591445,51.4611305,-0.2082508,court,pitch,tennis,,,,,,,1,,1,
1,Greater London,way,486219105,51.595653,0.1868194,court,pitch,tennis,,,,,,,1,Rise Park,1,Rise Park
1,Greater London,way,487199375,51.361045,-0.1339338,court,pitch,tennis,,,,,,asphalt,1,Mellows Park,1,Mellows Park
1,Greater London,way,489593766,51.4440628,-0.0872925,court,pitch,tennis,,,,,,,0,,0,
1,Greater London,way,489593767,51.4440803,-0.0870427,court,pitch,tennis,,,,,,,0,,0,
1,Greater London,way,489593768,51.444433,-0.0871545,court,pitch,tennis,,,,,,,0,,0,
1,Greater London,way,489593769,51.4444268,-0.0868982,court,pitch,tennis,,,,,,,0,,0,
1,Greater London,way,489593770,51.4444194,-0.0866994,court,pitch,tennis,,,,,,,0,,0,
1,Greater London,way,491088335,51.4240092,-0.352838,court,pitch,tennis,,,,,,,1,Bushy Park,1,Bushy Park
1,Greater London,way,491572904,51.6333184,-0.1837468,sports_centre,sports_centre,tennis,,,Totteridge Tennis Club,,,,0,,0,
1,Greater London,way,501679795,51.3852415,-0.2077855,court,pitch,tennis,,,,,,,0,,0,
1,Greater London,way,503344529,51.4198726,0.077322,court,pitch,tennis,,,,,,,0,,0,
1,Greater London,way,503533353,51.4721154,-0.0542222,court,pitch,tennis,,,,,,,0,,0,
1,Greater London,way,505933517,51.3934586,-0.1814211,court,pitch,tennis,,,,,,,0,,0,
1,Greater London,way,508221478,51.5974622,-0.3039601,court,pitch,tennis,,,,,,asphalt,1,Centenary Park,1,Centenary Park
1,Greater London,way,508221480,51.5980732,-0.3044088,court,pitch,tennis,,,,,,artificial_turf,1,Centenary Park,1,Centenary Park
1,Greater London,way,508281215,51.6053118,-0.184283,court,pitch,tennis,,,,,,,1,Victoria Park,1,Victoria Park
1,Greater London,way,508281216,51.6052148,-0.1841223,court,pitch,tennis,,,,,,,1,Victoria Park,1,Victoria Park
1,Greater London,way,508457109,51.5941389,-0.1796156,court,pitch,tennis,,,,,,,0,,0,
1,Greater London,way,508463522,51.5923913,-0.186755,court,pitch,tennis,,,,,,,0,,0,
1,Greater London,way,508463525,51.5905375,-0.1870131,court,pitch,tennis,,,,,,,0,,0,
1,Greater London,way,508466647,51.5931318,-0.1829216,court,pitch,tennis,,,,,,,0,,0,
1,Greater London,way,508469417,51.5968086,-0.1885169,court,pitch,tennis,,,,,,,0,,0,
1,Greater London,way,508469676,51.597518,-0.1914236,court,pitch,tennis,,,,,,,0,,0,
1,Greater London,way,508469677,51.5973771,-0.19145,court,pitch,tennis,,,,,,,0,,0,
1,Greater London,way,508469678,51.5972273,-0.1914846,court,pitch,tennis,,,,,,,0,,0,
1,Greater London,way,508469679,51.5966963,-0.1886405,court,pitch,tennis,,,,,,,0,,0,
1,Greater London,way,508469680,51.5965799,-0.1887729,court,pitch,tennis,,,,,,,0,,0,
1,Greater London,way,508469681,51.5964621,-0.188907,court,pitch,tennis,,,,,,,0,,0,
1,Greater London,way,508483425,51.5815827,-0.1890737,court,pitch,tennis,,,,,,,0,,0,
1,Greater London,way,508483428,51.5814337,-0.1889318,court,pitch,tennis,,,,,,,0,,0,
1,Greater London,way,508826508,51.6017283,-0.2031307,sports_centre,sports_centre,tennis;squash,,,Finchley Manor Tennis Squash & Health Club,,,,0,,0,
1,Greater London,way,508832947,51.6051164,-0.1839592,court,pitch,tennis,,,,,,,1,Victoria Park,1,Victoria Park
1,Greater London,way,508832948,51.605017,-0.1837945,court,pitch,tennis,,,,,,,1,Victoria Park,1,Victoria Park
1,Greater London,way,508832950,51.6049176,-0.1836299,court,pitch,tennis,,,,,,,1,Victoria Park,1,Victoria Park
1,Greater London,way,509317261,51.6358852,-0.1516608,court,pitch,tennis,,,,,,,1,Oak Hill Park,1,Oak Hill Park
1,Greater London,way,509317262,51.6354654,-0.1509811,court,pitch,tennis,,,,,,,1,Oak Hill Park,1,Oak Hill Park
1,Greater London,way,509404988,51.5997857,-0.1375973,court,pitch,tennis,,,,,,,0,,0,
1,Greater London,way,509404989,51.5996859,-0.1377463,court,pitch,tennis,,,,,,,0,,0,
1,Greater London,way,509488639,51.5816031,-0.2054398,court,pitch,tennis,,,,,,asphalt,1,Princes Park,1,Princes Park
1,Greater London,way,509498889,51.5823591,-0.1975734,court,pitch,tennis,,,,,,grass,0,,0,
1,Greater London,way,509498890,51.5823214,-0.1977764,court,pitch,tennis,,,,,,grass,0,,0,
1,Greater London,way,509498891,51.5819282,-0.1978647,court,pitch,tennis,,,,,,clay,0,,0,
1,Greater London,way,509498892,51.5822643,-0.1980183,court,pitch,tennis,,,,,,clay,0,,0,
1,Greater London,way,509499714,51.5781312,-0.200173,court,pitch,tennis,,,,,,,0,,0,
1,Greater London,way,509499715,51.5784119,-0.2002539,court,pitch,tennis,,,,,,,0,,0,
1,Greater London,way,509499716,51.5784451,-0.2000671,court,pitch,tennis,,,,,,,0,,0,
1,Greater London,way,509499717,51.5784746,-0.1998583,court,pitch,tennis,,,,,,,0,,0,
1,Greater London,way,509499718,51.5785052,-0.1996699,court,pitch,tennis,,,,,,,0,,0,
1,Greater London,way,510511037,51.5976751,-0.1900145,court,pitch,tennis,,,,,,acrylic,0,,0,
1,Greater London,way,510511038,51.5976287,-0.1898295,court,pitch,tennis,,,,,,acrylic,0,,0,
1,Greater London,way,510511039,51.5978272,-0.1897667,court,pitch,tennis,,,,,,acrylic,0,,0,
1,Greater London,way,510511041,51.597727,-0.1900011,sports_centre,sports_centre,tennis,sport,,The Avenue Tennis Club,,,,0,,0,
1,Greater London,way,512310903,51.6099414,-0.1960985,court,pitch,tennis,,,,,,artificial_turf,0,,0,
1,Greater London,way,512310904,51.6098404,-0.1962219,court,pitch,tennis,,,,,,artificial_turf,0,,0,
1,Greater London,way,512310905,51.6097377,-0.1963446,court,pitch,tennis,,,,,,artificial_turf,0,,0,
1,Greater London,way,512310906,51.609921,-0.1956208,court,pitch,tennis,,,,,,,0,,0,
1,Greater London,way,512310907,51.6100203,-0.1955077,court,pitch,tennis,,,,,,,0,,0,
1,Greater London,way,512320249,51.6123816,-0.150682,court,pitch,tennis,,,,,,,1,Friern Park,1,Friern Park
1,Greater London,way,512846085,51.5826067,-0.2239475,court,pitch,tennis,,,,,,asphalt,1,Hendon Park,1,Hendon Park
1,Greater London,way,512846087,51.5824764,-0.2238675,court,pitch,tennis,,,,,,asphalt,1,Hendon Park,1,Hendon Park
1,Greater London,way,512846090,51.5822277,-0.223864,court,pitch,tennis,,,,,,asphalt,1,Hendon Park,1,Hendon Park
1,Greater London,way,512846092,51.5822759,-0.2236641,court,pitch,tennis,,,,,,asphalt,1,Hendon Park,1,Hendon Park
1,Greater London,way,512846095,51.5819602,-0.2235295,court,pitch,tennis,,,,,,asphalt,1,Hendon Park,1,Hendon Park
1,Greater London,way,512846096,51.5820074,-0.2233308,court,pitch,tennis,,,,,,asphalt,1,Hendon Park,1,Hendon Park
1,Greater London,way,513312590,51.5854686,-0.1870393,court,pitch,tennis,,,,,,asphalt,1,Northway Gardens,1,Northway Gardens
1,Greater London,way,513312591,51.5854443,-0.1868399,court,pitch,tennis,,,,,,asphalt,1,Northway Gardens,1,Northway Gardens
1,Greater London,way,513312593,51.5854215,-0.1866354,court,pitch,tennis,,,,,,asphalt,1,Northway Gardens,1,Northway Gardens
1,Greater London,way,513312595,51.5853962,-0.1864352,court,pitch,tennis,,,,,,asphalt,1,Northway Gardens,1,Northway Gardens
1,Greater London,way,513312597,51.585537,-0.185364,court,pitch,tennis,,yes,,,,asphalt,1,Northway Gardens,1,Northway Gardens
1,Greater London,way,513312599,51.5855133,-0.1851671,court,pitch,tennis,,yes,,,,asphalt,1,Northway Gardens,1,Northway Gardens
1,Greater London,way,513312601,51.5854875,-0.1849492,court,pitch,tennis,,yes,,,,asphalt,1,Northway Gardens,1,Northway Gardens
1,Greater London,way,513312603,51.5854666,-0.184722,court,pitch,tennis,,yes,,,,asphalt,1,Northway Gardens,1,Northway Gardens
1,Greater London,way,513312605,51.5854434,-0.1845175,court,pitch,tennis,,yes,,,,asphalt,1,Northway Gardens,1,Northway Gardens
1,Greater London,way,514303460,51.6341299,-0.2001234,court,pitch,tennis,,private,,,,,0,,0,
1,Greater London,way,514629945,51.5743413,-0.1593626,court,pitch,tennis,,,,,,,0,,0,
1,Greater London,way,514629946,51.5740071,-0.159678,court,pitch,tennis,,,,,,,0,,0,
1,Greater London,way,515072546,51.6187125,-0.1347423,court,pitch,tennis,,,,,,,1,Arnos Park,1,Arnos Park
1,Greater London,way,515072547,51.6189102,-0.1350257,court,pitch,tennis,,,,,,,1,Arnos Park,1,Arnos Park
1,Greater London,way,515072548,51.6188151,-0.1348815,court,pitch,tennis,,,,,,,1,Arnos Park,1,Arnos Park
1,Greater London,way,515072549,51.6190124,-0.1351583,court,pitch,tennis,,,,,,,1,Arnos Park,1,Arnos Park
1,Greater London,way,517706801,51.4280411,-0.2639965,court,pitch,tennis,,,Tennis Court,,,,0,,0,
1,Greater London,way,518736657,51.4758242,0.1789671,court,pitch,tennis,,,,,,,0,,0,
1,Greater London,way,518736658,51.4754964,0.179002,court,pitch,tennis,,,,,,,0,,0,
1,Greater London,way,518924065,51.561654,-0.1890048,court,pitch,tennis,,,,,,,1,,1,
1,Greater London,way,518937859,51.5578728,-0.1918705,court,pitch,tennis,,,,,,asphalt,0,,0,
1,Greater London,way,519427805,51.4815573,-0.0912631,court,pitch,tennis,,,,,,asphalt,1,Burgess Park,1,Burgess Park
1,Greater London,way,520139106,51.5641477,-0.1815969,court,pitch,tennis,,private,,,,,1,,1,
1,Greater London,way,521317769,51.3914056,-0.1948842,court,pitch,tennis,,,,,,,0,,0,
1,Greater London,way,521317772,51.391163,-0.1952007,court,pitch,tennis,,,,,,,0,,0,
1,Greater London,way,522249567,51.3687472,-0.1702017,court,pitch,tennis,,,,,,rubber,0,,0,
1,Greater London,way,522481787,51.5048578,-0.0622502,sports_centre,sports_centre,badminton;soccer;basketball;volleyball;table_tennis;tennis;netball,,,John Orwell Sports Centre,,,,0,,0,
1,Greater London,way,524515074,51.3908276,-0.2017411,court,pitch,tennis,,,,,,,0,,0,
1,Greater London,way,525870780,51.5637876,-0.1549579,court,pitch,tennis,,,,,,,0,,0,
1,Greater London,way,525872760,51.5619088,-0.1535199,court,pitch,tennis,,,,,,,0,,0,
1,Greater London,way,526541665,51.3724088,-0.1786643,court,pitch,tennis,,,,,,,1,Royston Park,1,Royston Park
1,Greater London,way,526912133,51.434768,0.0599357,court,pitch,tennis,,,,,,,0,,0,
1,Greater London,way,526913662,51.44521,0.0651461,court,pitch,tennis,,,,,,,0,,0,
1,Greater London,way,526915485,51.4568527,0.1096816,court,pitch,tennis,,,,,,asphalt,0,,0,
1,Greater London,way,526915486,51.4567065,0.1105806,court,pitch,tennis,,,,,,asphalt,0,,0,
1,Greater London,way,528976847,51.5824241,-0.1670144,court,pitch,tennis,,,,,,,0,,0,
1,Greater London,way,528976848,51.582237,-0.1669598,court,pitch,tennis,,,,,,,0,,0,
1,Greater London,way,529436835,51.5740902,-0.1948635,court,pitch,tennis,,,,,,,0,,0,
1,Greater London,way,529459104,51.4290829,-0.1045498,court,pitch,tennis,,,,,,,0,,0,
1,Greater London,way,529459105,51.4288906,-0.1048476,court,pitch,tennis,,,,,,,0,,0,
1,Greater London,way,529459106,51.428914,-0.105046,court,pitch,tennis,,,,,,,0,,0,
1,Greater London,way,529459107,51.4289316,-0.1052304,court,pitch,tennis,,,,,,,0,,0,
1,Greater London,way,529459108,51.4289817,-0.1048663,sports_centre,sports_centre,tennis,sport,,West Norwood Lawn Tennis & Social Club,,,,0,,0,
1,Greater London,way,530398576,51.4409331,-0.178584,court,pitch,tennis,,,,,,,0,,0,
1,Greater London,way,531077872,51.4347285,-0.219096,court,pitch,tennis,,,,,,,0,,0,
1,Greater London,way,531077875,51.4343425,-0.2205582,court,pitch,tennis,,,,,,,0,,0,
1,Greater London,way,531080922,51.4315914,-0.2194028,court,pitch,tennis,,,,,,,0,,0,
1,Greater London,way,531080925,51.4320477,-0.2178978,court,pitch,tennis,,,,,,,0,,0,
1,Greater London,way,531219543,51.4311101,-0.2213003,court,pitch,tennis,,,,,,,0,,0,
1,Greater London,way,531221335,51.4294745,-0.2178257,court,pitch,tennis,,,,,,,0,,0,
1,Greater London,way,531221336,51.4281337,-0.2170721,court,pitch,tennis,,,,,,,0,,0,
1,Greater London,way,531221337,51.4278286,-0.2175436,court,pitch,tennis,,,,,,,0,,0,
1,Greater London,way,531272169,51.4184057,-0.269152,court,pitch,tennis,,,,,,,0,,0,
1,Greater London,way,531272170,51.4194622,-0.2653379,court,pitch,tennis,,,,,,,0,,0,
1,Greater London,way,531272179,51.4147618,-0.2631409,court,pitch,tennis,,private,,,,paved,0,,0,
1,Greater London,way,531732271,51.6060566,-0.338122,sports_centre,sports_centre,tennis,,,Harrow Weald Lawn Tennis Club,,,,0,,0,
1,Greater London,way,532434512,51.6242001,-0.1940851,court,pitch,tennis,,,,,,,0,,0,
1,Greater London,way,532434528,51.6271958,-0.2401931,court,pitch,tennis,,,,,,,0,,0,
1,Greater London,way,532964889,51.5697529,-0.1532394,court,pitch,tennis,,,,,,,0,,0,
1,Greater London,way,532964903,51.5682281,-0.1599308,court,pitch,tennis,,private,,,,,0,,0,
1,Greater London,way,532964912,51.5748781,-0.17023,court,pitch,tennis,,,,,,,0,,0,
1,Greater London,way,532964917,51.5822255,-0.1699891,court,pitch,tennis,,,,,,,0,,0,
1,Greater London,way,533391148,51.5853447,-0.106372,court,pitch,tennis,,,,,,paved,1,Fairland Park,1,Fairland Park
1,Greater London,way,535463848,51.4222537,0.1149696,court,pitch,tennis,,,,,,,0,,0,
1,Greater London,way,535463850,51.4223612,0.1150952,court,pitch,tennis,,,,,,,0,,0,
1,Greater London,way,535463852,51.4220191,0.1154422,court,pitch,tennis,,,,,,,0,,0,
1,Greater London,way,535463854,51.4221244,0.1155689,court,pitch,tennis,,,,,,,0,,0,
1,Greater London,way,535463857,51.4222276,0.1156921,court,pitch,tennis,,,,,,,0,,0,
1,Greater London,way,535463859,51.4218093,0.1158742,court,pitch,tennis,,,,,,,0,,0,
1,Greater London,way,535463861,51.4219241,0.116001,court,pitch,tennis,,,,,,,0,,0,
1,Greater London,way,535463863,51.422025,0.1161297,court,pitch,tennis,,,,,,,0,,0,
1,Greater London,way,536703215,51.4386943,0.0355527,court,pitch,tennis,,,,,,,0,,0,
1,Greater London,way,536703219,51.438692,0.0357636,court,pitch,tennis,,,,,,,0,,0,
1,Greater London,way,536703272,51.4326979,0.0318377,court,pitch,tennis,,,,,,,0,,0,
1,Greater London,way,536703276,51.4326391,0.0320413,court,pitch,tennis,,,,,,,0,,0,
1,Greater London,way,536703281,51.4325779,0.0322405,court,pitch,tennis,,,,,,,0,,0,
1,Greater London,way,536703284,51.4330129,0.0320887,court,pitch,tennis,,,,,,,0,,0,
1,Greater London,way,536703287,51.4329509,0.032287,court,pitch,tennis,,,,,,,0,,0,
1,Greater London,way,536703292,51.4328895,0.0324885,court,pitch,tennis,,,,,,,0,,0,
1,Greater London,way,537746529,51.3873925,0.1331939,court,pitch,tennis,,,,,,,0,,0,
1,Greater London,way,539497694,51.4515739,0.0372906,court,pitch,tennis,,,,,,,0,,0,
1,Greater London,way,539497696,51.4514336,0.0372549,court,pitch,tennis,,,,,,,0,,0,
1,Greater London,way,539611005,51.3827189,0.0466488,court,pitch,tennis,,,,,,,0,,0,
1,Greater London,way,539611006,51.3825994,0.0467328,court,pitch,tennis,,,,,,,0,,0,
1,Greater London,way,539611007,51.3824798,0.0468052,court,pitch,tennis,,,,,,,0,,0,
1,Greater London,way,539611008,51.3823582,0.0468811,court,pitch,tennis,,,,,,,0,,0,
1,Greater London,way,542061516,51.5530984,-0.0607904,court,pitch,tennis,,yes,,,,acrylic,1,Hackney Downs,1,Hackney Downs
1,Greater London,way,542974436,51.6352976,-0.2028623,court,pitch,tennis,,,,,,,0,,0,
1,Greater London,way,542990990,51.6349424,-0.2124523,court,pitch,tennis,,,,,,,0,,0,
1,Greater London,way,543080208,51.6357917,-0.2095381,court,pitch,tennis,,,,,,,0,,0,
1,Greater London,way,543080212,51.632904,-0.1996699,court,pitch,tennis,,,,,,,0,,0,
1,Greater London,way,543082786,51.6326883,-0.198707,court,pitch,tennis,,,,,,,0,,0,
1,Greater London,way,543082797,51.629287,-0.199409,court,pitch,tennis,,,,,,,0,,0,
1,Greater London,way,543121631,51.6281026,-0.2389706,court,pitch,tennis,,,,,,,0,,0,
1,Greater London,way,543124599,51.6278523,-0.2422226,court,pitch,tennis,,,,,,,0,,0,
1,Greater London,way,543124600,51.6275417,-0.2424727,court,pitch,tennis,,,,,,,0,,0,
1,Greater London,way,543124608,51.6267069,-0.2423883,court,pitch,tennis,,,,,,,0,,0,
1,Greater London,way,543135057,51.6301219,-0.239691,court,pitch,tennis,,,,,,,0,,0,
1,Greater London,way,543135058,51.6299363,-0.2404678,court,pitch,tennis,,,,,,,0,,0,
1,Greater London,way,543135073,51.6292074,-0.2456951,court,pitch,tennis,,,,,,,0,,0,
1,Greater London,way,543741304,51.6320836,-0.1895579,court,pitch,tennis,,,,,,,0,,0,
1,Greater London,way,544208051,51.5836988,0.2154557,court,pitch,tennis,,,,,,ground,0,,0,
1,Greater London,way,546104533,51.5711249,-0.0822841,court,pitch,tennis;multi,,,,,,,0,,0,
1,Greater London,way,546162778,51.5439427,0.0067506,court,pitch,tennis,,,,,,paved,0,,0,
1,Greater London,way,546213681,51.50055,-0.0880858,court,pitch,tennis,,,,,,,0,,0,
1,Greater London,way,552219463,51.5712569,-0.0075181,court,pitch,tennis,,,,,,,1,Abbotts Park,1,Abbotts Park
1,Greater London,way,553138187,51.5599141,-0.1728963,court,pitch,tennis,,,,,,,0,,0,
1,Greater London,way,553834069,51.5448725,-0.2208671,court,pitch,tennis,,,,,,,0,,0,
1,Greater London,way,557735260,51.4783439,-0.3105531,court,pitch,tennis,,,,,,,1,Syon Park,1,Syon Park
1,Greater London,way,558340959,51.5496504,0.1966666,court,pitch,tennis,,private,,,,,0,,0,
1,Greater London,way,559262654,51.5949275,-0.3557626,court,pitch,tennis,,,,,,asphalt,0,,0,
1,Greater London,way,559262655,51.5947445,-0.3560954,court,pitch,tennis,,,,,,asphalt,0,,0,
1,Greater London,way,559262656,51.5951736,-0.3561133,court,pitch,tennis,,,,,,asphalt,0,,0,
1,Greater London,way,559262657,51.5949906,-0.356446,court,pitch,tennis,,,,,,asphalt,0,,0,
1,Greater London,way,559262658,51.5950821,-0.3562797,court,pitch,tennis,,,,,,asphalt,0,,0,
1,Greater London,way,559262659,51.594836,-0.355929,court,pitch,tennis,,,,,,asphalt,0,,0,
1,Greater London,way,559565904,51.3302221,-0.1408646,court,pitch,tennis;hockey,,,,,,,0,,0,
1,Greater London,way,573256010,51.6006701,-0.3765455,court,pitch,tennis,,,,,,,0,,0,
1,Greater London,way,573256011,51.6007241,-0.37633,court,pitch,tennis,,,,,,,0,,0,
1,Greater London,way,573256012,51.6007711,-0.3761437,court,pitch,tennis,,,,,,,0,,0,
1,Greater London,way,573256013,51.6010841,-0.3763417,court,pitch,tennis,,,,,,,0,,0,
1,Greater London,way,573256014,51.6010373,-0.376527,court,pitch,tennis,,,,,,,0,,0,
1,Greater London,way,573256015,51.6009918,-0.3767102,court,pitch,tennis,,,,,,,0,,0,
1,Greater London,way,575206895,51.4551946,0.0058458,court,pitch,tennis,,,,,,asphalt,1,Manor House Gardens,1,Manor House Gardens
1,Greater London,way,577318946,51.4042668,0.0503444,court,pitch,tennis,,,,,,,0,,0,
1,Greater London,way,578043667,51.4515446,-0.3055581,court,pitch,tennis,,,,,,,0,,0,
1,Greater London,way,578043668,51.4518725,-0.3065288,court,pitch,tennis,,,,,,,0,,0,
1,Greater London,way,578043669,51.4522649,-0.3044552,court,pitch,tennis,,,,,,,0,,0,
1,Greater London,way,579323092,51.321858,0.0705966,court,pitch,tennis,,,,,,,0,,0,
1,Greater London,way,582644993,51.5708224,-0.0072715,court,pitch,tennis,,,,,,,1,Abbotts Park,1,Abbotts Park
1,Greater London,way,587017651,51.3871487,-0.2887671,court,pitch,tennis,,,,,,asphalt,1,Alexandra Park,1,Alexandra Park
1,Greater London,way,587017652,51.3870189,-0.288676,court,pitch,tennis,,,,,,asphalt,1,Alexandra Park,1,Alexandra Park
1,Greater London,way,587017653,51.3868852,-0.2885826,court,pitch,tennis,,,,,,asphalt,1,Alexandra Park,1,Alexandra Park
1,Greater London,way,587017654,51.3867525,-0.2884901,court,pitch,tennis,,,,,,asphalt,1,Alexandra Park,1,Alexandra Park
1,Greater London,way,590291389,51.4663234,-0.0943286,court,pitch,tennis,,,,,,tartan,1,Ruskin Park,1,Ruskin Park
1,Greater London,way,590291390,51.4663768,-0.0941431,court,pitch,tennis,,,,,,tartan,1,Ruskin Park,1,Ruskin Park
1,Greater London,way,590291391,51.4664298,-0.0939588,court,pitch,tennis,,,,,,tartan,1,Ruskin Park,1,Ruskin Park
1,Greater London,way,597421412,51.4187907,0.0630992,sports_centre,sports_centre,tennis,sport,,Chislehurst Lawn Tennis Club,,,,1,Chislehurst Recreation Ground,1,Chislehurst Recreation Ground
1,Greater London,way,605539635,51.4457682,-0.3018009,court,pitch,tennis,,private,,,,,0,,0,
1,Greater London,way,605539636,51.4456802,-0.3019921,court,pitch,tennis,,private,,,,,0,,0,
1,Greater London,way,607786082,51.4697878,-0.3425289,court,pitch,tennis,,,,,,,0,,0,
1,Greater London,way,611147445,51.3982274,-0.2013775,court,pitch,tennis,,,,,,,0,,0,
1,Greater London,way,611151379,51.4052756,-0.2471184,court,pitch,tennis,,,,,,,1,Beverley Park,1,Beverley Park
1,Greater London,way,612084373,51.3043264,-0.1202189,court,pitch,tennis,,,,,,,0,,0,
1,Greater London,way,612084374,51.3042944,-0.1204255,court,pitch,tennis,,,,,,,0,,0,
1,Greater London,way,616678343,51.5378358,0.1563863,court,pitch,tennis,,,,,,asphalt,1,Old Dagenham Park,1,Old Dagenham Park
1,Greater London,way,616678345,51.5378458,0.1566049,court,pitch,tennis,,,,,,asphalt,1,Old Dagenham Park,1,Old Dagenham Park
1,Greater London,way,617444905,51.3946313,0.0030254,court,pitch,tennis,,,,,,artificial_turf,0,,0,
1,Greater London,way,621957974,51.3464672,0.1108888,court,pitch,tennis,,,,,,,0,,0,
1,Greater London,way,623938050,51.4187057,-0.026967,court,pitch,tennis,,,,,,asphalt,0,,0,
1,Greater London,way,623938070,51.4166477,-0.0387168,court,pitch,tennis,,,,,,,0,,0,
1,Greater London,way,626162190,51.6269717,0.0133612,court,pitch,tennis,,,,,,,0,,0,
1,Greater London,way,626162191,51.6269317,0.0131398,court,pitch,tennis,,,,,,,0,,0,
1,Greater London,way,626162192,51.6268917,0.0129184,court,pitch,tennis,,,,,,,0,,0,
1,Greater London,way,626162209,51.6322849,0.0193388,court,pitch,tennis,,,,,,,0,,0,
1,Greater London,way,626162210,51.6323435,0.0195466,court,pitch,tennis,,,,,,,0,,0,
1,Greater London,way,626162211,51.6324507,0.0200046,court,pitch,tennis,,,,,,,0,,0,
1,Greater London,way,626162212,51.6323922,0.0197956,court,pitch,tennis,,,,,,,0,,0,
1,Greater London,way,626162213,51.6326425,0.0197416,court,pitch,tennis,,,,,,,0,,0,
1,Greater London,way,626162215,51.6321388,0.0201739,court,pitch,tennis,,,,,,,0,,0,
1,Greater London,way,626162216,51.6320679,0.0199234,court,pitch,tennis,,,,,,,0,,0,
1,Greater London,way,626456225,51.3795804,0.0008667,court,pitch,tennis,,,,,,,0,,0,
1,Greater London,way,626456226,51.3792628,0.0004474,court,pitch,tennis,,,,,,,0,,0,
1,Greater London,way,630881808,51.456952,-0.3486765,court,pitch,tennis,,,,,,,0,,0,
1,Greater London,way,630881810,51.456959,-0.3484571,court,pitch,tennis,,,,,,,0,,0,
1,Greater London,way,630881811,51.4569652,-0.3482379,court,pitch,tennis,,,,,,,0,,0,
1,Greater London,way,633979825,51.4213167,-0.1096192,court,pitch,tennis,,,,,,,0,,0,
1,Greater London,way,638584655,51.4520644,-0.4066359,court,pitch,tennis,,,,,,,1,Feltham Park,1,Feltham Park
1,Greater London,way,640731505,51.4240817,-0.0236082,court,pitch,tennis,,,,,,,0,,0,
1,Greater London,way,642102506,51.5930635,0.0874749,court,pitch,tennis;basketball;soccer;multi,,private,,,,,0,,0,
1,Greater London,way,642481704,51.4930144,-0.4017103,court,pitch,tennis,,,,,,,0,,0,
1,Greater London,way,642481705,51.4930178,-0.4012636,court,pitch,tennis,,,,,,,0,,0,
1,Greater London,way,642481706,51.4928893,-0.4013039,court,pitch,tennis,,,,,,,0,,0,
1,Greater London,way,642481707,51.4928956,-0.4008628,court,pitch,tennis,,,,,,,0,,0,
1,Greater London,way,642481708,51.4928677,-0.4006532,court,pitch,tennis,,,,,,,0,,0,
1,Greater London,way,642481709,51.4928417,-0.4004434,court,pitch,tennis,,,,,,,0,,0,
1,Greater London,way,653483623,51.4551502,-0.2509306,sports_centre,sports_centre,tennis;basketball;volleyball;soccer;cricket;running,,private,Ibstock Sports Hall,,,,0,,0,
1,Greater London,way,661996670,51.6155437,-0.2241763,court,pitch,tennis,,,,,,paved,0,,0,
1,Greater London,way,662571326,51.442452,-0.3339126,court,pitch,tennis,,,,,,paved,0,,0,
1,Greater London,way,662571329,51.4425776,-0.3338484,court,pitch,tennis,,,,,,paved,0,,0,
1,Greater London,way,662735917,51.4635376,-0.2450626,court,pitch,tennis,,,,,,,0,,0,
1,Greater London,way,662735918,51.4635282,-0.2453123,court,pitch,tennis,,,,,,,0,,0,
1,Greater London,way,662735919,51.4635162,-0.2456069,court,pitch,tennis,,,,,,,0,,0,
1,Greater London,way,662735920,51.4635068,-0.2458566,court,pitch,tennis,,,,,,,0,,0,
1,Greater London,way,662735924,51.4640466,-0.246055,court,pitch,tennis,,,,,,,0,,0,
1,Greater London,way,662735925,51.4640385,-0.2463105,court,pitch,tennis,,,,,,,0,,0,
1,Greater London,way,662735926,51.4640304,-0.2465659,court,pitch,tennis,,,,,,,0,,0,
1,Greater London,way,662739236,51.4631498,-0.2472611,court,pitch,tennis,,,,,,grass,0,,0,
1,Greater London,way,662739237,51.4631623,-0.2470579,court,pitch,tennis,,,,,,grass,0,,0,
1,Greater London,way,662739238,51.4631749,-0.2468548,court,pitch,tennis,,,,,,grass,0,,0,
1,Greater London,way,662739239,51.4631874,-0.2466516,court,pitch,tennis,,,,,,grass,0,,0,
1,Greater London,way,662739240,51.4634815,-0.2474702,court,pitch,tennis,,,,,,grass,0,,0,
1,Greater London,way,662739241,51.4634628,-0.2477389,court,pitch,tennis,,,,,,grass,0,,0,
1,Greater London,way,662739242,51.4634442,-0.2480076,court,pitch,tennis,,,,,,grass,0,,0,
1,Greater London,way,662739243,51.4634255,-0.2482762,court,pitch,tennis,,,,,,grass,0,,0,
1,Greater London,way,662739244,51.4634069,-0.2485449,court,pitch,tennis,,,,,,grass,0,,0,
1,Greater London,way,662739245,51.4633882,-0.2488136,court,pitch,tennis,,,,,,grass,0,,0,
1,Greater London,way,665960547,51.5786211,-0.3688254,court,pitch,tennis,,,,,,,1,Rayners Mead,1,Rayners Mead
1,Greater London,way,667700357,51.6179925,-0.0936754,court,pitch,tennis,,,,,,,0,,0,
1,Greater London,way,667700421,51.623386,-0.1181637,court,pitch,tennis,,,,,,,0,,0,
1,Greater London,way,667700422,51.6229213,-0.1194304,court,pitch,tennis,,,,,,,0,,0,
1,Greater London,way,668301426,51.6542987,-0.0448853,court,pitch,tennis,,,,,,,1,Durants Park,1,Durants Park
1,Greater London,way,668301429,51.6543439,-0.0453011,court,pitch,tennis,,,,,,,1,Durants Park,1,Durants Park
1,Greater London,way,668301431,51.6543219,-0.0450973,court,pitch,tennis,,,,,,,1,Durants Park,1,Durants Park
1,Greater London,way,672778042,51.4020353,-0.2321881,court,pitch,tennis,,,,,,,0,,0,
1,Greater London,way,672778043,51.4021672,-0.232228,court,pitch,tennis,,,,,,,0,,0,
1,Greater London,way,672778044,51.4017834,-0.2331268,court,pitch,tennis,,,,,,,0,,0,
1,Greater London,way,672778045,51.4017951,-0.2329042,court,pitch,tennis,,,,,,,0,,0,
1,Greater London,way,672778046,51.4018047,-0.2326899,court,pitch,tennis,,,,,,,0,,0,
1,Greater London,way,672937839,51.6299611,-0.109113,court,pitch,tennis,,,,,,,0,,0,
1,Greater London,way,672937840,51.6297248,-0.1087742,court,pitch,tennis,,,,,,,0,,0,
1,Greater London,way,672937841,51.6290049,-0.1088254,court,pitch,tennis,,,,,,,0,,0,
1,Greater London,way,672937842,51.629178,-0.1091205,court,pitch,tennis,,,,,,,0,,0,
1,Greater London,way,676051935,51.5274674,0.1891297,court,pitch,tennis,,,,,,,0,,0,
1,Greater London,way,676051937,51.527383,0.1893088,court,pitch,tennis,,,,,,,0,,0,
1,Greater London,way,676525442,51.4725945,-0.2649104,court,pitch,tennis,,,,,,,0,,0,
1,Greater London,way,677444024,51.4493288,-0.0083971,court,pitch,tennis,,,,,,asphalt,1,Mountsfield Park,1,Mountsfield Park
1,Greater London,way,677444595,51.4480679,-0.0073505,court,pitch,tennis,,,,,,asphalt,1,Mountsfield Park,1,Mountsfield Park
1,Greater London,way,678842539,51.4217559,0.0982729,court,pitch,tennis,,,,,,asphalt,0,,0,
1,Greater London,way,680239116,51.3988794,-0.2298265,court,pitch,tennis,,,,,,,0,,0,
1,Greater London,way,681340609,51.6272252,0.0141863,court,pitch,tennis,,,,,,,0,,0,
1,Greater London,way,681340610,51.627222,0.0139609,court,pitch,tennis,,,,,,,0,,0,
1,Greater London,way,681601721,51.5716729,0.1998591,court,pitch,tennis,,,,,,,1,Hylands Park,1,Hylands Park
1,Greater London,way,681601722,51.5717012,0.2000707,court,pitch,tennis,,,,,,,1,Hylands Park,1,Hylands Park
1,Greater London,way,681601723,51.5717322,0.2002832,court,pitch,tennis,,,,,,,1,Hylands Park,1,Hylands Park
1,Greater London,way,681601724,51.5717644,0.2004863,court,pitch,tennis,,,,,,,1,Hylands Park,1,Hylands Park
1,Greater London,way,681601725,51.571684,0.1994961,court,pitch,tennis,,,,,,,1,Hylands Park,1,Hylands Park
1,Greater London,way,681601726,51.5715531,0.1995423,court,pitch,tennis,,,,,,,1,Hylands Park,1,Hylands Park
1,Greater London,way,681638011,51.4419948,-0.3939588,court,pitch,tennis,,,,,,acrylic,1,Hanworth Park,1,Hanworth Park
1,Greater London,way,683472134,51.5436057,0.0068203,court,pitch,tennis,,,,,,paved,0,,0,
1,Greater London,way,683472136,51.5437775,0.0067828,court,pitch,tennis,,,,,,paved,0,,0,
1,Greater London,way,685082082,51.5320054,0.0902228,court,pitch,tennis,,,,,,,1,Greatfields Park,1,Greatfields Park
1,Greater London,way,691314053,51.3923676,-0.2398163,court,pitch,tennis,,,,,,,1,Sir Joseph Hood Memorial Playing Fields,1,Sir Joseph Hood Memorial Playing Fields
1,Greater London,way,691314054,51.3924212,-0.2396232,court,pitch,tennis,,,,,,,1,Sir Joseph Hood Memorial Playing Fields,1,Sir Joseph Hood Memorial Playing Fields
1,Greater London,way,691314055,51.3924747,-0.2394367,court,pitch,tennis,,,,,,,1,Sir Joseph Hood Memorial Playing Fields,1,Sir Joseph Hood Memorial Playing Fields
1,Greater London,way,694473824,51.504263,-0.0599013,court,pitch,tennis,,,,,,asphalt,1,Wapping Gardens,1,Wapping Gardens
1,Greater London,way,697038977,51.4037492,-0.2159064,court,pitch,tennis,,,,,,asphalt,0,,0,
1,Greater London,way,697038978,51.4038468,-0.2157753,court,pitch,tennis,,,,,,asphalt,0,,0,
1,Greater London,way,698577929,51.4883403,-0.2111347,court,pitch,tennis,,,Court No 5,,,grass,0,,0,
1,Greater London,way,698577930,51.4879896,-0.2110756,court,pitch,tennis,,,Court No 3,,,grass,0,,0,
1,Greater London,way,698577931,51.4879428,-0.2113399,court,pitch,tennis,,,Court No 2,,,grass,0,,0,
1,Greater London,way,698577932,51.4878966,-0.2116049,court,pitch,tennis,,,Court No 1,,,grass,0,,0,
1,Greater London,way,698577935,51.4877004,-0.2105643,court,pitch,tennis,,,Court No 10,,,grass,0,,0,
1,Greater London,way,699133829,51.4717736,-0.0097759,court,pitch,tennis,,,,,,,0,,0,
1,Greater London,way,699134913,51.5536451,-0.1835567,court,pitch,tennis,,,,,,,0,,0,
1,Greater London,way,700736175,51.5164337,-0.0452469,court,pitch,tennis;soccer,,private,,,,asphalt,0,,0,
1,Greater London,way,703971137,51.3201096,0.0109721,court,pitch,tennis,,,,,,asphalt,0,,0,
1,Greater London,way,706583704,51.5678387,-0.1041989,court,pitch,tennis,,,Court 1,,,asphalt,1,Finsbury Park,1,Finsbury Park
1,Greater London,way,707115095,51.4154766,-0.2319051,court,pitch,tennis,,,,,,,1,Holland Garden,1,Holland Garden
1,Greater London,way,707115096,51.4153905,-0.2320798,court,pitch,tennis,,,,,,,1,Holland Garden,1,Holland Garden
1,Greater London,way,707480308,51.417862,-0.2351067,court,pitch,tennis,,private,,,,,0,,0,
1,Greater London,way,708122402,51.4188035,-0.2308115,court,pitch,tennis,,,,,,artificial_turf,0,,0,
1,Greater London,way,708122403,51.4187888,-0.2310133,court,pitch,tennis,,,,,,artificial_turf,0,,0,
1,Greater London,way,708122404,51.418835,-0.2304099,court,pitch,tennis,,,,,,artificial_turf,0,,0,
1,Greater London,way,708122405,51.4188188,-0.2306111,court,pitch,tennis,,,,,,artificial_turf,0,,0,
1,Greater London,way,708122406,51.418883,-0.2297316,court,pitch,tennis,,,,,,artificial_turf,0,,0,
1,Greater London,way,708122407,51.418868,-0.2299381,court,pitch,tennis,,,,,,artificial_turf,0,,0,
1,Greater London,way,708122408,51.418552,-0.2295133,court,pitch,tennis,,,,,,clay,0,,0,
1,Greater London,way,708122409,51.4185369,-0.2297198,court,pitch,tennis,,,,,,clay,0,,0,
1,Greater London,way,708122410,51.4185227,-0.229925,court,pitch,tennis,,,,,,clay,0,,0,
1,Greater London,way,708122411,51.4184909,-0.2303106,court,pitch,tennis,,,,,,clay,0,,0,
1,Greater London,way,708122412,51.4184759,-0.2305251,court,pitch,tennis,,,,,,clay,0,,0,
1,Greater London,way,708122413,51.4184608,-0.2307357,court,pitch,tennis,,,,,,clay,0,,0,
1,Greater London,way,713182442,51.4142362,-0.2376236,court,pitch,tennis,,,,,,asphalt,1,Cottenham Park,1,Cottenham Park
1,Greater London,way,713182443,51.4142312,-0.2374211,court,pitch,tennis,,,,,,asphalt,1,Cottenham Park,1,Cottenham Park
1,Greater London,way,713182444,51.4142262,-0.2372119,court,pitch,tennis,,,,,,asphalt,1,Cottenham Park,1,Cottenham Park
1,Greater London,way,713182445,51.4142203,-0.2370107,court,pitch,tennis,,,,,,asphalt,1,Cottenham Park,1,Cottenham Park
1,Greater London,way,713182446,51.4142078,-0.2365963,court,pitch,tennis,,,,,,asphalt,1,Cottenham Park,1,Cottenham Park
1,Greater London,way,713182447,51.4142143,-0.2368089,court,pitch,tennis,,,,,,asphalt,1,Cottenham Park,1,Cottenham Park
1,Greater London,way,713921339,51.3774443,0.0188072,court,pitch,tennis,,,,,,,1,,1,
1,Greater London,way,733110267,51.4191893,-0.2268095,court,pitch,tennis,,,,,,artificial_turf,0,,0,
1,Greater London,way,733110268,51.4188902,-0.2266611,court,pitch,tennis,,,,,,artificial_turf,0,,0,
1,Greater London,way,733110269,51.4191521,-0.2269992,court,pitch,tennis,,,,,,artificial_turf,0,,0,
1,Greater London,way,733110270,51.4188534,-0.2268497,court,pitch,tennis,,,,,,artificial_turf,0,,0,
1,Greater London,way,733110271,51.4191146,-0.2271902,court,pitch,tennis,,,,,,artificial_turf,0,,0,
1,Greater London,way,733110272,51.4188159,-0.2270378,court,pitch,tennis,,,,,,artificial_turf,0,,0,
1,Greater London,way,738365029,51.4152901,-0.2173904,court,pitch,tennis,,,,,,,0,,0,
1,Greater London,way,738365030,51.4155092,-0.217043,court,pitch,tennis,,,,,,,0,,0,
1,Greater London,way,738365031,51.415623,-0.2154793,court,pitch,tennis,,,,,,,0,,0,
1,Greater London,way,738365032,51.4157317,-0.2156617,court,pitch,tennis,,,,,,,0,,0,
1,Greater London,way,750948068,51.3961692,-0.2243534,court,pitch,tennis,,,,,,,0,,0,
1,Greater London,way,750948069,51.3961265,-0.2245572,court,pitch,tennis,,,,,,,0,,0,
1,Greater London,way,750948070,51.396085,-0.2247599,court,pitch,tennis,,,,,,,0,,0,
1,Greater London,way,756388388,51.4038759,-0.2155933,court,pitch,tennis,,,,,,asphalt,0,,0,
1,Greater London,way,756388389,51.4039681,-0.2157716,court,pitch,tennis,,,,,,asphalt,0,,0,
1,Greater London,way,758101594,51.3705454,-0.0759336,court,pitch,tennis,,,,,,,0,,0,
1,Greater London,way,758101595,51.3702902,-0.0754217,court,pitch,tennis,,,,,,,0,,0,
1,Greater London,way,758101596,51.3700694,-0.0752146,court,pitch,tennis,,,,,,,0,,0,
1,Greater London,way,764614328,51.5934441,-0.1466822,court,pitch,tennis,,,,,,asphalt,1,Muswell Hill Methodist Church Gardens,1,Muswell Hill Methodist Church Gardens
1,Greater London,way,765706236,51.5217775,0.0282306,court,pitch,tennis,,,,,,,0,,0,
1,Greater London,way,769025496,51.4045493,-0.2170162,court,pitch,tennis,,,,,,asphalt,0,,0,
1,Greater London,way,769025497,51.4044665,-0.2168834,court,pitch,tennis,,,,,,asphalt,0,,0,
1,Greater London,way,769025498,51.4043846,-0.216748,court,pitch,tennis,,,,,,asphalt,0,,0,
1,Greater London,way,779682556,51.5321753,-0.0681047,court,pitch,tennis;basketball,,,,,,asphalt,1,Haggerston Park,1,Haggerston Park
1,Greater London,way,779682557,51.532188,-0.0678458,court,pitch,tennis;basketball,,,,,,asphalt,1,Haggerston Park,1,Haggerston Park
1,Greater London,way,779682558,51.5321645,-0.0683762,court,pitch,tennis;basketball,,,,,,asphalt,1,Haggerston Park,1,Haggerston Park
1,Greater London,way,784834756,51.5146096,-0.2082911,court,pitch,tennis,,private,,,,,1,Blenheim Elgin Garden,1,Blenheim Elgin Garden
1,Greater London,way,789277671,51.5931064,-0.3241839,court,pitch,tennis,,,,,,asphalt,0,,0,
1,Greater London,way,790513409,51.5063963,-0.2101884,court,pitch,tennis,,private,,,,,1,Norland Square Garden,1,Norland Square Garden
1,Greater London,way,791117419,51.4545316,-0.2160946,court,pitch,tennis,,,,,,,0,,0,
1,Greater London,way,791165571,51.4519577,-0.208065,court,pitch,tennis,,,,,,,0,,0,
1,Greater London,way,791165572,51.4525151,-0.207874,court,pitch,tennis,,,,,,,0,,0,
1,Greater London,way,791165573,51.4523661,-0.2078167,court,pitch,tennis,,,,,,,0,,0,
1,Greater London,way,791165574,51.4522223,-0.2077617,court,pitch,tennis,,,,,,,0,,0,
1,Greater London,way,791165575,51.4520784,-0.2077114,court,pitch,tennis,,,,,,,0,,0,
1,Greater London,way,791165576,51.4519331,-0.2076417,court,pitch,tennis,,,,,,,0,,0,
1,Greater London,way,791165704,51.4528441,-0.2042341,court,pitch,tennis,,,,,,,0,,0,
1,Greater London,way,791165705,51.4529618,-0.203669,court,pitch,tennis,,,,,,,0,,0,
1,Greater London,way,791855483,51.3941586,-0.2734963,court,pitch,tennis,,customers,,,,,0,,0,
1,Greater London,way,791855517,51.3935411,-0.2888287,court,pitch,tennis,,private,,,,asphalt,0,,0,
1,Greater London,way,791855518,51.393692,-0.2883598,court,pitch,tennis,,private,,,,asphalt,0,,0,
1,Greater London,way,791855519,51.39339,-0.288118,court,pitch,tennis,,private,,,,clay,0,,0,
1,Greater London,way,791855520,51.3932149,-0.2887202,court,pitch,tennis,,private,,,,,0,,0,
1,Greater London,way,791855521,51.3923401,-0.2892074,court,pitch,tennis,,private,,,,asphalt,0,,0,
1,Greater London,way,791855522,51.3919321,-0.289849,court,pitch,tennis,,private,,,,asphalt,0,,0,
1,Greater London,way,792635242,51.3931485,-0.2556753,court,pitch,tennis,,private,,,,artificial_turf,0,,0,
1,Greater London,way,792635243,51.3932731,-0.2548389,court,pitch,tennis,,private,,,,asphalt,0,,0,
1,Greater London,way,792846958,51.5051009,-0.2098601,court,pitch,tennis,,private,,,,grass,0,,0,
1,Greater London,way,792846959,51.5051594,-0.2096797,court,pitch,tennis,,private,,,,grass,0,,0,
1,Greater London,way,792846960,51.5052184,-0.2095,court,pitch,tennis,,private,,,,grass,0,,0,
1,Greater London,way,797247881,51.5046121,-0.1989493,court,pitch,tennis,,,,,,,0,,0,
1,Greater London,way,797765800,51.5059014,-0.2010862,sports_centre,sports_centre,tennis,sport,,Campden Hill Lawn Tennis Club,,,,0,,0,
1,Greater London,way,799410517,51.4923257,-0.249363,court,pitch,tennis,,,,,,artificial_turf,0,,0,
1,Greater London,way,802408759,51.4406267,-0.1293625,court,pitch,tennis,,,,,,,0,,0,
1,Greater London,way,802408760,51.4406367,-0.1299338,court,pitch,tennis,,,,,,,0,,0,
1,Greater London,way,802408761,51.4406066,-0.1301216,court,pitch,tennis,,,,,,,0,,0,
1,Greater London,way,802408762,51.4405766,-0.130312,court,pitch,tennis,,,,,,,0,,0,
1,Greater London,way,802408763,51.4402472,-0.1301055,court,pitch,tennis,,,,,,,0,,0,
1,Greater London,way,802408764,51.4402689,-0.1299151,court,pitch,tennis,,,,,,,0,,0,
1,Greater London,way,802408765,51.4437396,-0.1360661,court,pitch,tennis,,,,,,,0,,0,
1,Greater London,way,802408766,51.4438004,-0.1358915,court,pitch,tennis,,,,,,,0,,0,
1,Greater London,way,802408767,51.4434572,-0.1357997,court,pitch,tennis,,,,,,,0,,0,
1,Greater London,way,802408768,51.44352,-0.1356132,court,pitch,tennis,,,,,,,0,,0,
1,Greater London,way,802408769,51.4435864,-0.1354297,court,pitch,tennis,,,,,,,0,,0,
1,Greater London,way,802408770,51.4436491,-0.1352431,court,pitch,tennis,,,,,,,0,,0,
1,Greater London,way,803099055,51.5269713,-0.127029,court,pitch,tennis,,,,,,asphalt,1,Cartwright Gardens,1,Cartwright Gardens
1,Greater London,way,803099056,51.5264964,-0.1267918,court,pitch,tennis,,,,,,asphalt,1,Cartwright Gardens,1,Cartwright Gardens
1,Greater London,way,804380092,51.5254354,-0.1188199,court,pitch,tennis,,,,,,,1,Mecklenburgh Square Gardens,1,Mecklenburgh Square Gardens
1,Greater London,way,804891489,51.4629805,-0.1181297,court,pitch,tennis,,,,,,,0,,0,
1,Greater London,way,804891490,51.4631045,-0.1175897,court,pitch,tennis,,,,,,,0,,0,
1,Greater London,way,805093900,51.4349282,-0.1340909,court,pitch,tennis,,,,,,,0,,0,
1,Greater London,way,805093901,51.4347913,-0.134447,court,pitch,tennis,,,,,,,0,,0,
1,Greater London,way,805093902,51.4347472,-0.1342643,court,pitch,tennis,,,,,,,0,,0,
1,Greater London,way,805093903,51.4347032,-0.1340805,court,pitch,tennis,,,,,,,0,,0,
1,Greater London,way,809097326,51.4569512,-0.176591,court,pitch,tennis,,private,,,,,1,Spencer Park,1,Spencer Park
1,Greater London,way,810723409,51.4227228,-0.3096291,court,pitch,tennis,,,,,,,0,,0,
1,Greater London,way,810723410,51.4226224,-0.3098218,court,pitch,tennis,,,,,,,0,,0,
1,Greater London,way,810723411,51.422522,-0.3100121,court,pitch,tennis,,,,,,,0,,0,
1,Greater London,way,810884215,51.4235699,-0.3267984,court,pitch,tennis,,,,,,,1,Udney Park Playing Fields,1,Udney Park Playing Fields
1,Greater London,way,810884216,51.4235428,-0.3270289,court,pitch,tennis,,,,,,,1,Udney Park Playing Fields,1,Udney Park Playing Fields
1,Greater London,way,810884217,51.4235159,-0.3272523,court,pitch,tennis,,,,,,,1,Udney Park Playing Fields,1,Udney Park Playing Fields
1,Greater London,way,812761090,51.4286254,-0.3316966,court,pitch,tennis,,private,,,,,0,,0,
1,Greater London,way,812761091,51.4286155,-0.3319036,court,pitch,tennis,,private,,,,,0,,0,
1,Greater London,way,812907486,51.5782361,-0.1727463,court,pitch,tennis,,,,,,,0,,0,
1,Greater London,way,813689407,51.3921735,-0.2894296,sports_centre,sports_centre,tennis,,,Surbiton Hill Methodist Tennis Club,,,,0,,0,
1,Greater London,way,813910809,51.3933253,-0.2895327,court,pitch,tennis,,private,,,,grass,0,,0,
1,Greater London,way,813910810,51.3929922,-0.2893877,court,pitch,tennis,,private,,,,grass,0,,0,
1,Greater London,way,813910811,51.3928601,-0.2901737,court,pitch,tennis,,private,,,,grass,0,,0,
1,Greater London,way,813910812,51.3930685,-0.2904311,court,pitch,tennis,,private,,,,grass,0,,0,
1,Greater London,way,814748919,51.5595564,-0.2395118,court,pitch,tennis,,,,,,,1,Gladstone Park,1,Gladstone Park
1,Greater London,way,814748920,51.5594892,-0.2399539,court,pitch,tennis,,,,,,,1,Gladstone Park,1,Gladstone Park
1,Greater London,way,814748921,51.5598385,-0.2395435,court,pitch,tennis,,,,,,,1,Gladstone Park,1,Gladstone Park
1,Greater London,way,815525949,51.4025305,-0.0328726,court,pitch,tennis,,,,,,tartan,1,Croydon Road Recreation Ground,1,Croydon Road Recreation Ground
1,Greater London,way,815525950,51.4024786,-0.0326906,court,pitch,tennis,,,,,,tartan,1,Croydon Road Recreation Ground,1,Croydon Road Recreation Ground
1,Greater London,way,815525951,51.4024182,-0.032467,court,pitch,tennis,,,,,,tartan,1,Croydon Road Recreation Ground,1,Croydon Road Recreation Ground
1,Greater London,way,815525952,51.402365,-0.0322849,court,pitch,tennis,,,,,,tartan,1,Croydon Road Recreation Ground,1,Croydon Road Recreation Ground
1,Greater London,way,815525953,51.4023012,-0.0320547,court,pitch,tennis,,,,,,tartan,1,Croydon Road Recreation Ground,1,Croydon Road Recreation Ground
1,Greater London,way,815525954,51.4022494,-0.0318751,court,pitch,tennis,,,,,,tartan,1,Croydon Road Recreation Ground,1,Croydon Road Recreation Ground
1,Greater London,way,818165126,51.5819771,-0.134239,court,pitch,tennis,,,Highgate CLTC,,,asphalt,0,,0,
1,Greater London,way,818168422,51.5836414,-0.1350124,court,pitch,tennis,,,Highgate CLTC (Brookside),,,asphalt,0,,0,
1,Greater London,way,818552154,51.5517268,-0.1722065,court,pitch,tennis,,,,,,,0,,0,
1,Greater London,way,818936168,51.4743846,-0.0015942,court,pitch,tennis,,customers,Court 1,,,asphalt,1,Greenwich Park,1,Greenwich Park
1,Greater London,way,818936169,51.4744355,-0.0013994,court,pitch,tennis,,customers,Court 2,,,asphalt,1,Greenwich Park,1,Greenwich Park
1,Greater London,way,818936170,51.4744869,-0.0012032,court,pitch,tennis,,customers,Court 3,,,asphalt,1,Greenwich Park,1,Greenwich Park
1,Greater London,way,818936171,51.4745464,-0.0009754,court,pitch,tennis,,customers,Court 4,,,asphalt,1,Greenwich Park,1,Greenwich Park
1,Greater London,way,818936172,51.4745979,-0.0007792,court,pitch,tennis,,customers,Court 5,,,asphalt,1,Greenwich Park,1,Greenwich Park
1,Greater London,way,818936173,51.4746492,-0.0005834,court,pitch,tennis,,customers,Court 6,,,asphalt,1,Greenwich Park,1,Greenwich Park
1,Greater London,way,818936175,51.4726636,-0.0008357,court,pitch,tennis,,customers,,,,asphalt,0,,0,
1,Greater London,way,818936176,51.472418,-0.0005725,court,pitch,tennis,,customers,,,,asphalt,0,,0,
1,Greater London,way,821878900,51.4821487,-0.1947289,court,pitch,soccer;tennis;basketball,,no,,,,artificial_turf,0,,0,
1,Greater London,way,822319975,51.576412,-0.1326977,court,pitch,tennis,,,,,,,0,,0,
1,Greater London,way,822319976,51.5762933,-0.1326053,court,pitch,tennis,,,,,,,0,,0,
1,Greater London,way,822319977,51.5761772,-0.1325128,court,pitch,tennis,,,,,,,0,,0,
1,Greater London,way,822319978,51.5765028,-0.1313547,court,pitch,tennis,,,,,,,0,,0,
1,Greater London,way,822319979,51.5764499,-0.131531,court,pitch,tennis,,,,,,,0,,0,
1,Greater London,way,822319980,51.5763867,-0.1317369,court,pitch,tennis,,,,,,,0,,0,
1,Greater London,way,822319981,51.5763269,-0.1319299,court,pitch,tennis,,,,,,,0,,0,
1,Greater London,way,822319982,51.5762081,-0.1308873,court,pitch,tennis,,,,,,,0,,0,
1,Greater London,way,822319983,51.5761515,-0.131115,court,pitch,tennis,,,,,,,0,,0,
1,Greater London,way,822319984,51.5760996,-0.1313412,court,pitch,tennis,,,,,,,0,,0,
1,Greater London,way,822319985,51.5760536,-0.1315833,court,pitch,tennis,,,,,,,0,,0,
1,Greater London,way,822319986,51.5762741,-0.1306568,court,pitch,tennis,,,,,,,0,,0,
1,Greater London,way,822319987,51.5763307,-0.1304701,court,pitch,tennis,,,,,,,0,,0,
1,Greater London,way,822319988,51.5763875,-0.1302843,court,pitch,tennis,,,,,,,0,,0,
1,Greater London,way,824646655,51.6147333,-0.4198126,court,pitch,tennis,,,,,,,1,Frithwood Park,1,Frithwood Park
1,Greater London,way,824675548,51.6100782,-0.4283018,court,pitch,tennis,,,,,,,0,,0,
1,Greater London,way,824799854,51.4690399,0.1137562,court,pitch,tennis,,,,,,,0,,0,
1,Greater London,way,824799855,51.4690573,0.1135422,court,pitch,tennis,,,,,,,0,,0,
1,Greater London,way,824799856,51.4690769,0.113334,court,pitch,tennis,,,,,,,0,,0,
1,Greater London,way,824956383,51.6026693,-0.405681,court,pitch,tennis;netball,,private,,,,,0,,0,
1,Greater London,way,826180238,51.4325787,-0.1339691,court,pitch,tennis,,,,,,,0,,0,
1,Greater London,way,826180239,51.4326114,-0.1337317,court,pitch,tennis,,,,,,,0,,0,
1,Greater London,way,826180240,51.4326447,-0.13349,court,pitch,tennis,,,,,,,0,,0,
1,Greater London,way,826180241,51.4323177,-0.1337617,court,pitch,tennis,,,,,,artificial_turf,0,,0,
1,Greater London,way,826180242,51.432435,-0.1329304,court,pitch,tennis,,,,,,acrylic,0,,0,
1,Greater London,way,826180243,51.4326815,-0.1332172,court,pitch,tennis,,,,,,artificial_clay,0,,0,
1,Greater London,way,826180244,51.4327094,-0.1330153,court,pitch,tennis,,,,,,artificial_clay,0,,0,
1,Greater London,way,826180245,51.4327369,-0.1328178,court,pitch,tennis,,,,,,artificial_clay,0,,0,
1,Greater London,way,826180247,51.434955,-0.134231,sports_centre,sports_centre,tennis,sport,,Woodfield Grove Tennis Club,,,,0,,0,
1,Greater London,way,826216172,51.4471623,-0.1775767,court,pitch,tennis,,,,,,,0,,0,
1,Greater London,way,826216173,51.4470734,-0.1777572,court,pitch,tennis,,,,,,,0,,0,
1,Greater London,way,826216174,51.4473321,-0.1780669,court,pitch,tennis,,,,,,,0,,0,
1,Greater London,way,826216175,51.4474074,-0.1779022,court,pitch,tennis,,,,,,,0,,0,
1,Greater London,way,826216176,51.4475238,-0.1768282,court,pitch,tennis,,,,,,,0,,0,
1,Greater London,way,826216177,51.4476237,-0.1766261,court,pitch,tennis,,,,,,,0,,0,
1,Greater London,way,826216178,51.447443,-0.177206,court,pitch,tennis,,,,,,,0,,0,
1,Greater London,way,826216179,51.4473212,-0.177061,court,pitch,tennis,,,,,,,0,,0,
1,Greater London,way,826263714,51.4409981,-0.1783976,court,pitch,tennis,,,,,,,0,,0,
1,Greater London,way,826263715,51.4410667,-0.178208,court,pitch,tennis,,,,,,,0,,0,
1,Greater London,way,826263716,51.4411313,-0.1780229,court,pitch,tennis,,,,,,,0,,0,
1,Greater London,way,826263717,51.4411959,-0.1778332,court,pitch,tennis,,,,,,,0,,0,
1,Greater London,way,826263718,51.4408551,-0.1787952,court,pitch,tennis,,,,,,,0,,0,
1,Greater London,way,826263719,51.4407805,-0.1790106,court,pitch,tennis,,,,,,grass,0,,0,
1,Greater London,way,826263720,51.4407154,-0.179195,court,pitch,tennis,,,,,,grass,0,,0,
1,Greater London,way,826263721,51.4406506,-0.1793773,court,pitch,tennis,,,,,,grass,0,,0,
1,Greater London,way,826263722,51.4405864,-0.1795654,court,pitch,tennis,,,,,,grass,0,,0,
1,Greater London,way,829242470,51.3440961,-0.0973474,court,pitch,tennis,,,,,,,0,,0,
1,Greater London,way,829242471,51.3441847,-0.0975565,court,pitch,tennis,,,,,,,0,,0,
1,Greater London,way,829242472,51.3442546,-0.097739,court,pitch,tennis,,,,,,,0,,0,
1,Greater London,way,829242473,51.3439987,-0.097988,court,pitch,tennis,,,,,,,0,,0,
1,Greater London,way,829242474,51.3439314,-0.097795,court,pitch,tennis,,,,,,,0,,0,
1,Greater London,way,829242475,51.3436966,-0.0978768,court,pitch,tennis,,,,,,,0,,0,
1,Greater London,way,831362865,51.537842,0.0185949,court,pitch,tennis,,,,,,asphalt,1,West Ham Park,1,West Ham Park
1,Greater London,way,831362866,51.537829,0.0188002,court,pitch,tennis,,,,,,asphalt,1,West Ham Park,1,West Ham Park
1,Greater London,way,831362867,51.5378157,0.0190093,court,pitch,tennis,,,,,,asphalt,1,West Ham Park,1,West Ham Park
1,Greater London,way,831362868,51.5375062,0.0189624,court,pitch,tennis,,,,,,asphalt,1,West Ham Park,1,West Ham Park
1,Greater London,way,831362869,51.5375194,0.0187533,court,pitch,tennis,,,,,,asphalt,1,West Ham Park,1,West Ham Park
1,Greater London,way,831362870,51.5375324,0.0185481,court,pitch,tennis,,,,,,asphalt,1,West Ham Park,1,West Ham Park
1,Greater London,way,831362871,51.5377617,0.0197315,court,pitch,tennis,,,,,,asphalt,1,West Ham Park,1,West Ham Park
1,Greater London,way,831362872,51.5377749,0.0195224,court,pitch,tennis,,,,,,asphalt,1,West Ham Park,1,West Ham Park
1,Greater London,way,831362873,51.5377879,0.0193171,court,pitch,tennis,,,,,,asphalt,1,West Ham Park,1,West Ham Park
1,Greater London,way,831362874,51.5374396,0.0196809,court,pitch,tennis,,,,,,asphalt,1,West Ham Park,1,West Ham Park
1,Greater London,way,831362875,51.5374528,0.0194718,court,pitch,tennis,,,,,,asphalt,1,West Ham Park,1,West Ham Park
1,Greater London,way,831362876,51.5374658,0.0192665,court,pitch,tennis,,,,,,asphalt,1,West Ham Park,1,West Ham Park
1,Greater London,way,834335500,51.3673781,0.075881,court,pitch,tennis,,,,,,,0,,0,
1,Greater London,way,834335501,51.3676243,0.0758328,court,pitch,tennis,,,,,,,0,,0,
1,Greater London,way,834335502,51.3675916,0.0760218,court,pitch,tennis,,,,,,,0,,0,
1,Greater London,way,834335503,51.3675615,0.076223,court,pitch,tennis,,,,,,,0,,0,
1,Greater London,way,837851935,51.6103641,-0.4295996,court,pitch,tennis,,,,,,,0,,0,
1,Greater London,way,838177635,51.4491806,-0.0368445,court,pitch,netball;tennis,,,,,,,0,,0,
1,Greater London,way,838518178,51.4367445,-0.179629,court,pitch,tennis,,,,,,,0,,0,
1,Greater London,way,839138339,51.338095,-0.1033259,sports_centre,sports_centre,tennis,sport,,Purley Bury Tennis Club,,,,0,,0,
1,Greater London,way,839638882,51.3958229,-0.2733193,sports_centre,sports_centre,football;rugby_union;lacrosse;netball;tennis;cricket,,,King's College Sports Ground,King's College London,,,0,,0,
1,Greater London,way,839729198,51.5192725,-0.3794041,court,pitch,tennis,,,,,,,0,,0,
1,Greater London,way,839729199,51.5192413,-0.3792048,court,pitch,tennis,,,,,,,0,,0,
1,Greater London,way,839978913,51.5201012,-0.430552,court,pitch,tennis,,private,,,,,0,,0,
1,Greater London,way,840429941,51.538154,-0.3498817,court,pitch,tennis,,,,,,,0,,0,
1,Greater London,way,841811540,51.5864474,-0.4055853,court,pitch,tennis,,,,,,,0,,0,
1,Greater London,way,846388480,51.6661627,-0.0358997,court,pitch,tennis;netball,,,,,,,0,,0,
1,Greater London,way,846585162,51.4749723,-0.2324094,court,pitch,tennis,,,,,,,1,Barn Elms Sports Centre,1,Barn Elms Sports Centre
1,Greater London,way,846929583,51.4358466,-0.0823389,court,pitch,tennis,,private,,,,,0,,0,
1,Greater London,way,846957795,51.3938828,-0.0371145,court,pitch,tennis,,,,,,artificial_turf,0,,0,
1,Greater London,way,847189930,51.4591822,-0.3176049,court,pitch,tennis,,private,,,,grass,0,,0,
1,Greater London,way,847189935,51.4604401,-0.3159246,court,pitch,tennis,,private,,,,grass,0,,0,
1,Greater London,way,847189953,51.4597342,-0.3200856,court,pitch,tennis,,private,,,,grass,0,,0,
1,Greater London,way,848197892,51.5745465,-0.152094,court,pitch,tennis,,,,,,,0,,0,
1,Greater London,way,848197893,51.5737197,-0.1527583,court,pitch,tennis,,,,,,,0,,0,
1,Greater London,way,848197894,51.573711,-0.1524771,court,pitch,tennis,,,,,,,0,,0,
1,Greater London,way,848571593,51.4900902,-0.1697831,court,pitch,tennis;soccer,,permissive,,,,artificial_turf,1,St Luke's Gardens,1,St Luke's Gardens
1,Greater London,way,848571594,51.4899254,-0.1696816,court,pitch,soccer;tennis,,permissive,,,,artificial_turf,1,St Luke's Gardens,1,St Luke's Gardens
1,Greater London,way,849795032,51.4425462,-0.3345345,court,pitch,tennis,,,,,,,0,,0,
1,Greater London,way,851091609,51.5199591,0.2135961,court,pitch,tennis,,,Tennis Courts,,,asphalt,1,Spring Farm Park,1,Spring Farm Park
1,Greater London,way,851126142,51.6045427,-0.1026668,court,pitch,tennis,,,,,,asphalt,0,,0,
1,Greater London,way,851126143,51.6044821,-0.1028539,court,pitch,tennis,,,,,,asphalt,0,,0,
1,Greater London,way,851126144,51.6044191,-0.1030381,court,pitch,tennis,,,,,,asphalt,0,,0,
1,Greater London,way,851126146,51.6048281,-0.1030231,court,pitch,tennis,,,,,,,0,,0,
1,Greater London,way,851574819,51.4121621,-0.1986038,sports_centre,sports_centre,tennis,,,,,,,0,,0,
1,Greater London,way,851686668,51.5797918,-0.1128528,sports_centre,sports_centre,tennis,,yes,,Haringey Council,,paved,1,Stationers Park,1,Stationers Park
1,Greater London,way,852337609,51.4782178,-0.2477556,court,pitch,tennis,,,,,,,0,,0,
1,Greater London,way,852337610,51.4781818,-0.2475719,court,pitch,tennis,,,,,,,0,,0,
1,Greater London,way,852337611,51.477917,-0.2478764,court,pitch,tennis,,,,,,,0,,0,
1,Greater London,way,852358291,51.4036386,-0.2007019,court,pitch,tennis,,,,,,,0,,0,
1,Greater London,way,852709179,51.4271684,-0.3693695,court,pitch,tennis,,,,,,grass,0,,0,
1,Greater London,way,852709180,51.4269536,-0.368741,court,pitch,tennis,,,,,,grass,0,,0,
1,Greater London,way,853255199,51.4540722,-0.3675609,court,pitch,tennis,,,,,,grass,0,,0,
1,Greater London,way,853255200,51.4537551,-0.3675776,court,pitch,tennis,,,,,,asphalt,0,,0,
1,Greater London,way,854154632,51.3778334,-0.0033296,court,pitch,tennis,,,,,,tartan,0,,0,
1,Greater London,way,854155346,51.3781045,-0.0035226,court,pitch,netball;tennis,,,mutli-use sports court,,,asphalt,0,,0,
1,Greater London,way,854967616,51.591414,-0.1536926,court,pitch,tennis,,private,,,,,0,,0,
1,Greater London,way,855389376,51.407737,-0.3424787,court,pitch,tennis,,private,,,,,0,,0,
1,Greater London,way,856367074,51.4484053,-0.3203609,sports_centre,sports_centre,tennis,sport,,Twickenham Lawn Tennis Club,,,,0,,0,
1,Greater London,way,858558570,51.4570015,0.1849655,court,pitch,tennis,,,,,,,0,,0,
1,Greater London,way,858987179,51.5624692,0.1526332,court,pitch,tennis;basketball,,,,,,,0,,0,
1,Greater London,way,858990729,51.5625919,0.1458477,court,pitch,tennis,,,,,,,0,,0,
1,Greater London,way,858998313,51.5633617,0.1506069,court,pitch,tennis,,,,,,asphalt,0,,0,
1,Greater London,way,859365254,51.4425388,-0.3000274,court,pitch,tennis,,private,,,,,0,,0,
1,Greater London,way,859616141,51.4206032,-0.3077232,court,pitch,tennis,,private,,,,,0,,0,
1,Greater London,way,859700761,51.4372367,-0.3042803,court,pitch,tennis,,,,,,,0,,0,
1,Greater London,way,859878360,51.467737,-0.2043235,court,pitch,tennis,,private,,,,,0,,0,
1,Greater London,way,859878361,51.467746,-0.204532,court,pitch,tennis,,private,,,,,0,,0,
1,Greater London,way,860485762,51.4021395,-0.0313261,court,pitch,tennis,,,,,,tartan,1,Croydon Road Recreation Ground,1,Croydon Road Recreation Ground
1,Greater London,way,860485763,51.4022068,-0.0315494,court,pitch,tennis,,,,,,tartan,1,Croydon Road Recreation Ground,1,Croydon Road Recreation Ground
1,Greater London,way,861185150,51.4507497,-0.3249427,court,pitch,tennis,,private,,,,,0,,0,
1,Greater London,way,862869279,51.4138,-0.2063269,court,pitch,tennis,,,,,,,0,,0,
1,Greater London,way,862869280,51.4137357,-0.2064979,court,pitch,tennis,,,,,,,0,,0,
1,Greater London,way,862869281,51.4136712,-0.2066669,court,pitch,tennis,,,,,,,0,,0,
1,Greater London,way,862869282,51.4136093,-0.206832,court,pitch,tennis,,,,,,,0,,0,
1,Greater London,way,864850782,51.3648623,0.1141352,court,pitch,tennis,,,,,,,1,Goddington Park,1,Goddington Park
1,Greater London,way,868607951,51.5317642,-0.1897969,court,pitch,tennis,,,,,,asphalt,1,Paddington Recreation Ground,1,Paddington Recreation Ground
1,Greater London,way,868607952,51.5316437,-0.1896354,court,pitch,tennis,,,,,,asphalt,1,Paddington Recreation Ground,1,Paddington Recreation Ground
1,Greater London,way,868607953,51.5315412,-0.1895041,court,pitch,tennis,,,,,,asphalt,1,Paddington Recreation Ground,1,Paddington Recreation Ground
1,Greater London,way,868607954,51.5314181,-0.189341,court,pitch,tennis,,,,,,asphalt,1,Paddington Recreation Ground,1,Paddington Recreation Ground
1,Greater London,way,868607955,51.5311644,-0.1891708,court,pitch,tennis,,,,,,asphalt,1,Paddington Recreation Ground,1,Paddington Recreation Ground
1,Greater London,way,868607956,51.5312648,-0.1889537,court,pitch,tennis,,,,,,asphalt,1,Paddington Recreation Ground,1,Paddington Recreation Ground
1,Greater London,way,868607962,51.5308688,-0.1885318,court,pitch,tennis,,,,,,artificial_turf,1,Paddington Recreation Ground,1,Paddington Recreation Ground
1,Greater London,way,868607963,51.5307708,-0.1884033,court,pitch,tennis,,,,,,artificial_turf,1,Paddington Recreation Ground,1,Paddington Recreation Ground
1,Greater London,way,868607964,51.5306763,-0.1882739,court,pitch,tennis,,,,,,artificial_turf,1,Paddington Recreation Ground,1,Paddington Recreation Ground
1,Greater London,way,868607965,51.5305766,-0.1881436,court,pitch,tennis,,,,,,artificial_turf,1,Paddington Recreation Ground,1,Paddington Recreation Ground
1,Greater London,way,868607966,51.5304582,-0.1879786,court,pitch,tennis,,,,,,artificial_turf,1,Paddington Recreation Ground,1,Paddington Recreation Ground
1,Greater London,way,868607967,51.5303574,-0.1878473,court,pitch,tennis,,,,,,artificial_turf,1,Paddington Recreation Ground,1,Paddington Recreation Ground
1,Greater London,way,868876624,51.4087263,-0.255279,court,pitch,tennis,,,,,,,0,,0,
1,Greater London,way,870860712,51.4612115,-0.2779126,court,pitch,tennis,,private,,,,,0,,0,
1,Greater London,way,870860713,51.4612149,-0.2774597,court,pitch,tennis,,private,,,,,0,,0,
1,Greater London,way,870880202,51.5374405,0.1891036,court,pitch,tennis,,,,,,,0,,0,
1,Greater London,way,877995994,51.4072499,-0.2746147,court,pitch,tennis,,,,,,,1,Dickerage Recreation Ground,1,Dickerage Recreation Ground
1,Greater London,way,879221047,51.5983864,0.0901619,court,pitch,tennis;netball,,customers,,,,concrete,0,,0,
1,Greater London,way,879221048,51.5984152,0.0899029,court,pitch,tennis;netball,,customers,,,,concrete,0,,0,
1,Greater London,way,879221049,51.5984444,0.0896521,court,pitch,tennis;netball,,customers,,,,concrete,0,,0,
1,Greater London,way,879221050,51.5984702,0.0893921,court,pitch,tennis;netball,,customers,,,,concrete,0,,0,
1,Greater London,way,879221051,51.5981528,0.0898252,court,pitch,tennis;netball,,customers,,,,concrete,0,,0,
1,Greater London,way,879221052,51.5983311,0.0906298,court,pitch,tennis;netball,,customers,,,,concrete,0,,0,
1,Greater London,way,879221053,51.5983019,0.0908846,court,pitch,tennis;netball,,customers,,,,concrete,0,,0,
1,Greater London,way,879221054,51.5982736,0.0911422,court,pitch,tennis;netball,,customers,,,,concrete,0,,0,
1,Greater London,way,879221055,51.5982478,0.0913956,court,pitch,tennis;netball,,customers,,,,concrete,0,,0,
1,Greater London,way,879221057,51.5985985,0.0915847,court,pitch,tennis;netball,,customers,,,,concrete,0,,0,
1,Greater London,way,879221058,51.5989251,0.091676,court,pitch,tennis;netball,,customers,,,,concrete,0,,0,
1,Greater London,way,879221059,51.599255,0.0917672,court,pitch,tennis;netball,,customers,,,,concrete,0,,0,
1,Greater London,way,879221060,51.5974985,0.0907191,court,pitch,tennis,,customers,,,,artificial_turf,0,,0,
1,Greater London,way,879221061,51.5974578,0.0909326,court,pitch,tennis,,customers,,,,artificial_turf,0,,0,
1,Greater London,way,879221062,51.5974178,0.0911472,court,pitch,tennis,,customers,,,,artificial_turf,0,,0,
1,Greater London,way,879221064,51.5971849,0.0905637,court,pitch,tennis,,customers,,,,clay,0,,0,
1,Greater London,way,879221065,51.5971442,0.0907772,court,pitch,tennis,,customers,,,,clay,0,,0,
1,Greater London,way,879221066,51.5971042,0.0909918,court,pitch,tennis,,customers,,,,clay,0,,0,
1,Greater London,way,882996406,51.602452,-0.4164649,court,pitch,tennis,,,,,,,0,,0,
1,Greater London,way,883961784,51.6146878,-0.4196398,sports_centre,sports_centre,tennis,,,Northwood Lawn Tennis Club,,,,1,Frithwood Park,1,Frithwood Park
1,Greater London,way,888767340,51.5317575,-0.4604816,court,pitch,tennis,,private,,,,asphalt,0,,0,
1,Greater London,way,888767341,51.5317314,-0.4602696,court,pitch,tennis,,private,,,,asphalt,0,,0,
1,Greater London,way,888767342,51.5317054,-0.4600646,court,pitch,tennis,,private,,,,asphalt,0,,0,
1,Greater London,way,888767343,51.5313611,-0.4605636,court,pitch,tennis,,private,,,,asphalt,0,,0,
1,Greater London,way,888767344,51.5313316,-0.4603462,court,pitch,tennis,,private,,,,asphalt,0,,0,
1,Greater London,way,888767345,51.5313047,-0.4601302,court,pitch,tennis,,private,,,,asphalt,0,,0,
1,Greater London,way,891527949,51.545232,0.0871765,court,pitch,tennis,,,,,,asphalt,1,Barking Park,1,Barking Park
1,Greater London,way,891527950,51.545401,0.0865086,court,pitch,tennis,,,,,,asphalt,1,Barking Park,1,Barking Park
1,Greater London,way,891527951,51.5451037,0.0862464,court,pitch,tennis,,,,,,asphalt,1,Barking Park,1,Barking Park
1,Greater London,way,891527952,51.5454781,0.0868902,court,pitch,tennis,,,,,,asphalt,1,Barking Park,1,Barking Park
1,Greater London,way,891527953,51.5452061,0.0861163,court,pitch,tennis,,,,,,asphalt,1,Barking Park,1,Barking Park
1,Greater London,way,892111495,51.4165451,-0.2589268,court,pitch,tennis,,private,,,,,0,,0,
1,Greater London,way,892113781,51.4158213,-0.2560531,court,pitch,tennis,,private,,,,,0,,0,
1,Greater London,way,892113782,51.4166367,-0.2564863,court,pitch,tennis,,private,,,,,0,,0,
1,Greater London,way,893570514,51.4600703,0.1181506,sports_centre,sports_centre,cricket;tennis,sport,,Bexleyheath Sports Club,,,,0,,0,
1,Greater London,way,894243812,51.4050908,-0.1177893,court,pitch,tennis,,,,,,,0,,0,
1,Greater London,way,894243813,51.4051357,-0.1175936,court,pitch,tennis,,,,,,,0,,0,
1,Greater London,way,894243815,51.4052334,-0.1171662,court,pitch,tennis,,,,,,,0,,0,
1,Greater London,way,894243816,51.4051882,-0.1173638,court,pitch,tennis,,,,,,,0,,0,
1,Greater London,way,896509768,51.4268967,-0.3169461,court,pitch,tennis,,private,,,,,0,,0,
1,Greater London,way,897805561,51.5854825,-0.3179614,court,pitch,tennis,,,,,,asphalt,1,Kenton Recreation Ground,1,Kenton Recreation Ground
1,Greater London,way,897805562,51.585373,-0.3182415,court,pitch,tennis,,,,,,asphalt,1,Kenton Recreation Ground,1,Kenton Recreation Ground
1,Greater London,way,901705370,51.4661378,-0.2044162,court,pitch,tennis,,private,,,,,0,,0,
1,Greater London,way,901705371,51.4673908,-0.2024222,court,pitch,tennis,,private,,,,,0,,0,
1,Greater London,way,901705372,51.4674259,-0.2018554,court,pitch,tennis,,private,,,,,0,,0,
1,Greater London,way,902080034,51.4665047,-0.1870152,court,pitch,tennis,,,,,,,0,,0,
1,Greater London,way,903352542,51.6009555,-0.3939746,court,pitch,tennis,,,,,,asphalt,1,Montesole Playing Fields,1,Montesole Playing Fields
1,Greater London,way,907307878,51.5227623,-0.4266429,court,pitch,tennis,,,,,,,1,Rosedale Park,1,Rosedale Park
1,Greater London,way,907307879,51.5227315,-0.4264484,court,pitch,tennis,,,,,,,1,Rosedale Park,1,Rosedale Park
1,Greater London,way,907307880,51.522699,-0.4262594,court,pitch,tennis,,,,,,,1,Rosedale Park,1,Rosedale Park
1,Greater London,way,907307881,51.5226664,-0.4260715,court,pitch,tennis,,,,,,,1,Rosedale Park,1,Rosedale Park
1,Greater London,way,907307882,51.5226372,-0.4258664,court,pitch,tennis,,,,,,,1,Rosedale Park,1,Rosedale Park
1,Greater London,way,907307883,51.5226076,-0.4256726,court,pitch,tennis,,,,,,,1,Rosedale Park,1,Rosedale Park
1,Greater London,way,907533190,51.3454177,-0.1417735,court,pitch,tennis,,,,,,,0,,0,
1,Greater London,way,907533191,51.3452937,-0.1417011,court,pitch,tennis,,,,,,,0,,0,
1,Greater London,way,907533192,51.3450993,-0.1414195,court,pitch,tennis,,,,,,,0,,0,
1,Greater London,way,907533193,51.3450474,-0.1416247,court,pitch,tennis,,,,,,,0,,0,
1,Greater London,way,907533194,51.3449946,-0.1418244,court,pitch,tennis,,,,,,,0,,0,
1,Greater London,way,907533195,51.3449418,-0.1420229,court,pitch,tennis,,,,,,,0,,0,
1,Greater London,way,907533196,51.344796,-0.1412183,court,pitch,tennis,,,,,,,0,,0,
1,Greater London,way,907533197,51.3447491,-0.1413993,court,pitch,tennis,,,,,,,0,,0,
1,Greater London,way,907533198,51.3447039,-0.141571,court,pitch,tennis,,,,,,,0,,0,
1,Greater London,way,907533199,51.3446578,-0.1417481,court,pitch,tennis,,,,,,,0,,0,
1,Greater London,way,907533200,51.3446134,-0.1419197,court,pitch,tennis,,,,,,,0,,0,
1,Greater London,way,907533201,51.3445672,-0.1421,court,pitch,tennis,,,,,,,0,,0,
1,Greater London,way,908562365,51.5137084,-0.2874245,court,pitch,tennis,,,,,,,0,,0,
1,Greater London,way,908562366,51.5137129,-0.2872843,court,pitch,tennis,,,,,,,0,,0,
1,Greater London,way,908562367,51.5137174,-0.2871442,court,pitch,tennis,,,,,,,0,,0,
1,Greater London,way,908562368,51.5137219,-0.287004,court,pitch,tennis,,,,,,,0,,0,
1,Greater London,way,908562369,51.5137264,-0.2868638,court,pitch,tennis,,,,,,,0,,0,
1,Greater London,way,908562370,51.5137309,-0.2867237,court,pitch,tennis,,,,,,,0,,0,
1,Greater London,way,908562371,51.5137354,-0.2865835,court,pitch,tennis,,,,,,,0,,0,
1,Greater London,way,908562372,51.5137399,-0.2864433,court,pitch,tennis,,,,,,,0,,0,
1,Greater London,way,908562374,51.5128148,-0.2874564,court,pitch,tennis,,,,,,,0,,0,
1,Greater London,way,908562375,51.5128197,-0.2872378,court,pitch,tennis,,,,,,,0,,0,
1,Greater London,way,908562376,51.5128264,-0.2870356,court,pitch,tennis,,,,,,,0,,0,
1,Greater London,way,908562377,51.5134036,-0.2866437,court,pitch,tennis,,,,,,,0,,0,
1,Greater London,way,908562378,51.5134098,-0.2864324,court,pitch,tennis,,,,,,,0,,0,
1,Greater London,way,908562379,51.5129984,-0.2866248,court,pitch,tennis,,,,,,,0,,0,
1,Greater London,way,908562380,51.5130042,-0.2864137,court,pitch,tennis,,,,,,,0,,0,
1,Greater London,way,908562381,51.5128494,-0.2860107,court,pitch,tennis,,,,,,,0,,0,
1,Greater London,way,908562382,51.512796,-0.2866182,court,pitch,tennis,,,,,,,0,,0,
1,Greater London,way,908562383,51.5128045,-0.2863892,court,pitch,tennis,,,,,,,0,,0,
1,Greater London,way,908683346,51.5017948,-0.2905737,court,pitch,tennis,,,,,,,0,,0,
1,Greater London,way,908683349,51.5011601,-0.2886341,court,pitch,tennis,,,,,,,0,,0,
1,Greater London,way,908683350,51.5014264,-0.2884272,court,pitch,tennis,,,,,,,0,,0,
1,Greater London,way,909135556,51.4607333,-0.2523164,court,pitch,tennis,,,,,,,0,,0,
1,Greater London,way,909135557,51.460598,-0.2517625,court,pitch,tennis,,,,,,,0,,0,
1,Greater London,way,909135564,51.4616697,-0.2548966,court,pitch,tennis,,,,,,,0,,0,
1,Greater London,way,909135565,51.4614818,-0.2543751,court,pitch,tennis,,,,,,,0,,0,
1,Greater London,way,909135569,51.4606627,-0.2538526,court,pitch,tennis,,,,,,,0,,0,
1,Greater London,way,909135571,51.4607355,-0.2545273,court,pitch,tennis,,,,,,,0,,0,
1,Greater London,way,910427084,51.401851,-0.0291731,court,pitch,tennis,,,,,,,0,,0,
1,Greater London,way,911005255,51.6210124,-0.2481389,court,pitch,tennis,,,,,,,0,,0,
1,Greater London,way,911005256,51.6229491,-0.2495075,court,pitch,tennis,,,,,,,0,,0,
1,Greater London,way,911005257,51.6235748,-0.2487377,court,pitch,tennis,,,,,,,0,,0,
1,Greater London,way,911005258,51.6234066,-0.2488869,court,pitch,tennis,,,,,,,0,,0,
1,Greater London,way,911635752,51.575975,-0.154636,court,pitch,tennis,,,,,,,0,,0,
1,Greater London,way,911800940,51.3790488,-3.65e-05,court,pitch,tennis,,,,,,grass,0,,0,
1,Greater London,way,912819931,51.4999117,-0.2814108,court,pitch,tennis,,,,,,,0,,0,
1,Greater London,way,912819932,51.5002078,-0.2815764,court,pitch,tennis,,,,,,,0,,0,
1,Greater London,way,912819933,51.5002252,-0.2813714,court,pitch,tennis,,,,,,,0,,0,
1,Greater London,way,912819934,51.5006439,-0.2812272,court,pitch,tennis,,,,,,,0,,0,
1,Greater London,way,912819935,51.5005266,-0.2814386,court,pitch,tennis,,,,,,,0,,0,
1,Greater London,way,912819936,51.5005115,-0.2816468,court,pitch,tennis,,,,,,,0,,0,
1,Greater London,way,913293566,51.4857503,0.0633419,court,pitch,tennis,,,,,,,0,,0,
1,Greater London,way,913355376,51.4628489,0.0114915,court,pitch,tennis,,private,,,,,0,,0,
1,Greater London,way,913669816,51.3486157,-0.2035733,sports_centre,sports_centre,tennis,,,,,,,0,,0,
1,Greater London,way,913818470,51.6030609,-0.4964938,court,pitch,tennis,,,,,,asphalt,0,,0,
1,Greater London,way,914966427,51.3722566,-0.0108842,court,pitch,tennis,,,,,,asphalt,0,,0,
1,Greater London,way,914966428,51.3720805,-0.0104612,court,pitch,tennis,,,,,,asphalt,0,,0,
1,Greater London,way,914966429,51.3719856,-0.0105901,court,pitch,tennis,,,,,,asphalt,0,,0,
1,Greater London,way,916821205,51.4541713,-0.2297447,court,pitch,tennis,,,,,,,0,,0,
1,Greater London,way,917791884,51.4555976,-0.2554583,court,pitch,tennis,,,,,,,0,,0,
1,Greater London,way,918027419,51.6130546,-0.0145981,court,pitch,tennis,,,,,,,1,Memorial Park,1,Memorial Park
1,Greater London,way,918027421,51.6130437,-0.0148134,court,pitch,tennis,,,,,,,1,Memorial Park,1,Memorial Park
1,Greater London,way,918027422,51.6133133,-0.0146288,court,pitch,tennis,,,,,,,1,Memorial Park,1,Memorial Park
1,Greater London,way,918459000,51.6054884,-0.4846362,court,pitch,tennis,,,,,,,0,,0,
1,Greater London,way,922303657,51.617079,-0.2288603,court,pitch,tennis,,,,,,,0,,0,
1,Greater London,way,923006163,51.5767255,-0.42474,court,pitch,tennis,,,,,,,1,,1,
1,Greater London,way,923476761,51.5105636,-0.2383464,court,pitch,basketball;soccer;tennis,,,,,,,1,Wormholt Park,1,Wormholt Park
1,Greater London,way,929467488,51.4265463,0.0918409,court,pitch,tennis,,,,,,,0,,0,
1,Greater London,way,929467489,51.4263278,0.0922275,court,pitch,tennis,,,,,,,0,,0,
1,Greater London,way,929467490,51.4262341,0.0916622,court,pitch,tennis,,,,,,,0,,0,
1,Greater London,way,929467491,51.4260249,0.092058,court,pitch,tennis,,,,,,,0,,0,
1,Greater London,way,929636235,51.4808248,-0.2458379,court,pitch,tennis,,private,,,,,0,,0,
1,Greater London,way,932040039,51.5419458,0.0440063,court,pitch,tennis,,,,,,,1,Plashet Park,1,Plashet Park
1,Greater London,way,933864134,51.4528639,-0.2036811,sports_centre,sports_centre,tennis,sport,,Cedars Lawn Tennis Club,,,,0,,0,
1,Greater London,way,937165265,51.5453789,-0.1835791,court,pitch,tennis,,private,,,,,0,,0,
1,Greater London,way,938821067,51.4640922,-0.244608,court,pitch,tennis,,private,,,,grass,0,,0,
1,Greater London,way,938821069,51.4547942,-0.2395931,court,pitch,tennis,,,,,,,0,,0,
1,Greater London,way,941603251,51.5494429,-0.1879346,court,pitch,tennis,,,,,,sand,0,,0,
1,Greater London,way,945630032,51.5711397,-0.1766381,court,pitch,tennis,,,,,,,0,,0,
1,Greater London,way,945653764,51.4324235,-0.2059672,court,pitch,tennis,,,,,,,0,,0,
1,Greater London,way,945653765,51.4313725,-0.2064907,court,pitch,tennis,,,,,,,0,,0,
1,Greater London,way,945653766,51.4285323,-0.2090371,court,pitch,tennis,,,,,,,0,,0,
1,Greater London,way,945653767,51.4299106,-0.2105688,court,pitch,tennis,,,,,,,0,,0,
1,Greater London,way,945653768,51.4259929,-0.2110488,court,pitch,tennis,,,,,,,0,,0,
1,Greater London,way,945653769,51.4330769,-0.22161,court,pitch,tennis,,,,,,,0,,0,
1,Greater London,way,945845282,51.5841749,-0.1758491,court,pitch,tennis,,,,,,,1,Lyttelton Playing Fields,1,Lyttelton Playing Fields
1,Greater London,way,945845283,51.5841414,-0.1755849,court,pitch,tennis,,,,,,asphalt,1,Lyttelton Playing Fields,1,Lyttelton Playing Fields
1,Greater London,way,945845284,51.5841731,-0.1751782,court,pitch,tennis,,,,,,asphalt,1,Lyttelton Playing Fields,1,Lyttelton Playing Fields
1,Greater London,way,945845285,51.5840207,-0.1752277,court,pitch,tennis,,,,,,asphalt,1,Lyttelton Playing Fields,1,Lyttelton Playing Fields
1,Greater London,way,946143426,51.5405539,-0.1704624,court,pitch,tennis,,private,,,,,0,,0,
1,Greater London,way,947371171,51.5347946,0.0168097,court,pitch,tennis;soccer;multi,,private,,,,,0,,0,
1,Greater London,way,948380288,51.4269132,-0.315883,court,pitch,tennis,,private,,,,,0,,0,
1,Greater London,way,948455858,51.4284239,-0.0668914,court,pitch,tennis,,,,,,,1,Sydenham Wells Park,1,Sydenham Wells Park
1,Greater London,way,952012491,51.4960935,-0.0584662,court,pitch,tennis,,yes,,,,asphalt,1,Southwark Park,1,Southwark Park
1,Greater London,way,954586829,51.5707807,-0.0074713,court,pitch,tennis,,,,,,,1,Abbotts Park,1,Abbotts Park
1,Greater London,way,954586830,51.5712134,-0.0077194,court,pitch,tennis,,,,,,,1,Abbotts Park,1,Abbotts Park
1,Greater London,way,955952181,51.4992612,-0.2485203,sports_centre,sports_centre,tennis,sport,,Hartswood Tennis Club,,,,0,,0,
1,Greater London,way,956286646,51.5876418,-0.0443931,court,pitch,tennis,,,,,,,0,,0,
1,Greater London,way,957862216,51.3825747,-0.243629,court,pitch,tennis,,,,,,,0,,0,
1,Greater London,way,957862217,51.3826418,-0.2441328,court,pitch,tennis,,,,,,,0,,0,
1,Greater London,way,958203967,51.4571889,-0.2925391,court,pitch,tennis,,private,,,,,0,,0,
1,Greater London,way,958716006,51.557615,-0.2055188,sports_centre,sports_centre,cricket;squash;tennis,,,Brondesbury Sports Club,,,,0,,0,
1,Greater London,way,958793233,51.4048273,-0.2235943,court,pitch,tennis,,customers,,,,,0,,0,
1,Greater London,way,958793235,51.4051939,-0.2235634,court,pitch,tennis,,customers,,,,grass,0,,0,
1,Greater London,way,958793237,51.4056875,-0.223638,court,pitch,tennis,,,,,,,0,,0,
1,Greater London,way,961573230,51.682705,-0.1445829,sports_centre,sports_centre,tennis,,,,,,,0,,0,
1,Greater London,way,963228160,51.5558315,-0.2067381,court,pitch,tennis,,private,,,,,0,,0,
1,Greater London,way,963689379,51.5571206,-0.2771694,court,pitch,tennis,,,,,,,0,,0,
1,Greater London,way,964031685,51.5375544,0.007513,court,pitch,tennis,,,,,,asphalt,1,Stratford Park,1,Stratford Park
1,Greater London,way,964031686,51.5374009,0.0070999,court,pitch,tennis,,,,,,asphalt,1,Stratford Park,1,Stratford Park
1,Greater London,way,965389507,51.5310544,-0.4633642,court,pitch,tennis,,,Tennis court,,,,0,,0,
1,Greater London,way,965990788,51.4788896,0.0268829,court,pitch,tennis,,,,,,clay,0,,0,
1,Greater London,way,965990789,51.4788935,0.0271016,court,pitch,tennis,,,,,,clay,0,,0,
1,Greater London,way,965990790,51.4788978,0.0273196,court,pitch,tennis,,,,,,clay,0,,0,
1,Greater London,way,965990791,51.4789026,0.0275391,court,pitch,tennis,,,,,,clay,0,,0,
1,Greater London,way,965990795,51.4789105,0.0277959,court,pitch,tennis,,,,,,clay,0,,0,
1,Greater London,way,965990796,51.4789137,0.0280043,court,pitch,tennis,,,,,,clay,0,,0,
1,Greater London,way,965990797,51.4789175,0.0282147,court,pitch,tennis,,,,,,clay,0,,0,
1,Greater London,way,965990798,51.4789191,0.0284663,court,pitch,tennis,,,,,,clay,0,,0,
1,Greater London,way,966042039,51.4789299,0.0287083,court,pitch,tennis,,,,,,grass,0,,0,
1,Greater London,way,966042040,51.4789354,0.0289143,court,pitch,tennis,,,,,,grass,0,,0,
1,Greater London,way,966042041,51.4789409,0.0291203,court,pitch,tennis,,,,,,grass,0,,0,
1,Greater London,way,966228086,51.4861844,-0.4789568,court,pitch,tennis,,,Tennis courts,,,,0,,0,
1,Greater London,way,967876193,51.5599012,-0.1903887,court,pitch,tennis,,private,,,,,0,,0,
1,Greater London,way,967876194,51.5589427,-0.1898421,court,pitch,tennis,,private,,,,,0,,0,
1,Greater London,way,967876196,51.5585437,-0.193538,court,pitch,tennis,,,,,,,0,,0,
1,Greater London,way,967876197,51.5586086,-0.193715,court,pitch,tennis,,,,,,,0,,0,
1,Greater London,way,970439701,51.5868445,-0.2059617,sports_centre,sports_centre,tennis;bowls;squash,sport,,Temple Fortune Club,,,,0,,0,
1,Greater London,way,971938099,51.3508544,-0.1870818,court,pitch,tennis,,private,,,,asphalt,0,,0,
1,Greater London,way,971938100,51.3503163,-0.18709,court,pitch,tennis,,private,,,,asphalt,0,,0,
1,Greater London,way,971938101,51.3506338,-0.1891662,court,pitch,tennis,,private,,,,asphalt,0,,0,
1,Greater London,way,971938102,51.3495425,-0.1889643,court,pitch,tennis,,private,,,,asphalt,0,,0,
1,Greater London,way,971938103,51.347276,-0.1888435,court,pitch,tennis,,private,,,,asphalt,0,,0,
1,Greater London,way,971938104,51.3472805,-0.18588,court,pitch,tennis,,private,,,,asphalt,0,,0,
1,Greater London,way,971938105,51.349804,-0.1845552,court,pitch,tennis,,private,,,,asphalt,0,,0,
1,Greater London,way,971938106,51.350525,-0.184652,court,pitch,tennis,,private,,,,asphalt,0,,0,
1,Greater London,way,975465583,51.4031786,-0.2758908,court,pitch,tennis,,,,,,,1,Kingston Road Recreation Ground,1,Kingston Road Recreation Ground
1,Greater London,way,975465584,51.4032482,-0.2760643,court,pitch,tennis,,,,,,,1,Kingston Road Recreation Ground,1,Kingston Road Recreation Ground
1,Greater London,way,975465585,51.4033185,-0.2762385,court,pitch,tennis,,,,,,,1,Kingston Road Recreation Ground,1,Kingston Road Recreation Ground
1,Greater London,way,976814508,51.4751359,0.0413131,court,pitch,tennis,,,,,,asphalt,1,Hornfair Park,1,Hornfair Park
1,Greater London,way,976814509,51.475116,0.0412148,court,pitch,tennis,,,,,,asphalt,1,Hornfair Park,1,Hornfair Park
1,Greater London,way,976814510,51.4750965,0.0411169,court,pitch,tennis,,,,,,asphalt,1,Hornfair Park,1,Hornfair Park
1,Greater London,way,976814511,51.4750769,0.0410193,court,pitch,tennis,,,,,,asphalt,1,Hornfair Park,1,Hornfair Park
1,Greater London,way,976814512,51.4745513,0.0413361,court,pitch,tennis,,,,,,asphalt,1,Hornfair Park,1,Hornfair Park
1,Greater London,way,976814513,51.4745935,0.0415457,court,pitch,tennis,,,,,,asphalt,1,Hornfair Park,1,Hornfair Park
1,Greater London,way,976814514,51.4749068,0.0413832,court,pitch,tennis,,,,,,asphalt,1,Hornfair Park,1,Hornfair Park
1,Greater London,way,976814515,51.4748651,0.0411745,court,pitch,tennis,,,,,,asphalt,1,Hornfair Park,1,Hornfair Park
1,Greater London,way,978209194,51.4835756,0.1448786,court,pitch,tennis,,,,,,,0,,0,
1,Greater London,way,980979872,51.4371815,-0.3088534,court,pitch,tennis,,,,,,,0,,0,
1,Greater London,way,982037029,51.4070603,-0.1533729,court,pitch,tennis,,,,,,,0,,0,
1,Greater London,way,985847041,51.4312908,-0.3011659,court,pitch,tennis,,,,,,,0,,0,
1,Greater London,way,990580270,51.6004575,-0.0992684,court,pitch,tennis,,,,,,,1,Chapman's Green,1,Chapman's Green
1,Greater London,way,991805204,51.4154829,-0.261785,court,pitch,tennis,,,,,,,0,,0,
1,Greater London,way,995183367,51.4958927,-0.2226062,court,pitch,tennis,,,,,,,0,,0,
1,Greater London,way,995570774,51.4695347,-0.2957551,court,pitch,tennis,,customers,,,,grass,1,Old Deer Park,1,Old Deer Park
1,Greater London,way,995570775,51.4695828,-0.295486,court,pitch,tennis,,customers,,,,grass,1,Old Deer Park,1,Old Deer Park
1,Greater London,way,995570776,51.4696315,-0.2952162,court,pitch,tennis,,customers,,,,grass,1,Old Deer Park,1,Old Deer Park
1,Greater London,way,995570777,51.4696068,-0.2953547,court,pitch,tennis,,customers,,,,grass,1,Old Deer Park,1,Old Deer Park
1,Greater London,way,995570778,51.4695595,-0.2956193,court,pitch,tennis,,customers,,,,grass,1,Old Deer Park,1,Old Deer Park
1,Greater London,way,995570779,51.4692591,-0.2954467,court,pitch,tennis,,customers,,,,artificial_turf,1,Old Deer Park,1,Old Deer Park
1,Greater London,way,995570780,51.4692959,-0.2952439,court,pitch,tennis,,customers,,,,artificial_turf,1,Old Deer Park,1,Old Deer Park
1,Greater London,way,995570781,51.4693328,-0.2950437,court,pitch,tennis,,customers,,,,artificial_turf,1,Old Deer Park,1,Old Deer Park
1,Greater London,way,995570782,51.4694043,-0.2946701,court,pitch,tennis,,customers,,,,grass,1,Old Deer Park,1,Old Deer Park
1,Greater London,way,995570783,51.4694536,-0.2944071,court,pitch,tennis,,customers,,,,grass,1,Old Deer Park,1,Old Deer Park
1,Greater London,way,995570784,51.4694792,-0.294271,court,pitch,tennis,,customers,,,,grass,1,Old Deer Park,1,Old Deer Park
1,Greater London,way,995570785,51.4694291,-0.2945377,court,pitch,tennis,,customers,,,,grass,1,Old Deer Park,1,Old Deer Park
1,Greater London,way,995570786,51.4693785,-0.2948066,court,pitch,tennis,,customers,,,,grass,1,Old Deer Park,1,Old Deer Park
1,Greater London,way,995570787,51.4681649,-0.29729,court,pitch,tennis,,customers,,,,clay,1,Old Deer Park,1,Old Deer Park
1,Greater London,way,995570788,51.4681042,-0.2971106,court,pitch,tennis,,customers,,,,clay,1,Old Deer Park,1,Old Deer Park
1,Greater London,way,995570789,51.4680438,-0.2969312,court,pitch,tennis,,customers,,,,clay,1,Old Deer Park,1,Old Deer Park
1,Greater London,way,995570790,51.4679852,-0.2967615,court,pitch,tennis,,customers,,,,clay,1,Old Deer Park,1,Old Deer Park
1,Greater London,way,995570791,51.4680723,-0.297028,sports_centre,sports_centre,tennis,,,,,,,1,Old Deer Park,1,Old Deer Park
1,Greater London,way,995570793,51.4694466,-0.2950163,sports_centre,sports_centre,tennis,,,Richmond Lawn Tennis Club,,,,1,Old Deer Park,1,Old Deer Park
1,Greater London,way,996072769,51.4752856,0.0388618,sports_centre,sports_centre,basketball;cycling;soccer;swimming;tennis;fitness,,,Charlton Lido and Lifestyle Club,Greenwich Leisure Limited,,,1,Hornfair Park,1,Hornfair Park
1,Greater London,way,997577288,51.4977413,-0.0473386,court,pitch,soccer;basketball;handball;tennis,,customers,Decathlon Sports Pitch,Decathlon,,,0,,0,
1,Greater London,way,1005286622,51.5472142,-0.0400583,court,pitch,tennis,,,,,,,0,,0,
1,Greater London,way,1005553551,51.4134894,-0.0224022,court,pitch,tennis,,,,,,,0,,0,
1,Greater London,way,1005553552,51.4134411,-0.0222103,court,pitch,tennis,,,,,,,0,,0,
1,Greater London,way,1005553553,51.4137968,-0.0221941,court,pitch,tennis,,,,,,,0,,0,
1,Greater London,way,1005553554,51.4137475,-0.0219964,court,pitch,tennis,,,,,,,0,,0,
1,Greater London,way,1005553555,51.4141056,-0.0219964,court,pitch,tennis,,,,,,,0,,0,
1,Greater London,way,1005553556,51.414057,-0.0218025,court,pitch,tennis,,,,,,,0,,0,
1,Greater London,way,1005553557,51.4144055,-0.021813,court,pitch,tennis,,,,,,,0,,0,
1,Greater London,way,1005553558,51.4143574,-0.0216153,court,pitch,tennis,,,,,,,0,,0,
1,Greater London,way,1005553575,51.4149192,-0.0221684,court,pitch,tennis,,,,,,,0,,0,
1,Greater London,way,1005553576,51.4148696,-0.0219715,court,pitch,tennis,,,,,,,0,,0,
1,Greater London,way,1005553577,51.4148193,-0.0217715,court,pitch,tennis,,,,,,,0,,0,
1,Greater London,way,1005553578,51.4150079,-0.0213022,court,pitch,tennis,,,,,,,0,,0,
1,Greater London,way,1005553579,51.4150141,-0.0208985,court,pitch,tennis,,,,,,,0,,0,
1,Greater London,way,1005553580,51.4149845,-0.0207055,court,pitch,tennis,,,,,,,0,,0,
1,Greater London,way,1005553588,51.4147595,-0.0214709,court,pitch,tennis,,,,,,,0,,0,
1,Greater London,way,1005553589,51.4147237,-0.0212513,court,pitch,tennis,,,,,,,0,,0,
1,Greater London,way,1005553590,51.4146867,-0.0210296,court,pitch,tennis,,,,,,,0,,0,
1,Greater London,way,1005553591,51.4146503,-0.0208089,court,pitch,tennis,,,,,,,0,,0,
1,Greater London,way,1008883806,51.4441064,-0.09738,court,pitch,tennis,,,,,,,0,,0,
1,Greater London,way,1011501056,51.450881,0.0445889,court,pitch,tennis,,,,,,,0,,0,
1,Greater London,way,1011501057,51.4511361,0.0445224,court,pitch,tennis,,,,,,,0,,0,
1,Greater London,way,1014172717,51.4100323,0.0847429,court,pitch,tennis,,,,,,,0,,0,
1,Greater London,way,1016232923,51.5381048,-0.1660962,court,pitch,tennis,,private,,,,,0,,0,
1,Greater London,way,1016693416,51.4723503,0.0174914,court,pitch,tennis;netball,,private,,,,,0,,0,
1,Greater London,way,1016693417,51.4722205,0.0175619,court,pitch,tennis;netball,,private,,,,,0,,0,
1,Greater London,way,1021806518,51.635559,-0.2063534,court,pitch,tennis,,,,,,,0,,0,
1,Greater London,way,1022128777,51.6285401,-0.1773182,court,pitch,tennis,,,,,,,0,,0,
1,Greater London,way,1024496319,51.5265925,-0.1266845,court,pitch,tennis,,,,,,asphalt,1,Cartwright Gardens,1,Cartwright Gardens
1,Greater London,way,1024496320,51.5269651,-0.1272167,court,pitch,tennis,,,,,,asphalt,1,Cartwright Gardens,1,Cartwright Gardens
1,Greater London,way,1024577984,51.5571439,-0.1855975,court,pitch,tennis,,,,,,,0,,0,
1,Greater London,way,1024945939,51.5578847,-0.1922918,court,pitch,tennis,,,,,,grass,0,,0,
1,Greater London,way,1025134718,51.586528,-0.1254536,court,pitch,tennis,,yes,Mini tennis court,,,paved,1,Priory Park,1,Priory Park
1,Greater London,way,1025134911,51.586383,-0.1254441,court,pitch,tennis,,yes,Mini tennis court,,,paved,1,Priory Park,1,Priory Park
1,Greater London,way,1026495776,51.4860238,-0.2619959,court,pitch,tennis,,,,,,,0,,0,
1,Greater London,way,1026495777,51.4862543,-0.2616653,court,pitch,tennis,,,,,,,0,,0,
1,Greater London,way,1026495778,51.4865023,-0.261357,court,pitch,tennis,,,,,,,0,,0,
1,Greater London,way,1026495779,51.4864084,-0.2611991,court,pitch,tennis,,,,,,,0,,0,
1,Greater London,way,1026495780,51.4867317,-0.2610189,court,pitch,tennis,,,,,,,0,,0,
1,Greater London,way,1026495781,51.4869099,-0.26059,court,pitch,tennis;soccer,,,,,,grass,0,,0,
1,Greater London,way,1026901070,51.4367192,0.0557591,court,pitch,tennis,,,,,,,0,,0,
1,Greater London,way,1026901071,51.4365424,0.0556743,court,pitch,tennis,,,,,,,0,,0,
1,Greater London,way,1026901072,51.4363663,0.055592,court,pitch,tennis,,,,,,,0,,0,
1,Greater London,way,1026901073,51.4364518,0.0551133,court,pitch,tennis,,,,,,,0,,0,
1,Greater London,way,1026901074,51.4368085,0.0552841,court,pitch,tennis,,,,,,,0,,0,
1,Greater London,way,1026901075,51.4366305,0.0552037,court,pitch,tennis,,,,,,,0,,0,
1,Greater London,way,1027694031,51.5178978,0.1571144,court,pitch,tennis,,,,,,,0,,0,
1,Greater London,way,1028761121,51.6858692,-0.0965042,court,pitch,tennis,,,,,,,0,,0,
1,Greater London,way,1029155527,51.667866,-0.1636914,court,pitch,tennis,,private,,,,,0,,0,
1,Greater London,way,1029171723,51.6666918,-0.157932,court,pitch,tennis,,private,,,,,0,,0,
1,Greater London,way,1029171732,51.6663722,-0.1584057,court,pitch,tennis,,private,,,,,0,,0,
1,Greater London,way,1029358130,51.662867,-0.1564611,court,pitch,tennis,,private,,,,,0,,0,
1,Greater London,way,1031112559,51.5849984,0.0009392,sports_centre,sports_centre,cricket;tennis;squash,sport,,Walthamstow Cricket Tennis and Squash Club,,,,0,,0,
1,Greater London,way,1031864184,51.6432033,-0.244497,court,pitch,tennis,,,,,,,0,,0,
1,Greater London,way,1033120629,51.438997,0.0579226,court,pitch,tennis,,,,,,,1,Fairy Hill Park,1,Fairy Hill Park
1,Greater London,way,1033120630,51.4389693,0.058135,court,pitch,tennis,,,,,,,1,Fairy Hill Park,1,Fairy Hill Park
1,Greater London,way,1033313229,51.6629215,-0.1951882,court,pitch,tennis,,private,,,,,0,,0,
1,Greater London,way,1033313230,51.6628203,-0.1949208,court,pitch,tennis,,private,,,,,0,,0,
1,Greater London,way,1034150269,51.4106266,0.0694002,court,pitch,tennis,,,,,,,0,,0,
1,Greater London,way,1034178783,51.4222344,0.0822218,court,pitch,tennis,,,,,,,0,,0,
1,Greater London,way,1034178784,51.4221855,0.0817588,court,pitch,tennis,,,,,,,0,,0,
1,Greater London,way,1037971749,51.4224914,0.0873077,court,pitch,tennis,,,,,,,0,,0,
1,Greater London,way,1037971750,51.4224613,0.0875088,court,pitch,tennis,,,,,,,0,,0,
1,Greater London,way,1037971751,51.4224279,0.087714,court,pitch,tennis,,,,,,,0,,0,
1,Greater London,way,1038040497,51.5670973,-0.2017819,court,pitch,tennis,,,,,,,1,Childs Hill Park,1,Childs Hill Park
1,Greater London,way,1038040498,51.5669819,-0.2016586,court,pitch,tennis,,,,,,,1,Childs Hill Park,1,Childs Hill Park
1,Greater London,way,1043471390,51.5257281,-0.3287547,court,pitch,basketball;tennis,,,,,,,0,,0,
1,Greater London,way,1047707629,51.2976143,0.0553957,court,pitch,tennis,,,,,,,0,,0,
1,Greater London,way,1050298169,51.3146138,-0.0935445,court,pitch,tennis,,,,,,,0,,0,
1,Greater London,way,1050298170,51.3144224,-0.0932373,court,pitch,tennis,,,,,,,0,,0,
1,Greater London,way,1050597965,51.458307,0.0257373,court,pitch,tennis,,customers,,David Lloyd Kidbrooke,,,0,,0,
1,Greater London,way,1050597966,51.4582858,0.025531,court,pitch,tennis,,customers,,David Lloyd Kidbrooke,,,0,,0,
1,Greater London,way,1050597967,51.4582659,0.0253213,court,pitch,tennis,,customers,,David Lloyd Kidbrooke,,,0,,0,
1,Greater London,way,1052321574,51.6604734,-0.2027996,court,pitch,tennis,,private,,,,,0,,0,
1,Greater London,way,1052647746,51.5888896,-0.2463569,court,pitch,tennis,,,,,,,0,,0,
1,Greater London,way,1053323528,51.4169664,-0.2746013,court,pitch,tennis,,,,,,,0,,0,
1,Greater London,way,1053323529,51.416867,-0.2740465,court,pitch,tennis,,,,,,,0,,0,
1,Greater London,way,1054276642,51.6164119,-0.0721058,court,pitch,tennis,,,,,,,1,Pymmes Park,1,Pymmes Park
1,Greater London,way,1054276643,51.6161524,-0.0721093,court,pitch,tennis,,,,,,,1,Pymmes Park,1,Pymmes Park
1,Greater London,way,1054276644,51.6162763,-0.0721454,court,pitch,tennis,,,,,,,1,Pymmes Park,1,Pymmes Park
1,Greater London,way,1057751940,51.4724655,-0.370108,court,pitch,tennis,,,,,,paved,1,Lampton Park,1,Lampton Park
1,Greater London,way,1059805335,51.565702,0.0246265,court,pitch,tennis,,,,,,asphalt,0,,0,
1,Greater London,way,1059805336,51.5648492,0.0243427,court,pitch,tennis,,,,,,asphalt,0,,0,
1,Greater London,way,1059805337,51.5648738,0.0245331,court,pitch,tennis,,,,,,asphalt,0,,0,
1,Greater London,way,1059805338,51.5645871,0.0246444,court,pitch,tennis,,,,,,asphalt,0,,0,
1,Greater London,way,1067891774,51.4873472,0.0015432,court,pitch,tennis,,,,,,,0,,0,
1,Greater London,way,1075412588,51.3591711,-0.1051766,court,pitch,tennis,,,,,,,0,,0,
1,Greater London,way,1082584600,51.5994068,-0.0726549,court,pitch,tennis,,,,,,,1,Bruce Castle Park,1,Bruce Castle Park
1,Greater London,way,1082584601,51.5993845,-0.0728629,court,pitch,tennis,,,,,,,1,Bruce Castle Park,1,Bruce Castle Park
1,Greater London,way,1082584602,51.5993622,-0.0730709,court,pitch,tennis,,,,,,,1,Bruce Castle Park,1,Bruce Castle Park
1,Greater London,way,1082584603,51.5993398,-0.073279,court,pitch,tennis,,,,,,,1,Bruce Castle Park,1,Bruce Castle Park
1,Greater London,way,1082584604,51.5993902,-0.0735424,court,pitch,tennis,,,,,,,1,Bruce Castle Park,1,Bruce Castle Park
1,Greater London,way,1089310815,51.4439275,-0.1355434,court,pitch,tennis,,,,,,,0,,0,
1,Greater London,way,1089310816,51.4438687,-0.135709,court,pitch,tennis,,,,,,,0,,0,
1,Greater London,way,1091873867,51.4451659,-0.196607,court,pitch,tennis,,,,,,,0,,0,
1,Greater London,way,1091873868,51.4454783,-0.1966782,court,pitch,tennis,,,,,,,0,,0,
1,Greater London,way,1096323729,51.483878,-0.3407565,court,pitch,tennis,,,,,,,0,,0,
1,Greater London,way,1096323730,51.4839413,-0.3405778,court,pitch,tennis,,,,,,,0,,0,
1,Greater London,way,1096323731,51.4839987,-0.3404004,court,pitch,tennis,,,,,,,0,,0,
1,Greater London,way,1096323732,51.4840576,-0.3402264,court,pitch,tennis,,,,,,,0,,0,
1,Greater London,way,1096323733,51.4841318,-0.3399999,court,pitch,tennis,,,,,,,0,,0,
1,Greater London,way,1096323734,51.4841907,-0.339819,court,pitch,tennis,,,,,,,0,,0,
1,Greater London,way,1096323735,51.4842481,-0.339645,court,pitch,tennis,,,,,,,0,,0,
1,Greater London,way,1096323736,51.4834459,-0.3404867,court,pitch,tennis,,,,,,,1,Jersey Gardens,1,Jersey Gardens
1,Greater London,way,1096323737,51.4833874,-0.3406567,court,pitch,tennis,,,,,,,1,Jersey Gardens,1,Jersey Gardens
1,Greater London,way,1096323738,51.4833321,-0.3408295,court,pitch,tennis,,,,,,,1,Jersey Gardens,1,Jersey Gardens
1,Greater London,way,1096323740,51.484438,-0.3690296,court,pitch,tennis,,,,,,,0,,0,
1,Greater London,way,1096323741,51.4844145,-0.3688185,court,pitch,tennis,,,,,,,0,,0,
1,Greater London,way,1096323742,51.4843903,-0.3686092,court,pitch,tennis,,,,,,,0,,0,
1,Greater London,way,1103391367,51.4068697,0.074313,court,pitch,tennis,,,,,,,0,,0,
1,Greater London,way,1106294621,51.4712271,0.0170164,court,pitch,tennis,,,,,,,0,,0,
1,Greater London,way,1106893167,51.3381131,-0.1037417,court,pitch,tennis,,,,,,,0,,0,
1,Greater London,way,1106893168,51.3381382,-0.1035513,court,pitch,tennis,,,,,,,0,,0,
1,Greater London,way,1106893169,51.3381624,-0.1033619,court,pitch,tennis,,,,,,,0,,0,
1,Greater London,way,1106893170,51.3381872,-0.1031719,court,pitch,tennis,,,,,,,0,,0,
1,Greater London,way,1106893171,51.3382116,-0.1029833,court,pitch,tennis,,,,,,,0,,0,
1,Greater London,way,1108403935,51.4558459,-0.2233267,court,pitch,tennis,,,,,,,0,,0,
1,Greater London,way,1113479382,51.683859,-0.1584947,court,pitch,tennis,,,,,,,0,,0,
1,Greater London,way,1119336742,51.3739361,0.016647,court,pitch,tennis,,,,,,grass,0,,0,
1,Greater London,way,1120877247,51.3660113,0.1228568,court,pitch,tennis,,private,,,,,0,,0,
1,Greater London,way,1121007674,51.5206329,0.0339716,court,pitch,tennis,,,,,,,0,,0,
1,Greater London,way,1121007675,51.5206114,0.0337671,court,pitch,tennis,,,,,,,0,,0,
1,Greater London,way,1121007676,51.5206181,0.0333946,court,pitch,tennis,,,,,,,0,,0,
1,Greater London,way,1121007677,51.5204993,0.0334251,court,pitch,tennis,,,,,,,0,,0,
1,Greater London,way,1122212587,51.5442601,0.1308763,court,pitch,tennis,,,,,,,0,,0,
1,Greater London,way,1122219850,51.5473847,0.1333358,court,pitch,tennis,,,,,,,0,,0,
1,Greater London,way,1122219851,51.5472732,0.1331125,court,pitch,tennis,,,,,,,0,,0,
1,Greater London,way,1124331823,51.3645518,-0.0807391,court,pitch,tennis,,,,,,,1,Lloyd Park,1,Lloyd Park
1,Greater London,way,1124334987,51.3644999,-0.0805581,court,pitch,tennis,,,,,,,1,Lloyd Park,1,Lloyd Park
1,Greater London,way,1124334988,51.3644484,-0.0803816,court,pitch,tennis,,,,,,,1,Lloyd Park,1,Lloyd Park
1,Greater London,way,1124334989,51.3643893,-0.0801735,court,pitch,tennis,,,,,,,1,Lloyd Park,1,Lloyd Park
1,Greater London,way,1129109058,51.5519411,-0.1881673,court,pitch,tennis,,,,,,,0,,0,
1,Greater London,way,1129109059,51.5521424,-0.1884387,court,pitch,tennis,,,,,,,0,,0,
1,Greater London,way,1129109060,51.5522555,-0.1885208,court,pitch,tennis,,,,,,,0,,0,
1,Greater London,way,1130632953,51.4798374,-0.2224792,court,pitch,tennis,,,,,,,0,,0,
1,Greater London,way,1133304483,51.4885132,-0.3399686,court,pitch,tennis,,private,,,,,0,,0,
1,Greater London,way,1133304484,51.4884364,-0.3401296,court,pitch,tennis,,private,,,,,0,,0,
1,Greater London,way,1133304485,51.4883571,-0.3402852,court,pitch,tennis,,private,,,,,0,,0,
1,Greater London,way,1133304486,51.4882792,-0.3404461,court,pitch,tennis,,private,,,,,0,,0,
1,Greater London,way,1133329748,51.4934337,-0.3159933,court,pitch,tennis,,,,,,,0,,0,
1,Greater London,way,1133329749,51.4936903,-0.3162938,court,pitch,tennis,,,,,,,0,,0,
1,Greater London,way,1133329750,51.493946,-0.3165951,court,pitch,tennis,,,,,,,0,,0,
1,Greater London,way,1133768519,51.5473339,0.0940615,court,pitch,tennis,,,,,,,0,,0,
1,Greater London,way,1133768520,51.5473972,0.0942941,court,pitch,tennis,,,,,,,0,,0,
1,Greater London,way,1133768521,51.5474591,0.0945329,court,pitch,tennis,,,,,,,0,,0,
1,Greater London,way,1133768522,51.5471372,0.0946649,court,pitch,tennis,,,,,,,0,,0,
1,Greater London,way,1133768523,51.5470847,0.0944726,court,pitch,tennis,,,,,,,0,,0,
1,Greater London,way,1134136161,51.5183381,-0.3657493,court,pitch,tennis,,,,,,,0,,0,
1,Greater London,way,1134136164,51.5184101,-0.3659894,court,pitch,tennis,,,,,,,0,,0,
1,Greater London,way,1134136169,51.5184022,-0.3663992,court,pitch,tennis,,,,,,,0,,0,
1,Greater London,way,1134136170,51.5185107,-0.366316,court,pitch,tennis,,,,,,,0,,0,
1,Greater London,way,1134136171,51.5186172,-0.3662312,court,pitch,tennis,,,,,,,0,,0,
1,Greater London,way,1134136176,51.529792,-0.3593865,court,pitch,tennis,,,,,,asphalt,1,Ravenor Park,1,Ravenor Park
1,Greater London,way,1134136177,51.5298083,-0.3595968,court,pitch,tennis,,,,,,asphalt,1,Ravenor Park,1,Ravenor Park
1,Greater London,way,1134136178,51.5303576,-0.3697023,court,pitch,tennis,,,,,,,0,,0,
1,Greater London,way,1134136179,51.5304939,-0.3696683,court,pitch,tennis,,,,,,,0,,0,
1,Greater London,way,1134136182,51.5314965,-0.369033,court,pitch,tennis,,,,,,,0,,0,
1,Greater London,way,1134136183,51.5315208,-0.3693089,court,pitch,tennis,,,,,,,0,,0,
1,Greater London,way,1134136187,51.5315682,-0.3696822,court,pitch,tennis,,,,,,,0,,0,
1,Greater London,way,1134136188,51.5316988,-0.3696534,court,pitch,tennis,,,,,,,0,,0,
1,Greater London,way,1134157850,51.5084979,-0.3729719,court,pitch,tennis,,,,,,,1,Southall Park,1,Southall Park
1,Greater London,way,1134157851,51.5084655,-0.37277,court,pitch,tennis,,,,,,,1,Southall Park,1,Southall Park
1,Greater London,way,1134157855,51.4961656,-0.3683705,court,pitch,tennis,,,,,,,0,,0,
1,Greater London,way,1134157856,51.4962365,-0.3684,court,pitch,tennis,,,,,,,0,,0,
1,Greater London,way,1134157857,51.4963063,-0.3684316,court,pitch,tennis,,,,,,,0,,0,
1,Greater London,way,1134157858,51.4963749,-0.3684628,court,pitch,tennis,,,,,,,0,,0,
1,Greater London,way,1134157863,51.5010985,-0.3336299,court,pitch,tennis,,,,,,,1,Elthorne Park,1,Elthorne Park
1,Greater London,way,1134157864,51.5010134,-0.3337667,court,pitch,tennis,,,,,,,1,Elthorne Park,1,Elthorne Park
1,Greater London,way,1134157865,51.500927,-0.3339089,court,pitch,tennis,,,,,,,1,Elthorne Park,1,Elthorne Park
1,Greater London,way,1134171995,51.6467,-0.1829801,sports_centre,sports_centre,tennis,,,,,,,0,,0,
1,Greater London,way,1134234879,51.502332,-0.3745652,court,pitch,tennis,,,,,,,0,,0,
1,Greater London,way,1134234881,51.50265,-0.3745878,court,pitch,tennis,,,,,,,0,,0,
1,Greater London,way,1134246281,51.5093569,-0.3911678,court,pitch,netball;tennis,,,,,,,0,,0,
1,Greater London,way,1134252642,51.5107244,-0.0163477,court,pitch,tennis,,,Court 2,,,asphalt,1,Poplar Recreation Ground,1,Poplar Recreation Ground
1,Greater London,way,1134252643,51.5107431,-0.0161656,court,pitch,tennis,,,Court 1,,,asphalt,1,Poplar Recreation Ground,1,Poplar Recreation Ground
1,Greater London,way,1134814686,51.3264574,-0.0862965,court,pitch,tennis,,,,,,artificial_turf,0,,0,
1,Greater London,way,1134814687,51.326486,-0.0867257,court,pitch,tennis,,,,,,artificial_turf,0,,0,
1,Greater London,way,1135557243,51.5034875,-0.2873284,sports_centre,sports_centre,tennis,sport,,St Columba's Tennis Club,,,,0,,0,
1,Greater London,way,1135557245,51.5035151,-0.28746,court,pitch,tennis,,,,,,,0,,0,
1,Greater London,way,1135557246,51.5033878,-0.2869633,court,pitch,tennis,,,,,,,0,,0,
1,Greater London,way,1135557247,51.5036071,-0.2873101,court,pitch,tennis,,,,,,,0,,0,
1,Greater London,way,1135924867,51.3947229,0.0174045,court,pitch,tennis,,,,,,,0,,0,
1,Greater London,way,1136961278,51.5711395,-0.0574485,court,pitch,tennis,,,,,,porous_macadam,1,Springfield Park,1,Springfield Park
1,Greater London,way,1136961279,51.5710667,-0.0576071,court,pitch,tennis,,,,,,porous_macadam,1,Springfield Park,1,Springfield Park
1,Greater London,way,1136961280,51.571212,-0.0572852,court,pitch,tennis,,,,,,porous_macadam,1,Springfield Park,1,Springfield Park
1,Greater London,way,1136961281,51.5708148,-0.0573108,court,pitch,tennis,,,,,,porous_macadam,1,Springfield Park,1,Springfield Park
1,Greater London,way,1136961282,51.5708974,-0.0571251,court,pitch,tennis,,,,,,porous_macadam,1,Springfield Park,1,Springfield Park
1,Greater London,way,1136968570,51.5731754,-0.0613523,court,pitch,tennis,,,,Hackney Tennis,,,0,,0,
1,Greater London,way,1136968571,51.5732254,-0.06115,court,pitch,tennis,,,,Hackney Tennis,,,0,,0,
1,Greater London,way,1136968572,51.5729501,-0.0609765,court,pitch,tennis,,,,Hackney Tennis,,,0,,0,
1,Greater London,way,1136971113,51.5432834,-0.0609857,court,pitch,tennis,,,,Hackney Tennis,,,0,,0,
1,Greater London,way,1136971114,51.5432542,-0.0612226,court,pitch,tennis,,,,Hackney Tennis,,,0,,0,
1,Greater London,way,1138031012,51.4911855,-0.2492467,court,pitch,tennis,,,,,,artificial_turf,0,,0,
1,Greater London,way,1138295351,51.5087636,-0.0496946,court,pitch,tennis,,,,Tower Hamlets Tennis,,asphalt,1,King Edward Memorial Park,1,King Edward Memorial Park
1,Greater London,way,1138295352,51.5087674,-0.0494901,court,pitch,tennis,,,,Tower Hamlets Tennis,,asphalt,1,King Edward Memorial Park,1,King Edward Memorial Park
1,Greater London,way,1138295353,51.5092652,-0.0503205,court,pitch,tennis,,,,,,asphalt,1,King Edward Memorial Park,1,King Edward Memorial Park
1,Greater London,way,1138295354,51.5092671,-0.0500879,court,pitch,tennis,,,,,,asphalt,1,King Edward Memorial Park,1,King Edward Memorial Park
1,Greater London,way,1141360468,51.513278,-0.2867264,sports_centre,sports_centre,tennis,,,Ealing Lawn Tennis Club,,,,0,,0,
1,Greater London,way,1147954772,51.567819,0.1140286,court,pitch,tennis,,,,,,,1,Barley Lane Recreation Ground,1,Barley Lane Recreation Ground
1,Greater London,way,1148676906,51.4611155,0.0180034,court,pitch,tennis,,,,,,,0,,0,
1,Greater London,way,1150659869,51.5330344,-0.3400371,court,pitch,tennis,,,,,,asphalt,1,Perivale Park,1,Perivale Park
1,Greater London,way,1150823451,51.5866947,0.0524765,court,pitch,tennis;basketball,,private,,,,compacted,0,,0,
1,Greater London,way,1152392947,51.5210216,0.0423257,court,pitch,tennis,,,,,,,0,,0,
1,Greater London,way,1155138023,51.5832712,-0.1564031,sports_centre,sports_centre,tennis;squash,sport,private,Stormont Lawn Tennis and Squash Club,,,,0,,0,
1,Greater London,way,1158149493,51.4896424,0.0432828,court,pitch,tennis,,,,,,fine_gravel,1,Maryon Park,1,Maryon Park
1,Greater London,way,1159261843,51.5731896,-0.2172502,court,pitch,tennis;basketball,,,,,,asphalt,0,,0,
1,Greater London,way,1159424053,51.4789024,0.1294095,court,pitch,tennis,,yes,,,,concrete,0,,0,
1,Greater London,way,1159424054,51.4789244,0.129623,court,pitch,tennis,,yes,,,,concrete,0,,0,
1,Greater London,way,1159424055,51.4789486,0.1298402,court,pitch,tennis,,yes,,,,concrete,0,,0,
1,Greater London,way,1159424056,51.4786262,0.1299301,court,pitch,tennis,,yes,,,,concrete,0,,0,
1,Greater London,way,1163641697,51.46676,-0.1971466,court,pitch,tennis,,,,,,,0,,0,
1,Greater London,way,1163641698,51.4668405,-0.1969773,court,pitch,tennis,,,,,,,0,,0,
1,Greater London,way,1163641699,51.4669207,-0.1967944,court,pitch,tennis,,,,,,,0,,0,
1,Greater London,way,1163641700,51.4669951,-0.1966298,court,pitch,tennis,,,,,,,0,,0,
1,Greater London,way,1163641703,51.4672508,-0.1969373,court,pitch,tennis,,,,,,,0,,0,
1,Greater London,way,1167951827,51.3841746,-0.0228694,court,pitch,tennis,,,,,,,0,,0,
1,Greater London,way,1168339767,51.6572625,-0.1404916,court,pitch,tennis,,,,,,,1,Trent Park,1,Trent Park
1,Greater London,way,1168831426,51.4826077,-0.1225461,court,pitch,tennis,,,,,,,1,Vauxhall Park,1,Vauxhall Park
1,Greater London,way,1170409071,51.4814298,-0.1100123,court,pitch,tennis,,,,,,tartan,1,Kennington Park,1,Kennington Park
1,Greater London,way,1170409072,51.4816308,-0.1099913,court,pitch,tennis,,,,,,tartan,1,Kennington Park,1,Kennington Park
1,Greater London,way,1174890740,51.3538265,-0.2139371,court,pitch,tennis,,,,,,,0,,0,
1,Greater London,way,1176139035,51.3969458,-0.0170753,court,pitch,tennis,,,,,,,0,,0,
1,Greater London,way,1176139036,51.3969664,-0.0168881,court,pitch,tennis,,,,,,,0,,0,
1,Greater London,way,1176139037,51.3965977,-0.0169716,court,pitch,tennis,,,,,,,0,,0,
1,Greater London,way,1176139038,51.3966193,-0.0167583,court,pitch,tennis,,,,,,,0,,0,
1,Greater London,way,1176139039,51.3962616,-0.0170649,court,pitch,tennis,,,,,,,0,,0,
1,Greater London,way,1176139040,51.3962849,-0.0168543,court,pitch,tennis,,,,,,,0,,0,
1,Greater London,way,1176139041,51.3963083,-0.0166477,court,pitch,tennis,,,,,,,0,,0,
1,Greater London,way,1176141741,51.395899,-0.0169684,court,pitch,tennis,,,,,,,0,,0,
1,Greater London,way,1176141742,51.3959283,-0.0167538,court,pitch,tennis,,,,,,,0,,0,
1,Greater London,way,1176141743,51.3959576,-0.0165331,court,pitch,tennis,,,,,,,0,,0,
1,Greater London,way,1176141744,51.3961419,-0.0175425,court,pitch,tennis,,,,,,,0,,0,
1,Greater London,way,1176141745,51.3961641,-0.0173341,court,pitch,tennis,,,,,,,0,,0,
1,Greater London,way,1176141746,51.3953801,-0.0162455,court,pitch,tennis,,,,,,,0,,0,
1,Greater London,way,1178578299,51.654211,-0.2104989,sports_centre,sports_centre,tennis,,,Ravenscroft Lawn Tennis Club,,,,0,,0,
1,Greater London,way,1180124968,51.6548225,-0.2193144,court,pitch,tennis,,,,,,,0,,0,
1,Greater London,way,1180622249,51.5290273,-0.3102248,court,pitch,tennis,,private,,,,grass,0,,0,
1,Greater London,way,1181103550,51.4887499,-0.33139,court,pitch,tennis;basketball;hockey,,private,,,,asphalt,0,,0,
1,Greater London,way,1181489932,51.518737,-0.0964178,court,pitch,tennis,,,,,,,0,,0,
1,Greater London,way,1181489933,51.5187811,-0.0966075,court,pitch,tennis,,,,,,,0,,0,
1,Greater London,way,1181797173,51.4931818,-0.0732046,court,pitch,tennis,,,,,,artificial_turf,0,,0,
1,Greater London,way,1181797174,51.4929718,-0.0728706,court,pitch,tennis,,,,,,concrete,0,,0,
1,Greater London,way,1182277530,51.5224153,-0.0969721,court,pitch,tennis,,,,,,,0,,0,
1,Greater London,way,1186433819,51.5979931,-0.2311874,court,pitch,tennis,,,,,,,1,Sunnyhill Park,1,Sunnyhill Park
1,Greater London,way,1186433820,51.5979918,-0.2309632,court,pitch,tennis,,,,,,,1,Sunnyhill Park,1,Sunnyhill Park
1,Greater London,way,1186433821,51.5979904,-0.230739,court,pitch,tennis,,,,,,,1,Sunnyhill Park,1,Sunnyhill Park
1,Greater London,way,1188133188,51.4319162,-0.2147403,court,pitch,tennis,,,,,,,0,,0,
1,Greater London,way,1188133189,51.4318435,-0.2149259,court,pitch,tennis,,,,,,,0,,0,
1,Greater London,way,1188133193,51.43218,-0.2151356,court,pitch,tennis,,,,,,,0,,0,
1,Greater London,way,1188133194,51.4324593,-0.2154181,court,pitch,tennis,,,,,,,0,,0,
1,Greater London,way,1188133195,51.4329102,-0.2157249,court,pitch,tennis,,,,,,,0,,0,
1,Greater London,way,1188133196,51.4328423,-0.2159196,court,pitch,tennis,,,,,,,0,,0,
1,Greater London,way,1188966821,51.538649,-0.0885557,court,pitch,tennis,,,,,,artificial_turf,1,Rosemary Gardens,1,Rosemary Gardens
1,Greater London,way,1188966822,51.5386206,-0.0883595,court,pitch,tennis,,,,,,artificial_turf,1,Rosemary Gardens,1,Rosemary Gardens
1,Greater London,way,1189449630,51.5966114,-0.0367412,court,pitch,tennis,,,,,,,1,Higham Hill Recreation Ground,1,Higham Hill Recreation Ground
1,Greater London,way,1189449631,51.596638,-0.0365276,court,pitch,tennis,,,,,,,1,Higham Hill Recreation Ground,1,Higham Hill Recreation Ground
1,Greater London,way,1191432465,51.5074199,-0.0279741,court,pitch,tennis,,customers,,,,,0,,0,
1,Greater London,way,1193855289,51.5147722,-0.0110537,court,pitch,tennis,,private,,,,concrete,0,,0,
1,Greater London,way,1193855291,51.5148262,-0.0108605,court,pitch,tennis,,private,,,,concrete,0,,0,
1,Greater London,way,1193855292,51.5144413,-0.0110621,court,pitch,tennis,,private,,,,concrete,0,,0,
1,Greater London,way,1193855295,51.5145496,-0.0106725,court,pitch,tennis,,private,,,,concrete,0,,0,
1,Greater London,way,1193855296,51.5144953,-0.0108656,court,pitch,tennis,,private,,,,concrete,0,,0,
1,Greater London,way,1193855297,51.5147156,-0.0112468,court,pitch,tennis,,private,,,,concrete,0,,0,
1,Greater London,way,1195000727,51.4599525,-0.0250806,court,pitch,tennis,,yes,,,,asphalt,1,Hilly Fields,1,Hilly Fields
1,Greater London,way,1195000729,51.4599345,-0.0253258,court,pitch,tennis,,yes,,,,asphalt,1,Hilly Fields,1,Hilly Fields
1,Greater London,way,1195000730,51.4599535,-0.0255307,court,pitch,tennis,,yes,,,,asphalt,1,Hilly Fields,1,Hilly Fields
1,Greater London,way,1195192886,51.3937854,0.018069,court,pitch,tennis,,,,,,,0,,0,
1,Greater London,way,1195192887,51.3937335,0.0177985,court,pitch,tennis,,,,,,,0,,0,
1,Greater London,way,1195192888,51.3937174,0.0175755,court,pitch,tennis,,,,,,,0,,0,
1,Greater London,way,1195192889,51.394089,0.0176643,court,pitch,tennis,,,,,,,0,,0,
1,Greater London,way,1195192891,51.3944316,0.0177217,court,pitch,tennis,,,,,,,0,,0,
1,Greater London,way,1195192892,51.3943981,0.0175082,court,pitch,tennis,,,,,,,0,,0,
1,Greater London,way,1195192893,51.3943613,0.0172916,court,pitch,tennis,,,,,,,0,,0,
1,Greater London,way,1195192894,51.3946885,0.0171869,court,pitch,tennis,,,,,,,0,,0,
1,Greater London,way,1195192895,51.394835,0.0178176,court,pitch,tennis,,,,,,,0,,0,
1,Greater London,way,1195192896,51.3947577,0.0176114,court,pitch,tennis,,,,,,,0,,0,
1,Greater London,way,1195290455,51.5096755,-0.031979,court,pitch,tennis,,,,Tower Hamlets Tennis,,asphalt,1,Ropemakers Fields,1,Ropemakers Fields
1,Greater London,way,1195290456,51.5096774,-0.0317788,court,pitch,tennis,,,,Tower Hamlets Tennis,,asphalt,1,Ropemakers Fields,1,Ropemakers Fields
1,Greater London,way,1204416430,51.4819082,-0.153098,court,pitch,tennis,,,,,,asphalt,1,Battersea Park,1,Battersea Park
1,Greater London,way,1208351557,51.3646365,0.0496322,court,pitch,tennis,,private,,,,,0,,0,
1,Greater London,way,1208351558,51.3643548,0.0494799,court,pitch,tennis,,private,,,,,0,,0,
1,Greater London,way,1209168763,51.5514158,-0.2885615,court,pitch,soccer;basketball;tennis,,,,,,,0,,0,
1,Greater London,way,1212208353,51.5865066,-0.2290611,court,pitch,tennis,,,,,,,0,,0,
1,Greater London,way,1212208354,51.5863792,-0.2290663,court,pitch,tennis,,,,,,,0,,0,
1,Greater London,way,1212208355,51.5862596,-0.2290731,court,pitch,tennis,,,,,,,0,,0,
1,Greater London,way,1212208356,51.5862623,-0.2285661,court,pitch,tennis,,,,,,,0,,0,
1,Greater London,way,1214812404,51.5198198,-0.0354008,court,pitch,tennis,,,,,,asphalt,1,Mile End Park,1,Mile End Park
1,Greater London,way,1214812405,51.5198285,-0.0352119,court,pitch,tennis,,,,,,asphalt,1,Mile End Park,1,Mile End Park
1,Greater London,way,1214812406,51.5198381,-0.0350095,court,pitch,tennis,,,,,,asphalt,1,Mile End Park,1,Mile End Park
1,Greater London,way,1215883451,51.4720482,0.0723632,court,pitch,tennis,,,,,,,0,,0,
1,Greater London,way,1215883452,51.4719589,0.0725126,court,pitch,tennis,,,,,,,0,,0,
1,Greater London,way,1215883453,51.471627,0.0721061,court,pitch,tennis,,,,,,,0,,0,
1,Greater London,way,1215883454,51.4716302,0.0723164,court,pitch,tennis,,,,,,,0,,0,
1,Greater London,way,1215883455,51.4713081,0.0721186,court,pitch,tennis,,,,,,,0,,0,
1,Greater London,way,1215883456,51.4713113,0.0723289,court,pitch,tennis,,,,,,,0,,0,
1,Greater London,way,1217801893,51.4280877,-0.2582852,court,pitch,tennis,,,,,,,0,,0,
1,Greater London,way,1217801894,51.4279869,-0.2575696,court,pitch,tennis,,,,,,,0,,0,
1,Greater London,way,1221847381,51.6499009,-0.1073908,court,pitch,tennis,,,,,,asphalt,0,,0,
1,Greater London,way,1223911071,51.5844831,0.0569738,court,pitch,tennis,,yes,,,,,1,Clayhall Park,1,Clayhall Park
1,Greater London,way,1223911072,51.5842834,0.0573749,court,pitch,tennis,,yes,,,,,1,Clayhall Park,1,Clayhall Park
1,Greater London,way,1223911073,51.5842238,0.0571849,court,pitch,tennis,,yes,,,,,1,Clayhall Park,1,Clayhall Park
1,Greater London,way,1223911074,51.5844149,0.056751,court,pitch,tennis,,yes,,,,,1,Clayhall Park,1,Clayhall Park
1,Greater London,way,1223911075,51.584151,0.0569628,court,pitch,tennis,,yes,,,,,1,Clayhall Park,1,Clayhall Park
1,Greater London,way,1223911076,51.5838884,0.0571724,court,pitch,tennis,,yes,,,,,1,Clayhall Park,1,Clayhall Park
1,Greater London,way,1227001668,51.6088173,-0.3054062,court,pitch,netball;tennis,,private,,,,,0,,0,
1,Greater London,way,1227930222,51.6257583,-0.2815814,court,pitch,tennis,,,,,,,1,Edgwarebury Park,1,Edgwarebury Park
1,Greater London,way,1227930223,51.6255023,-0.2820505,court,pitch,tennis,,,,,,,1,Edgwarebury Park,1,Edgwarebury Park
1,Greater London,way,1228509842,51.4355145,-0.3027531,court,pitch,tennis,,,,,,,0,,0,
1,Greater London,way,1231757345,51.5708678,0.0756123,court,pitch,tennis,,,,,,,1,Valentines Park,1,Valentines Park
1,Greater London,way,1231757346,51.5709345,0.0758028,court,pitch,tennis,,,,,,,1,Valentines Park,1,Valentines Park
1,Greater London,way,1231757347,51.5707463,0.075255,court,pitch,tennis,,,,,,,1,Valentines Park,1,Valentines Park
1,Greater London,way,1232057220,51.4751917,-0.0856217,court,pitch,tennis,,,,,,,1,Brunswick Park,1,Brunswick Park
1,Greater London,way,1232549248,51.5710567,0.0594186,court,pitch,tennis,,,,,,artificial_turf,0,,0,
1,Greater London,way,1232549249,51.5710997,0.0596088,court,pitch,tennis,,,,,,artificial_turf,0,,0,
1,Greater London,way,1232549250,51.5711408,0.0597987,court,pitch,tennis,,,,,,artificial_turf,0,,0,
1,Greater London,way,1232549251,51.5711829,0.0599892,court,pitch,tennis,,,,,,artificial_turf,0,,0,
1,Greater London,way,1232549253,51.5710694,0.0595381,sports_centre,sports_centre,tennis,,,Cranbrook Castle Lawn Tennis & Social Club,,,,0,,0,
1,Greater London,way,1237067566,51.5928864,0.087504,court,pitch,tennis;basketball;soccer;multi,,private,,,,,0,,0,
1,Greater London,way,1237067567,51.5927121,0.0875327,court,pitch,tennis;basketball;soccer;multi,,private,,,,,0,,0,
1,Greater London,way,1242289890,51.5776779,0.2156493,court,pitch,tennis,,,,,,,1,Haynes Park,1,Haynes Park
1,Greater London,way,1242289891,51.5773787,0.2156231,court,pitch,tennis,,,,,,,1,Haynes Park,1,Haynes Park
1,Greater London,way,1242289892,51.5773851,0.2154168,court,pitch,tennis,,,,,,,1,Haynes Park,1,Haynes Park
1,Greater London,way,1249865183,51.5057238,-0.3478162,court,pitch,tennis,,,,,,,0,,0,
1,Greater London,way,1252501083,51.6122245,0.2097757,court,pitch,tennis,,,,,,,0,,0,
1,Greater London,way,1262632240,51.4724559,-0.3699106,court,pitch,tennis,,,,,,paved,1,Lampton Park,1,Lampton Park
1,Greater London,way,1262632241,51.4724476,-0.3697052,court,pitch,tennis,,,,,,paved,1,Lampton Park,1,Lampton Park
1,Greater London,way,1262632242,51.4724229,-0.3691026,court,pitch,tennis,,,,,,paved,1,Lampton Park,1,Lampton Park
1,Greater London,way,1262632243,51.472431,-0.3693078,court,pitch,tennis,,,,,,paved,1,Lampton Park,1,Lampton Park
1,Greater London,way,1262632244,51.4724406,-0.3695053,court,pitch,tennis,,,,,,paved,1,Lampton Park,1,Lampton Park
1,Greater London,way,1262632245,51.4724075,-0.3686996,court,pitch,tennis,,,,,,paved,1,Lampton Park,1,Lampton Park
1,Greater London,way,1262632246,51.4724157,-0.368905,court,pitch,tennis,,,,,,paved,1,Lampton Park,1,Lampton Park
1,Greater London,way,1263320915,51.4810411,0.0545819,court,pitch,tennis,,,,,,,0,,0,
1,Greater London,way,1263320916,51.4809954,0.0543967,court,pitch,tennis,,,,,,,0,,0,
1,Greater London,way,1263320917,51.4809493,0.05421,court,pitch,tennis,,,,,,,0,,0,
1,Greater London,way,1263320918,51.4809032,0.0540236,court,pitch,tennis,,,,,,,0,,0,
1,Greater London,way,1264163010,51.3590588,-0.0417388,court,pitch,tennis,,,,,,,0,,0,
1,Greater London,way,1267488453,51.4723205,-0.0886523,court,pitch,tennis,,customers,,,,clay,0,,0,
1,Greater London,way,1267488454,51.472356,-0.0884583,court,pitch,tennis,,customers,,,,clay,0,,0,
1,Greater London,way,1267488455,51.4723218,-0.0882421,court,pitch,tennis,,customers,,,,clay,0,,0,
1,Greater London,way,1267899750,51.4168811,0.0271944,court,pitch,tennis,,private,,,,,0,,0,
1,Greater London,way,1267972476,51.5032181,-0.1724005,court,pitch,tennis,,,,,,,1,Hyde Park,1,Hyde Park
1,Greater London,way,1268323928,51.5157369,-0.117099,court,pitch,tennis,,yes,,,,tarmac,1,Lincoln's Inn Fields,1,Lincoln's Inn Fields
1,Greater London,way,1268323929,51.5157842,-0.1169036,court,pitch,tennis,,yes,,,,tarmac,1,Lincoln's Inn Fields,1,Lincoln's Inn Fields
1,Greater London,way,1268323930,51.5158321,-0.1167069,court,pitch,tennis,,yes,,,,tarmac,1,Lincoln's Inn Fields,1,Lincoln's Inn Fields
1,Greater London,way,1268722426,51.5784448,-0.4071898,court,pitch,tennis,,,,,,,1,Warrender Park,1,Warrender Park
1,Greater London,way,1272119118,51.4346555,-0.2197586,court,pitch,tennis,,,,,,,0,,0,
1,Greater London,way,1277922336,51.4453116,0.0810881,court,pitch,tennis,,,,,,,0,,0,
1,Greater London,way,1277922337,51.4453342,0.0812928,court,pitch,tennis,,,,,,,0,,0,
1,Greater London,way,1277922338,51.4452667,0.0806803,court,pitch,tennis,,,,,,,0,,0,
1,Greater London,way,1277922339,51.4452891,0.0808834,court,pitch,tennis,,,,,,,0,,0,
1,Greater London,way,1277922340,51.4449666,0.0807635,court,pitch,tennis,,,,,,,0,,0,
1,Greater London,way,1277922341,51.4449889,0.0809667,court,pitch,tennis,,,,,,,0,,0,
1,Greater London,way,1277922342,51.4450115,0.0811713,court,pitch,tennis,,,,,,,0,,0,
1,Greater London,way,1278339896,51.5806303,-0.2476543,court,pitch,tennis,,,,,,,1,West Hendon Playing Fields,1,West Hendon Playing Fields
1,Greater London,way,1280851618,51.5792678,0.0982056,court,pitch,tennis,,,,,,,0,,0,
1,Greater London,way,1280851619,51.5792304,0.0983073,court,pitch,tennis,,,,,,,0,,0,
1,Greater London,way,1280851620,51.579353,0.0984251,court,pitch,tennis,,,,,,,0,,0,
1,Greater London,way,1280851621,51.5793896,0.098327,court,pitch,tennis,,,,,,,0,,0,
1,Greater London,way,1286682849,51.4639567,0.0312871,court,pitch,tennis,,,,,,,1,Kidbrooke Green Park,1,Kidbrooke Green Park
1,Greater London,way,1286682850,51.4640408,0.0310748,court,pitch,tennis,,,,,,,1,Kidbrooke Green Park,1,Kidbrooke Green Park
1,Greater London,way,1286687387,51.4672124,0.0237147,court,pitch,tennis,,,,,,asphalt,0,,0,
1,Greater London,way,1286687388,51.4673053,0.0238602,court,pitch,tennis,,,,,,asphalt,0,,0,
1,Greater London,way,1286687389,51.4671174,0.0235688,court,pitch,tennis,,,,,,asphalt,0,,0,
1,Greater London,way,1286687390,51.4670236,0.0234245,court,pitch,tennis,,,,,,asphalt,0,,0,
1,Greater London,way,1286867996,51.4435694,-0.030218,court,pitch,tennis,,private,,,,,0,,0,
1,Greater London,way,1286867997,51.4436402,-0.0299905,court,pitch,tennis,,private,,,,,0,,0,
1,Greater London,way,1286927644,51.3942351,-0.2733029,court,pitch,tennis,,customers,,,,,0,,0,
1,Greater London,way,1286927654,51.3961139,-0.2721874,court,pitch,tennis,,customers,,,,,0,,0,
1,Greater London,way,1288545180,51.4993237,-0.2487412,court,pitch,tennis,,,,,,,0,,0,
1,Greater London,way,1288545181,51.4993758,-0.2485655,court,pitch,tennis,,,,,,,0,,0,
1,Greater London,way,1288545182,51.499429,-0.2483947,court,pitch,tennis,,,,,,,0,,0,
1,Greater London,way,1288545183,51.4991653,-0.2481838,court,pitch,tennis,,,,,,,0,,0,
1,Greater London,way,1288545184,51.4991091,-0.2483563,court,pitch,tennis,,,,,,,0,,0,
1,Greater London,way,1288545185,51.4990549,-0.248532,court,pitch,tennis,,,,,,,0,,0,
1,Greater London,way,1288811939,51.4704316,-0.0123191,court,pitch,tennis;soccer;basketball,,private,,,,asphalt,0,,0,
1,Greater London,way,1288904225,51.5822461,-0.1661137,court,pitch,tennis,,,,,,,0,,0,
1,Greater London,way,1292614127,51.5514959,-0.0088007,court,pitch,tennis,,,,,,asphalt,0,,0,
1,Greater London,way,1292614128,51.5515511,-0.0086089,court,pitch,tennis,,,,,,asphalt,0,,0,
1,Greater London,way,1293901957,51.5497243,-0.1879542,court,pitch,tennis,,,,,,,0,,0,
1,Greater London,way,1293901958,51.5497991,-0.1877706,court,pitch,tennis,,,,,,,0,,0,
1,Greater London,way,1293901959,51.5498752,-0.1875848,court,pitch,tennis,,,,,,,0,,0,
1,Greater London,way,1295457784,51.5864553,-0.1256135,sports_centre,sports_centre,tennis,,yes,LTA Priory Park Tennis,,,,1,Priory Park,1,Priory Park
1,Greater London,way,1295457785,51.5864507,-0.1259578,court,pitch,tennis,,,,,,asphalt,1,Priory Park,1,Priory Park
1,Greater London,way,1295457786,51.5864442,-0.1257668,court,pitch,tennis,,,,,,asphalt,1,Priory Park,1,Priory Park
1,Greater London,way,1295457787,51.586455,-0.1252637,court,pitch,tennis,,,,,,asphalt,1,Priory Park,1,Priory Park
1,Greater London,way,1295457788,51.5864659,-0.1250568,court,pitch,tennis,,,,,,asphalt,1,Priory Park,1,Priory Park
1,Greater London,way,1295800676,51.3736165,0.0542505,court,pitch,tennis,,,,,,,0,,0,
1,Greater London,way,1299894474,51.6254078,-0.326658,court,pitch,tennis,,,,,,,0,,0,
1,Greater London,way,1299894487,51.6262407,-0.3282412,court,pitch,tennis,,,,,,,0,,0,
1,Greater London,way,1299894503,51.6266545,-0.3254358,court,pitch,tennis,,,,,,,0,,0,
1,Greater London,way,1299894518,51.6285996,-0.3337483,court,pitch,tennis,,,,,,,0,,0,
1,Greater London,way,1299894522,51.6280191,-0.3290206,court,pitch,tennis,,,,,,,0,,0,
1,Greater London,way,1299894526,51.6292021,-0.3317294,court,pitch,tennis,,,,,,,0,,0,
1,Greater London,way,1299894527,51.629127,-0.3325406,court,pitch,tennis,,,,,,,0,,0,
1,Greater London,way,1299894539,51.6275069,-0.331209,court,pitch,tennis,,,,,,,0,,0,
1,Greater London,way,1299894602,51.6280858,-0.3345422,court,pitch,tennis,,,,,,,0,,0,
1,Greater London,way,1299894612,51.6290499,-0.3365547,court,pitch,tennis,,,,,,,0,,0,
1,Greater London,way,1299894615,51.6297687,-0.337268,court,pitch,tennis,,,,,,,0,,0,
1,Greater London,way,1302100344,51.633482,-0.1849528,sports_centre,sports_centre,tennis,,,Totteridge Tennis Club,,,,0,,0,
1,Greater London,way,1302100346,51.6336349,-0.1854467,court,pitch,tennis,,customers,,,,acrylic,0,,0,
1,Greater London,way,1302100347,51.6337218,-0.1852879,court,pitch,tennis,,customers,,,,acrylic,0,,0,
1,Greater London,way,1302100348,51.6338088,-0.1851244,court,pitch,tennis,,customers,,,,acrylic,0,,0,
1,Greater London,way,1302100349,51.633387,-0.1851011,court,pitch,tennis,,customers,,,,acrylic,0,,0,
1,Greater London,way,1302100350,51.6334798,-0.18494,court,pitch,tennis,,customers,,,,acrylic,0,,0,
1,Greater London,way,1302100351,51.6335639,-0.1847812,court,pitch,tennis,,customers,,,,acrylic,0,,0,
1,Greater London,way,1302100352,51.6331464,-0.1847345,court,pitch,tennis,,customers,,,,acrylic,0,,0,
1,Greater London,way,1302100353,51.6332319,-0.1845851,court,pitch,tennis,,customers,,,,acrylic,0,,0,
1,Greater London,way,1302100354,51.6333131,-0.1844333,court,pitch,tennis,,customers,,,,acrylic,0,,0,
1,Greater London,way,1302473367,51.5818406,0.2621844,court,pitch,tennis,,,,,,,0,,0,
1,Greater London,way,1302514623,51.5900066,0.2579248,court,pitch,tennis,,,,,,,0,,0,
1,Greater London,way,1302514634,51.5887175,0.2650154,court,pitch,tennis,,,,,,,0,,0,
1,Greater London,way,1302514635,51.588685,0.2660084,court,pitch,tennis,,,,,,,0,,0,
1,Greater London,way,1302939436,51.6058254,-0.2543375,court,pitch,tennis,,,,,,asphalt,0,,0,
1,Greater London,way,1303108655,51.6157197,0.1921087,court,pitch,tennis,,,,,,,0,,0,
1,Greater London,way,1303108656,51.615616,0.1934217,court,pitch,tennis,,,,,,,0,,0,
1,Greater London,way,1303239659,51.5912714,0.1448889,court,pitch,tennis,,,,,,,0,,0,
1,Greater London,way,1303254740,51.5729096,0.1327747,court,pitch,tennis,,,,,,,1,St. Chad's Park,1,St. Chad's Park
1,Greater London,way,1303254741,51.5725859,0.1329255,court,pitch,tennis,,,,,,,1,St. Chad's Park,1,St. Chad's Park
1,Greater London,way,1303291334,51.6160623,0.1792464,court,pitch,tennis,,,,,,,0,,0,
1,Greater London,way,1303449439,51.4441169,-0.3626921,court,pitch,badminton;tennis;basketball;soccer,,private,,,,asphalt,0,,0,
1,Greater London,way,1304695608,51.5197776,-0.2697848,court,pitch,tennis,,customers,North Acton Playing Fields,,,asphalt,1,North Acton Playing Field,1,North Acton Playing Field
1,Greater London,way,1304695609,51.5198025,-0.2695803,court,pitch,tennis,,customers,North Acton Playing Fields,,,asphalt,1,North Acton Playing Field,1,North Acton Playing Field
1,Greater London,way,1304695610,51.5198263,-0.2693822,court,pitch,tennis,,customers,North Acton Playing Fields,,,asphalt,1,North Acton Playing Field,1,North Acton Playing Field
1,Greater London,way,1304695611,51.5198532,-0.2691777,court,pitch,tennis,,customers,North Acton Playing Fields,,,asphalt,1,North Acton Playing Field,1,North Acton Playing Field
1,Greater London,way,1304695612,51.519879,-0.2689828,court,pitch,tennis,,customers,North Acton Playing Fields,,,asphalt,1,North Acton Playing Field,1,North Acton Playing Field
1,Greater London,way,1309948819,51.6675311,-0.1063076,court,pitch,tennis,,private,,,,,0,,0,
1,Greater London,way,1310654564,51.5318277,0.0704297,court,pitch,tennis,,,,,,,0,,0,
1,Greater London,way,1310654565,51.5318962,0.0706747,court,pitch,tennis,,,,,,,0,,0,
1,Greater London,way,1310654566,51.5321295,0.070214,court,pitch,tennis,,,,,,,0,,0,
1,Greater London,way,1310654567,51.532441,0.0700315,court,pitch,tennis,,,,,,,0,,0,
1,Greater London,way,1310654568,51.5324981,0.070251,court,pitch,tennis,,,,,,,0,,0,
1,Greater London,way,1310654569,51.5327985,0.0700291,court,pitch,tennis,,,,,,,0,,0,
1,Greater London,way,1310903074,51.6707044,-0.0914655,court,pitch,tennis,,,,,,,0,,0,
1,Greater London,way,1312280382,51.6005316,-0.0994065,court,pitch,tennis,,,,,,,1,Chapman's Green,1,Chapman's Green
1,Greater London,way,1312280383,51.6004906,-0.0993387,sports_centre,sports_centre,tennis,,,Chapman's Green Tennis Courts,LTA,,,1,Chapman's Green,1,Chapman's Green
1,Greater London,way,1317431021,51.5697935,0.2217682,court,pitch,tennis,,private,,,,,0,,0,
1,Greater London,way,1319006720,51.454664,-0.0870481,court,pitch,tennis,,,,,,,0,,0,
1,Greater London,way,1319006721,51.4545977,-0.086887,court,pitch,tennis,,,,,,,0,,0,
1,Greater London,way,1319006722,51.4543494,-0.0871959,court,pitch,tennis,,,,,,,0,,0,
1,Greater London,way,1319006723,51.4544221,-0.0873705,court,pitch,tennis,,,,,,,0,,0,
1,Greater London,way,1319006739,51.4551272,-0.0877932,court,pitch,tennis,,,,,,,0,,0,
1,Greater London,way,1319006740,51.4552253,-0.0876449,court,pitch,tennis,,,,,,,0,,0,
1,Greater London,way,1319006741,51.4553214,-0.0874988,court,pitch,tennis,,,,,,,0,,0,
1,Greater London,way,1319006742,51.4554186,-0.0873525,court,pitch,tennis,,,,,,,0,,0,
1,Greater London,way,1321508993,51.3721304,0.0243732,court,pitch,tennis,,,,,,,0,,0,
1,Greater London,way,1321508994,51.3721265,0.024858,court,pitch,tennis,,,,,,,0,,0,
1,Greater London,way,1321508995,51.3721261,0.0246576,court,pitch,tennis,,,,,,,0,,0,
1,Greater London,way,1321608403,51.366014,0.0464747,court,pitch,tennis,,,,,,,0,,0,
1,Greater London,way,1322858393,51.4149522,-0.16282,court,pitch,tennis,,,,,,,0,,0,
1,Greater London,way,1322858394,51.4149628,-0.1626162,court,pitch,tennis,,,,,,,0,,0,
1,Greater London,way,1322858395,51.4149733,-0.1624148,court,pitch,tennis,,,,,,,0,,0,
1,Greater London,way,1322858396,51.4149841,-0.1622136,court,pitch,tennis,,,,,,,0,,0,
1,Greater London,way,1322858397,51.4149942,-0.1620121,court,pitch,tennis,,,,,,,0,,0,
1,Greater London,way,1322873190,51.4120968,-0.1470426,court,pitch,tennis,,,,,,,1,Oakleigh Way Recreation Ground,1,Oakleigh Way Recreation Ground
1,Greater London,way,1322873191,51.4122072,-0.1469439,court,pitch,tennis,,,,,,,1,Oakleigh Way Recreation Ground,1,Oakleigh Way Recreation Ground
1,Greater London,way,1324221038,51.5937417,-0.4124165,court,pitch,tennis,,,,,,asphalt,0,,0,
1,Greater London,way,1326304209,51.5527345,0.2661902,court,pitch,tennis,,,,,,,0,,0,
1,Greater London,way,1326304213,51.5539025,0.2666663,court,pitch,tennis,,,,,,,0,,0,
1,Greater London,way,1326304274,51.548062,0.2501813,court,pitch,tennis,,customers,,,,artificial_turf,0,,0,
1,Greater London,way,1326304275,51.5481001,0.2507018,court,pitch,tennis,,customers,,,,artificial_clay,0,,0,
1,Greater London,way,1326304277,51.5481115,0.2503034,sports_centre,sports_centre,tennis,,,Cranston Park Lawn Tennis Club,,,,0,,0,
1,Greater London,way,1327910017,51.412284,-0.1985369,court,pitch,tennis,,,,,,,0,,0,
1,Greater London,way,1327910018,51.4121572,-0.1985969,court,pitch,tennis,,,,,,,0,,0,
1,Greater London,way,1327910019,51.4120307,-0.1986589,court,pitch,tennis,,,,,,,0,,0,
1,Greater London,way,1330172531,51.3583413,-0.0491966,court,pitch,tennis,,private,,,,,0,,0,
1,Greater London,way,1331150694,51.3705587,0.1241591,court,pitch,tennis,,private,,,,,0,,0,
1,Greater London,way,1331318151,51.5892043,0.2065712,court,pitch,tennis,,,,,,,0,,0,
1,Greater London,way,1332835675,51.414553,-0.2767475,court,pitch,tennis,,private,,,,,0,,0,
1,Greater London,way,1333529999,51.5486703,0.0795307,court,pitch,tennis,,,,,,,1,Loxford Park,1,Loxford Park
1,Greater London,way,1333530000,51.5489623,0.0793366,court,pitch,tennis,,,,,,,1,Loxford Park,1,Loxford Park
1,Greater London,way,1333530001,51.5486264,0.0793497,court,pitch,tennis,,,,,,,1,Loxford Park,1,Loxford Park
1,Greater London,way,1335740511,51.3591716,0.0909265,court,pitch,tennis,,,,,,,0,,0,
1,Greater London,way,1336461117,51.4463638,-0.0401107,court,pitch,tennis,,private,,,,,1,,1,
1,Greater London,way,1337586247,51.5549522,-0.3052636,court,pitch,tennis,,,,,,,0,,0,
1,Greater London,way,1338748166,51.4814699,-0.0934017,court,pitch,tennis,,,Court 5,,,asphalt,1,Burgess Park,1,Burgess Park
1,Greater London,way,1338748167,51.481332,-0.0933853,court,pitch,tennis,,,Court 6,,,asphalt,1,Burgess Park,1,Burgess Park
1,Greater London,way,1338748168,51.4814916,-0.0928975,court,pitch,tennis,,,Court 2,,,asphalt,1,Burgess Park,1,Burgess Park
1,Greater London,way,1338748169,51.4813542,-0.0928819,court,pitch,tennis,,,Court 1,,,asphalt,1,Burgess Park,1,Burgess Park
1,Greater London,way,1338884274,51.4931316,-0.1363884,court,pitch,tennis,,private,,,,,0,,0,
1,Greater London,way,1338884275,51.4930508,-0.1362267,court,pitch,tennis,,private,,,,,0,,0,
1,Greater London,way,1338884276,51.4929693,-0.1360657,court,pitch,tennis,,private,,,,,0,,0,
1,Greater London,way,1339500075,51.5260794,-0.1525942,court,pitch,tennis,,permissive,Court 12,,,asphalt,1,The Regent's Park,1,The Regent's Park
1,Greater London,way,1339500076,51.5261586,-0.1521271,court,pitch,tennis,,permissive,Court 11,,,asphalt,1,The Regent's Park,1,The Regent's Park
1,Greater London,way,1339500078,51.5256234,-0.1534778,court,pitch,tennis,,permissive,Court 1,,,asphalt,1,The Regent's Park,1,The Regent's Park
1,Greater London,way,1339500079,51.5256569,-0.1532845,court,pitch,tennis,,permissive,Court 2,,,asphalt,1,The Regent's Park,1,The Regent's Park
1,Greater London,way,1339500080,51.525689,-0.1530935,court,pitch,tennis,,permissive,Court 3,,,asphalt,1,The Regent's Park,1,The Regent's Park
1,Greater London,way,1339500081,51.5257218,-0.1529047,court,pitch,tennis,,permissive,Court 4,,,asphalt,1,The Regent's Park,1,The Regent's Park
1,Greater London,way,1339500082,51.5257546,-0.1527128,court,pitch,tennis,,permissive,Court 5,,,asphalt,1,The Regent's Park,1,The Regent's Park
1,Greater London,way,1339500083,51.5257879,-0.1525219,court,pitch,tennis,,permissive,Court 6,,,asphalt,1,The Regent's Park,1,The Regent's Park
1,Greater London,way,1339500084,51.5258245,-0.1523072,court,pitch,tennis,,permissive,Court 7,,,asphalt,1,The Regent's Park,1,The Regent's Park
1,Greater London,way,1339500085,51.5258566,-0.1521132,court,pitch,tennis,,permissive,Court 8,,,asphalt,1,The Regent's Park,1,The Regent's Park
1,Greater London,way,1339500086,51.5258894,-0.1519233,court,pitch,tennis,,permissive,Court 9,,,asphalt,1,The Regent's Park,1,The Regent's Park
1,Greater London,way,1339500087,51.5259234,-0.1517324,court,pitch,tennis,,permissive,Court 10,,,asphalt,1,The Regent's Park,1,The Regent's Park
1,Greater London,way,1340868659,51.5002371,-0.2015472,court,pitch,tennis,,,,,,asphalt,1,Holland Park,1,Holland Park
1,Greater London,way,1340868660,51.5002919,-0.2013197,court,pitch,tennis,,,,,,asphalt,1,Holland Park,1,Holland Park
1,Greater London,way,1340868661,51.50034,-0.2011237,court,pitch,tennis,,,,,,asphalt,1,Holland Park,1,Holland Park
1,Greater London,way,1340868665,51.5009937,-0.2041829,court,pitch,tennis,,,,,,,1,Holland Park,1,Holland Park
1,Greater London,way,1341036948,51.3933192,-0.2548377,sports_centre,sports_centre,badminton;squash;tennis,sport,,New Malden Sports Club,,,,0,,0,
1,Greater London,way,1341036950,51.3931767,-0.2554848,court,pitch,tennis,,private,,,,artificial_turf,0,,0,
1,Greater London,way,1341036951,51.3932101,-0.255256,court,pitch,tennis,,private,,,,artificial_turf,0,,0,
1,Greater London,way,1341036952,51.3932386,-0.2550665,court,pitch,tennis,,private,,,,artificial_turf,0,,0,
1,Greater London,way,1341036953,51.3933025,-0.2546317,court,pitch,tennis,,private,,,,asphalt,0,,0,
1,Greater London,way,1341036954,51.3933542,-0.2542907,court,pitch,tennis,,private,,,,asphalt,0,,0,
1,Greater London,way,1341036955,51.3933807,-0.2541044,court,pitch,tennis,,private,,,,asphalt,0,,0,
1,Greater London,way,1341036956,51.3933284,-0.2544562,court,pitch,tennis,,private,,,,asphalt,0,,0,
1,Greater London,way,1341654353,51.4815682,-0.1530932,court,pitch,tennis,,,,,,asphalt,1,Battersea Park,1,Battersea Park
1,Greater London,way,1341654354,51.4814305,-0.154476,court,pitch,tennis,,,,,,artificial_turf,1,Battersea Park,1,Battersea Park
1,Greater London,way,1341654355,51.4813249,-0.1543417,court,pitch,tennis,,,,,,artificial_turf,1,Battersea Park,1,Battersea Park
1,Greater London,way,1341654356,51.4812205,-0.1542116,court,pitch,tennis,,,,,,artificial_turf,1,Battersea Park,1,Battersea Park
1,Greater London,way,1341654358,51.4817944,-0.151707,court,pitch,tennis,,,,,,asphalt,1,Battersea Park,1,Battersea Park
1,Greater London,way,1341923775,51.4882322,-0.1586366,court,pitch,tennis,,,,,,tartan,1,Burton Court,1,Burton Court
1,Greater London,way,1341923776,51.4883487,-0.1584549,court,pitch,tennis,,,,,,tartan,1,Burton Court,1,Burton Court
1,Greater London,way,1341968707,51.4683228,-0.2038567,court,pitch,tennis,,private,,,,,0,,0,
1,Greater London,way,1341968708,51.4683364,-0.203644,court,pitch,tennis,,private,,,,,0,,0,
1,Greater London,way,1341968709,51.468343,-0.2031222,court,pitch,tennis,,private,,,,,0,,0,
1,Greater London,way,1341968710,51.4683637,-0.2029049,court,pitch,tennis,,private,,,,,0,,0,
1,Greater London,way,1341968712,51.4679982,-0.2023515,court,pitch,tennis,,private,,,,,0,,0,
1,Greater London,way,1341968713,51.467991,-0.202215,court,pitch,tennis,,private,,,,,0,,0,
1,Greater London,way,1341968714,51.4676681,-0.2024044,court,pitch,tennis,,private,,,,,0,,0,
1,Greater London,way,1341968715,51.4676597,-0.2022684,court,pitch,tennis,,private,,,,,0,,0,
1,Greater London,way,1341968716,51.4676514,-0.2021309,court,pitch,tennis,,private,,,,,0,,0,
1,Greater London,way,1341968717,51.4674128,-0.2017187,court,pitch,tennis,,private,,,,,0,,0,
1,Greater London,way,1341968718,51.4674,-0.2015834,court,pitch,tennis,,private,,,,,0,,0,
1,Greater London,way,1341968719,51.4668708,-0.2018451,court,pitch,tennis,,private,,,,,0,,0,
1,Greater London,way,1341968720,51.4668111,-0.2035835,court,pitch,tennis,,private,,,,,0,,0,
1,Greater London,way,1341968721,51.4668011,-0.2034458,court,pitch,tennis,,private,,,,,0,,0,
1,Greater London,way,1341968722,51.4667911,-0.2033073,court,pitch,tennis,,private,,,,,0,,0,
1,Greater London,way,1341968723,51.4667814,-0.2031738,court,pitch,tennis,,private,,,,,0,,0,
1,Greater London,way,1341968724,51.4664769,-0.2045557,court,pitch,tennis,,private,,,,,0,,0,
1,Greater London,way,1341968725,51.4668021,-0.2045287,court,pitch,tennis,,private,,,,,0,,0,
1,Greater London,way,1341968726,51.4661029,-0.2042878,court,pitch,tennis,,private,,,,,0,,0,
1,Greater London,way,1341968727,51.4660693,-0.2041614,court,pitch,tennis,,private,,,,,0,,0,
1,Greater London,way,1341968728,51.4660348,-0.2040335,court,pitch,tennis,,private,,,,,0,,0,
1,Greater London,way,1341968729,51.4660006,-0.2039093,court,pitch,tennis,,private,,,,,0,,0,
1,Greater London,way,1341968730,51.465967,-0.2037853,court,pitch,tennis,,private,,,,,0,,0,
1,Greater London,way,1341968731,51.4659329,-0.2036595,court,pitch,tennis,,private,,,,,0,,0,
1,Greater London,way,1341968732,51.4675183,-0.2034981,court,pitch,tennis,,private,,,,,0,,0,
1,Greater London,way,1341968733,51.4671904,-0.2035128,court,pitch,tennis,,private,,,,,0,,0,
1,Greater London,way,1341968734,51.4671866,-0.2032955,court,pitch,tennis,,private,,,,,0,,0,
1,Greater London,way,1341968742,51.4672836,-0.2000811,court,pitch,tennis,,private,,,,clay,0,,0,
1,Greater London,way,1341968743,51.4671741,-0.2002176,court,pitch,tennis,,private,,,,clay,0,,0,
1,Greater London,way,1347245642,51.5744692,-0.3690302,court,pitch,tennis,,,,,,,0,,0,
1,Greater London,way,1347245643,51.574516,-0.3692139,court,pitch,tennis,,,,,,,0,,0,
1,Greater London,way,1347245644,51.5744131,-0.3688024,court,pitch,tennis,,,,,,,0,,0,
1,Greater London,way,1347245645,51.5743648,-0.3686115,court,pitch,tennis,,,,,,,0,,0,
1,Greater London,way,1347905668,51.5899469,-0.3066301,court,pitch,tennis,,private,,,,,0,,0,
1,Greater London,way,1347905669,51.5899564,-0.3064261,court,pitch,tennis,,private,,,,,0,,0,
1,Greater London,way,1347905670,51.5899628,-0.3062216,court,pitch,tennis,,private,,,,,0,,0,
1,Greater London,way,1347905671,51.5899774,-0.3059909,court,pitch,tennis,,private,,,,,0,,0,
1,Greater London,way,1347905672,51.5899856,-0.3057843,court,pitch,tennis,,private,,,,,0,,0,
1,Greater London,way,1347905673,51.5899938,-0.30559,court,pitch,tennis,,private,,,,,0,,0,
1,Greater London,way,1347941882,51.4243756,-0.2771428,court,pitch,tennis,,private,,,,,0,,0,
1,Greater London,way,1348590225,51.6250306,-0.0884177,court,pitch,tennis,,,,,,,0,,0,
1,Greater London,way,1348590226,51.6250139,-0.0879582,court,pitch,tennis,,,,,,,0,,0,
1,Greater London,way,1352901204,51.4016494,-0.1460792,court,pitch,tennis,,,,,,,0,,0,
1,Greater London,way,1352901205,51.4015663,-0.1459132,court,pitch,tennis,,,,,,,0,,0,
1,Greater London,way,1352901206,51.4014854,-0.1457491,court,pitch,tennis,,,,,,,0,,0,
1,Greater London,way,1355211356,51.4745982,-0.1036996,court,pitch,tennis,,,,,,,1,Myatt's Fields,1,Myatt's Fields
1,Greater London,way,1355211357,51.4744466,-0.1041255,court,pitch,tennis,,,,,,,1,Myatt's Fields,1,Myatt's Fields
1,Greater London,way,1355645819,51.4465027,-0.3960284,court,pitch,tennis,,,,,,asphalt,0,,0,
1,Greater London,way,1356657958,51.4042261,-0.1332445,court,pitch,tennis,,,,,,,0,,0,
1,Greater London,way,1357782108,51.5869118,-0.1385576,court,pitch,tennis,,,,,,asphalt,0,,0,
1,Greater London,way,1357782109,51.5867907,-0.1385032,court,pitch,tennis,,,,,,asphalt,0,,0,
1,Greater London,way,1357782110,51.5869161,-0.1381748,court,pitch,tennis,,,,,,asphalt,0,,0,
1,Greater London,way,1359819901,51.5328112,0.0382481,court,pitch,tennis,,private,,,,asphalt,0,,0,
1,Greater London,way,1359935161,51.3542356,0.1101266,court,pitch,tennis,,,,,,,0,,0,
1,Greater London,way,1359935213,51.354709,0.1066162,court,pitch,tennis,,,,,,,0,,0,
1,Greater London,way,1359960908,51.406027,-0.0012715,court,pitch,tennis,,,,,,,0,,0,
1,Greater London,way,1361167706,51.5408197,0.287071,court,pitch,tennis,,,,,,,0,,0,
1,Greater London,way,1362625845,51.5108568,-0.2009821,court,pitch,tennis,,private,,,,,1,Ladbroke Square Garden,1,Ladbroke Square Garden
1,Greater London,way,1363695315,51.4604218,-0.2547337,court,pitch,tennis,,,,,,,0,,0,
1,Greater London,way,1363695316,51.460493,-0.255014,court,pitch,tennis,,,,,,,0,,0,
1,Greater London,way,1363695317,51.4608067,-0.2548075,court,pitch,tennis,,,,,,,0,,0,
1,Greater London,way,1363695318,51.4609298,-0.2529162,court,pitch,tennis,,,,,,,0,,0,
1,Greater London,way,1363695319,51.4594992,-0.2565507,court,pitch,tennis,,,,,,,0,,0,
1,Greater London,way,1363695320,51.4594364,-0.2563029,court,pitch,tennis,,,,,,,0,,0,
1,Greater London,way,1363695321,51.4592921,-0.2557374,court,pitch,tennis,,,,,,,0,,0,
1,Greater London,way,1363695322,51.4593549,-0.2559852,court,pitch,tennis,,,,,,,0,,0,
1,Greater London,way,1363695323,51.4590874,-0.2565312,court,pitch,tennis,,,,,,,0,,0,
1,Greater London,way,1363695324,51.4591503,-0.2567791,court,pitch,tennis,,,,,,,0,,0,
1,Greater London,way,1363695325,51.4589427,-0.2559655,court,pitch,tennis,,,,,,,0,,0,
1,Greater London,way,1363695326,51.4590056,-0.2562133,court,pitch,tennis,,,,,,,0,,0,
1,Greater London,way,1363695334,51.4609338,-0.251381,court,pitch,tennis,,,,,,,0,,0,
1,Greater London,way,1363695335,51.4609966,-0.2516289,court,pitch,tennis,,,,,,,0,,0,
1,Greater London,way,1363695336,51.4610778,-0.2519589,court,pitch,tennis,,,,,,,0,,0,
1,Greater London,way,1363695337,51.4611406,-0.2522068,court,pitch,tennis,,,,,,,0,,0,
1,Greater London,way,1363695338,51.4612155,-0.2524956,court,pitch,tennis,,,,,,,0,,0,
1,Greater London,way,1363695339,51.4612783,-0.2527436,court,pitch,tennis,,,,,,,0,,0,
1,Greater London,way,1363695340,51.4613621,-0.2530518,court,pitch,tennis,,,,,,,0,,0,
1,Greater London,way,1363695341,51.4614422,-0.2532865,court,pitch,tennis,,,,,,,0,,0,
1,Greater London,way,1363695342,51.4615333,-0.2535373,court,pitch,tennis,,,,,,,0,,0,
1,Greater London,way,1363695343,51.4616134,-0.2537719,court,pitch,tennis,,,,,,,0,,0,
1,Greater London,way,1363695344,51.4617093,-0.2540202,court,pitch,tennis,,,,,,,0,,0,
1,Greater London,way,1363695345,51.4617894,-0.2542548,court,pitch,tennis,,,,,,,0,,0,
1,Greater London,way,1363695346,51.4619044,-0.2545308,court,pitch,tennis,,,,,,,0,,0,
1,Greater London,way,1363695347,51.4619845,-0.2547655,court,pitch,tennis,,,,,,,0,,0,
1,Greater London,way,1363695348,51.4613503,-0.2550501,court,pitch,tennis,,,,,,,0,,0,
1,Greater London,way,1363695349,51.4614378,-0.2552966,court,pitch,tennis,,,,,,,0,,0,
1,Greater London,way,1363695350,51.4611694,-0.254545,court,pitch,tennis,,,,,,,0,,0,
1,Greater London,way,1363695351,51.4612569,-0.2547915,court,pitch,tennis,,,,,,,0,,0,
1,Greater London,way,1363695352,51.4610739,-0.2542887,court,pitch,tennis,,,,,,,0,,0,
1,Greater London,way,1363695353,51.4619044,-0.2565998,court,pitch,tennis,,,,,,,0,,0,
1,Greater London,way,1363695354,51.4618126,-0.2563402,court,pitch,tennis,,,,,,,0,,0,
1,Greater London,way,1363695355,51.4617206,-0.2560847,court,pitch,tennis,,,,,,,0,,0,
1,Greater London,way,1363695356,51.4616304,-0.2558308,court,pitch,tennis,,,,,,,0,,0,
1,Greater London,way,1363695357,51.4615399,-0.2555752,court,pitch,tennis,,,,,,,0,,0,
1,Greater London,way,1363695358,51.4607163,-0.2540705,court,pitch,tennis,,,,,,,0,,0,
1,Greater London,way,1363695359,51.4610513,-0.2538673,court,pitch,tennis,,,,,,,0,,0,
1,Greater London,way,1363695360,51.4609977,-0.2536496,court,pitch,tennis,,,,,,,0,,0,
1,Greater London,way,1363695361,51.460385,-0.2542834,court,pitch,tennis,,,,,,,0,,0,
1,Greater London,way,1363695362,51.4603314,-0.2540655,court,pitch,tennis,,,,,,,0,,0,
1,Greater London,way,1363871995,51.4504923,-0.0877555,court,pitch,tennis,,,,,,,0,,0,
1,Greater London,way,1363871996,51.45062,-0.0873084,court,pitch,tennis,,,,,,,0,,0,
1,Greater London,way,1363936428,51.4493724,-0.0961668,court,pitch,tennis,,,,,,,0,,0,
1,Greater London,way,1363936430,51.4487434,-0.0937651,court,pitch,tennis,,,,,,,0,,0,
1,Greater London,way,1363936431,51.4488138,-0.0935883,court,pitch,tennis,,,,,,,0,,0,
1,Greater London,way,1363936432,51.4484801,-0.0942059,court,pitch,tennis,,,,,,,0,,0,
1,Greater London,way,1363936433,51.448231,-0.0941459,court,pitch,tennis,,,,,,,0,,0,
1,Greater London,way,1363936434,51.4483236,-0.0939059,court,pitch,tennis,,,,,,,0,,0,
1,Greater London,way,1363936435,51.4479805,-0.0938387,court,pitch,tennis,,,,,,,0,,0,
1,Greater London,way,1363936436,51.4480497,-0.0936251,court,pitch,tennis,,,,,,,0,,0,
1,Greater London,way,1363936437,51.4481046,-0.093454,court,pitch,tennis,,,,,,,0,,0,
1,Greater London,way,1364045582,51.4593877,-0.2613604,court,pitch,tennis,,,,,,asphalt,1,Palewell Fields and Common,1,Palewell Fields and Common
1,Greater London,way,1364045583,51.4596124,-0.2609746,court,pitch,tennis,,,,,,asphalt,1,Palewell Fields and Common,1,Palewell Fields and Common
1,Greater London,way,1364045584,51.459336,-0.2611539,court,pitch,tennis,,,,,,asphalt,1,Palewell Fields and Common,1,Palewell Fields and Common
1,Greater London,way,1364077920,51.4352775,-0.081837,court,pitch,tennis,,private,,,,,0,,0,
1,Greater London,way,1364077921,51.4355535,-0.0820802,court,pitch,tennis,,private,,,,,0,,0,
1,Greater London,way,1364077922,51.436121,-0.0825773,court,pitch,tennis,,private,,,,,0,,0,
1,Greater London,way,1364077923,51.4363855,-0.0828104,court,pitch,tennis,,private,,,,,0,,0,
1,Greater London,way,1364109463,51.4464524,-0.0815175,court,pitch,tennis,,,,,,,1,Dulwich Park,1,Dulwich Park
1,Greater London,way,1364109469,51.4441837,-0.081866,court,pitch,tennis,,,,,,,1,Dulwich Park,1,Dulwich Park
1,Greater London,way,1364306223,51.4544452,-0.0817056,court,pitch,tennis,,private,,,,artificial_turf,0,,0,
1,Greater London,way,1364306224,51.4545399,-0.0815715,court,pitch,tennis,,private,,,,artificial_turf,0,,0,
1,Greater London,way,1364306225,51.4547297,-0.0812999,court,pitch,tennis,,private,,,,artificial_turf,0,,0,
1,Greater London,way,1364306226,51.454635,-0.0814339,court,pitch,tennis,,private,,,,artificial_turf,0,,0,
1,Greater London,way,1364306227,51.4542558,-0.0813627,court,pitch,tennis,,private,,,,artificial_turf,0,,0,
1,Greater London,way,1364306228,51.4543506,-0.0812288,court,pitch,tennis,,private,,,,artificial_turf,0,,0,
1,Greater London,way,1364306229,51.4544456,-0.081091,court,pitch,tennis,,private,,,,artificial_turf,0,,0,
1,Greater London,way,1364306230,51.4545404,-0.0809571,court,pitch,tennis,,private,,,,artificial_turf,0,,0,
1,Greater London,way,1364306231,51.4540691,-0.0810196,court,pitch,tennis,,private,,,,artificial_turf,0,,0,
1,Greater London,way,1364306232,51.4541638,-0.0808857,court,pitch,tennis,,private,,,,artificial_turf,0,,0,
1,Greater London,way,1364306233,51.4542589,-0.0807479,court,pitch,tennis,,private,,,,artificial_turf,0,,0,
1,Greater London,way,1364306234,51.4543536,-0.080614,court,pitch,tennis,,private,,,,artificial_turf,0,,0,
1,Greater London,way,1364306235,51.4525794,-0.0809409,court,pitch,tennis,,,,,,,0,,0,
1,Greater London,way,1364306236,51.4528739,-0.0810955,court,pitch,tennis,,,,,,,0,,0,
1,Greater London,way,1364306237,51.4528732,-0.0810951,court,pitch,tennis,,,,,,,0,,0,
1,Greater London,way,1364306243,51.4541167,-0.080031,court,pitch,tennis,,,,,,paved,0,,0,
1,Greater London,way,1364306244,51.4540018,-0.0798854,court,pitch,tennis,,,,,,paved,0,,0,
1,Greater London,way,1364306246,51.453886,-0.0797378,court,pitch,tennis,,,,,,paved,0,,0,
1,Greater London,way,1364481121,51.4223623,-0.0956892,court,pitch,tennis,,,,,,,0,,0,
1,Greater London,way,1364526175,51.4493882,0.0204116,court,pitch,tennis,,private,,,,,0,,0,
1,Greater London,way,1364526176,51.4494004,0.0206218,court,pitch,tennis,,private,,,,,0,,0,
1,Greater London,way,1364626278,51.5736457,-0.1544464,court,pitch,tennis,,,,,,,0,,0,
1,Greater London,way,1364626279,51.5737159,-0.1539571,court,pitch,tennis,,,,,,,0,,0,
1,Greater London,way,1364626280,51.5735875,-0.1539083,court,pitch,tennis,,,,,,,0,,0,
1,Greater London,way,1364626281,51.5735173,-0.1543976,court,pitch,tennis,,,,,,,0,,0,
1,Greater London,way,1364626282,51.5734595,-0.1538626,court,pitch,tennis,,,,,,,0,,0,
1,Greater London,way,1364626283,51.5733893,-0.1543519,court,pitch,tennis,,,,,,,0,,0,
1,Greater London,way,1364626284,51.5733311,-0.1538147,court,pitch,tennis,,,,,,,0,,0,
1,Greater London,way,1364626285,51.5732609,-0.1543039,court,pitch,tennis,,,,,,,0,,0,
1,Greater London,way,1364626286,51.5732041,-0.1537698,court,pitch,tennis,,,,,,,0,,0,
1,Greater London,way,1364626287,51.5731339,-0.154259,court,pitch,tennis,,,,,,,0,,0,
1,Greater London,way,1364626288,51.5730771,-0.1537218,court,pitch,tennis,,,,,,,0,,0,
1,Greater London,way,1364626289,51.5730069,-0.1542111,court,pitch,tennis,,,,,,,0,,0,
1,Greater London,way,1364730979,51.5745947,-0.1518966,court,pitch,tennis,,,,,,,0,,0,
1,Greater London,way,1364742094,51.5566365,-0.2007715,court,pitch,tennis,,,,,,,0,,0,
1,Greater London,way,1364742095,51.5565006,-0.2007041,court,pitch,tennis,,,,,,,0,,0,
1,Greater London,way,1364742096,51.5563659,-0.200636,court,pitch,tennis,,,,,,,0,,0,
1,Greater London,way,1364742097,51.5562311,-0.2005706,court,pitch,tennis,,,,,,,0,,0,
1,Greater London,way,1364742098,51.5567922,-0.1999462,court,pitch,tennis,,,,,,,0,,0,
1,Greater London,way,1364742099,51.5566563,-0.1998787,court,pitch,tennis,,,,,,,0,,0,
1,Greater London,way,1364742100,51.5565215,-0.1998106,court,pitch,tennis,,,,,,,0,,0,
1,Greater London,way,1364742101,51.5563868,-0.1997451,court,pitch,tennis,,,,,,,0,,0,
1,Greater London,way,1364742102,51.5566441,-0.2003257,court,pitch,tennis,,,,,,,0,,0,
1,Greater London,way,1364742103,51.5563758,-0.2001913,court,pitch,tennis,,,,,,,0,,0,
1,Greater London,way,1365295862,51.481771,-0.1099161,court,pitch,tennis,,,,,,tartan,1,Kennington Park,1,Kennington Park
1,Greater London,way,1365295863,51.4819126,-0.1098408,court,pitch,tennis,,,,,,tartan,1,Kennington Park,1,Kennington Park
1,Greater London,way,1365295864,51.4820516,-0.10976,court,pitch,tennis,,,,,,tartan,1,Kennington Park,1,Kennington Park
1,Greater London,way,1365295865,51.4821926,-0.1096835,court,pitch,tennis,,,,,,tartan,1,Kennington Park,1,Kennington Park
1,Greater London,way,1365327206,51.4552872,-0.0880917,court,pitch,tennis,,,,,,,0,,0,
1,Greater London,way,1365327207,51.4555262,-0.0877319,court,pitch,tennis,,,,,,,0,,0,
1,Greater London,way,1365327219,51.4574758,-0.0847447,court,pitch,tennis,,,,,,,0,,0,
1,Greater London,way,1365327220,51.4573589,-0.084664,court,pitch,tennis,,,,,,,0,,0,
1,Greater London,way,1365327221,51.4576299,-0.0843976,court,pitch,tennis,,,,,,,0,,0,
1,Greater London,way,1366544364,51.4186673,-0.0267601,court,pitch,tennis,,,,,,asphalt,0,,0,
1,Greater London,way,1366544365,51.4187558,-0.0272313,court,pitch,tennis,,,,,,asphalt,0,,0,
1,Greater London,way,1366550912,51.4166326,-0.038502,court,pitch,tennis,,,,,,,0,,0,
1,Greater London,way,1366550913,51.4166185,-0.0382862,court,pitch,tennis,,,,,,,0,,0,
1,Greater London,way,1366550914,51.4166039,-0.0380678,court,pitch,tennis,,,,,,,0,,0,
1,Greater London,way,1366550915,51.4165875,-0.0378181,court,pitch,tennis,,,,,,grass,0,,0,
1,Greater London,way,1366550916,51.4165745,-0.037624,court,pitch,tennis,,,,,,grass,0,,0,
1,Greater London,way,1366550917,51.4165615,-0.0374291,court,pitch,tennis,,,,,,grass,0,,0,
1,Greater London,way,1366550918,51.416548,-0.0372351,court,pitch,tennis,,,,,,grass,0,,0,
1,Greater London,way,1366550937,51.4166047,-0.0366049,court,pitch,tennis,,,,,,grass,0,,0,
1,Greater London,way,1366550938,51.4165792,-0.036394,court,pitch,tennis,,,,,,grass,0,,0,
1,Greater London,way,1366550939,51.4165553,-0.0361894,court,pitch,tennis,,,,,,grass,0,,0,
1,Greater London,way,1366550940,51.4165314,-0.035982,court,pitch,tennis,,,,,,grass,0,,0,
1,Greater London,way,1366550941,51.4169253,-0.0365079,court,pitch,tennis,,,,,,grass,0,,0,
1,Greater London,way,1366550942,51.4168998,-0.036297,court,pitch,tennis,,,,,,grass,0,,0,
1,Greater London,way,1366550943,51.4168759,-0.0360923,court,pitch,tennis,,,,,,grass,0,,0,
1,Greater London,way,1366550944,51.416852,-0.0358849,court,pitch,tennis,,,,,,grass,0,,0,
1,Greater London,way,1366650956,51.4422141,-0.0238287,court,pitch,tennis,,,,,,,0,,0,
1,Greater London,way,1366650957,51.4420411,-0.0238314,court,pitch,tennis,,,,,,,0,,0,
1,Greater London,way,1366650959,51.4418677,-0.0238346,court,pitch,tennis,,,,,,,0,,0,
1,Greater London,way,1366650961,51.4416947,-0.0238391,court,pitch,tennis,,,,,,,0,,0,
1,Greater London,way,1366711949,51.4753751,-0.2544225,court,pitch,tennis,,,,,,,0,,0,
1,Greater London,way,1366711950,51.4754663,-0.2542843,court,pitch,tennis,,,,,,,0,,0,
1,Greater London,way,1366711951,51.4755578,-0.2541462,court,pitch,tennis,,,,,,,0,,0,
1,Greater London,way,1366711952,51.4756504,-0.2540094,court,pitch,tennis,,,,,,,0,,0,
1,Greater London,way,1367315295,51.4158674,-0.2091434,court,pitch,tennis,,,,,,asphalt,1,Dundonald Recreation Ground,1,Dundonald Recreation Ground
1,Greater London,way,1367315296,51.4157309,-0.2090219,court,pitch,tennis,,,,,,asphalt,1,Dundonald Recreation Ground,1,Dundonald Recreation Ground
1,Greater London,way,1367315297,51.4155962,-0.2089008,court,pitch,tennis,,,,,,asphalt,1,Dundonald Recreation Ground,1,Dundonald Recreation Ground
1,Greater London,way,1367434218,51.3655622,0.0172226,court,pitch,tennis,,,,,,,0,,0,
1,Greater London,way,1368073603,51.5694726,-0.1450468,court,pitch,tennis,,,,,,,0,,0,
1,Greater London,way,1368073604,51.5694584,-0.1452395,court,pitch,tennis,,,,,,,0,,0,
1,Greater London,way,1368073605,51.5694442,-0.1454334,court,pitch,tennis,,,,,,,0,,0,
1,Greater London,way,1369136512,51.533369,-0.1143479,court,pitch,tennis,,,,,,,0,,0,
1,Greater London,way,1369136513,51.5333908,-0.1141308,court,pitch,tennis,,,,,,,0,,0,
1,Greater London,way,1369136514,51.5334136,-0.1139219,court,pitch,tennis,,,,,,,0,,0,
1,Greater London,way,1369136515,51.5334367,-0.1137076,court,pitch,tennis,,,,,,,0,,0,
1,Greater London,way,1370052400,51.4885741,-0.0899236,court,pitch,tennis,,,,,,,0,,0,
1,Greater London,way,1370052401,51.4886348,-0.0896998,court,pitch,tennis,,,,,,,0,,0,
1,Greater London,way,1370052402,51.4886976,-0.0894756,court,pitch,tennis,,,,,,,0,,0,
1,Greater London,way,1370579613,51.5000211,-0.0802363,court,pitch,tennis,,yes,,,,asphalt,1,Tanner Street Park,1,Tanner Street Park
1,Greater London,way,1370579614,51.500003,-0.0800267,court,pitch,tennis,,yes,,,,asphalt,1,Tanner Street Park,1,Tanner Street Park
1,Greater London,way,1370579615,51.4999842,-0.0798176,court,pitch,tennis,,yes,,,,asphalt,1,Tanner Street Park,1,Tanner Street Park
1,Greater London,way,1370755898,51.4364635,-0.2036264,court,pitch,tennis,,,,,,artificial_turf,1,Wimbledon Park,1,Wimbledon Park
1,Greater London,way,1370755899,51.4365529,-0.20347,court,pitch,tennis,,,,,,artificial_turf,1,Wimbledon Park,1,Wimbledon Park
1,Greater London,way,1370755900,51.4366409,-0.2033165,court,pitch,tennis,,,,,,artificial_turf,1,Wimbledon Park,1,Wimbledon Park
1,Greater London,way,1370755901,51.4367299,-0.2031615,court,pitch,tennis,,,,,,artificial_turf,1,Wimbledon Park,1,Wimbledon Park
1,Greater London,way,1370755902,51.4361311,-0.2034201,court,pitch,tennis,,,,,,artificial_turf,1,Wimbledon Park,1,Wimbledon Park
1,Greater London,way,1370755903,51.4362206,-0.2032643,court,pitch,tennis,,,,,,artificial_turf,1,Wimbledon Park,1,Wimbledon Park
1,Greater London,way,1370755904,51.43631,-0.2031101,court,pitch,tennis,,,,,,artificial_turf,1,Wimbledon Park,1,Wimbledon Park
1,Greater London,way,1370755905,51.4363979,-0.2029552,court,pitch,tennis,,,,,,artificial_turf,1,Wimbledon Park,1,Wimbledon Park
1,Greater London,way,1370755906,51.436487,-0.2027994,court,pitch,tennis,,,,,,artificial_turf,1,Wimbledon Park,1,Wimbledon Park
1,Greater London,way,1370755909,51.4360073,-0.2026602,court,pitch,tennis,,,,,,artificial_turf,1,Wimbledon Park,1,Wimbledon Park
1,Greater London,way,1370755911,51.4361884,-0.2023502,court,pitch,tennis,,,,,,artificial_turf,1,Wimbledon Park,1,Wimbledon Park
1,Greater London,way,1370755912,51.4359193,-0.2028208,court,pitch,tennis,,,,,,artificial_turf,1,Wimbledon Park,1,Wimbledon Park
1,Greater London,way,1370755913,51.4360975,-0.2025123,court,pitch,tennis,,,,,,artificial_turf,1,Wimbledon Park,1,Wimbledon Park
1,Greater London,way,1370755917,51.4356763,-0.2024602,court,pitch,tennis,,,,,,artificial_turf,1,Wimbledon Park,1,Wimbledon Park
1,Greater London,way,1370755918,51.4357647,-0.2023062,court,pitch,tennis,,,,,,artificial_turf,1,Wimbledon Park,1,Wimbledon Park
1,Greater London,way,1370755919,51.4358541,-0.2021523,court,pitch,tennis,,,,,,artificial_turf,1,Wimbledon Park,1,Wimbledon Park
1,Greater London,way,1370755920,51.4359429,-0.2019969,court,pitch,tennis,,,,,,artificial_turf,1,Wimbledon Park,1,Wimbledon Park
1,Greater London,way,1370859947,51.4368419,-0.2155688,court,pitch,tennis,,,,,,,0,,0,
1,Greater London,way,1370859948,51.4370675,-0.2149948,court,pitch,tennis,,,,,,grass,0,,0,
1,Greater London,way,1370859949,51.4370724,-0.2147726,court,pitch,tennis,,,,,,grass,0,,0,
1,Greater London,way,1370859950,51.4367328,-0.2152128,court,pitch,tennis,,,,,,grass,0,,0,
1,Greater London,way,1370859951,51.4367368,-0.214994,court,pitch,tennis,,,,,,grass,0,,0,
1,Greater London,way,1370859952,51.4367426,-0.2147753,court,pitch,tennis,,,,,,grass,0,,0,
1,Greater London,way,1370859953,51.4370778,-0.2144973,court,pitch,tennis,,,,,,grass,0,,0,
1,Greater London,way,1370859954,51.4370823,-0.2142771,court,pitch,tennis,,,,,,grass,0,,0,
1,Greater London,way,1370859955,51.4370871,-0.2140449,court,pitch,tennis,,,,,,grass,0,,0,
1,Greater London,way,1370859956,51.4370916,-0.2138234,court,pitch,tennis,,,,,,grass,0,,0,
1,Greater London,way,1370859957,51.4367474,-0.214493,court,pitch,tennis,,,,,,grass,0,,0,
1,Greater London,way,1370859958,51.4367524,-0.2142835,court,pitch,tennis,,,,,,grass,0,,0,
1,Greater London,way,1370859959,51.435302,-0.2147845,court,pitch,tennis,,,,,,grass,0,,0,
1,Greater London,way,1370859960,51.433746,-0.2140322,court,pitch,tennis,,,,,,grass,0,,0,
1,Greater London,way,1370859961,51.4327214,-0.2145791,court,pitch,tennis,,,,,,grass,0,,0,
1,Greater London,way,1370859962,51.4323505,-0.2129335,court,pitch,tennis,,,,,,grass,0,,0,
1,Greater London,way,1370875421,51.4350481,-0.2093351,court,pitch,tennis,,,,,,grass,0,,0,
1,Greater London,way,1370875422,51.4350881,-0.209147,court,pitch,tennis,,,,,,grass,0,,0,
1,Greater London,way,1370875423,51.4353158,-0.2096896,court,pitch,tennis,,,,,,grass,0,,0,
1,Greater London,way,1370875424,51.4353571,-0.2094997,court,pitch,tennis,,,,,,grass,0,,0,
1,Greater London,way,1370875425,51.4353964,-0.2093125,court,pitch,tennis,,,,,,grass,0,,0,
1,Greater London,way,1370875426,51.4351794,-0.2087226,court,pitch,tennis,,,,,,,0,,0,
1,Greater London,way,1370875428,51.4347555,-0.2091951,court,pitch,tennis,,,,,,clay,0,,0,
1,Greater London,way,1370875429,51.4347957,-0.2089941,court,pitch,tennis,,,,,,clay,0,,0,
1,Greater London,way,1370875431,51.4354503,-0.2090608,court,pitch,tennis,,,,,,clay,0,,0,
1,Greater London,way,1370875432,51.4354915,-0.2088709,court,pitch,tennis,,,,,,clay,0,,0,
1,Greater London,way,1370875433,51.435531,-0.2086836,court,pitch,tennis,,,,,,clay,0,,0,
1,Greater London,way,1370877396,51.4420226,-0.2083289,court,pitch,tennis,,,,,,grass,0,,0,
1,Greater London,way,1370877397,51.4420306,-0.2081209,court,pitch,tennis,,,,,,grass,0,,0,
1,Greater London,way,1370877398,51.4420409,-0.2078734,court,pitch,tennis,,,,,,grass,0,,0,
1,Greater London,way,1370877399,51.4421219,-0.2075142,court,pitch,tennis,,,,,,grass,0,,0,
1,Greater London,way,1370877400,51.4419898,-0.2074889,court,pitch,tennis,,,,,,grass,0,,0,
1,Greater London,way,1370879376,51.4381922,-0.2172372,court,pitch,tennis,,,,,,grass,0,,0,
1,Greater London,way,1370879377,51.4381727,-0.2169744,court,pitch,tennis,,,,,,grass,0,,0,
1,Greater London,way,1370879378,51.4378236,-0.2173063,court,pitch,tennis,,,,,,grass,0,,0,
1,Greater London,way,1370879379,51.4378037,-0.2170484,court,pitch,tennis,,,,,,grass,0,,0,
1,Greater London,way,1370879380,51.4379325,-0.2166737,court,pitch,tennis,,,,,,grass,0,,0,
1,Greater London,way,1370879381,51.4379126,-0.2164118,court,pitch,tennis,,,,,,grass,0,,0,
1,Greater London,way,1371394546,51.4965915,-0.2302105,court,pitch,tennis,,,,,,,0,,0,
1,Greater London,way,1371394547,51.4966059,-0.2299819,court,pitch,tennis,,,,,,,0,,0,
1,Greater London,way,1371394548,51.4966207,-0.2297538,court,pitch,tennis,,,,,,,0,,0,
1,Greater London,way,1371394549,51.4962896,-0.2301622,court,pitch,tennis,,,,,,,0,,0,
1,Greater London,way,1371394550,51.496304,-0.2299336,court,pitch,tennis,,,,,,,0,,0,
1,Greater London,way,1371394551,51.4963188,-0.2297055,court,pitch,tennis,,,,,,,0,,0,
1,Greater London,way,1371394552,51.4959876,-0.2301141,court,pitch,tennis,,,,,,,0,,0,
1,Greater London,way,1371394553,51.4960021,-0.2298855,court,pitch,tennis,,,,,,,0,,0,
1,Greater London,way,1371394554,51.4960169,-0.2296574,court,pitch,tennis,,,,,,,0,,0,
1,Greater London,way,1371394555,51.4959722,-0.2303652,court,pitch,tennis,,,,,,,0,,0,
1,Greater London,way,1371394556,51.4962739,-0.2304143,court,pitch,tennis,,,,,,,0,,0,
1,Greater London,way,1371394557,51.4965766,-0.2304642,court,pitch,tennis,,,,,,,0,,0,
1,Greater London,way,1371656970,51.509908,-0.2554779,court,pitch,tennis,,,,,,,0,,0,
1,Greater London,way,1371656971,51.5099248,-0.2552601,court,pitch,tennis,,,,,,,0,,0,
1,Greater London,way,1371656972,51.5099392,-0.2550408,court,pitch,tennis,,,,,,,0,,0,
1,Greater London,way,1371656973,51.5103803,-0.2553719,court,pitch,tennis,,,,,,,0,,0,
1,Greater London,way,1371656974,51.5103996,-0.2551364,court,pitch,tennis,,,,,,,0,,0,
1,Greater London,way,1371656975,51.5110206,-0.2553226,court,pitch,tennis,,,,,,,0,,0,
1,Greater London,way,1371656977,51.5089726,-0.2539801,court,pitch,tennis,,,,,,,0,,0,
1,Greater London,way,1371656978,51.5089861,-0.2537169,court,pitch,tennis,,,,,,,0,,0,
1,Greater London,way,1371656979,51.5089995,-0.253455,court,pitch,tennis,,,,,,,0,,0,
1,Greater London,way,1371656980,51.5090139,-0.2531807,court,pitch,tennis,,,,,,,0,,0,
1,Greater London,way,1371656981,51.5090271,-0.2529026,court,pitch,tennis,,,,,,,0,,0,
1,Greater London,way,1371656982,51.5090406,-0.2526394,court,pitch,tennis,,,,,,,0,,0,
1,Greater London,way,1371656985,51.5106068,-0.2528515,court,pitch,tennis,,,,,,,0,,0,
1,Greater London,way,1371656996,51.5078764,-0.2528848,court,pitch,tennis,,,,,,,0,,0,
1,Greater London,way,1371657003,51.5068001,-0.2581933,court,pitch,tennis,,,,,,asphalt,1,Acton Park,1,Acton Park
1,Greater London,way,1371657004,51.5068063,-0.2579909,court,pitch,tennis,,,,,,asphalt,1,Acton Park,1,Acton Park
1,Greater London,way,1371661883,51.4054874,-0.1176502,court,pitch,tennis,,,,,,,0,,0,
1,Greater London,way,1371661884,51.4055349,-0.1174537,court,pitch,tennis,,,,,,,0,,0,
1,Greater London,way,1372420287,51.3756292,-0.1429085,court,pitch,tennis,,,,,,,1,Beddington Park,1,Beddington Park
1,Greater London,way,1372420288,51.3756522,-0.1426981,court,pitch,tennis,,,,,,,1,Beddington Park,1,Beddington Park
1,Greater London,way,1372420289,51.3759359,-0.1429969,court,pitch,tennis,,,,,,,1,Beddington Park,1,Beddington Park
1,Greater London,way,1372420290,51.37596,-0.1427863,court,pitch,tennis,,,,,,,1,Beddington Park,1,Beddington Park
1,Greater London,way,1372430407,51.4658079,-0.3085587,court,pitch,tennis,,,,,,,1,Old Deer Park,1,Old Deer Park
1,Greater London,way,1372430408,51.465846,-0.3083653,court,pitch,tennis,,,,,,,1,Old Deer Park,1,Old Deer Park
1,Greater London,way,1372430409,51.4656646,-0.3077265,court,pitch,tennis,,,,,,,1,Old Deer Park,1,Old Deer Park
1,Greater London,way,1372433132,51.4483196,-0.3203257,court,pitch,tennis,,,,,,,0,,0,
1,Greater London,way,1372433133,51.4480082,-0.3201675,court,pitch,tennis,,,,,,,0,,0,
1,Greater London,way,1372433134,51.4480738,-0.3199979,court,pitch,tennis,,,,,,,0,,0,
1,Greater London,way,1372433135,51.448863,-0.3208291,court,pitch,tennis,,,,,,,0,,0,
1,Greater London,way,1373332465,51.4271014,-0.3164536,court,pitch,tennis,,,,,,,0,,0,
1,Greater London,way,1373332466,51.4270162,-0.3162893,court,pitch,tennis,,,,,,,0,,0,
1,Greater London,way,1373332467,51.4269314,-0.3161232,court,pitch,tennis,,,,,,,0,,0,
1,Greater London,way,1373332468,51.4267867,-0.3167324,court,pitch,tennis,,private,,,,,0,,0,
1,Greater London,way,1373332469,51.4266776,-0.3165164,court,pitch,tennis,,private,,,,,0,,0,
1,Greater London,way,1373332470,51.4265395,-0.3171416,court,pitch,tennis,,,,,,,0,,0,
1,Greater London,way,1373332471,51.4264348,-0.3169395,court,pitch,tennis,,,,,,,0,,0,
1,Greater London,way,1373332472,51.4263336,-0.3167353,court,pitch,tennis,,,,,,,0,,0,
1,Greater London,way,1373332473,51.4267925,-0.316046,court,pitch,tennis,,private,,,,,0,,0,
1,Greater London,way,1373493538,51.4508889,-0.1088372,court,pitch,tennis,,,,,,,0,,0,
1,Greater London,way,1373493539,51.4511499,-0.1083148,court,pitch,tennis,,,,,,,0,,0,
1,Greater London,way,1373493540,51.4506303,-0.1084028,court,pitch,tennis,,,,,,,0,,0,
1,Greater London,way,1374130884,51.4240547,0.143667,court,pitch,basketball;tennis,,private,,,,asphalt,0,,0,
1,Greater London,way,1374130886,51.4224121,0.1438709,court,pitch,tennis,,private,,,,,0,,0,
1,Greater London,way,1374379739,51.3278763,0.0222299,court,pitch,tennis,,,,,,,0,,0,
1,Greater London,way,1374703016,51.4967065,-0.1175775,court,pitch,tennis,,,,,,,1,Archbishop's Park,1,Archbishop's Park
1,Greater London,way,1374703017,51.497768,-0.1158726,court,pitch,tennis,,yes,,,,tartan,1,Archbishop's Park,1,Archbishop's Park
1,Greater London,way,1375590622,51.5510534,-0.1639581,court,pitch,tennis,,,,,,,0,,0,
1,Greater London,way,1375590623,51.5511506,-0.1636338,court,pitch,tennis,,,,,,,0,,0,
1,Greater London,way,1375590624,51.5512142,-0.1634371,court,pitch,tennis,,,,,,,0,,0,
1,Greater London,way,1375590625,51.5512753,-0.1632456,court,pitch,tennis,,,,,,,0,,0,
1,Greater London,way,1375590626,51.5514057,-0.1629105,court,pitch,tennis,,,,,,,0,,0,
1,Greater London,way,1375590627,51.5508602,-0.1636405,court,pitch,tennis,,,,,,,0,,0,
1,Greater London,way,1375651053,51.4949671,-0.2220166,court,pitch,tennis,,,,,,,0,,0,
1,Greater London,way,1375651054,51.4950971,-0.2219766,court,pitch,tennis,,,,,,,0,,0,
1,Greater London,way,1375651055,51.4952269,-0.2219368,court,pitch,tennis,,,,,,,0,,0,
1,Greater London,way,1375651056,51.4953558,-0.2218956,court,pitch,tennis,,,,,,,0,,0,
1,Greater London,way,1375651057,51.4954851,-0.2218558,court,pitch,tennis,,,,,,,0,,0,
1,Greater London,way,1375651058,51.4958564,-0.2224227,court,pitch,tennis,,,,,,,0,,0,
1,Greater London,way,1375655738,51.4812441,-0.2635784,court,pitch,tennis,,,,,,,0,,0,
1,Greater London,way,1375655739,51.481275,-0.2633859,court,pitch,tennis,,,,,,,0,,0,
1,Greater London,way,1375655740,51.4812694,-0.263167,court,pitch,tennis,,,,,,,0,,0,
1,Greater London,way,1375655741,51.4812995,-0.262976,court,pitch,tennis,,,,,,,0,,0,
1,Greater London,way,1375838351,51.5175708,-0.2277368,court,pitch,tennis,,,,,,,0,,0,
1,Greater London,way,1375838352,51.5178711,-0.2278649,court,pitch,tennis,,,,,,,0,,0,
1,Greater London,way,1377221777,51.4808266,-0.2456179,court,pitch,tennis,,private,,,,,0,,0,
1,Greater London,way,1377221778,51.4808282,-0.2453982,court,pitch,tennis,,private,,,,,0,,0,
1,Greater London,way,1377221779,51.4808271,-0.2451803,court,pitch,tennis,,private,,,,,0,,0,
1,Greater London,way,1377238737,51.5798473,-0.1128822,court,pitch,tennis,,yes,,Haringey Council,,acrylic,1,Stationers Park,1,Stationers Park
1,Greater London,way,1377238738,51.5797285,-0.1127954,court,pitch,tennis,,yes,,Haringey Council,,acrylic,1,Stationers Park,1,Stationers Park
1,Greater London,way,1378304828,51.5106418,-0.2283715,court,pitch,tennis,,,,,,asphalt,1,Hammersmith Park,1,Hammersmith Park
1,Greater London,way,1378304829,51.5107312,-0.2282062,court,pitch,tennis,,,,,,asphalt,1,Hammersmith Park,1,Hammersmith Park
1,Greater London,way,1378304831,51.5105503,-0.2285349,court,pitch,tennis,,,,,,asphalt,1,Hammersmith Park,1,Hammersmith Park
1,Greater London,way,1379181029,51.5669212,-0.1743309,court,pitch,tennis,,,,,,,0,,0,
1,Greater London,way,1379181030,51.5672467,-0.1740501,court,pitch,tennis,,,,,,,0,,0,
1,Greater London,way,1379309844,51.5737231,-0.1890071,court,pitch,tennis,,,,,,,0,,0,
1,Greater London,way,1381104204,51.5069288,-0.1900079,court,pitch,tennis,,private,,,,,0,,0,
1,Greater London,way,1381104205,51.5064727,-0.1896408,court,pitch,tennis,,private,,,,,0,,0,
1,Greater London,way,1381207257,51.5821669,-0.197653,sports_centre,sports_centre,tennis,sport,,Farm Walk Lawn Tennis Club,,,,0,,0,
1,Greater London,way,1382148474,51.4569705,-0.2753053,court,pitch,tennis,,,,,,,1,East Sheen Common,1,East Sheen Common
1,Greater London,way,1382148475,51.4569499,-0.2750922,court,pitch,tennis,,,,,,,1,East Sheen Common,1,East Sheen Common
1,Greater London,way,1382148476,51.4569295,-0.2748822,court,pitch,tennis,,,,,,,1,East Sheen Common,1,East Sheen Common
1,Greater London,way,1382148477,51.4569082,-0.2746715,court,pitch,tennis,,,,,,,1,East Sheen Common,1,East Sheen Common
1,Greater London,way,1382149442,51.4288286,-0.2074346,court,pitch,tennis,,,,,,asphalt,0,,0,
1,Greater London,way,1382149443,51.4287176,-0.2073237,court,pitch,tennis,,,,,,asphalt,0,,0,
1,Greater London,way,1382149444,51.428605,-0.2072114,court,pitch,tennis,,,,,,asphalt,0,,0,
1,Greater London,way,1382149445,51.4284919,-0.2070985,court,pitch,tennis,,,,,,asphalt,0,,0,
1,Greater London,way,1382149446,51.4283806,-0.2069906,court,pitch,tennis,,,,,,asphalt,0,,0,
1,Greater London,way,1382318315,51.4158913,-0.2791605,sports_centre,sports_centre,tennis,sport,,Coombe Wood Lawn Tennis Club,,,,0,,0,
1,Greater London,way,1382575627,51.5360772,-0.4744437,court,pitch,tennis,,,,,,,0,,0,
1,Greater London,way,1382575628,51.5360836,-0.4742203,court,pitch,tennis,,,,,,,0,,0,
1,Greater London,way,1382575630,51.53609,-0.4740033,court,pitch,tennis,,,,,,,0,,0,
1,Greater London,way,1382575632,51.5360965,-0.4737816,court,pitch,tennis,,,,,,,0,,0,
1,Greater London,way,1382580788,51.5288643,-0.4644001,court,pitch,tennis,,,,,,,0,,0,
1,Greater London,way,1382580789,51.5289067,-0.4641933,court,pitch,tennis,,,,,,,0,,0,
1,Greater London,way,1382580790,51.5289492,-0.4639857,court,pitch,tennis,,,,,,,0,,0,
1,Greater London,way,1382580791,51.5285681,-0.4642388,court,pitch,tennis,,,,,,,0,,0,
1,Greater London,way,1382580792,51.5286096,-0.4640334,court,pitch,tennis,,,,,,,0,,0,
1,Greater London,way,1382580793,51.5286543,-0.4638273,court,pitch,tennis,,,,,,,0,,0,
1,Greater London,way,1382734014,51.4289465,-0.3323137,court,pitch,tennis,,private,,,,,0,,0,
1,Greater London,way,1382734015,51.4289388,-0.3321072,court,pitch,tennis,,private,,,,,0,,0,
1,Greater London,way,1382734016,51.4289306,-0.3319026,court,pitch,tennis,,private,,,,,0,,0,
1,Greater London,way,1382734017,51.4287838,-0.332084,sports_centre,sports_centre,tennis,sport,,Teddington Lawn Tennis Club,,,,0,,0,
1,Greater London,way,1382777128,51.5867016,0.0111467,court,pitch,tennis,,,,,,,0,,0,
1,Greater London,way,1382777129,51.586409,0.0112783,court,pitch,tennis,,,,,,,0,,0,
1,Greater London,way,1383010458,51.585109,-0.0004417,court,pitch,tennis,,,,,,,0,,0,
1,Greater London,way,1383010459,51.5851665,-0.0002539,court,pitch,tennis,,,,,,,0,,0,
1,Greater London,way,1384026959,51.4742429,-0.2846207,court,pitch,tennis,,,,,,artificial_turf,0,,0,
1,Greater London,way,1384026960,51.4742181,-0.284414,court,pitch,tennis,,,,,,artificial_turf,0,,0,
1,Greater London,way,1384026961,51.4741939,-0.284204,court,pitch,tennis,,,,,,artificial_turf,0,,0,
1,Greater London,way,1384026962,51.473915,-0.2847111,court,pitch,tennis,,,,,,artificial_clay,0,,0,
1,Greater London,way,1384026963,51.4738847,-0.2844565,court,pitch,tennis,,,,,,artificial_clay,0,,0,
1,Greater London,way,1384026964,51.4738596,-0.2842356,court,pitch,tennis,,,,,,artificial_clay,0,,0,
1,Greater London,way,1384107306,51.4367271,-0.3099283,court,pitch,tennis,,,,,,,0,,0,
1,Greater London,way,1384107307,51.4367775,-0.3097327,court,pitch,tennis,,,,,,,0,,0,
1,Greater London,way,1384107308,51.4368302,-0.3095425,court,pitch,tennis,,,,,,,0,,0,
1,Greater London,way,1384107309,51.4368799,-0.3093477,court,pitch,tennis,,,,,,,0,,0,
1,Greater London,way,1384107314,51.4387897,-0.3109736,court,pitch,tennis,,,,,,,0,,0,
1,Greater London,way,1384116633,51.4556657,-0.3005318,court,pitch,tennis,,,,,,artificial_turf,0,,0,
1,Greater London,way,1384176913,51.4204472,-0.3356291,court,pitch,tennis,,,,,,grass,0,,0,
1,Greater London,way,1384176914,51.4204166,-0.3354447,court,pitch,tennis,,,,,,grass,0,,0,
1,Greater London,way,1384176915,51.4203835,-0.3352592,court,pitch,tennis,,,,,,grass,0,,0,
1,Greater London,way,1384176916,51.4203497,-0.3350777,court,pitch,tennis,,,,,,grass,0,,0,
1,Greater London,way,1384176917,51.4207473,-0.3354459,court,pitch,tennis,,,,,,artificial_turf,0,,0,
1,Greater London,way,1384176918,51.4207123,-0.3352494,court,pitch,tennis,,,,,,artificial_turf,0,,0,
1,Greater London,way,1384176919,51.4206703,-0.3350158,court,pitch,tennis,,,,,,artificial_turf,0,,0,
1,Greater London,way,1384317551,51.3962173,-0.2306296,court,pitch,tennis,,,,,,,0,,0,
1,Greater London,way,1384317552,51.3962979,-0.2304527,court,pitch,tennis,,,,,,,0,,0,
1,Greater London,way,1384317553,51.3963776,-0.2302771,court,pitch,tennis,,,,,,,0,,0,
1,Greater London,way,1384317554,51.3964581,-0.2301004,court,pitch,tennis,,,,,,,0,,0,
1,Greater London,way,1384317555,51.395972,-0.2303434,court,pitch,tennis,,,,,,,0,,0,
1,Greater London,way,1384317556,51.3960527,-0.2301665,court,pitch,tennis,,,,,,,0,,0,
1,Greater London,way,1384317557,51.3961323,-0.2299908,court,pitch,tennis,,,,,,,0,,0,
1,Greater London,way,1384317558,51.3962128,-0.2298142,court,pitch,tennis,,,,,,,0,,0,
1,Greater London,way,1384317559,51.3957274,-0.2300578,court,pitch,tennis,,,,,,,0,,0,
1,Greater London,way,1384317560,51.3958081,-0.229881,court,pitch,tennis,,,,,,,0,,0,
1,Greater London,way,1384317561,51.3958877,-0.2297053,court,pitch,tennis,,,,,,,0,,0,
1,Greater London,way,1384317562,51.3959683,-0.2295287,court,pitch,tennis,,,,,,,0,,0,
1,Greater London,way,1384328270,51.4966095,-0.221139,court,pitch,tennis,,,,,,tartan,1,Brook Green,1,Brook Green
1,Greater London,way,1384328271,51.4965463,-0.2209127,court,pitch,tennis,,,,,,tartan,1,Brook Green,1,Brook Green
1,Greater London,way,1384328272,51.4964839,-0.2206914,court,pitch,tennis,,,,,,tartan,1,Brook Green,1,Brook Green
1,Greater London,way,1384331959,51.4997576,-0.2933792,court,pitch,tennis,,,,,,,1,Gunnersbury Park,1,Gunnersbury Park
1,Greater London,way,1384331960,51.4998129,-0.2931778,court,pitch,tennis,,,,,,,1,Gunnersbury Park,1,Gunnersbury Park
1,Greater London,way,1384331961,51.4998693,-0.2929753,court,pitch,tennis,,,,,,,1,Gunnersbury Park,1,Gunnersbury Park
1,Greater London,way,1384331962,51.4999238,-0.292777,court,pitch,tennis,,,,,,,1,Gunnersbury Park,1,Gunnersbury Park
1,Greater London,way,1384331963,51.4994235,-0.2931383,court,pitch,tennis,,,,,,,1,Gunnersbury Park,1,Gunnersbury Park
1,Greater London,way,1384331964,51.4994788,-0.2929369,court,pitch,tennis,,,,,,,1,Gunnersbury Park,1,Gunnersbury Park
1,Greater London,way,1384331965,51.4995896,-0.2925361,court,pitch,tennis,,,,,,,1,Gunnersbury Park,1,Gunnersbury Park
1,Greater London,way,1384331966,51.4995351,-0.2927346,court,pitch,tennis,,,,,,,1,Gunnersbury Park,1,Gunnersbury Park
1,Greater London,way,1384555366,51.5016795,-0.0413538,court,pitch,tennis,,,,,,asphalt,0,,0,
1,Greater London,way,1384555367,51.5015992,-0.0411203,court,pitch,tennis,,,,,,asphalt,0,,0,
1,Greater London,way,1384557758,51.454162,-0.0194304,court,pitch,tennis,,,,,,,1,Ladywell Fields,1,Ladywell Fields
1,Greater London,way,1384557759,51.4541387,-0.019198,court,pitch,tennis,,,,,,,1,Ladywell Fields,1,Ladywell Fields
1,Greater London,way,1384557760,51.4541158,-0.0189693,court,pitch,tennis,,,,,,,1,Ladywell Fields,1,Ladywell Fields
1,Greater London,way,1384557761,51.4538624,-0.0195066,court,pitch,tennis,,,,,,,1,Ladywell Fields,1,Ladywell Fields
1,Greater London,way,1384557762,51.4538385,-0.019278,court,pitch,tennis,,,,,,,1,Ladywell Fields,1,Ladywell Fields
1,Greater London,way,1384559107,51.4544588,-0.1508524,court,pitch,tennis,,,,,,,1,Clapham Common,1,Clapham Common
1,Greater London,way,1384559108,51.4545019,-0.1506487,court,pitch,tennis,,,,,,,1,Clapham Common,1,Clapham Common
1,Greater London,way,1384559109,51.4545451,-0.1504482,court,pitch,tennis,,,,,,,1,Clapham Common,1,Clapham Common
1,Greater London,way,1384559110,51.4545876,-0.1502516,court,pitch,tennis,,,,,,,1,Clapham Common,1,Clapham Common
1,Greater London,way,1384559111,51.4536613,-0.151047,court,pitch,tennis,,,,,,,1,Clapham Common,1,Clapham Common
1,Greater London,way,1384559112,51.4537038,-0.1508444,court,pitch,tennis,,,,,,,1,Clapham Common,1,Clapham Common
1,Greater London,way,1384559452,51.5516621,-0.0622166,court,pitch,tennis,,,,,,,0,,0,
1,Greater London,way,1384560789,51.5603933,-0.1486811,court,pitch,tennis,,private,,,,asphalt,0,,0,
1,Greater London,way,1384560792,51.5604709,-0.1484944,court,pitch,tennis,,private,,,,asphalt,0,,0,
1,Greater London,way,1384560794,51.560553,-0.1482967,court,pitch,tennis,,private,,,,asphalt,0,,0,
1,Greater London,way,1384560796,51.560632,-0.1481123,court,pitch,tennis,,private,,,,asphalt,0,,0,
1,Greater London,way,1385065279,51.5054304,-0.1062764,court,pitch,tennis,,,,,,,0,,0,
1,Greater London,way,1385065281,51.50526,-0.1062032,court,pitch,tennis,,,,,,,0,,0,
1,Greater London,way,1385066148,51.4732142,-0.1325768,court,pitch,tennis,,customers,,,,,1,Larkhall Park,1,Larkhall Park
1,Greater London,way,1385066149,51.4732825,-0.1323941,court,pitch,tennis,,customers,,,,,1,Larkhall Park,1,Larkhall Park
1,Greater London,way,1385069818,51.5579093,-0.1920056,sports_centre,sports_centre,tennis,sport,,West Heath Lawn Tennis Club,,,,0,,0,
1,Greater London,way,1385069819,51.557987,-0.1921832,court,pitch,tennis,,,,,,grass,0,,0,
1,Greater London,way,1385069820,51.5580923,-0.1920774,court,pitch,tennis,,,,,,grass,0,,0,
1,Greater London,way,1385069821,51.5578065,-0.1917028,court,pitch,tennis,,,,,,asphalt,0,,0,
1,Greater London,way,1385074316,51.5448254,-0.2206822,court,pitch,tennis,,,,,,,0,,0,
1,Greater London,way,1385074317,51.5447747,-0.2204906,court,pitch,tennis,,,,,,,0,,0,
1,Greater London,way,1385074318,51.5447255,-0.2202959,court,pitch,tennis,,,,,,,0,,0,
1,Greater London,way,1385074319,51.5446758,-0.2201019,court,pitch,tennis,,,,,,,0,,0,
1,Greater London,way,1385082530,51.5046476,-0.2015119,court,pitch,tennis,,,,,,artificial_turf,0,,0,
1,Greater London,way,1385082531,51.5044769,-0.201414,court,pitch,tennis,,,,,,artificial_turf,0,,0,
1,Greater London,way,1385082532,51.5043055,-0.201315,court,pitch,tennis,,,,,,artificial_turf,0,,0,
1,Greater London,way,1385082536,51.5049545,-0.1998043,court,pitch,tennis,,,,,,,0,,0,
1,Greater London,way,1385082537,51.5049913,-0.1996187,court,pitch,tennis,,,,,,,0,,0,
1,Greater London,way,1385097407,51.4837192,-0.2810155,sports_centre,sports_centre,bowls;tennis,sport,,Priory Park Club,,,,0,,0,
1,Greater London,way,1385097408,51.4836416,-0.2807773,court,pitch,tennis,,,,,,,0,,0,
1,Greater London,way,1385097409,51.4835637,-0.2806242,court,pitch,tennis,,,,,,,0,,0,
1,Greater London,way,1385098770,51.4331371,-0.1462882,court,pitch,tennis,,,,,,,1,Tooting Bec Common,1,Tooting Bec Common
1,Greater London,way,1385098771,51.4331025,-0.1460948,court,pitch,tennis,,,,,,,1,Tooting Bec Common,1,Tooting Bec Common
1,Greater London,way,1385098772,51.4330685,-0.1459015,court,pitch,tennis,,,,,,,1,Tooting Bec Common,1,Tooting Bec Common
1,Greater London,way,1385098773,51.4334391,-0.1461479,court,pitch,tennis,,,,,,,1,Tooting Bec Common,1,Tooting Bec Common
1,Greater London,way,1385098774,51.4334055,-0.1459567,court,pitch,tennis,,,,,,,1,Tooting Bec Common,1,Tooting Bec Common
1,Greater London,way,1385098775,51.4333707,-0.1457627,court,pitch,tennis,,,,,,,1,Tooting Bec Common,1,Tooting Bec Common
1,Greater London,way,1385099786,51.5343987,-0.2323571,court,pitch,tennis,,,,,,,0,,0,
1,Greater London,way,1385099787,51.534407,-0.2321482,court,pitch,tennis,,,,,,,0,,0,
1,Greater London,way,1385099788,51.5344145,-0.2319366,court,pitch,tennis,,,,,,,0,,0,
1,Greater London,way,1385099789,51.5344262,-0.2316892,court,pitch,tennis,,,,,,,0,,0,
1,Greater London,way,1385099790,51.5344341,-0.2314792,court,pitch,tennis,,,,,,,0,,0,
1,Greater London,way,1385099791,51.5344427,-0.2312625,court,pitch,tennis,,,,,,,0,,0,
1,Greater London,way,1385103390,51.6123408,-0.3644554,court,pitch,tennis,,,,,,,0,,0,
1,Greater London,way,1385103391,51.612371,-0.364257,court,pitch,tennis,,,,,,,0,,0,
1,Greater London,way,1385103392,51.6124147,-0.3639818,court,pitch,tennis,,,,,,,0,,0,
1,Greater London,way,1385103393,51.6124452,-0.3637837,court,pitch,tennis,,,,,,,0,,0,
1,Greater London,way,1385103394,51.6125346,-0.3631763,court,pitch,tennis,,,,,,,0,,0,
1,Greater London,way,1385103395,51.6125683,-0.3629687,court,pitch,tennis,,,,,,,0,,0,
1,Greater London,way,1385103396,51.6126019,-0.3627593,court,pitch,tennis,,,,,,,0,,0,
1,Greater London,way,1385754979,51.464512,-0.0481321,court,pitch,tennis,,,,,,,0,,0,
1,Greater London,way,1385754980,51.4646303,-0.0482207,court,pitch,tennis,,,,,,,0,,0,
1,Greater London,way,1385754981,51.4647483,-0.0483116,court,pitch,tennis,,,,,,,0,,0,
1,Greater London,way,1385754982,51.4648677,-0.0484018,court,pitch,tennis,,,,,,,0,,0,
1,Greater London,way,1385754985,51.4627429,-0.0471444,court,pitch,tennis,,,,,,,0,,0,
1,Greater London,way,1385754986,51.4627968,-0.0469606,court,pitch,tennis,,,,,,,0,,0,
1,Greater London,way,1385754987,51.4628993,-0.0466551,court,pitch,tennis,,,,,,,0,,0,
1,Greater London,way,1385968121,51.4871171,-0.2421391,court,pitch,tennis,,,,,,artificial_turf,0,,0,
1,Greater London,way,1385968122,51.4872006,-0.2419803,court,pitch,tennis,,,,,,artificial_turf,0,,0,
1,Greater London,way,1385968123,51.4873715,-0.2416677,court,pitch,tennis,,,,,,artificial_turf,0,,0,
1,Greater London,way,1385968124,51.4874569,-0.241511,court,pitch,tennis,,,,,,artificial_turf,0,,0,
1,Greater London,way,1385972632,51.3983433,0.0236146,court,pitch,tennis,,,,,,asphalt,0,,0,
1,Greater London,way,1385972633,51.3983371,0.0238137,court,pitch,tennis,,,,,,asphalt,0,,0,
1,Greater London,way,1385972634,51.3980344,0.0234883,court,pitch,tennis,,,,,,asphalt,0,,0,
1,Greater London,way,1385972635,51.3980275,0.0236911,court,pitch,tennis,,,,,,asphalt,0,,0,
1,Greater London,way,1385972636,51.3980216,0.0238939,court,pitch,tennis,,,,,,asphalt,0,,0,
1,Greater London,way,1385972637,51.3977115,0.0234783,court,pitch,tennis,,,,,,artificial_clay,0,,0,
1,Greater London,way,1385972638,51.3977046,0.0236835,court,pitch,tennis,,,,,,artificial_clay,0,,0,
1,Greater London,way,1386083249,51.3497781,-0.215642,sports_centre,sports_centre,bowls;tennis,social,,Cheam Fields Club,,,,0,,0,
1,Greater London,way,1386083250,51.3499586,-0.2149493,court,pitch,tennis,,,,,,artificial_turf,0,,0,
1,Greater London,way,1386083251,51.3500089,-0.2147678,court,pitch,tennis,,,,,,artificial_turf,0,,0,
1,Greater London,way,1386084978,51.590244,-0.3896181,court,pitch,tennis,,,,,,,0,,0,
1,Greater London,way,1386084979,51.5902886,-0.3894336,court,pitch,tennis,,,,,,,0,,0,
1,Greater London,way,1386084980,51.5903323,-0.3892514,court,pitch,tennis,,,,,,,0,,0,
1,Greater London,way,1386084981,51.5905349,-0.3897919,court,pitch,tennis,,,,,,,0,,0,
1,Greater London,way,1386084982,51.5905797,-0.389608,court,pitch,tennis,,,,,,,0,,0,
1,Greater London,way,1386084983,51.590623,-0.3894302,court,pitch,tennis,,,,,,,0,,0,
1,Greater London,way,1386086026,51.5901013,-0.3821022,court,pitch,tennis,,,,,,,0,,0,
1,Greater London,way,1386086027,51.5901248,-0.382378,sports_centre,sports_centre,tennis;table_tennis,sport,,The Vagabonds Club,,,,0,,0,
1,Greater London,way,1386088591,51.3546693,-0.2183222,court,pitch,tennis,,,,,,,0,,0,
1,Greater London,way,1386088593,51.3541409,-0.2179313,court,pitch,tennis,,,,,,,0,,0,
1,Greater London,way,1386090511,51.6058779,-0.3382363,court,pitch,tennis,,,,,,,0,,0,
1,Greater London,way,1386090512,51.6061016,-0.3385951,court,pitch,tennis,,,,,,,0,,0,
1,Greater London,way,1386090513,51.6061616,-0.3384062,court,pitch,tennis,,,,,,,0,,0,
1,Greater London,way,1386090514,51.6061986,-0.3381976,court,pitch,tennis,,,,,,,0,,0,
1,Greater London,way,1386090515,51.6062626,-0.3380131,court,pitch,tennis,,,,,,,0,,0,
1,Greater London,way,1386568530,51.5014329,0.0247826,court,pitch,tennis,,,,,,,1,Lyle Park,1,Lyle Park
1,Greater London,way,1386568531,51.5017053,0.0249242,court,pitch,tennis,,,,,,,1,Lyle Park,1,Lyle Park
1,Greater London,way,1386570241,51.6290304,-0.168917,court,pitch,tennis,,,,,,acrylic,0,,0,
1,Greater London,way,1386570242,51.6290092,-0.1687018,court,pitch,tennis,,,,,,acrylic,0,,0,
1,Greater London,way,1386570243,51.6289844,-0.1684558,court,pitch,tennis,,,,,,acrylic,0,,0,
1,Greater London,way,1386570244,51.6289661,-0.1682578,court,pitch,tennis,,,,,,acrylic,0,,0,
1,Greater London,way,1386570245,51.6289463,-0.1680557,court,pitch,tennis,,,,,,acrylic,0,,0,
1,Greater London,way,1386570246,51.6286399,-0.1681315,court,pitch,tennis,,,,,,acrylic,0,,0,
1,Greater London,way,1386570247,51.6286597,-0.1683368,court,pitch,tennis,,,,,,acrylic,0,,0,
1,Greater London,way,1386570248,51.6286785,-0.1685428,court,pitch,tennis,,,,,,acrylic,0,,0,
1,Greater London,way,1386570249,51.6287098,-0.168875,court,pitch,tennis,,,,,,acrylic,0,,0,
1,Greater London,way,1386570250,51.6287306,-0.1690827,court,pitch,tennis,,,,,,acrylic,0,,0,
1,Greater London,way,1386573085,51.6011835,-0.2039491,court,pitch,tennis,,,,,,,0,,0,
1,Greater London,way,1386573086,51.6012654,-0.2037619,court,pitch,tennis,,,,,,,0,,0,
1,Greater London,way,1386573087,51.6013504,-0.2036113,court,pitch,tennis,,,,,,,0,,0,
1,Greater London,way,1386573088,51.6015525,-0.2033958,court,pitch,tennis,,,,,,,0,,0,
1,Greater London,way,1386573089,51.6014574,-0.2032633,court,pitch,tennis,,,,,,,0,,0,
1,Greater London,way,1386573090,51.6013649,-0.203127,court,pitch,tennis,,,,,,,0,,0,
1,Greater London,way,1386573091,51.6017624,-0.2030017,court,pitch,tennis,,,,,,,0,,0,
1,Greater London,way,1386573092,51.6016479,-0.2028523,court,pitch,tennis,,,,,,,0,,0,
1,Greater London,way,1386573093,51.6019601,-0.2026035,court,pitch,tennis,,,,,,,0,,0,
1,Greater London,way,1386577011,51.5794455,-0.3957906,court,pitch,tennis,,,,,,,0,,0,
1,Greater London,way,1386577012,51.5795035,-0.3956059,court,pitch,tennis,,,,,,,0,,0,
1,Greater London,way,1386577013,51.5795618,-0.3954188,court,pitch,tennis,,,,,,,0,,0,
1,Greater London,way,1386577014,51.5792499,-0.3956171,court,pitch,tennis,,,,,,,0,,0,
1,Greater London,way,1386577015,51.5796777,-0.3951113,court,pitch,tennis,,,,,,,0,,0,
1,Greater London,way,1386577016,51.579738,-0.3949281,court,pitch,tennis,,,,,,,0,,0,
1,Greater London,way,1386577017,51.579796,-0.3947479,court,pitch,tennis,,,,,,,0,,0,
1,Greater London,way,1386578559,51.5789568,-0.389415,court,pitch,tennis,,,,,,asphalt,0,,0,
1,Greater London,way,1386578560,51.5790011,-0.3892221,court,pitch,tennis,,,,,,,0,,0,
1,Greater London,way,1386578561,51.5790439,-0.3890291,court,pitch,tennis,,,,,,asphalt,0,,0,
1,Greater London,way,1386601466,51.4225054,0.1057388,court,pitch,tennis,,,,,,,0,,0,
1,Greater London,way,1386963980,51.411748,-0.2144707,court,pitch,tennis,,,,,,,0,,0,
1,Greater London,way,1386963981,51.4116028,-0.2144136,court,pitch,tennis,,,,,,,0,,0,
1,Greater London,way,1386969144,51.3762964,-0.194314,court,pitch,tennis,,,,,,,1,Rosehill Park,1,Rosehill Park
1,Greater London,way,1386969145,51.3762873,-0.194092,court,pitch,tennis,,,,,,,1,Rosehill Park,1,Rosehill Park
1,Greater London,way,1386969146,51.3762745,-0.193803,court,pitch,tennis,,,,,,,1,Rosehill Park,1,Rosehill Park
1,Greater London,way,1386969147,51.3762656,-0.1935414,court,pitch,tennis,,,,,,,1,Rosehill Park,1,Rosehill Park
1,Greater London,way,1386969148,51.3762561,-0.1933209,court,pitch,tennis,,,,,,,1,Rosehill Park,1,Rosehill Park
1,Greater London,way,1386969280,51.4553032,0.1712962,court,pitch,tennis,,,,,,,0,,0,
1,Greater London,way,1386969281,51.4552585,0.171494,court,pitch,tennis,,,,,,,0,,0,
1,Greater London,way,1386969282,51.4552135,0.1716928,court,pitch,tennis,,,,,,,0,,0,
1,Greater London,way,1386969283,51.4554743,0.1719626,court,pitch,tennis,,,,,,,0,,0,
1,Greater London,way,1386969284,51.4556171,0.1716247,court,pitch,tennis,,,,,,,0,,0,
1,Greater London,way,1386969285,51.4554933,0.1715531,court,pitch,tennis,,,,,,,0,,0,
1,Greater London,way,1387014505,51.4189054,0.0629274,court,pitch,tennis,,,,,,asphalt,1,Chislehurst Recreation Ground,1,Chislehurst Recreation Ground
1,Greater London,way,1387014506,51.4189633,0.0631122,court,pitch,tennis,,,,,,asphalt,1,Chislehurst Recreation Ground,1,Chislehurst Recreation Ground
1,Greater London,way,1387014507,51.4186084,0.0631683,court,pitch,tennis,,,,,,asphalt,1,Chislehurst Recreation Ground,1,Chislehurst Recreation Ground
1,Greater London,way,1387014508,51.4186667,0.0633546,court,pitch,tennis,,,,,,asphalt,1,Chislehurst Recreation Ground,1,Chislehurst Recreation Ground
1,Greater London,way,1388213515,51.5321369,-0.047354,court,pitch,tennis,,,,,,,0,,0,
1,Greater London,way,1388492754,51.6292571,-0.1089559,court,pitch,tennis,,,,,,,0,,0,
1,Greater London,way,1388494401,51.6441855,-0.0733001,court,pitch,tennis,,,,,,,0,,0,
1,Greater London,way,1388494402,51.6442165,-0.0730923,court,pitch,tennis,,,,,,,0,,0,
1,Greater London,way,1388494403,51.6438573,-0.0731942,court,pitch,tennis,,,,,,,0,,0,
1,Greater London,way,1388494404,51.6438865,-0.0730065,court,pitch,tennis,,,,,,,0,,0,
1,Greater London,way,1388494405,51.643918,-0.07282,court,pitch,tennis,,,,,,,0,,0,
1,Greater London,way,1388496164,51.6431939,-0.0788947,court,pitch,tennis,,,,,,artificial_turf,0,,0,
1,Greater London,way,1388496165,51.6432351,-0.0786933,court,pitch,tennis,,,,,,artificial_turf,0,,0,
1,Greater London,way,1388496166,51.6434895,-0.0790494,court,pitch,tennis,,,,,,artificial_turf,0,,0,
1,Greater London,way,1388496167,51.6435313,-0.0788477,court,pitch,tennis,,,,,,artificial_turf,0,,0,
1,Greater London,way,1388496168,51.6434591,-0.0785237,court,pitch,tennis,,,,,,artificial_turf,0,,0,
1,Greater London,way,1388496169,51.6434996,-0.0783197,court,pitch,tennis,,,,,,artificial_turf,0,,0,
1,Greater London,way,1388496698,51.6463605,-0.0753922,court,pitch,tennis,,,,,,,0,,0,
1,Greater London,way,1388496699,51.646382,-0.0752017,court,pitch,tennis,,,,,,,0,,0,
1,Greater London,way,1388498152,51.6620843,-0.1007721,court,pitch,tennis,,,,,,,0,,0,
1,Greater London,way,1388498153,51.662049,-0.1005696,court,pitch,tennis,,,,,,,0,,0,
1,Greater London,way,1388498154,51.6617679,-0.1009289,court,pitch,tennis,,,,,,,0,,0,
1,Greater London,way,1388498155,51.6617324,-0.1007231,court,pitch,tennis,,,,,,,0,,0,
1,Greater London,way,1388498156,51.6614554,-0.1010607,court,pitch,tennis,,,,,,,0,,0,
1,Greater London,way,1388498157,51.6614226,-0.1008585,court,pitch,tennis,,,,,,,0,,0,
1,Greater London,way,1388500067,51.5479587,0.2499124,court,pitch,tennis,,customers,,,,artificial_turf,0,,0,
1,Greater London,way,1388500068,51.5482594,0.2498941,court,pitch,tennis,,customers,,,,artificial_turf,0,,0,
1,Greater London,way,1388500069,51.5482548,0.2496837,court,pitch,tennis,,customers,,,,artificial_turf,0,,0,
1,Greater London,way,1388500070,51.5480679,0.2504,court,pitch,tennis,,customers,,,,artificial_turf,0,,0,
1,Greater London,way,1388500071,51.5481068,0.2509152,court,pitch,tennis,,customers,,,,artificial_clay,0,,0,
1,Greater London,way,1388746678,51.4855315,-0.2091958,court,pitch,tennis,,private,,,,,1,Queen's Club Gardens,1,Queen's Club Gardens
1,Greater London,way,1388746679,51.4855926,-0.2090023,court,pitch,tennis,,private,,,,,1,Queen's Club Gardens,1,Queen's Club Gardens
1,Greater London,way,1389011993,51.5700989,0.0301662,court,pitch,tennis,,,,,,,0,,0,
1,Greater London,way,1389011994,51.5697885,0.0301401,court,pitch,tennis,,,,,,,0,,0,
1,Greater London,way,1389011995,51.5697954,0.029928,court,pitch,tennis,,,,,,,0,,0,
1,Greater London,way,1389011996,51.5694867,0.0301105,court,pitch,tennis,,,,,,,0,,0,
1,Greater London,way,1389011997,51.5694954,0.0299012,court,pitch,tennis,,,,,,,0,,0,
1,Greater London,way,1389011998,51.5691994,0.030093,court,pitch,tennis,,,,,,,0,,0,
1,Greater London,way,1389011999,51.5692063,0.0298733,court,pitch,tennis,,,,,,,0,,0,
1,Greater London,way,1389012001,51.5696399,0.0326535,court,pitch,tennis,,,,,,clay,0,,0,
1,Greater London,way,1389012002,51.5696561,0.0328512,court,pitch,tennis,,,,,,clay,0,,0,
1,Greater London,way,1389012582,51.557518,0.0895792,court,pitch,tennis,,permissive,,,,asphalt,1,South Park,1,South Park
1,Greater London,way,1389012855,51.5428164,-0.1977682,court,pitch,tennis,,,,,,asphalt,1,Kilburn Grange Park,1,Kilburn Grange Park
1,Greater London,way,1389012856,51.5428957,-0.1975986,court,pitch,tennis,,,,,,asphalt,1,Kilburn Grange Park,1,Kilburn Grange Park
1,Greater London,way,1389012857,51.542976,-0.197433,court,pitch,tennis,,,,,,asphalt,1,Kilburn Grange Park,1,Kilburn Grange Park
1,Greater London,way,1390462153,51.4875701,-0.0086648,court,pitch,tennis,,private,,,,,0,,0,
1,Greater London,way,1390462154,51.4875058,-0.008862,court,pitch,tennis,,private,,,,,0,,0,
1,Greater London,way,1390462155,51.4876326,-0.0084691,court,pitch,tennis,,private,,,,,0,,0,
1,Greater London,way,1390462336,51.4724316,-0.0366151,court,pitch,tennis,,,,,,,0,,0,
1,Greater London,way,1390462337,51.4723577,-0.0364427,court,pitch,tennis,,,,,,,0,,0,
1,Greater London,way,1390463295,51.4674589,-0.0455964,court,pitch,tennis,,,,,,asphalt,1,Telegraph Hill Upper Park,1,Telegraph Hill Upper Park
1,Greater London,way,1390463296,51.4673171,-0.045665,court,pitch,tennis,,,,,,asphalt,1,Telegraph Hill Upper Park,1,Telegraph Hill Upper Park
1,Greater London,way,1390929519,51.5249201,-0.1644437,court,pitch,tennis,,,,,,,0,,0,
1,Greater London,way,1391139866,51.4751038,-0.2354771,court,pitch,tennis,,,,,,,1,Barn Elms Playing Fields,1,Barn Elms Playing Fields
1,Greater London,way,1391139867,51.4752175,-0.2353444,court,pitch,tennis,,,,,,,1,Barn Elms Playing Fields,1,Barn Elms Playing Fields
1,Greater London,way,1391139868,51.4753305,-0.2352122,court,pitch,tennis,,,,,,,1,Barn Elms Playing Fields,1,Barn Elms Playing Fields
1,Greater London,way,1391139869,51.4752458,-0.2345863,court,pitch,tennis,,,,,,,1,Barn Elms Playing Fields,1,Barn Elms Playing Fields
1,Greater London,way,1391139870,51.475167,-0.2344186,court,pitch,tennis,,,,,,,1,Barn Elms Playing Fields,1,Barn Elms Playing Fields
1,Greater London,way,1391139871,51.475089,-0.2342505,court,pitch,tennis,,,,,,,1,Barn Elms Playing Fields,1,Barn Elms Playing Fields
1,Greater London,way,1392165419,51.5360534,-0.1365183,court,pitch,tennis,,,,,,,0,,0,
1,Greater London,way,1392165420,51.5361902,-0.136635,court,pitch,tennis,,,,,,,0,,0,
1,Greater London,way,1392165421,51.5363257,-0.1367499,court,pitch,tennis,,,,,,,0,,0,
1,Greater London,way,1392165422,51.5364618,-0.1368654,court,pitch,tennis,,,,,,,0,,0,
1,Greater London,way,1392403164,51.5408321,-0.2329657,court,pitch,tennis,,,,,,,0,,0,
1,Greater London,way,1392403165,51.5411564,-0.2328103,court,pitch,tennis,,,,,,,0,,0,
1,Greater London,way,1392406920,51.5206216,-0.2186572,court,pitch,tennis,,,,,,asphalt,1,Kensington Memorial Park,1,Kensington Memorial Park
1,Greater London,way,1392406921,51.5204966,-0.2185859,court,pitch,tennis,,,,,,asphalt,1,Kensington Memorial Park,1,Kensington Memorial Park
1,Greater London,way,1392406922,51.5203743,-0.2185148,court,pitch,tennis,,,,,,asphalt,1,Kensington Memorial Park,1,Kensington Memorial Park
1,Greater London,way,1393947540,51.4964995,-0.1983061,court,pitch,tennis,,private,,,,,1,Pembroke Square,1,Pembroke Square
1,Greater London,way,1403867658,51.6204871,-0.2748957,court,pitch,tennis,,,,,,,0,,0,
1,Greater London,way,1403867659,51.6205173,-0.2746863,court,pitch,tennis,,,,,,,0,,0,
1,Greater London,way,1403867660,51.6201274,-0.2747506,court,pitch,tennis,,,,,,,0,,0,
1,Greater London,way,1403867661,51.6201554,-0.2745559,court,pitch,tennis,,,,,,,0,,0,
1,Greater London,way,1403867662,51.6198043,-0.2746377,court,pitch,tennis,,,,,,,0,,0,
1,Greater London,way,1403867663,51.6198306,-0.2744438,court,pitch,tennis,,,,,,,0,,0,
1,Greater London,way,1403867664,51.6194986,-0.2745329,court,pitch,tennis,,,,,,,0,,0,
1,Greater London,way,1403867665,51.6195251,-0.2743382,court,pitch,tennis,,,,,,,0,,0,
1,Greater London,way,1408270393,51.3922108,-0.0594362,court,pitch,tennis,,,,,,rubber,0,,0,
1,Greater London,way,1408270394,51.3921129,-0.0592091,court,pitch,tennis,,,,,,rubber,0,,0,
1,Greater London,way,1408270396,51.3920143,-0.0589819,court,pitch,tennis,,,,,,rubber,0,,0,
1,Greater London,way,1408871535,51.4165877,0.0237175,court,pitch,tennis,,,,,,,0,,0,
1,Greater London,way,1408871536,51.4166548,0.0238969,court,pitch,tennis,,,,,,,0,,0,
1,Greater London,way,1408871537,51.4167224,0.0240836,court,pitch,tennis,,,,,,,0,,0,
1,Greater London,way,1408871538,51.4169689,0.024489,court,pitch,tennis,,,,,,grass,0,,0,
1,Greater London,way,1408871539,51.4171517,0.023927,court,pitch,tennis,,,,,,grass,0,,0,
1,Greater London,way,1408871540,51.4172121,0.0241125,court,pitch,tennis,,,,,,grass,0,,0,
1,Greater London,way,1408871541,51.4172709,0.0242986,court,pitch,tennis,,,,,,grass,0,,0,
1,Greater London,way,1408871543,51.4166709,0.0224096,court,pitch,tennis,,,,,,,0,,0,
1,Greater London,way,1408871544,51.4167064,0.0226131,court,pitch,tennis,,,,,,,0,,0,
1,Greater London,way,1408871545,51.4167431,0.0228157,court,pitch,tennis,,,,,,,0,,0,
1,Greater London,way,1408871547,51.4173381,0.0227095,court,pitch,tennis,,,,,,,0,,0,
1,Greater London,way,1408871548,51.417346,0.0224999,court,pitch,tennis,,,,,,,0,,0,
1,Greater London,way,1408871549,51.4173564,0.0222876,court,pitch,tennis,,,,,,,0,,0,
1,Greater London,way,1412467893,51.4568742,-0.1392325,court,pitch,tennis,,,,,,,0,,0,
1,Greater London,way,1412467894,51.4569715,-0.1390569,court,pitch,tennis,,,,,,,0,,0,
1,Greater London,way,1412467896,51.4570516,-0.1389138,court,pitch,tennis,,,,,,,0,,0,
1,Greater London,way,1413583312,51.3851959,0.0974274,court,pitch,tennis,,,,,,,1,Poverest Park,1,Poverest Park
1,Greater London,way,1413583313,51.3851234,0.097603,court,pitch,tennis,,,,,,,1,Poverest Park,1,Poverest Park
1,Greater London,way,1414834453,51.454672,-0.2395694,court,pitch,tennis,,,,,,,0,,0,
1,Greater London,way,1414834454,51.454551,-0.2395454,court,pitch,tennis,,,,,,,0,,0,
1,Greater London,way,1414834455,51.4544286,-0.2395215,court,pitch,tennis,,,,,,,0,,0,
1,Greater London,way,1414834456,51.4543072,-0.2394989,court,pitch,tennis,,,,,,,0,,0,
1,Greater London,way,1415635060,51.4957219,-0.0581356,court,pitch,tennis,,yes,,,,asphalt,1,Southwark Park,1,Southwark Park
1,Greater London,way,1415635061,51.496117,-0.0582577,court,pitch,tennis,,yes,,,,asphalt,1,Southwark Park,1,Southwark Park
1,Greater London,way,1416409418,51.5017076,-0.1496707,court,pitch,tennis,,private,,,,,1,Buckingham Palace Garden,1,Buckingham Palace Garden
1,Greater London,way,1416621797,51.6038927,-0.0633287,court,pitch,tennis,,private,,,,asphalt,0,,0,
1,Greater London,way,1416621800,51.6041937,-0.0643421,court,pitch,tennis,,private,,,,asphalt,0,,0,
1,Greater London,way,1417528881,51.5581802,-0.1507692,court,pitch,tennis,,private,,,,asphalt,0,,0,
1,Greater London,way,1417528882,51.5578273,-0.1503634,court,pitch,tennis,,private,,,,asphalt,0,,0,
1,Greater London,way,1417698629,51.5824796,-0.1296054,court,pitch,tennis,,customers,,,,asphalt,0,,0,
1,Greater London,way,1417698630,51.5825504,-0.1294116,court,pitch,tennis,,customers,,,,asphalt,0,,0,
1,Greater London,way,1417698631,51.5826133,-0.1292204,court,pitch,tennis,,customers,,,,asphalt,0,,0,
1,Greater London,way,1418037846,51.4912649,-0.175001,court,pitch,tennis,,private,,,,,1,Onslow Square,1,Onslow Square
1,Greater London,way,1418656019,51.5143553,-0.1865375,court,pitch,tennis,,,,,,,0,,0,
1,Greater London,way,1418656020,51.5142163,-0.1864935,court,pitch,tennis,,,,,,,0,,0,
1,Greater London,way,1418673413,51.4778447,-0.2143453,court,pitch,tennis,,,,,,asphalt,0,,0,
1,Greater London,way,1418681616,51.4567867,-0.2172214,court,pitch,tennis,,private,,,,,0,,0,
1,Greater London,way,1418681617,51.4567462,-0.2169837,court,pitch,tennis,,private,,,,,0,,0,
1,Greater London,way,1418681620,51.4567518,-0.2163525,court,pitch,tennis,,private,,,,,0,,0,
1,Greater London,way,1418681622,51.4564168,-0.2181076,court,pitch,tennis,,private,,,,,0,,0,
1,Greater London,way,1419971642,51.3685271,0.0609859,court,pitch,tennis,,,,,,,1,Tugmutton Common,1,Tugmutton Common
1,Greater London,way,1419971643,51.3685352,0.0611984,court,pitch,tennis,,,,,,,1,Tugmutton Common,1,Tugmutton Common
1,Greater London,way,1419971644,51.368543,0.061409,court,pitch,tennis,,,,,,,1,Tugmutton Common,1,Tugmutton Common
1,Greater London,way,1420054468,51.4603149,0.1189541,court,pitch,tennis,,,,,,,0,,0,
1,Greater London,way,1420054469,51.4602897,0.1191414,court,pitch,tennis,,,,,,,0,,0,
1,Greater London,way,1420054470,51.4599756,0.1190405,court,pitch,tennis,,,,,,,0,,0,
1,Greater London,way,1421374212,51.4570219,0.1852439,court,pitch,tennis,,,,,,,0,,0,
1,Greater London,way,1421374213,51.4570411,0.1855238,court,pitch,tennis,,,,,,,0,,0,
1,Greater London,way,1421534005,51.3569801,-0.1807902,court,pitch,tennis,,,,,,,0,,0,
1,Greater London,way,1421534006,51.3566146,-0.1808995,court,pitch,tennis,,,,,,,0,,0,
1,Greater London,way,1421534007,51.3566089,-0.1807051,court,pitch,tennis,,,,,,,0,,0,
1,Greater London,way,1421534008,51.3562829,-0.1807439,court,pitch,tennis,,,,,,,0,,0,
1,Greater London,way,1422260947,51.4300387,-0.3734969,court,pitch,tennis,,private,,,,,0,,0,
1,Greater London,way,1422260948,51.4299167,-0.3735988,court,pitch,tennis,,private,,,,,0,,0,
1,Greater London,way,1422260949,51.4297964,-0.3737021,court,pitch,tennis,,private,,,,,0,,0,
1,Greater London,way,1422260950,51.4283757,-0.3727379,court,pitch,tennis,,private,,,,asphalt,0,,0,
1,Greater London,way,1422260951,51.4283105,-0.3725449,court,pitch,tennis,,private,,,,asphalt,0,,0,
1,Greater London,way,1422260952,51.4282478,-0.3723635,court,pitch,tennis,,private,,,,asphalt,0,,0,
1,Greater London,way,1422260955,51.4272766,-0.3692766,court,pitch,tennis,,,,,,grass,0,,0,
1,Greater London,way,1422260956,51.4273847,-0.3691819,court,pitch,tennis,,,,,,grass,0,,0,
1,Greater London,way,1422260957,51.4270633,-0.3686477,court,pitch,tennis,,,,,,grass,0,,0,
1,Greater London,way,1422260958,51.4271706,-0.3685522,court,pitch,tennis,,,,,,grass,0,,0,
1,Greater London,way,1422260959,51.4279234,-0.3713566,court,pitch,tennis,,private,,,,,0,,0,
1,Greater London,way,1422260960,51.4280383,-0.3712555,court,pitch,tennis,,private,,,,,0,,0,
1,Greater London,way,1422260962,51.4297295,-0.3674732,court,pitch,tennis,,,,,,,0,,0,
1,Greater London,way,1422260963,51.4297569,-0.3672265,court,pitch,tennis,,,,,,,0,,0,
1,Greater London,way,1422260975,51.4288013,-0.3682119,court,pitch,tennis,,,,,,,0,,0,
1,Greater London,way,1422260976,51.428933,-0.3680965,court,pitch,tennis,,,,,,,0,,0,
1,Greater London,way,1422260977,51.429065,-0.3679798,court,pitch,tennis,,,,,,,0,,0,
1,Greater London,way,1422260978,51.4291967,-0.3678622,court,pitch,tennis,,,,,,,0,,0,
1,Greater London,way,1422260979,51.4293294,-0.367746,court,pitch,tennis,,,,,,,0,,0,
1,Greater London,way,1422260980,51.4294613,-0.3676312,court,pitch,tennis,,,,,,,0,,0,
1,Greater London,way,1422277603,51.4506284,-0.3698406,court,pitch,tennis,,,,,,,0,,0,
1,Greater London,way,1422277604,51.4504637,-0.369793,court,pitch,tennis,,,,,,,0,,0,
1,Greater London,way,1422277605,51.4502984,-0.369747,court,pitch,tennis,,,,,,,0,,0,
1,Greater London,way,1423379031,51.5600939,-0.3112972,court,pitch,tennis,,,,,,,0,,0,
1,Greater London,way,1423379032,51.5599737,-0.3112188,court,pitch,tennis,,,,,,,0,,0,
1,Greater London,way,1423379033,51.5598523,-0.3111398,court,pitch,tennis,,,,,,,0,,0,
1,Greater London,way,1423690318,51.5304958,-0.1320002,court,pitch,tennis,,private,,,,asphalt,0,,0,
1,Greater London,way,1423930147,51.4963686,-0.2205693,court,pitch,tennis,,,,,,,1,Brook Green,1,Brook Green
1,Greater London,way,1423930148,51.4965028,-0.2204747,court,pitch,tennis,,,,,,,1,Brook Green,1,Brook Green
1,Greater London,way,1424423287,51.5755507,-0.1897221,court,pitch,tennis,,,,,,,1,,1,
1,Greater London,way,1424427256,51.5867329,-0.2061682,court,pitch,tennis,,,,,,,0,,0,
1,Greater London,way,1424427257,51.5867711,-0.2059688,court,pitch,tennis,,,,,,,0,,0,
1,Greater London,way,1424427258,51.5868203,-0.2057267,court,pitch,tennis,,,,,,,0,,0,
1,Greater London,way,1424427259,51.586874,-0.2054855,court,pitch,tennis,,,,,,,0,,0,
1,Greater London,way,1424427260,51.586911,-0.2052922,court,pitch,tennis,,,,,,,0,,0,
1,Greater London,way,1424573267,51.5330741,-0.3587145,court,pitch,tennis,,,,,,asphalt,0,,0,
1,Greater London,way,1424573268,51.5330665,-0.3585177,court,pitch,tennis,,,,,,asphalt,0,,0,
1,Greater London,way,1424573269,51.5330594,-0.3583167,court,pitch,tennis,,,,,,asphalt,0,,0,
1,Greater London,way,1424593557,51.5935745,-0.146182,court,pitch,tennis,,,,,,asphalt,1,Muswell Hill Methodist Church Gardens,1,Muswell Hill Methodist Church Gardens
1,Greater London,way,1424593558,51.5936262,-0.1459894,court,pitch,tennis,,,,,,asphalt,1,Muswell Hill Methodist Church Gardens,1,Muswell Hill Methodist Church Gardens
1,Greater London,way,1424593559,51.5934836,-0.1462605,sports_centre,sports_centre,tennis,sport,,Muswell Hill Methodist Lawn Tennis Club,,,,1,Muswell Hill Methodist Church Gardens,1,Muswell Hill Methodist Church Gardens
1,Greater London,way,1424623342,51.5447685,0.1054035,court,pitch,tennis,,,,,,asphalt,0,,0,
1,Greater London,way,1424623343,51.5446269,0.1052929,court,pitch,tennis,,,,,,asphalt,0,,0,
1,Greater London,way,1424623344,51.5444847,0.1051805,court,pitch,tennis,,,,,,asphalt,0,,0,
1,Greater London,way,1425351813,51.3705885,-0.0757383,court,pitch,tennis,,,,,,,0,,0,
1,Greater London,way,1425351814,51.3706321,-0.0755471,court,pitch,tennis,,,,,,,0,,0,
1,Greater London,way,1425351815,51.3706751,-0.0753525,court,pitch,tennis,,,,,,,0,,0,
1,Greater London,way,1425351816,51.3703175,-0.0752203,court,pitch,tennis,,,,,,,0,,0,
1,Greater London,way,1425351817,51.3699441,-0.0751716,court,pitch,tennis,,,,,,,0,,0,
1,Greater London,way,1425355146,51.4883371,-0.4061657,court,pitch,tennis,,,,,,,0,,0,
1,Greater London,way,1425355147,51.4883024,-0.4059646,court,pitch,tennis,,,,,,,0,,0,
1,Greater London,way,1425355148,51.488268,-0.4057654,court,pitch,tennis,,,,,,,0,,0,
1,Greater London,way,1426676397,51.4892872,-0.0663485,court,pitch,tennis,,private,,,,asphalt,0,,0,
1,Greater London,way,1426676398,51.4892673,-0.0661381,court,pitch,tennis,,private,,,,asphalt,0,,0,
1,Greater London,way,1426676399,51.4889663,-0.0664242,court,pitch,tennis,,private,,,,asphalt,0,,0,
1,Greater London,way,1426676400,51.488947,-0.0662157,court,pitch,tennis,,private,,,,asphalt,0,,0,
1,Greater London,way,1427596253,51.5890647,0.2364718,court,pitch,tennis,,,,,,,1,Harold Wood Park,1,Harold Wood Park
1,Greater London,way,1427596254,51.5891165,0.2366723,court,pitch,tennis,,,,,,,1,Harold Wood Park,1,Harold Wood Park
1,Greater London,way,1427596255,51.5888343,0.2368614,court,pitch,tennis,,,,,,,1,Harold Wood Park,1,Harold Wood Park
1,Greater London,way,1428137574,51.6123257,0.209935,court,pitch,tennis,,,,,,,0,,0,
1,Greater London,way,1428137575,51.6124262,0.210092,court,pitch,tennis,,,,,,,0,,0,
1,Greater London,way,1428137576,51.6125264,0.2102491,court,pitch,tennis,,,,,,,0,,0,
1,Greater London,way,1428678157,51.5191789,-0.0245273,court,pitch,tennis,,,,,,,0,,0,
1,Greater London,way,1428678158,51.5192633,-0.0243751,court,pitch,tennis,,,,,,,0,,0,
1,Greater London,way,1428678159,51.5193487,-0.0242212,court,pitch,tennis,,,,,,,0,,0,
1,Greater London,way,1429020947,51.6009192,-0.3763937,sports_centre,sports_centre,tennis,sport,,Pinner Lawn Tennis Club,,,,0,,0,
1,Greater London,way,1429020953,51.6005476,-0.3766965,court,pitch,tennis,,,,,,,0,,0,
1,Greater London,way,1430035943,51.3924646,0.0768981,court,pitch,tennis,,,,,,,0,,0,
1,Greater London,way,1430035944,51.3924713,0.0771161,court,pitch,tennis,,,,,,,0,,0,
1,Greater London,way,1430035945,51.392127,0.0764965,court,pitch,tennis,,,,,,,0,,0,
1,Greater London,way,1430035946,51.3921345,0.076704,court,pitch,tennis,,,,,,,0,,0,
1,Greater London,way,1430035947,51.3921416,0.0769164,court,pitch,tennis,,,,,,,0,,0,
1,Greater London,way,1430035948,51.3921494,0.0771255,court,pitch,tennis,,,,,,,0,,0,
1,Greater London,way,1430108409,51.6191992,-0.2460182,court,pitch,tennis,,private,,,,,0,,0,
1,Greater London,way,1430108470,51.6246986,-0.2418937,court,pitch,tennis,,,,,,,0,,0,
1,Greater London,way,1430108471,51.6248779,-0.2426318,court,pitch,tennis,,,,,,,0,,0,
1,Greater London,way,1430211694,51.6328709,-0.0888551,court,pitch,tennis,,,,,,,0,,0,
1,Greater London,way,1430211695,51.6328521,-0.0886465,court,pitch,tennis,,,,,,,0,,0,
1,Greater London,way,1430211696,51.6328326,-0.088438,court,pitch,tennis,,,,,,,0,,0,
1,Greater London,way,1430211697,51.6328149,-0.0882258,court,pitch,tennis,,,,,,,0,,0,
1,Greater London,way,1430211700,51.6331495,-0.0885519,court,pitch,tennis,,,,,,grass,0,,0,
1,Greater London,way,1430211701,51.6331316,-0.0883467,court,pitch,tennis,,,,,,grass,0,,0,
1,Greater London,way,1430211702,51.6331154,-0.0881579,court,pitch,tennis,,,,,,grass,0,,0,
1,Greater London,way,1430211703,51.6334569,-0.088444,court,pitch,tennis,,,,,,grass,0,,0,
1,Greater London,way,1430211704,51.6334124,-0.0882631,court,pitch,tennis,,,,,,grass,0,,0,
1,Greater London,way,1430213934,51.6364517,-0.0925161,sports_centre,sports_centre,tennis,sport,,Vicars Moor Lawn Tennis Club,,,,0,,0,
1,Greater London,way,1430213935,51.6366067,-0.0927279,court,pitch,tennis,,,,,,,0,,0,
1,Greater London,way,1430213936,51.6365103,-0.0924781,court,pitch,tennis,,,,,,,0,,0,
1,Greater London,way,1430213937,51.6364067,-0.0922379,court,pitch,tennis,,,,,,,0,,0,
1,Greater London,way,1430213938,51.6363363,-0.0920702,court,pitch,tennis,,,,,,,0,,0,
1,Greater London,way,1430213939,51.6364217,-0.092939,court,pitch,tennis,,,,,,,0,,0,
1,Greater London,way,1433135237,51.5186991,-0.0427404,court,pitch,tennis,,private,,,,asphalt,0,,0,
1,Greater London,way,1433135238,51.5187014,-0.0425057,court,pitch,tennis,,private,,,,asphalt,0,,0,
1,Greater London,way,1433135239,51.5187036,-0.0422721,court,pitch,tennis,,private,,,,asphalt,0,,0,
1,Greater London,way,1436293558,51.6827237,-0.1443712,court,pitch,tennis,,,,,,,0,,0,
1,Greater London,way,1436293559,51.6827018,-0.1445805,court,pitch,tennis,,,,,,,0,,0,
1,Greater London,way,1436293560,51.6826799,-0.1447898,court,pitch,tennis,,,,,,,0,,0,
1,Greater London,way,1443967930,51.5534194,-0.0510806,court,pitch,tennis,,private,,,,,0,,0,
1,Greater London,way,1443967931,51.5537025,-0.0514355,court,pitch,tennis,,private,,,,,0,,0,
1,Greater London,way,1443967938,51.5538359,-0.0518151,court,pitch,tennis,,private,,,,asphalt,0,,0,
1,Greater London,way,1444131425,51.5034554,-0.2608858,court,pitch,tennis,,,,,,acrylic,0,,0,
1,Greater London,way,1444131426,51.5034603,-0.2606736,court,pitch,tennis,,,,,,acrylic,0,,0,
1,Greater London,way,1444131427,51.5034639,-0.2604662,court,pitch,tennis,,,,,,acrylic,0,,0,
1,Greater London,way,1444374211,51.5474167,-0.0299263,court,pitch,tennis,,,,,,,0,,0,
1,Greater London,way,1444671684,51.5577533,0.0144819,court,pitch,tennis,,private,,,,asphalt,0,,0,
1,Greater London,way,1445403866,51.584336,-0.1366827,sports_centre,sports_centre,tennis,sport,,Wood Vale Lawn Tennis Club,,,,0,,0,
1,Greater London,way,1445403869,51.5824813,-0.136477,court,pitch,tennis,,,Hanley LTC,,,,0,,0,
1,Greater London,way,1445403870,51.5825407,-0.1363119,court,pitch,tennis,,,Hanley LTC,,,,0,,0,
1,Greater London,way,1445427174,51.6250218,-0.0881878,court,pitch,tennis,,,,,,,0,,0,
1,Greater London,way,1445427175,51.6250036,-0.087728,court,pitch,tennis,,,,,,,0,,0,
1,Greater London,way,1449912383,51.595319,-0.4131288,court,pitch,tennis,,,,,,,0,,0,
1,Greater London,way,1453776506,51.524404,-0.0302518,court,pitch,tennis,,private,,,,asphalt,0,,0,
1,Greater London,way,1455331165,51.5270471,-0.0707412,court,pitch,tennis,,private,,,,asphalt,0,,0,
1,Greater London,way,1455331166,51.5268949,-0.0706462,court,pitch,tennis,,private,,,,asphalt,0,,0,
1,Greater London,way,1455331167,51.5267414,-0.0705496,court,pitch,tennis,,private,,,,asphalt,0,,0,
1,Greater London,way,1456792670,51.5241984,0.0148912,court,pitch,tennis,,,,,,,1,Hermit Road Recreational Ground,1,Hermit Road Recreational Ground
1,Greater London,way,1456792671,51.5242626,0.0150667,court,pitch,tennis,,,,,,,1,Hermit Road Recreational Ground,1,Hermit Road Recreational Ground
1,Greater London,way,1458075449,51.504388,-0.0621759,court,pitch,tennis,,,,,,,0,,0,
1,Greater London,way,1460405404,51.5782203,-0.1852451,court,pitch,tennis,,,,,,,0,,0,
1,Greater London,way,1460405446,51.5799335,-0.1877543,court,pitch,tennis,,,,,,,0,,0,
1,Greater London,way,1464457077,51.551248,-0.2885309,court,pitch,soccer;basketball;tennis,,,,,,,0,,0,
1,Greater London,way,1464457078,51.5510776,-0.2885014,court,pitch,soccer;basketball;tennis,,,,,,,0,,0,
1,Greater London,way,1464457079,51.5509134,-0.2884764,court,pitch,soccer;basketball;tennis,,,,,,,0,,0,
1,Greater London,way,1464988838,51.6306054,-0.3179131,court,pitch,tennis,,private,,,,,0,,0,
1,Greater London,way,1465340078,51.574719,0.230398,court,pitch,tennis,,,,,,,0,,0,
1,Greater London,way,1465740508,51.3539613,0.0567682,court,pitch,tennis,,,,,,,0,,0,
1,Greater London,way,1466462291,51.3562398,-0.122433,court,pitch,tennis,,,,,,,0,,0,
1,Greater London,way,1466462292,51.3562649,-0.1222001,court,pitch,tennis,,,,,,,0,,0,
1,Greater London,way,1466462293,51.3562997,-0.121914,court,pitch,tennis,,,,,,,0,,0,
1,Greater London,way,1466462294,51.3563243,-0.1216949,court,pitch,tennis,,,,,,,0,,0,
1,Greater London,way,1466462295,51.3563484,-0.1214739,court,pitch,tennis,,,,,,,0,,0,
1,Greater London,way,1466524177,51.6091675,0.0425686,court,pitch,tennis,,private,,,,,0,,0,
1,Greater London,way,1466524178,51.6090136,0.0424738,court,pitch,tennis,,private,,,,,0,,0,
1,Greater London,way,1466524179,51.6088623,0.042375,court,pitch,tennis,,private,,,,,0,,0,
1,Greater London,way,1466524180,51.6089569,0.0434321,court,pitch,tennis,,private,,,,,0,,0,
1,Greater London,way,1466524181,51.6088062,0.0433333,court,pitch,tennis,,private,,,,,0,,0,
1,Greater London,way,1466524182,51.6086514,0.0432393,court,pitch,tennis,,private,,,,,0,,0,
1,Greater London,way,1466524183,51.6089055,0.0429063,court,pitch,tennis,,private,,,,,0,,0,
1,Greater London,way,1469776796,51.6496269,-0.0788556,court,pitch,tennis,,,,,,asphalt,0,,0,
1,Greater London,way,1469776797,51.6494751,-0.0788299,court,pitch,tennis,,,,,,asphalt,0,,0,
1,Greater London,way,1481082382,51.5057651,-0.2818298,court,pitch,tennis,,private,,,,asphalt,0,,0,
1,Greater London,way,1481082383,51.5056766,-0.2816673,court,pitch,tennis,,private,,,,asphalt,0,,0,
1,Greater London,way,1481082384,51.5055677,-0.2814615,court,pitch,tennis,,private,,,,asphalt,0,,0,
1,Greater London,way,1481082385,51.5054818,-0.2812979,court,pitch,tennis,,private,,,,asphalt,0,,0,
1,Greater London,way,1481425884,51.4594052,-0.2880569,court,pitch,tennis,,private,,,,asphalt,0,,0,
1,Greater London,way,1481425885,51.4593832,-0.2878667,court,pitch,tennis,,private,,,,asphalt,0,,0,
1,Greater London,way,1481425886,51.4593598,-0.2876763,court,pitch,tennis,,private,,,,asphalt,0,,0,
1,Greater London,way,1481425887,51.4593371,-0.2874865,court,pitch,tennis,,private,,,,asphalt,0,,0,
1,Greater London,way,1483521115,51.580347,-0.2832982,court,pitch,tennis,,private,,,4,asphalt,0,,0,
1,Greater London,way,1483521116,51.5820387,-0.2817514,court,pitch,tennis,,private,,,2,asphalt,0,,0,
1,Greater London,way,1493074272,51.40865,0.0283501,court,pitch,tennis,,,,,,,0,,0,
1,Greater London,way,1493074273,51.4087753,0.0284168,court,pitch,tennis,,,,,,,0,,0,
1,Greater London,way,1493074274,51.4084957,0.0279292,court,pitch,tennis,,,,,,,0,,0,
1,Greater London,way,1493074275,51.4085627,0.027743,court,pitch,tennis,,,,,,,0,,0,
1,Greater London,way,1493074276,51.4088225,0.0280514,court,pitch,tennis,,,,,,,0,,0,
1,Greater London,way,1493074277,51.4088653,0.0278646,court,pitch,tennis,,,,,,,0,,0,
1,Greater London,way,1493074279,51.4089886,0.0286624,court,pitch,tennis,,,,,,,0,,0,
1,Greater London,way,1493074280,51.4090357,0.0284573,court,pitch,tennis,,,,,,,0,,0,
1,Greater London,way,1493074281,51.4091613,0.0280173,court,pitch,tennis,,,,,,,0,,0,
1,Greater London,way,1493074282,51.4091144,0.0282157,court,pitch,tennis,,,,,,,0,,0,
1,Greater London,way,1493074285,51.4094162,0.0284031,court,pitch,tennis,,,,,,,0,,0,
1,Greater London,way,1493074286,51.4094544,0.0282188,court,pitch,tennis,,,,,,,0,,0,
1,Greater London,way,1495897853,51.5233391,-0.0099664,court,pitch,tennis,,private,,,,,0,,0,
1,Greater London,way,1495897854,51.5233724,-0.0096963,court,pitch,tennis,,private,,,,,0,,0,
1,Greater London,way,1495897855,51.5234136,-0.0091844,court,pitch,tennis,,private,,,,,0,,0,
1,Greater London,way,1496767895,51.5123757,-0.0512106,court,pitch,tennis,,private,,,,,0,,0,
1,Greater London,way,1496767896,51.5123928,-0.0509372,court,pitch,tennis,,private,,,,,0,,0,
1,Greater London,way,1496767897,51.5123787,-0.0507254,court,pitch,tennis,,private,,,,,0,,0,
1,Greater London,way,1496767898,51.5123654,-0.050514,court,pitch,tennis,,private,,,,,0,,0,
1,Greater London,way,1497175759,51.5062274,-0.3093973,court,pitch,tennis,,,,,,artificial_turf,1,Lammas Enclosure,1,Lammas Enclosure
1,Greater London,way,1497175763,51.5064422,-0.3098576,court,pitch,tennis,,,,,,artificial_turf,1,Lammas Enclosure,1,Lammas Enclosure
1,Greater London,way,1497175764,51.5065118,-0.3096581,court,pitch,tennis,,,,,,artificial_turf,1,Lammas Enclosure,1,Lammas Enclosure
1,Greater London,way,1497175766,51.5064093,-0.3090567,court,pitch,tennis,,,,,,artificial_turf,1,Lammas Enclosure,1,Lammas Enclosure
1,Greater London,way,1497175767,51.506463,-0.3088704,court,pitch,tennis,,,,,,artificial_turf,1,Lammas Enclosure,1,Lammas Enclosure
1,Greater London,way,1497175768,51.5065204,-0.3086783,court,pitch,tennis,,,,,,artificial_turf,1,Lammas Enclosure,1,Lammas Enclosure
1,Greater London,way,1497175769,51.5061642,-0.3087002,court,pitch,tennis,,,,,,artificial_turf,1,Lammas Enclosure,1,Lammas Enclosure
1,Greater London,way,1497175770,51.5062215,-0.3084999,court,pitch,tennis,,,,,,artificial_turf,1,Lammas Enclosure,1,Lammas Enclosure
1,Greater London,way,1497881825,51.4631565,-0.2089592,court,pitch,tennis,,,,,,,0,,0,
1,Greater London,way,1497881826,51.4631301,-0.2088691,court,pitch,tennis,,,,,,,0,,0,
1,Greater London,way,1497881827,51.4631052,-0.2087805,court,pitch,tennis,,,,,,,0,,0,
1,Greater London,way,1498062714,51.4482705,0.1122956,court,pitch,tennis,,,,,,,0,,0,
1,Greater London,way,1498062715,51.448364,0.1124447,court,pitch,tennis,,,,,,,0,,0,
1,Greater London,way,1498062716,51.4481778,0.1121422,court,pitch,tennis,,,,,,,0,,0,
1,Greater London,way,1503074048,51.4884875,-0.234634,court,pitch,tennis,,private,,,,asphalt,0,,0,
1,Greater London,way,1503074049,51.4884534,-0.2344293,court,pitch,tennis,,private,,,,asphalt,0,,0,
1,Greater London,way,1503074050,51.4884201,-0.2342248,court,pitch,tennis,,private,,,,asphalt,0,,0,
1,Greater London,way,1503304972,51.3647422,-0.2078417,court,pitch,tennis,,private,,,,asphalthds724040ale640,0,,0,
1,Greater London,way,1503304973,51.3647299,-0.2076382,court,pitch,tennis,,private,,,,asphalthds724040ale640,0,,0,
1,Greater London,way,1503304974,51.3647168,-0.2073765,court,pitch,tennis,,private,,,,asphalthds724040ale640,0,,0,
1,Greater London,way,1503304975,51.3651712,-0.2077694,court,pitch,tennis,,private,,,,clay,0,,0,
1,Greater London,way,1503304976,51.365151,-0.2075943,court,pitch,tennis,,private,,,,clay,0,,0,
1,Greater London,way,1503304977,51.365213,-0.2073217,court,pitch,tennis,,private,,,,clay,0,,0,
1,Greater London,way,1503304978,51.3651871,-0.2071252,court,pitch,tennis,,private,,,,clay,0,,0,
1,Greater London,way,1506051126,51.4070361,-0.077394,court,pitch,tennis,,,,,,asphalt,1,South Norwood Lake,1,South Norwood Lake
1,Greater London,way,1506051127,51.4068577,-0.077781,court,pitch,tennis,,,,,,asphalt,1,South Norwood Lake,1,South Norwood Lake
1,Greater London,way,1506200343,51.3351887,-0.2250598,court,pitch,tennis,,private,,,,,0,,0,
1,Greater London,way,1506287102,51.5724717,0.1970659,court,pitch,tennis,,private,,,,,0,,0,
1,Greater London,way,1506287103,51.5725376,0.1973495,court,pitch,tennis,,private,,,,,0,,0,
1,Greater London,way,1508499764,51.3410578,-0.2161612,court,pitch,tennis,,private,,,,paved,0,,0,
1,Greater London,way,1508499772,51.3395296,-0.2154639,court,pitch,tennis,,private,,,,paved,0,,0,
1,Greater London,way,1508524740,51.3371066,-0.2129289,court,pitch,tennis,,private,,,,paved,0,,0,
1,Greater London,way,1510001223,51.5284011,0.0541404,court,pitch,tennis,,,,,,,1,Central Park,1,Central Park
1,Greater London,way,1510001224,51.5283919,0.0543519,court,pitch,tennis,,,,,,,1,Central Park,1,Central Park
1,Greater London,way,1510001225,51.5283836,0.0545632,court,pitch,tennis,,,,,,,1,Central Park,1,Central Park
1,Greater London,way,1510729641,51.4721528,-0.2608955,court,pitch,tennis,,,,,,acrylic,0,,0,
1,Greater London,way,1510729642,51.472159,-0.2606812,court,pitch,tennis,,,,,,acrylic,0,,0,
1,Greater London,way,1510729643,51.4721648,-0.2604697,court,pitch,tennis,,,,,,acrylic,0,,0,
1,Greater London,way,1510729644,51.4721711,-0.2602583,court,pitch,tennis,,,,,,acrylic,0,,0,
1,Greater London,way,1510729645,51.4721898,-0.2600067,court,pitch,tennis,,,,,,acrylic,0,,0,
1,Greater London,way,1510729646,51.472216,-0.2597961,court,pitch,tennis,,,,,,acrylic,0,,0,
1,Greater London,way,1510729659,51.4721606,-0.2616848,court,pitch,tennis,,,,,,clay,0,,0,
1,Greater London,way,1510729660,51.4721462,-0.2614665,court,pitch,tennis,,,,,,clay,0,,0,
1,Greater London,way,1510729661,51.4721318,-0.26125,court,pitch,tennis,,,,,,clay,0,,0,
1,Greater London,way,1510837769,51.3459997,-0.2107526,court,pitch,tennis,,private,,,,paved,0,,0,
1,Greater London,way,1510837770,51.3453434,-0.2100209,court,pitch,tennis,,private,,,,paved,0,,0,
1,Greater London,way,1510887091,51.3408956,-0.2139213,court,pitch,tennis,,private,,,,paved,0,,0,
1,Greater London,way,1510990588,51.5538269,0.2101009,court,pitch,tennis,,,,,,,0,,0,
1,Greater London,way,1510990589,51.553814,0.2103099,court,pitch,tennis,,,,,,,0,,0,
1,Greater London,way,1510990590,51.5538011,0.21052,court,pitch,tennis,,,,,,,0,,0,
1,Greater London,way,1510990592,51.5535765,0.21024,court,pitch,tennis,,,,,,,0,,0,
1,Greater London,relation,1554608,51.3557316,-0.3132578,court,pitch,tennis,,,,,,,0,,0,
1,Greater London,relation,3326129,51.5721995,-0.3950557,court,pitch,tennis,,,,,,,0,,0,
1,Greater London,relation,4268203,51.4346502,-0.2150463,sports_centre,sports_centre,tennis,,,The All England Lawn Tennis Club,,,,0,,0,
1,Greater London,relation,14589816,51.5598343,-0.4111275,court,pitch,tennis,,,Tennis Courts,,,,0,,0,
1,Greater London,relation,18365774,51.55308,-0.0153904,sports_centre,sports_centre,field_hockey;tennis;pickleball,,,Lee Valley Hockey and Tennis Centre,Greenwich Leisure Limited,,,1,Queen Elizabeth Olympic Park,1,Queen Elizabeth Olympic Park
2,Greater Manchester,node,11192881843,53.4512889,-2.3611662,sports_centre,sports_centre,bowls;cricket;croquet;field_hockey;soccer;softball;tennis,,,Urmston Sports Club,,,,0,,0,
2,Greater Manchester,way,4966974,53.4052728,-2.2282209,sports_centre,sports_centre,tennis,,,Didsbury Lawn Tennis Club,,,,0,,0,
2,Greater Manchester,way,4972022,53.4100466,-2.2298256,court,pitch,tennis,,,,,,artificial_turf,1,Fletcher Moss Gardens,1,Fletcher Moss Gardens
2,Greater Manchester,way,5175224,53.375386,-2.3331007,sports_centre,sports_centre,tennis,,,Hale Lawn Tennis Club,,,,0,,0,
2,Greater Manchester,way,7833680,53.3981863,-2.3338187,court,pitch,tennis,,,,,,,1,Pickering Lodge Park,1,Pickering Lodge Park
2,Greater Manchester,way,28101199,53.4858058,-2.2036233,court,pitch,tennis,,customers,,,,,0,,0,
2,Greater Manchester,way,32756585,53.4172572,-2.1929464,court,pitch,tennis,,yes,,,,,1,Thornfield Park,1,Thornfield Park
2,Greater Manchester,way,33502638,53.4919445,-2.6402072,court,pitch,tennis,,,,,,,1,Jubilee Park,1,Jubilee Park
2,Greater Manchester,way,33502641,53.4915523,-2.6402268,court,pitch,tennis,,,,,,,1,Jubilee Park,1,Jubilee Park
2,Greater Manchester,way,34284846,53.4392744,-2.2238764,court,pitch,tennis,,customers,,,,artificial_turf,0,,0,
2,Greater Manchester,way,34322335,53.4000671,-2.0582809,court,pitch,tennis,,customers,,,,clay,0,,0,
2,Greater Manchester,way,34477013,53.41771,-2.1840775,sports_centre,sports_centre,tennis;cricket;lacrosse;rugby_union,,,The Heatons Sports Club,,,,0,,0,
2,Greater Manchester,way,35155607,53.5280126,-2.7024883,sports_centre,sports_centre,tennis,,,Winstanley Tennis Club,,,asphalt,0,,0,
2,Greater Manchester,way,35157145,53.5288309,-2.7169294,court,pitch,tennis,,,,,,,0,,0,
2,Greater Manchester,way,35955088,53.4222015,-2.1933836,sports_centre,sports_centre,tennis;bowls;squash,,,"West Heaton Bowling, Tennis & Squash Club",,,,0,,0,
2,Greater Manchester,way,35955090,53.4219734,-2.1941812,court,pitch,tennis,,customers,,,,artificial_turf,0,,0,
2,Greater Manchester,way,35955091,53.4223076,-2.1942171,court,pitch,tennis,,customers,,,,artificial_turf,0,,0,
2,Greater Manchester,way,40978423,53.5182687,-2.2116334,court,pitch,tennis,,yes,,,,,1,Boggart Hole Clough,1,Boggart Hole Clough
2,Greater Manchester,way,45824484,53.5869814,-2.221938,court,pitch,tennis,,,,,,,0,,0,
2,Greater Manchester,way,54437541,53.4237651,-2.1076683,court,pitch,tennis,,yes,,,,asphalt,1,Bredbury Recreation Ground,1,Bredbury Recreation Ground
2,Greater Manchester,way,81196340,53.4136799,-2.4273916,court,pitch,tennis,,,,,,asphalt,0,,0,
2,Greater Manchester,way,86326103,53.4696564,-2.229991,court,pitch,tennis,,yes,,,,,1,Gartside Gardens,1,Gartside Gardens
2,Greater Manchester,way,87605884,53.391877,-2.3576779,court,pitch,tennis,,,,,,asphalt,1,John Leigh Park,1,John Leigh Park
2,Greater Manchester,way,87606013,53.3911568,-2.357345,court,pitch,tennis,,,,,,asphalt,1,John Leigh Park,1,John Leigh Park
2,Greater Manchester,way,89654333,53.3995664,-2.174131,court,pitch,tennis,,,,,,paved,1,Alexandra Park,1,Alexandra Park
2,Greater Manchester,way,94587036,53.4937747,-2.3422538,court,pitch,tennis,,customers,,,,,0,,0,
2,Greater Manchester,way,94587059,53.4942804,-2.3424803,court,pitch,tennis,,customers,,,,acrylic,0,,0,
2,Greater Manchester,way,95943904,53.3917795,-2.1536967,court,pitch,tennis,,yes,,,,,1,Cale Green Park,1,Cale Green Park
2,Greater Manchester,way,124187000,53.4295426,-2.3356772,court,pitch,tennis,,customers,,,,tartan,1,Ashton Park,1,Ashton Park
2,Greater Manchester,way,127544262,53.5479166,-2.5162652,court,pitch,tennis,,,,,,,0,,0,
2,Greater Manchester,way,135970116,53.3769561,-2.1138379,court,pitch,tennis,,,,,,tartan,1,Torkington Park,1,Torkington Park
2,Greater Manchester,way,136358850,53.3800883,-2.1177255,court,pitch,tennis,,customers,,,,asphalt,0,,0,
2,Greater Manchester,way,136358854,53.379888,-2.1169596,court,pitch,tennis,,customers,,,,asphalt,0,,0,
2,Greater Manchester,way,136361950,53.3604225,-2.071614,court,pitch,tennis,,customers,,,,asphalt,0,,0,
2,Greater Manchester,way,136361951,53.3604286,-2.0712859,sports_centre,sports_centre,tennis,sport,,Woodside Tennis Club,,,,0,,0,
2,Greater Manchester,way,136361956,53.3602079,-2.0718405,court,pitch,tennis,,customers,,,,paved,0,,0,
2,Greater Manchester,way,137311908,53.4254993,-2.185665,court,pitch,tennis,,yes,,,,,1,Heaton Moor Park,1,Heaton Moor Park
2,Greater Manchester,way,142274009,53.3994901,-2.3250293,court,pitch,tennis,,customers,,,,,0,,0,
2,Greater Manchester,way,144086657,53.4386355,-2.2116053,court,pitch,tennis,,,,,,acrylic,1,Kingswood Park,1,Kingswood Park
2,Greater Manchester,way,144086664,53.4385003,-2.2116067,court,pitch,tennis,,,,,,acrylic,1,Kingswood Park,1,Kingswood Park
2,Greater Manchester,way,146413571,53.4049987,-2.2818103,court,pitch,tennis,,,,,,,1,Wythenshawe Park,1,Wythenshawe Park
2,Greater Manchester,way,157057985,53.5575231,-2.1986039,court,pitch,tennis,,customers,,,,asphalt,0,,0,
2,Greater Manchester,way,158605691,53.3901466,-2.1462575,court,pitch,lacrosse;tennis,,private,,,,,0,,0,
2,Greater Manchester,way,159483501,53.6425159,-2.3115928,court,pitch,tennis,,,,,,,1,Nuttall Park,1,Nuttall Park
2,Greater Manchester,way,160685885,53.390465,-2.2242315,sports_centre,sports_centre,cricket;tennis;lacrosse;bowls,,,Cheadle (Kingsway) Sports Club,,,,0,,0,
2,Greater Manchester,way,164972746,53.5905123,-2.302845,court,pitch,tennis,,,,,,,0,,0,
2,Greater Manchester,way,164972749,53.5909044,-2.3029845,court,pitch,tennis,,,,,,,0,,0,
2,Greater Manchester,way,164972769,53.5910692,-2.3023783,court,pitch,tennis,,,,,,,0,,0,
2,Greater Manchester,way,164972770,53.5908445,-2.3027901,court,pitch,tennis,,,,,,,0,,0,
2,Greater Manchester,way,164972771,53.5911802,-2.3027498,court,pitch,tennis,,,,,,,0,,0,
2,Greater Manchester,way,164972790,53.5907888,-2.3026076,court,pitch,tennis,,,,,,,0,,0,
2,Greater Manchester,way,164972792,53.5905705,-2.303026,court,pitch,tennis,,,,,,,0,,0,
2,Greater Manchester,way,164972793,53.591126,-2.3025648,court,pitch,tennis,,,,,,,0,,0,
2,Greater Manchester,way,166709618,53.5368598,-2.2184343,court,pitch,tennis,,,,,,asphalt,0,,0,
2,Greater Manchester,way,167270575,53.447253,-2.3926562,court,pitch,tennis,,private,,,,asphalt,0,,0,
2,Greater Manchester,way,172224211,53.4672575,-2.1500521,court,pitch,tennis,,private,,,,asphalt,0,,0,
2,Greater Manchester,way,173737701,53.4371266,-2.1915658,court,pitch,tennis,,,,,,,1,Cringle Park,1,Cringle Park
2,Greater Manchester,way,173737709,53.4371508,-2.1917821,court,pitch,tennis,,,,,,,1,Cringle Park,1,Cringle Park
2,Greater Manchester,way,175460723,53.5445835,-2.1549971,court,pitch,tennis,,,,,,,0,,0,
2,Greater Manchester,way,175517619,53.5471408,-2.1822932,court,pitch,tennis,,,,,,,0,,0,
2,Greater Manchester,way,175665329,53.5614973,-2.1901323,court,pitch,tennis,,,,,,,0,,0,
2,Greater Manchester,way,175665395,53.5697257,-2.1917833,court,pitch,tennis,,,,,,,0,,0,
2,Greater Manchester,way,175665515,53.5674387,-2.2000225,court,pitch,tennis,,private,,,,asphalt,0,,0,
2,Greater Manchester,way,175756537,53.5536414,-2.1588528,court,pitch,tennis,,,,,,,1,Chadderton Hall Park,1,Chadderton Hall Park
2,Greater Manchester,way,175982804,53.5414363,-2.1971938,sports_centre,sports_centre,tennis,sport,,Alkrington Tennis & Social Club,,,,0,,0,
2,Greater Manchester,way,177511674,53.5525524,-2.2223437,court,pitch,tennis,,,,,,,1,Truffet Park,1,Truffet Park
2,Greater Manchester,way,178815142,53.532961,-2.2788258,sports_centre,sports_centre,cricket;tennis;bowls,,,"Prestwich Cricket, Tennis & Bowling Club",,,,0,,0,
2,Greater Manchester,way,187319374,53.4562021,-2.2170325,court,pitch,tennis,,private,,,,,0,,0,
2,Greater Manchester,way,189531621,53.5792754,-2.5405599,court,pitch,tennis,,,,,,,0,,0,
2,Greater Manchester,way,202711031,53.3986575,-2.0888932,court,pitch,tennis,,private,,,,asphalt,0,,0,
2,Greater Manchester,way,202896976,53.6390946,-2.1349472,court,pitch,tennis,,,,,,,0,,0,
2,Greater Manchester,way,202897191,53.6426726,-2.1295687,court,pitch,tennis,,,,,,,0,,0,
2,Greater Manchester,way,204127489,53.4806561,-2.3450613,court,pitch,tennis,,,,,,asphalt,0,,0,
2,Greater Manchester,way,204515542,53.4473677,-2.2094029,court,pitch,tennis,,private,,,,,0,,0,
2,Greater Manchester,way,204644915,53.4698846,-2.3615622,court,pitch,tennis,,customers,,,,,0,,0,
2,Greater Manchester,way,204644916,53.4700668,-2.3618097,court,pitch,tennis,,customers,,,,,0,,0,
2,Greater Manchester,way,205491476,53.5012766,-2.0677549,court,pitch,tennis,,customers,,,,asphalt,0,,0,
2,Greater Manchester,way,208574963,53.5037699,-2.0679792,court,pitch,tennis,,customers,,,,,0,,0,
2,Greater Manchester,way,209434775,53.5286017,-2.1448289,court,pitch,tennis,,,,,,,1,Coalshaw Green Park,1,Coalshaw Green Park
2,Greater Manchester,way,209832015,53.4394786,-2.2263742,court,pitch,netball;tennis,,private,,,,,0,,0,
2,Greater Manchester,way,210721959,53.5867695,-2.091185,court,pitch,tennis,,,,,,,1,Dunwood Park,1,Dunwood Park
2,Greater Manchester,way,230721107,53.5289096,-2.2787475,court,pitch,tennis,,yes,,,,asphalt,1,St Mary's Park,1,St Mary's Park
2,Greater Manchester,way,230966695,53.5334835,-2.279281,court,pitch,tennis,,customers,,,,,0,,0,
2,Greater Manchester,way,230975451,53.5491475,-2.2972294,court,pitch,tennis,,,,,,,1,Hamilton Road Park,1,Hamilton Road Park
2,Greater Manchester,way,230986773,53.5635501,-2.3439207,court,pitch,tennis,,,,,,,1,,1,
2,Greater Manchester,way,237002578,53.4721301,-2.1552903,court,pitch,tennis,,,,,,asphalt,1,Delamere Park,1,Delamere Park
2,Greater Manchester,way,244561852,53.4142809,-2.1635861,court,pitch,tennis,,yes,,,,asphalt,1,Heaton Norris Park,1,Heaton Norris Park
2,Greater Manchester,way,245198566,53.3682404,-2.1949368,court,pitch,tennis,,private,,,,,0,,0,
2,Greater Manchester,way,250535411,53.5921175,-2.1820347,court,pitch,tennis,,,,,,,0,,0,
2,Greater Manchester,way,250835952,53.5576758,-2.6266329,court,pitch,tennis,,,,,,,0,,0,
2,Greater Manchester,way,254011143,53.6289209,-2.3644811,court,pitch,tennis,,customers,,,,,0,,0,
2,Greater Manchester,way,254011145,53.629357,-2.3646571,court,pitch,tennis,,customers,,,,,0,,0,
2,Greater Manchester,way,254848324,53.519012,-2.1266996,court,pitch,tennis,,,,,,,0,,0,
2,Greater Manchester,way,258343845,53.454918,-2.1163958,court,pitch,tennis,,yes,,,,asphalt,1,Victoria Park,1,Victoria Park
2,Greater Manchester,way,263689254,53.4900723,-2.2559346,court,pitch,basketball;soccer;tennis,,,,,,artificial_turf,0,,0,
2,Greater Manchester,way,277507252,53.5940511,-2.3163773,court,pitch,tennis,,,,,,,1,Whitehead Park,1,Whitehead Park
2,Greater Manchester,way,277510145,53.5936836,-2.3274458,sports_centre,sports_centre,cricket;soccer;tennis,,,Elton Vale Sports Centre,,,,0,,0,
2,Greater Manchester,way,277712198,53.3521286,-2.1609274,court,pitch,tennis,,customers,,,,,0,,0,
2,Greater Manchester,way,278032173,53.5510913,-2.5213342,court,pitch,tennis,,,,,,asphalt,1,Central Park,1,Central Park
2,Greater Manchester,way,280744542,53.4334272,-2.2134716,court,pitch,tennis,,,,,,asphalt,1,Ladybarn Park,1,Ladybarn Park
2,Greater Manchester,way,281204925,53.4555274,-2.2153232,court,pitch,tennis,,private,,,,asphalt,0,,0,
2,Greater Manchester,way,281878464,53.4468724,-2.219815,court,pitch,tennis;soccer;multi,,private,,,,artificial_turf,0,,0,
2,Greater Manchester,way,281878475,53.4472507,-2.2197075,court,pitch,tennis,,private,,,,,0,,0,
2,Greater Manchester,way,281878483,53.44718,-2.2202458,court,pitch,tennis,,private,,,,,0,,0,
2,Greater Manchester,way,282047221,53.4450582,-2.2249172,court,pitch,tennis,,,,,,asphalt,1,Platt Fields Park,1,Platt Fields Park
2,Greater Manchester,way,282047223,53.4450539,-2.2247365,court,pitch,tennis,,,,,,asphalt,1,Platt Fields Park,1,Platt Fields Park
2,Greater Manchester,way,283761359,53.5806551,-2.4411724,court,pitch,tennis,,,,,,,0,,0,
2,Greater Manchester,way,287036911,53.3634914,-2.1859027,court,pitch,tennis,,customers,,,,,0,,0,
2,Greater Manchester,way,288862022,53.4077109,-2.2614492,court,pitch,tennis,,customers,,,,asphalt,0,,0,
2,Greater Manchester,way,290617852,53.3661618,-2.1661149,sports_centre,sports_centre,tennis,,,Bramhall Lane Lawn Tennis Club,,,,0,,0,
2,Greater Manchester,way,290617853,53.3667777,-2.1661374,court,pitch,tennis,,customers,,,,,0,,0,
2,Greater Manchester,way,290617854,53.3668059,-2.1659027,court,pitch,tennis,,customers,,,,,0,,0,
2,Greater Manchester,way,290617855,53.3664003,-2.1658899,court,pitch,tennis,,customers,,,,,0,,0,
2,Greater Manchester,way,290617856,53.3663736,-2.1661013,court,pitch,tennis,,customers,,,,,0,,0,
2,Greater Manchester,way,290617857,53.3663476,-2.1663171,court,pitch,tennis,,customers,,,,,0,,0,
2,Greater Manchester,way,290617967,53.3660168,-2.1662172,court,pitch,tennis,,customers,,,,,0,,0,
2,Greater Manchester,way,290617968,53.3660424,-2.1660034,court,pitch,tennis,,customers,,,,,0,,0,
2,Greater Manchester,way,290617969,53.366067,-2.1657836,court,pitch,tennis,,customers,,,,,0,,0,
2,Greater Manchester,way,290617970,53.365715,-2.1659035,court,pitch,tennis,,customers,,,,,0,,0,
2,Greater Manchester,way,290617971,53.3657418,-2.1656778,court,pitch,tennis,,customers,,,,,0,,0,
2,Greater Manchester,way,290715502,53.5105364,-2.2336063,court,pitch,tennis,,private,,,,,0,,0,
2,Greater Manchester,way,292015008,53.3845717,-2.144162,sports_centre,sports_centre,tennis,,,Davenport Lawn Tennis Club,,,,0,,0,
2,Greater Manchester,way,292912944,53.6127933,-2.3958778,court,pitch,tennis,,,,,,,0,,0,
2,Greater Manchester,way,297356202,53.4832862,-2.107207,court,pitch,tennis,,,,,,chipseal,1,West End Park,1,West End Park
2,Greater Manchester,way,300376764,53.6014655,-2.2164057,court,pitch,tennis,,,,,,,1,Queen's Park,1,Queen's Park
2,Greater Manchester,way,303233231,53.5687477,-2.1237885,court,pitch,tennis,,,,,,,1,Royton Park,1,Royton Park
2,Greater Manchester,way,316892312,53.5356461,-2.0102195,court,pitch,tennis,,,,,,asphalt,0,,0,
2,Greater Manchester,way,316892313,53.5355708,-2.0100482,court,pitch,tennis,,,,,,asphalt,0,,0,
2,Greater Manchester,way,316892314,53.5358016,-2.0098813,court,pitch,tennis,,,,,,asphalt,0,,0,
2,Greater Manchester,way,316892315,53.5354957,-2.0098958,court,pitch,tennis,,,,,,asphalt,0,,0,
2,Greater Manchester,way,320750995,53.5793616,-2.4635836,court,pitch,tennis,,,,,,,0,,0,
2,Greater Manchester,way,320750997,53.5795619,-2.464131,court,pitch,tennis,,,,,,,0,,0,
2,Greater Manchester,way,321911824,53.4371891,-2.1546388,court,pitch,tennis,,,,,,,0,,0,
2,Greater Manchester,way,326550131,53.4182836,-2.1838687,court,pitch,tennis,,customers,,,,artificial_turf,0,,0,
2,Greater Manchester,way,331813784,53.5164254,-2.4000442,court,pitch,tennis,,,,,,asphalt,1,Parr Fold Park,1,Parr Fold Park
2,Greater Manchester,way,331813787,53.516776,-2.3998932,court,pitch,tennis,,,,,,,1,Parr Fold Park,1,Parr Fold Park
2,Greater Manchester,way,334118047,53.3867909,-2.2281764,court,pitch,tennis,,private,,,,asphalt,0,,0,
2,Greater Manchester,way,335866590,53.4432591,-2.420732,court,pitch,tennis,,,,,,,1,Prince's Park,1,Prince's Park
2,Greater Manchester,way,337577298,53.4520319,-2.3882683,sports_centre,sports_centre,cricket;tennis;bowls,,,Flixton Cricket and Sports Club,,,,0,,0,
2,Greater Manchester,way,338177383,53.5082883,-2.327291,court,pitch,tennis,,,,,,,1,Victoria Park,1,Victoria Park
2,Greater Manchester,way,343984190,53.6131015,-2.2105035,court,pitch,tennis,,,,,,,0,,0,
2,Greater Manchester,way,343997493,53.6081982,-2.2088304,court,pitch,tennis,,,,,,,0,,0,
2,Greater Manchester,way,343997495,53.6100118,-2.2138271,court,pitch,tennis,,,,,,,0,,0,
2,Greater Manchester,way,368446885,53.389408,-2.244026,sports_centre,sports_centre,tennis,sport,,Baxter Park and Brookside Tennis Club,,,,0,,0,
2,Greater Manchester,way,369503886,53.4419256,-2.102469,court,pitch,tennis,,,,,,,0,,0,
2,Greater Manchester,way,379447360,53.4591674,-2.1570513,court,pitch,tennis,,,,,,asphalt,1,Debdale Park,1,Debdale Park
2,Greater Manchester,way,379662026,53.5347343,-2.2171747,court,pitch,tennis,,,,,,,1,Blackley Recreational Ground,1,Blackley Recreational Ground
2,Greater Manchester,way,385610990,53.6060432,-2.4049483,court,pitch,tennis,,,,,,,0,,0,
2,Greater Manchester,way,388712746,53.4348855,-2.2022179,court,pitch,tennis,,private,,,,asphalt,0,,0,
2,Greater Manchester,way,388712747,53.4348902,-2.2026697,court,pitch,tennis,,private,,,,asphalt,0,,0,
2,Greater Manchester,way,394446151,53.3844584,-2.1441966,court,pitch,tennis,,customers,,,,artificial_turf,0,,0,
2,Greater Manchester,way,394446152,53.3843255,-2.1443448,court,pitch,tennis,,customers,,,,artificial_turf,0,,0,
2,Greater Manchester,way,394446153,53.3845668,-2.1440735,court,pitch,tennis,,customers,,,,artificial_turf,0,,0,
2,Greater Manchester,way,394446154,53.3846764,-2.1439505,court,pitch,tennis,,customers,,,,artificial_turf,0,,0,
2,Greater Manchester,way,395192755,53.605216,-2.2890246,court,pitch,tennis,,,,,,,1,Clarence Park,1,Clarence Park
2,Greater Manchester,way,397701176,53.6083776,-2.4251419,court,pitch,tennis,,,,,,,0,,0,
2,Greater Manchester,way,397701189,53.6083679,-2.4253712,court,pitch,tennis,,,,,,,0,,0,
2,Greater Manchester,way,397849877,53.6078758,-2.4243211,court,pitch,tennis,,,,,,,0,,0,
2,Greater Manchester,way,397849878,53.6077377,-2.4243106,court,pitch,tennis,,,,,,,0,,0,
2,Greater Manchester,way,403912287,53.5687818,-2.1029538,court,pitch,tennis,,,,,,,1,,1,
2,Greater Manchester,way,411766020,53.4189487,-2.3146871,court,pitch,tennis;soccer;basketball,,,,,,paved,0,,0,
2,Greater Manchester,way,414497784,53.4136978,-2.3310107,court,pitch,tennis,,,,,,paved,1,Walton Park,1,Walton Park
2,Greater Manchester,way,415327922,53.3702738,-2.3188254,court,pitch,tennis,,private,,,,artificial_turf,0,,0,
2,Greater Manchester,way,416396638,53.4140974,-2.315894,court,pitch,tennis,,customers,,D.W Fitness,,,0,,0,
2,Greater Manchester,way,416396640,53.413705,-2.3156179,court,pitch,tennis,,customers,,D.W Fitness,,,0,,0,
2,Greater Manchester,way,416409655,53.4133973,-2.3154993,court,pitch,tennis,,customers,,D.W Fitness,,,0,,0,
2,Greater Manchester,way,416428157,53.414376,-2.3168121,sports_centre,sports_centre,squash;cricket;tennis;bowls;field_hockey;lacrosse;soccer,,,Brooklands Sports Club,,,,0,,0,
2,Greater Manchester,way,419884797,53.4971881,-2.3120717,court,pitch,tennis,,,,,,,1,Lightoaks Park,1,Lightoaks Park
2,Greater Manchester,way,423039803,53.4136351,-2.3308314,court,pitch,tennis,,,,,,paved,1,Walton Park,1,Walton Park
2,Greater Manchester,way,423100254,53.4486617,-2.1800485,court,pitch,tennis,,yes,,,,asphalt,1,Greenbank Park,1,Greenbank Park
2,Greater Manchester,way,423100260,53.4334574,-2.2132559,court,pitch,tennis,,,,,,asphalt,1,Ladybarn Park,1,Ladybarn Park
2,Greater Manchester,way,423100267,53.4485444,-2.1800048,court,pitch,tennis,,yes,,,,asphalt,1,Greenbank Park,1,Greenbank Park
2,Greater Manchester,way,425547988,53.629549,-2.4392947,court,pitch,tennis,,,,,,,1,Egerton Park,1,Egerton Park
2,Greater Manchester,way,433128377,53.4040291,-2.3486024,court,pitch,tennis,,customers,,,,,0,,0,
2,Greater Manchester,way,433287982,53.568032,-2.1316901,court,pitch,tennis,,,,,,,0,,0,
2,Greater Manchester,way,437138171,53.4276082,-2.3058482,sports_centre,sports_centre,cricket;field_hockey;rugby_union;soccer;tennis,,,Sale Sports Club,,,,0,,0,
2,Greater Manchester,way,443456025,53.5288557,-2.1224745,court,pitch,tennis,,private,,,,asphalt,0,,0,
2,Greater Manchester,way,443456026,53.5287856,-2.123009,court,pitch,tennis,,private,,,,,0,,0,
2,Greater Manchester,way,443458575,53.6070844,-2.1132231,court,pitch,tennis,,,Milnrow Tennis Club,,,,0,,0,
2,Greater Manchester,way,444085229,53.5393863,-2.1610052,court,pitch,tennis,,,,,,,1,Foxdenton Park,1,Foxdenton Park
2,Greater Manchester,way,445364419,53.3760923,-2.1705321,court,pitch,tennis,,customers,,,,artificial_turf,0,,0,
2,Greater Manchester,way,445364420,53.3761899,-2.1709072,court,pitch,tennis,,customers,,,,artificial_turf,0,,0,
2,Greater Manchester,way,445364421,53.3763772,-2.1713149,court,pitch,tennis,,customers,,,,asphalt,0,,0,
2,Greater Manchester,way,449506166,53.5572047,-2.4160027,court,pitch,tennis,,customers,,,,,0,,0,
2,Greater Manchester,way,469226675,53.6135212,-2.3393711,court,pitch,tennis,,,,,,asphalt,1,Town Meadow Park,1,Town Meadow Park
2,Greater Manchester,way,469230519,53.5792765,-2.540331,court,pitch,tennis,,,,,,,0,,0,
2,Greater Manchester,way,469557498,53.5866771,-2.2989967,court,pitch,tennis,,,,,,asphalt,1,Manchester Road Park,1,Manchester Road Park
2,Greater Manchester,way,472312505,53.4458014,-2.1593694,court,pitch,tennis,,permissive,,,,asphalt,1,North Reddish Park,1,North Reddish Park
2,Greater Manchester,way,474901279,53.4854194,-2.520465,court,pitch,tennis,,customers,,,,,0,,0,
2,Greater Manchester,way,474901281,53.4850996,-2.5203532,court,pitch,tennis,,customers,,,,,0,,0,
2,Greater Manchester,way,474901283,53.4848931,-2.5200126,court,pitch,tennis,,customers,,,,asphalt,0,,0,
2,Greater Manchester,way,474901440,53.4861298,-2.5269293,court,pitch,tennis,,yes,,,,asphalt,1,Pennington Hall Park,1,Pennington Hall Park
2,Greater Manchester,way,474909373,53.4415791,-2.2543165,court,pitch,tennis,,customers,,,,asphalt,0,,0,
2,Greater Manchester,way,474909375,53.4415733,-2.2545182,court,pitch,tennis,,customers,,,,asphalt,0,,0,
2,Greater Manchester,way,474909376,53.4415666,-2.2547203,court,pitch,tennis,,customers,,,,asphalt,0,,0,
2,Greater Manchester,way,474909378,53.4407387,-2.2547807,sports_centre,sports_centre,cricket;tennis,,,Whalley Range Cricket & Lawn Tennis Club,,,,0,,0,
2,Greater Manchester,way,479960445,53.4945829,-2.3103464,sports_centre,sports_centre,tennis,sport,,Claremont Tennis & Social Club,,,,0,,0,
2,Greater Manchester,way,481047600,53.4536442,-2.3548905,court,pitch,tennis,,,,,,asphalt,1,Davyhulme Park,1,Davyhulme Park
2,Greater Manchester,way,492669362,53.4477707,-2.3670243,court,pitch,tennis,,,,,,paved,1,Abbotsfield Park,1,Abbotsfield Park
2,Greater Manchester,way,497157888,53.4358185,-2.2678999,court,pitch,tennis,,,,,,asphalt,1,Chorlton Park,1,Chorlton Park
2,Greater Manchester,way,497157889,53.4355624,-2.2682046,court,pitch,tennis,,,,,,asphalt,1,Chorlton Park,1,Chorlton Park
2,Greater Manchester,way,524701915,53.4517024,-2.2472238,court,pitch,tennis,,yes,,,,,1,Alexandra Park,1,Alexandra Park
2,Greater Manchester,way,542554993,53.5911326,-2.3887792,court,pitch,tennis,,,,,,,0,,0,
2,Greater Manchester,way,542554994,53.5910444,-2.3886034,court,pitch,tennis,,,,,,,0,,0,
2,Greater Manchester,way,542554995,53.5909589,-2.3884408,court,pitch,tennis,,,,,,,0,,0,
2,Greater Manchester,way,542554996,53.5908719,-2.3882701,court,pitch,tennis,,,,,,,0,,0,
2,Greater Manchester,way,543671977,53.5787609,-2.5007477,court,pitch,tennis,,,Lostock Tennis Club,,,,0,,0,
2,Greater Manchester,way,548074615,53.4006804,-2.0583241,court,pitch,tennis,,customers,,,,artificial_clay,0,,0,
2,Greater Manchester,way,548275022,53.3771061,-2.041749,court,pitch,tennis,,,,,,,0,,0,
2,Greater Manchester,way,553066354,53.5115925,-2.1712942,court,pitch,tennis,,,,,,,1,Lower Memorial Park,1,Lower Memorial Park
2,Greater Manchester,way,553066355,53.5116075,-2.1710913,court,pitch,tennis,,,,,,,1,Lower Memorial Park,1,Lower Memorial Park
2,Greater Manchester,way,555416221,53.4417614,-2.0615706,court,pitch,tennis;multi,,private,,,,asphalt,0,,0,
2,Greater Manchester,way,555416222,53.4414822,-2.0612562,court,pitch,tennis;multi,,private,,,,asphalt,0,,0,
2,Greater Manchester,way,555416223,53.4421472,-2.0609961,court,pitch,tennis;multi,,private,,,,asphalt,0,,0,
2,Greater Manchester,way,555416224,53.441992,-2.0610361,court,pitch,tennis;multi,,private,,,,asphalt,0,,0,
2,Greater Manchester,way,558235282,53.3925523,-2.2376363,court,pitch,tennis,,yes,,,,,1,Gatley Recreation Ground,1,Gatley Recreation Ground
2,Greater Manchester,way,559751012,53.4569439,-2.2241996,court,pitch,soccer;tennis,,private,,,,tartan,0,,0,
2,Greater Manchester,way,560320067,53.4596653,-2.2375944,court,pitch,tennis,,private,,,,,0,,0,
2,Greater Manchester,way,560320069,53.459282,-2.2375985,court,pitch,tennis,,private,,,,,0,,0,
2,Greater Manchester,way,564566589,53.5538031,-2.63952,court,pitch,tennis,,,,,,asphalt,1,Mesnes Park,1,Mesnes Park
2,Greater Manchester,way,565153417,53.5354667,-2.6557034,court,pitch,tennis,,,,,,asphalt,1,Alexandra Park,1,Alexandra Park
2,Greater Manchester,way,579764104,53.5829973,-2.479057,tennis_club,,,tennis,,Markland Hill Lawn Tennis Club,,,,0,,0,
2,Greater Manchester,way,580075353,53.5806024,-2.5117089,court,pitch,tennis,,,,,,,0,,0,
2,Greater Manchester,way,580075354,53.5805817,-2.5115185,court,pitch,tennis,,,,,,,0,,0,
2,Greater Manchester,way,591597056,53.4603277,-2.1209546,court,pitch,tennis,,private,,,,asphalt,0,,0,
2,Greater Manchester,way,598040399,53.3952401,-2.1422417,court,pitch,tennis,,private,,,,,0,,0,
2,Greater Manchester,way,606838789,53.6154478,-2.413152,court,pitch,tennis,,,,,,,0,,0,
2,Greater Manchester,way,614084012,53.4704167,-2.2501669,court,pitch,tennis,,,,,,,0,,0,
2,Greater Manchester,way,614219718,53.3841539,-2.3435802,court,pitch,tennis,,yes,,,,asphalt,1,Stamford Park,1,Stamford Park
2,Greater Manchester,way,623053175,53.5245546,-2.1880748,court,pitch,tennis,,private,,,,asphalt,0,,0,
2,Greater Manchester,way,638772534,53.6186558,-2.2969326,court,pitch,tennis,,,,,,,0,,0,
2,Greater Manchester,way,643517027,53.5454445,-2.6563238,court,pitch,tennis,,,,,,,0,,0,
2,Greater Manchester,way,654160866,53.5988495,-2.472139,sports_centre,sports_centre,tennis,,,,,,,0,,0,
2,Greater Manchester,way,654160867,53.5989119,-2.4719274,court,pitch,tennis,,,,,,,0,,0,
2,Greater Manchester,way,654160868,53.5988511,-2.4721331,court,pitch,tennis,,,,,,,0,,0,
2,Greater Manchester,way,654199300,53.580344,-2.4444209,court,pitch,tennis,,,,,,asphalt,1,Queen's Park,1,Queen's Park
2,Greater Manchester,way,659331461,53.5692665,-2.498057,court,pitch,tennis,,,,,,,0,,0,
2,Greater Manchester,way,659331462,53.5693385,-2.4979002,court,pitch,tennis,,,,,,,0,,0,
2,Greater Manchester,way,662997559,53.4230737,-2.2372265,court,pitch,tennis,,customers,,,,,0,,0,
2,Greater Manchester,way,662997561,53.4233287,-2.2357979,court,pitch,tennis,,customers,,,,,0,,0,
2,Greater Manchester,way,662997574,53.4235753,-2.2369066,sports_centre,sports_centre,tennis;fitness;squash,,,The Northern,,,,0,,0,
2,Greater Manchester,way,664380404,53.3691477,-2.3558739,court,pitch,tennis,,private,,,,,0,,0,
2,Greater Manchester,way,674159417,53.4181851,-2.2604559,court,pitch,tennis,,yes,,,,asphalt,0,,0,
2,Greater Manchester,way,674159419,53.4181923,-2.2600448,court,pitch,tennis,,yes,,,,asphalt,0,,0,
2,Greater Manchester,way,674261179,53.5420957,-2.3976431,court,pitch,tennis,,,,,,asphalt,0,,0,
2,Greater Manchester,way,674261183,53.5421259,-2.3974416,court,pitch,tennis,,,,,,asphalt,0,,0,
2,Greater Manchester,way,674261185,53.5421543,-2.3972458,court,pitch,tennis,,,,,,asphalt,0,,0,
2,Greater Manchester,way,674261187,53.5421845,-2.3970426,court,pitch,tennis,,,,,,asphalt,0,,0,
2,Greater Manchester,way,697981846,53.4096278,-2.2165736,court,pitch,tennis,,private,,,,asphalt,0,,0,
2,Greater Manchester,way,725881504,53.3753414,-2.3496598,court,pitch,tennis,,private,,,,,0,,0,
2,Greater Manchester,way,737943184,53.4289919,-2.2495595,court,pitch,netball;tennis,,private,,,,asphalt,0,,0,
2,Greater Manchester,way,771111371,53.565168,-2.5885168,court,pitch,tennis,,,,,,asphalt,0,,0,
2,Greater Manchester,way,772950701,53.564014,-2.3058973,court,pitch,tennis,,,,,,,1,Close Park,1,Close Park
2,Greater Manchester,way,802223140,53.490606,-2.377405,court,pitch,tennis,,,,,,,0,,0,
2,Greater Manchester,way,802223141,53.4910728,-2.3763673,sports_centre,sports_centre,bowls;tennis,sport,,"Winton Bowling, Tennis and Social Club",,,,0,,0,
2,Greater Manchester,way,802225355,53.4939056,-2.3433792,sports_centre,sports_centre,cricket;soccer;lacrosse;tennis;squash,sport,,Monton Sports Club,,,,0,,0,
2,Greater Manchester,way,807399720,53.4003928,-2.0581957,sports_centre,sports_centre,tennis,sport,,Brabyns Tennis Club,,,,0,,0,
2,Greater Manchester,way,807401167,53.4003584,-2.0577485,court,pitch,tennis,,customers,,,,clay,0,,0,
2,Greater Manchester,way,807401168,53.4002695,-2.0579054,court,pitch,tennis,,customers,,,,clay,0,,0,
2,Greater Manchester,way,807401169,53.4001563,-2.0581202,court,pitch,tennis,,customers,,,,clay,0,,0,
2,Greater Manchester,way,807401170,53.4008178,-2.0579798,court,pitch,tennis,,customers,,,,artificial_clay,0,,0,
2,Greater Manchester,way,807401171,53.4007497,-2.0581494,court,pitch,tennis,,customers,,,,artificial_clay,0,,0,
2,Greater Manchester,way,808425004,53.3777772,-2.343739,court,pitch,tennis,,customers,,,,artificial_turf,0,,0,
2,Greater Manchester,way,808425005,53.3776884,-2.3435866,court,pitch,tennis,,customers,,,,artificial_turf,0,,0,
2,Greater Manchester,way,808425006,53.3778789,-2.3433708,court,pitch,tennis,,customers,,,,artificial_turf,0,,0,
2,Greater Manchester,way,808425007,53.3777848,-2.3433649,sports_centre,sports_centre,tennis,,,Hale Village Tennis Club,,,,0,,0,
2,Greater Manchester,way,814301205,53.6238146,-2.3252352,court,pitch,tennis,,customers,,,,,0,,0,
2,Greater Manchester,way,814648212,53.6409218,-2.3404514,court,pitch,tennis,,private,,,,,0,,0,
2,Greater Manchester,way,828114796,53.4578149,-2.0761541,court,pitch,tennis,,yes,,,,asphalt,1,Hyde Park,1,Hyde Park
2,Greater Manchester,way,831153832,53.5413945,-2.6996314,court,pitch,tennis,,,,,,,0,,0,
2,Greater Manchester,way,854048294,53.4498727,-2.368933,court,pitch,netball;tennis,,private,,,,asphalt,0,,0,
2,Greater Manchester,way,854048300,53.4518867,-2.3872596,court,pitch,tennis,,customers,,,,,0,,0,
2,Greater Manchester,way,858072118,53.3772225,-2.2202252,court,pitch,tennis,,customers,,,,,0,,0,
2,Greater Manchester,way,858072119,53.377494,-2.2198817,court,pitch,tennis,,customers,,,,,0,,0,
2,Greater Manchester,way,858072120,53.3771615,-2.2199618,court,pitch,tennis,,customers,,,,,0,,0,
2,Greater Manchester,way,858072121,53.3775483,-2.2203729,court,pitch,tennis,,,,,,,0,,0,
2,Greater Manchester,way,881223340,53.6042079,-2.1884013,court,pitch,tennis,,,,,,,1,Springfield Park,1,Springfield Park
2,Greater Manchester,way,881223341,53.6044459,-2.1887385,court,pitch,tennis,,,,,,,1,Springfield Park,1,Springfield Park
2,Greater Manchester,way,897592679,53.5936078,-2.4650616,court,pitch,tennis,,,,,,asphalt,1,Moss Bank Park,1,Moss Bank Park
2,Greater Manchester,way,897592680,53.5936738,-2.4648958,court,pitch,tennis,,,,,,,1,Moss Bank Park,1,Moss Bank Park
2,Greater Manchester,way,897592681,53.5937391,-2.4647353,court,pitch,tennis,,,,,,,1,Moss Bank Park,1,Moss Bank Park
2,Greater Manchester,way,897592682,53.5938108,-2.4645705,court,pitch,tennis,,,,,,,1,Moss Bank Park,1,Moss Bank Park
2,Greater Manchester,way,907684659,53.37938,-2.3608403,court,pitch,tennis,,customers,,,,,0,,0,
2,Greater Manchester,way,907684660,53.3791589,-2.3611879,court,pitch,tennis,,customers,,,,,0,,0,
2,Greater Manchester,way,907684661,53.3791528,-2.3609693,court,pitch,tennis,,customers,,,,,0,,0,
2,Greater Manchester,way,907684662,53.3791465,-2.3607115,court,pitch,tennis,,customers,,,,,0,,0,
2,Greater Manchester,way,907684663,53.3788188,-2.360765,court,pitch,tennis,,customers,,,,,0,,0,
2,Greater Manchester,way,907684664,53.3788178,-2.3612813,court,pitch,tennis,,customers,,,,,0,,0,
2,Greater Manchester,way,909069157,53.3660479,-2.3148099,sports_centre,sports_centre,tennis,,,Hale Barns Tennis Club,,,,0,,0,
2,Greater Manchester,way,909286137,53.4513733,-2.2471952,court,pitch,tennis,,yes,,,,,1,Alexandra Park,1,Alexandra Park
2,Greater Manchester,way,909408664,53.4992405,-2.2664795,court,pitch,tennis,,yes,,,,asphalt,1,Albert Park,1,Albert Park
2,Greater Manchester,way,909408665,53.4993812,-2.2665936,court,pitch,tennis,,yes,,,,asphalt,1,Albert Park,1,Albert Park
2,Greater Manchester,way,909408666,53.4993648,-2.2663518,court,pitch,tennis,,yes,,,,asphalt,1,Albert Park,1,Albert Park
2,Greater Manchester,way,909408667,53.4994304,-2.2661224,court,pitch,tennis,,yes,,,,asphalt,1,Albert Park,1,Albert Park
2,Greater Manchester,way,909704086,53.5181613,-2.2116597,court,pitch,tennis,,yes,,,,,1,Boggart Hole Clough,1,Boggart Hole Clough
2,Greater Manchester,way,909705555,53.5056581,-2.4704875,court,pitch,tennis,,,,,,,0,,0,
2,Greater Manchester,way,909705556,53.5056725,-2.4707101,court,pitch,tennis,,,,,,,0,,0,
2,Greater Manchester,way,909705557,53.5056836,-2.4709314,court,pitch,tennis,,,,,,,0,,0,
2,Greater Manchester,way,909705558,53.5056994,-2.4711513,court,pitch,tennis,,,,,,,0,,0,
2,Greater Manchester,way,909709959,53.5164811,-2.4004402,court,pitch,tennis,,,,,,asphalt,1,Parr Fold Park,1,Parr Fold Park
2,Greater Manchester,way,909709960,53.5164524,-2.4002444,court,pitch,tennis,,,,,,asphalt,1,Parr Fold Park,1,Parr Fold Park
2,Greater Manchester,way,909709961,53.5168304,-2.4002847,court,pitch,tennis,,,,,,,1,Parr Fold Park,1,Parr Fold Park
2,Greater Manchester,way,909709962,53.5168001,-2.4000916,court,pitch,tennis,,,,,,,1,Parr Fold Park,1,Parr Fold Park
2,Greater Manchester,way,924892466,53.429612,-2.3358517,court,pitch,tennis,,customers,,,,tartan,1,Ashton Park,1,Ashton Park
2,Greater Manchester,way,925084890,53.404951,-2.2281916,court,pitch,tennis,,customers,,,,acrylic,0,,0,
2,Greater Manchester,way,925084891,53.404977,-2.2279841,court,pitch,tennis,,customers,,,,acrylic,0,,0,
2,Greater Manchester,way,925084892,53.4052771,-2.228092,court,pitch,tennis,,customers,,,,acrylic,0,,0,
2,Greater Manchester,way,925084893,53.4052503,-2.2283022,court,pitch,tennis,,customers,,,,acrylic,0,,0,
2,Greater Manchester,way,925084894,53.4055046,-2.2284309,court,pitch,tennis,,customers,,,,acrylic,0,,0,
2,Greater Manchester,way,936301984,53.5416148,-2.0087228,court,pitch,tennis,,,,,,asphalt,0,,0,
2,Greater Manchester,way,938599729,53.5151784,-2.4516944,sports_centre,sports_centre,tennis,sport,,Tyldesley Tennis Club,,,,0,,0,
2,Greater Manchester,way,942272081,53.4487794,-2.3135433,court,pitch,tennis,,,,,,asphalt,1,Victoria Park,1,Victoria Park
2,Greater Manchester,way,943360615,53.5398877,-2.0851968,court,pitch,tennis,,,,,,,0,,0,
2,Greater Manchester,way,946551648,53.5860468,-2.1141249,court,pitch,tennis,,,,,,,1,High Crompton Park,1,High Crompton Park
2,Greater Manchester,way,949737830,53.5347711,-1.9975735,court,pitch,tennis,,,,,,,0,,0,
2,Greater Manchester,way,952481674,53.4455304,-2.2920245,court,pitch,tennis,,,,,,asphalt,1,Longford Park,1,Longford Park
2,Greater Manchester,way,952481675,53.4454317,-2.2921191,court,pitch,tennis,,,,,,asphalt,1,Longford Park,1,Longford Park
2,Greater Manchester,way,952481676,53.4453309,-2.2922158,court,pitch,tennis,,,,,,asphalt,1,Longford Park,1,Longford Park
2,Greater Manchester,way,952481677,53.4452337,-2.2923126,court,pitch,tennis,,,,,,asphalt,1,Longford Park,1,Longford Park
2,Greater Manchester,way,952481678,53.4451351,-2.29241,court,pitch,tennis,,,,,,asphalt,1,Longford Park,1,Longford Park
2,Greater Manchester,way,952481679,53.4450372,-2.2925018,court,pitch,tennis,,,,,,asphalt,1,Longford Park,1,Longford Park
2,Greater Manchester,way,956433360,53.4466886,-2.216222,court,pitch,basketball;tennis,,yes,,,,asphalt,0,,0,
2,Greater Manchester,way,962081465,53.5097376,-2.3813977,court,pitch,tennis,,,,,,,0,,0,
2,Greater Manchester,way,962304036,53.5650282,-2.0150361,court,pitch,tennis,,,,,,,0,,0,
2,Greater Manchester,way,974237785,53.5524396,-1.9893439,court,pitch,tennis,,,,,,,0,,0,
2,Greater Manchester,way,979351834,53.5311605,-2.0263606,court,pitch,tennis,,customers,,,,,0,,0,
2,Greater Manchester,way,979351835,53.5310354,-2.0263203,court,pitch,tennis,,customers,,,,,0,,0,
2,Greater Manchester,way,979351836,53.5309126,-2.0262806,court,pitch,tennis,,customers,,,,,0,,0,
2,Greater Manchester,way,979392043,53.4898529,-2.3062119,court,pitch,tennis,,yes,,,,asphalt,1,Buile Hill Park,1,Buile Hill Park
2,Greater Manchester,way,979392044,53.4898559,-2.3059421,court,pitch,tennis,,yes,,,,asphalt,1,Buile Hill Park,1,Buile Hill Park
2,Greater Manchester,way,979554096,53.5012108,-2.410601,court,pitch,tennis,,,,,,asphalt,0,,0,
2,Greater Manchester,way,984842593,53.3813377,-2.363424,court,pitch,tennis,,private,,,,,0,,0,
2,Greater Manchester,way,984842594,53.3812204,-2.3635875,court,pitch,tennis,,private,,,,,0,,0,
2,Greater Manchester,way,984842595,53.3811076,-2.363745,court,pitch,tennis,,private,,,,,0,,0,
2,Greater Manchester,way,984842861,53.3796929,-2.3667058,court,pitch,tennis,,customers,,,,,0,,0,
2,Greater Manchester,way,984842862,53.379794,-2.3665628,court,pitch,tennis,,customers,,,,,0,,0,
2,Greater Manchester,way,984842863,53.3798927,-2.3664159,court,pitch,tennis,,customers,,,,,0,,0,
2,Greater Manchester,way,984842864,53.380138,-2.3662143,court,pitch,tennis,,customers,,,,,0,,0,
2,Greater Manchester,way,984842865,53.3800239,-2.3660258,court,pitch,tennis,,customers,,,,,0,,0,
2,Greater Manchester,way,984842866,53.3802709,-2.3656404,court,pitch,tennis,,customers,,,,,0,,0,
2,Greater Manchester,way,984842867,53.38037,-2.3658082,court,pitch,tennis,,customers,,,,,0,,0,
2,Greater Manchester,way,984842868,53.3805041,-2.3652504,court,pitch,tennis,,customers,,,,,0,,0,
2,Greater Manchester,way,984842869,53.3806006,-2.3654252,court,pitch,tennis,,customers,,,,,0,,0,
2,Greater Manchester,way,998167793,53.4944553,-2.645023,court,pitch,tennis;basketball,,,,,,,0,,0,
2,Greater Manchester,way,1011023572,53.5086766,-2.0414233,court,pitch,tennis,,private,,,,,0,,0,
2,Greater Manchester,way,1044790942,53.6232716,-2.3713094,court,pitch,tennis,,,,,,,0,,0,
2,Greater Manchester,way,1052728532,53.4852866,-2.5210986,sports_centre,sports_centre,cricket;tennis;bowls,sport,,"Leigh Cricket, Tennis and Bowling Club",,,,0,,0,
2,Greater Manchester,way,1061273728,53.3940881,-2.0382426,sports_centre,sports_centre,badminton;cricket;lacrosse;tennis,,,Mellor Sports Club,,,,0,,0,
2,Greater Manchester,way,1061273730,53.3933732,-2.037234,court,pitch,tennis,,customers,,,,,0,,0,
2,Greater Manchester,way,1061273731,53.3937138,-2.0371142,court,pitch,tennis,,customers,,,,,0,,0,
2,Greater Manchester,way,1067867592,53.3635247,-2.1856877,court,pitch,tennis,,customers,,,,,0,,0,
2,Greater Manchester,way,1067867593,53.3634584,-2.1861176,court,pitch,tennis,,customers,,,,,0,,0,
2,Greater Manchester,way,1069264301,53.3761143,-2.170618,sports_centre,sports_centre,tennis,,,Bramhall Park Lawn Tennis Club,,,,0,,0,
2,Greater Manchester,way,1070308298,53.3733109,-2.2014095,court,pitch,tennis,,customers,,,,,0,,0,
2,Greater Manchester,way,1076980089,53.4815481,-2.2623649,court,pitch,basketball;football;tennis,,yes,,,,asphalt,1,,1,
2,Greater Manchester,way,1086347875,53.4733004,-2.5861376,court,pitch,tennis,,customers,,,,asphalt,0,,0,
2,Greater Manchester,way,1106336510,53.3797966,-2.2024077,court,pitch,tennis,,private,,,,,0,,0,
2,Greater Manchester,way,1106336511,53.3794851,-2.2022066,court,pitch,tennis,,private,,,,,0,,0,
2,Greater Manchester,way,1119065696,53.3683106,-2.194745,court,pitch,tennis,,private,,,,,0,,0,
2,Greater Manchester,way,1119065697,53.3680416,-2.195486,court,pitch,tennis,,private,,,,,0,,0,
2,Greater Manchester,way,1119065698,53.3681136,-2.1952901,court,pitch,tennis,,private,,,,,0,,0,
2,Greater Manchester,way,1120786469,53.3521308,-2.1604914,court,pitch,tennis,,customers,,,,,0,,0,
2,Greater Manchester,way,1120786470,53.3521297,-2.1607085,court,pitch,tennis,,customers,,,,,0,,0,
2,Greater Manchester,way,1120786471,53.3517987,-2.1607028,court,pitch,tennis,,customers,,,,,0,,0,
2,Greater Manchester,way,1120786472,53.3517998,-2.160481,court,pitch,tennis,,customers,,,,,0,,0,
2,Greater Manchester,way,1120786473,53.3517987,-2.1609198,court,pitch,tennis,,customers,,,,,0,,0,
2,Greater Manchester,way,1120786474,53.3523109,-2.1607299,sports_centre,sports_centre,tennis;bowls,,,Bramhall Queensgate Sports Club,,,,0,,0,
2,Greater Manchester,way,1125492167,53.3900824,-2.2231799,court,pitch,tennis,,customers,,,,,0,,0,
2,Greater Manchester,way,1127900961,53.4652344,-2.5655336,court,pitch,tennis,,private,,,,,0,,0,
2,Greater Manchester,way,1135804903,53.5504181,-2.0708969,court,pitch,soccer;basketball;tennis,,,,,,asphalt,0,,0,
2,Greater Manchester,way,1137909250,53.5354763,-2.1086679,court,pitch,tennis,,,,,,artificial_turf,1,Alexandra Park,1,Alexandra Park
2,Greater Manchester,way,1137909251,53.5354126,-2.1084875,court,pitch,tennis,,,,,,artificial_turf,1,Alexandra Park,1,Alexandra Park
2,Greater Manchester,way,1137909252,53.5355385,-2.1088474,court,pitch,tennis,,,,,,artificial_turf,1,Alexandra Park,1,Alexandra Park
2,Greater Manchester,way,1137909253,53.535599,-2.1090273,court,pitch,tennis,,,,,,artificial_turf,1,Alexandra Park,1,Alexandra Park
2,Greater Manchester,way,1137909254,53.5356617,-2.1092064,court,pitch,tennis,,,,,,artificial_turf,1,Alexandra Park,1,Alexandra Park
2,Greater Manchester,way,1137909255,53.5354085,-2.1092449,court,pitch,tennis,,,,,,artificial_turf,1,Alexandra Park,1,Alexandra Park
2,Greater Manchester,way,1137909256,53.535257,-2.1088001,court,pitch,tennis,,,,,,artificial_turf,1,Alexandra Park,1,Alexandra Park
2,Greater Manchester,way,1146458267,53.3951333,-2.1421255,court,pitch,tennis,,private,,,,,0,,0,
2,Greater Manchester,way,1150193718,53.3933494,-2.2064275,court,pitch,tennis,,yes,,,,asphalt,1,Diamond Jubilee Park,1,Diamond Jubilee Park
2,Greater Manchester,way,1157661155,53.3914968,-2.140472,court,pitch,tennis,,private,,,,paved,0,,0,
2,Greater Manchester,way,1157661156,53.3915806,-2.1406292,court,pitch,tennis,,private,,,,paved,0,,0,
2,Greater Manchester,way,1157661157,53.3916639,-2.1407871,court,pitch,tennis,,private,,,,paved,0,,0,
2,Greater Manchester,way,1157661158,53.3917469,-2.1409455,court,pitch,tennis,,private,,,,paved,0,,0,
2,Greater Manchester,way,1157661159,53.3918695,-2.1405842,court,pitch,tennis,,private,,,,paved,0,,0,
2,Greater Manchester,way,1157661160,53.3919619,-2.1404417,court,pitch,tennis,,private,,,,paved,0,,0,
2,Greater Manchester,way,1161681679,53.4243125,-2.2397218,sports_centre,sports_centre,tennis;bowls;table_tennis;snooker,,,The Albert Club,,,,0,,0,
2,Greater Manchester,way,1161681682,53.4247511,-2.2393732,court,pitch,tennis,,customers,,,,acrylic,0,,0,
2,Greater Manchester,way,1161681683,53.4246703,-2.2391976,court,pitch,tennis,,customers,,,,acrylic,0,,0,
2,Greater Manchester,way,1161681684,53.4245918,-2.239024,court,pitch,tennis,,customers,,,,acrylic,0,,0,
2,Greater Manchester,way,1161681685,53.4245186,-2.2396695,court,pitch,tennis,,customers,,,,acrylic,0,,0,
2,Greater Manchester,way,1161681686,53.424438,-2.2394935,court,pitch,tennis,,customers,,,,acrylic,0,,0,
2,Greater Manchester,way,1161681687,53.4243597,-2.239317,court,pitch,tennis,,customers,,,,acrylic,0,,0,
2,Greater Manchester,way,1161736998,53.4234704,-2.2371367,court,pitch,tennis,,customers,,,,,0,,0,
2,Greater Manchester,way,1161736999,53.4235805,-2.2373603,court,pitch,tennis,,customers,,,,,0,,0,
2,Greater Manchester,way,1161737000,53.4233603,-2.2365147,court,pitch,tennis,,customers,,,,,0,,0,
2,Greater Manchester,way,1161737001,53.4231763,-2.236773,court,pitch,tennis,,customers,,,,,0,,0,
2,Greater Manchester,way,1161737002,53.4229874,-2.2370526,court,pitch,tennis,,customers,,,,,0,,0,
2,Greater Manchester,way,1161737003,53.4229023,-2.2368802,court,pitch,tennis,,customers,,,,,0,,0,
2,Greater Manchester,way,1161737004,53.4228157,-2.2375478,court,pitch,tennis,,customers,,,,,0,,0,
2,Greater Manchester,way,1161737005,53.4227287,-2.2373747,court,pitch,tennis,,customers,,,,,0,,0,
2,Greater Manchester,way,1161737006,53.4226429,-2.2372043,court,pitch,tennis,,customers,,,,,0,,0,
2,Greater Manchester,way,1161737011,53.42322,-2.2359473,court,pitch,tennis,,customers,,,,,0,,0,
2,Greater Manchester,way,1161737012,53.4231106,-2.2360998,court,pitch,tennis,,customers,,,,,0,,0,
2,Greater Manchester,way,1161737013,53.4223059,-2.2376637,court,pitch,tennis,,customers,,,,paved,0,,0,
2,Greater Manchester,way,1162226159,53.510154,-2.3927909,court,pitch,tennis,,,,,,,0,,0,
2,Greater Manchester,way,1167451540,53.42833,-2.305848,court,pitch,tennis,,customers,,,,,0,,0,
2,Greater Manchester,way,1167451541,53.4281635,-2.3052273,court,pitch,tennis,,customers,,,,,0,,0,
2,Greater Manchester,way,1172893796,53.3830877,-2.3850648,court,pitch,tennis,,private,,,,,0,,0,
2,Greater Manchester,way,1172893797,53.3832368,-2.3656097,court,pitch,tennis,,,,,,,0,,0,
2,Greater Manchester,way,1175901200,53.5483536,-1.9966232,court,pitch,tennis,,,,,,asphalt,0,,0,
2,Greater Manchester,way,1184823619,53.3933326,-2.0370301,court,pitch,tennis,,customers,,,,,0,,0,
2,Greater Manchester,way,1184823620,53.3936766,-2.0369094,court,pitch,tennis,,customers,,,,,0,,0,
2,Greater Manchester,way,1188813645,53.3753344,-2.333276,court,pitch,tennis,,,,,,artificial_turf,0,,0,
2,Greater Manchester,way,1188813646,53.3753472,-2.3334976,court,pitch,tennis,,,,,,artificial_turf,0,,0,
2,Greater Manchester,way,1188813647,53.3753192,-2.3329929,court,pitch,tennis,,,,,,artificial_turf,0,,0,
2,Greater Manchester,way,1188813648,53.3753031,-2.3327725,court,pitch,tennis,,,,,,artificial_turf,0,,0,
2,Greater Manchester,way,1188813649,53.3756123,-2.3328488,court,pitch,tennis,,,,,,artificial_turf,0,,0,
2,Greater Manchester,way,1188813650,53.3755875,-2.3326349,court,pitch,tennis,,,,,,artificial_turf,0,,0,
2,Greater Manchester,way,1188813651,53.3756399,-2.3331023,court,pitch,tennis,,,,,,clay,0,,0,
2,Greater Manchester,way,1188813652,53.3756643,-2.3333055,court,pitch,tennis,,,,,,clay,0,,0,
2,Greater Manchester,way,1188813653,53.3756887,-2.3335107,court,pitch,tennis,,,,,,clay,0,,0,
2,Greater Manchester,way,1188815657,53.366151,-2.3150066,court,pitch,tennis,,customers,,,,,0,,0,
2,Greater Manchester,way,1188815658,53.3659371,-2.3152143,court,pitch,tennis,,customers,,,,,0,,0,
2,Greater Manchester,way,1188815659,53.3659119,-2.3150031,court,pitch,tennis,,customers,,,,,0,,0,
2,Greater Manchester,way,1188815660,53.3658859,-2.3147899,court,pitch,tennis,,customers,,,,,0,,0,
2,Greater Manchester,way,1188815661,53.3658595,-2.3145659,court,pitch,tennis,,customers,,,,,0,,0,
2,Greater Manchester,way,1189011662,53.465573,-2.2399619,court,pitch,tennis,,private,,,,asphalt,0,,0,
2,Greater Manchester,way,1189011663,53.4654691,-2.239867,court,pitch,tennis,,private,,,,asphalt,0,,0,
2,Greater Manchester,way,1189011664,53.4657402,-2.2394552,court,pitch,tennis,,private,,,,asphalt,0,,0,
2,Greater Manchester,way,1189011665,53.4656231,-2.239352,court,pitch,tennis,,private,,,,asphalt,0,,0,
2,Greater Manchester,way,1189134054,53.4181891,-2.260249,court,pitch,tennis,,yes,,,,asphalt,0,,0,
2,Greater Manchester,way,1189134057,53.4182222,-2.2594304,court,pitch,tennis,,yes,,,,asphalt,0,,0,
2,Greater Manchester,way,1189445881,53.4473749,-2.2091735,court,pitch,tennis,,private,,,,,0,,0,
2,Greater Manchester,way,1189445882,53.4473822,-2.2089437,court,pitch,tennis,,private,,,,,0,,0,
2,Greater Manchester,way,1189445883,53.4476794,-2.2094309,court,pitch,tennis,,private,,,,,0,,0,
2,Greater Manchester,way,1189445884,53.4476867,-2.2092026,court,pitch,tennis,,private,,,,,0,,0,
2,Greater Manchester,way,1189445885,53.4476947,-2.2089742,court,pitch,tennis,,private,,,,,0,,0,
2,Greater Manchester,way,1189445886,53.4479724,-2.2094579,court,pitch,tennis,,private,,,,,0,,0,
2,Greater Manchester,way,1189445887,53.4479806,-2.2092282,court,pitch,tennis,,private,,,,,0,,0,
2,Greater Manchester,way,1189445888,53.4479885,-2.2089977,court,pitch,tennis,,private,,,,,0,,0,
2,Greater Manchester,way,1189596113,53.4392175,-2.2236823,court,pitch,tennis,,customers,,,,artificial_turf,0,,0,
2,Greater Manchester,way,1189596114,53.4391016,-2.2241827,court,pitch,tennis,,customers,,,,artificial_turf,0,,0,
2,Greater Manchester,way,1189596115,53.4389648,-2.2241609,sports_centre,sports_centre,bowls;tennis,,,Fallowfield Bowling and Lawn Tennis Club,,,,0,,0,
2,Greater Manchester,way,1189695498,53.4182618,-2.1836588,court,pitch,tennis,,customers,,,,artificial_turf,0,,0,
2,Greater Manchester,way,1189695499,53.4179829,-2.1839518,court,pitch,tennis,,customers,,,,artificial_turf,0,,0,
2,Greater Manchester,way,1189695500,53.4179625,-2.1837418,court,pitch,tennis,,customers,,,,artificial_turf,0,,0,
2,Greater Manchester,way,1189901217,53.4858297,-2.2034037,court,pitch,tennis,,customers,,,,,0,,0,
2,Greater Manchester,way,1189901218,53.4858541,-2.2031878,court,pitch,tennis,,customers,,,,,0,,0,
2,Greater Manchester,way,1189901219,53.485878,-2.2029718,court,pitch,tennis,,customers,,,,,0,,0,
2,Greater Manchester,way,1190139656,53.3800447,-2.2251425,court,pitch,tennis,,customers,,,,asphalt,0,,0,
2,Greater Manchester,way,1192041626,53.3733673,-2.2012154,court,pitch,tennis,,customers,,,,,0,,0,
2,Greater Manchester,way,1192041627,53.3734344,-2.2009787,court,pitch,tennis,,customers,,,,,0,,0,
2,Greater Manchester,way,1192041628,53.3734924,-2.2007788,court,pitch,tennis,,customers,,,,,0,,0,
2,Greater Manchester,way,1192041629,53.3735904,-2.2005172,court,pitch,tennis,,customers,,,,,0,,0,
2,Greater Manchester,way,1192481984,53.3867837,-2.2279655,court,pitch,tennis,,private,,,,asphalt,0,,0,
2,Greater Manchester,way,1192481985,53.3867751,-2.2277546,court,pitch,tennis,,private,,,,asphalt,0,,0,
2,Greater Manchester,way,1192481986,53.3867688,-2.2275455,court,pitch,tennis,,private,,,,asphalt,0,,0,
2,Greater Manchester,way,1192519220,53.3899926,-2.2233426,court,pitch,tennis,,customers,,,,,0,,0,
2,Greater Manchester,way,1192519221,53.3899081,-2.2234931,court,pitch,tennis,,customers,,,,,0,,0,
2,Greater Manchester,way,1192519222,53.3903634,-2.223077,court,pitch,tennis,,customers,,,,,0,,0,
2,Greater Manchester,way,1192519223,53.3902707,-2.2229314,court,pitch,tennis,,customers,,,,,0,,0,
2,Greater Manchester,way,1192519224,53.3901785,-2.2227882,court,pitch,tennis,,customers,,,,,0,,0,
2,Greater Manchester,way,1193560842,53.4288598,-2.2496845,court,pitch,netball;tennis,,private,,,,asphalt,0,,0,
2,Greater Manchester,way,1193560843,53.4287267,-2.2498099,court,pitch,netball;tennis,,private,,,,asphalt,0,,0,
2,Greater Manchester,way,1193756659,53.377173,-2.2197448,court,pitch,tennis,,customers,,,,,0,,0,
2,Greater Manchester,way,1193756660,53.3775576,-2.2201484,court,pitch,tennis,,,,,,,0,,0,
2,Greater Manchester,way,1194021838,53.4141041,-2.3156637,court,pitch,tennis,,customers,,D.W Fitness,,,0,,0,
2,Greater Manchester,way,1194021839,53.4141091,-2.3154343,court,pitch,tennis,,customers,,D.W Fitness,,,0,,0,
2,Greater Manchester,way,1194021840,53.4137341,-2.315407,court,pitch,tennis,,customers,,D.W Fitness,,,0,,0,
2,Greater Manchester,way,1194021841,53.4137638,-2.3151898,court,pitch,tennis,,customers,,D.W Fitness,,,0,,0,
2,Greater Manchester,way,1194021842,53.4134274,-2.3152823,court,pitch,tennis,,customers,,D.W Fitness,,,0,,0,
2,Greater Manchester,way,1194021843,53.4134557,-2.3150685,court,pitch,tennis,,customers,,D.W Fitness,,,0,,0,
2,Greater Manchester,way,1194021844,53.4132092,-2.3151129,court,pitch,tennis,,customers,,D.W Fitness,,,0,,0,
2,Greater Manchester,way,1194093476,53.4697968,-2.3613859,court,pitch,tennis,,customers,,,,,0,,0,
2,Greater Manchester,way,1194093477,53.4696158,-2.3610958,court,pitch,tennis,,customers,,,,,0,,0,
2,Greater Manchester,way,1194287724,53.3800142,-2.3659082,sports_centre,sports_centre,tennis,,,Bowdon Lawn Tennis Club,,,,0,,0,
2,Greater Manchester,way,1194293723,53.378815,-2.3610783,sports_centre,sports_centre,bowls;tennis,,,Bowdon Bowling & Lawn Tennis Club,,,,0,,0,
2,Greater Manchester,way,1194477808,53.372837,-2.3481837,court,pitch,tennis,,private,,,,,0,,0,
2,Greater Manchester,way,1194477813,53.3753262,-2.3494443,court,pitch,tennis,,private,,,,,0,,0,
2,Greater Manchester,way,1194477814,53.3753102,-2.3492239,court,pitch,tennis,,private,,,,,0,,0,
2,Greater Manchester,way,1194477815,53.3752942,-2.3490079,court,pitch,tennis,,private,,,,,0,,0,
2,Greater Manchester,way,1194695046,53.3774976,-2.3591773,court,pitch,tennis,,private,,,,,0,,0,
2,Greater Manchester,way,1194695047,53.3755837,-2.3583881,court,pitch,tennis,,private,,,,,0,,0,
2,Greater Manchester,way,1194695048,53.3741501,-2.3505225,court,pitch,tennis,,private,,,,,0,,0,
2,Greater Manchester,way,1194695049,53.3715751,-2.3493442,court,pitch,tennis,,private,,,,,0,,0,
2,Greater Manchester,way,1194695050,53.3712239,-2.349545,court,pitch,tennis,,private,,,,,0,,0,
2,Greater Manchester,way,1194695051,53.3705832,-2.3501645,court,pitch,tennis,,private,,,,,0,,0,
2,Greater Manchester,way,1194695052,53.3682968,-2.3454745,court,pitch,tennis,,private,,,,,0,,0,
2,Greater Manchester,way,1195103451,53.387454,-2.3615855,court,pitch,tennis,,private,,,,,0,,0,
2,Greater Manchester,way,1195103452,53.387448,-2.3618572,court,pitch,tennis,,private,,,,,0,,0,
2,Greater Manchester,way,1195103453,53.3874427,-2.3621295,court,pitch,tennis,,private,,,,,0,,0,
2,Greater Manchester,way,1195201725,53.3760056,-2.1703599,court,pitch,tennis,,customers,,,,artificial_turf,0,,0,
2,Greater Manchester,way,1195201726,53.3759208,-2.1701923,court,pitch,tennis,,customers,,,,artificial_turf,0,,0,
2,Greater Manchester,way,1195201727,53.3758356,-2.1700173,court,pitch,tennis,,customers,,,,artificial_turf,0,,0,
2,Greater Manchester,way,1195201728,53.3762837,-2.170763,court,pitch,tennis,,customers,,,,artificial_turf,0,,0,
2,Greater Manchester,way,1195201729,53.3763817,-2.1706235,court,pitch,tennis,,customers,,,,artificial_turf,0,,0,
2,Greater Manchester,way,1195388745,53.4671335,-2.1499133,court,pitch,tennis,,private,,,,asphalt,0,,0,
2,Greater Manchester,way,1195388746,53.467013,-2.1497775,court,pitch,tennis,,private,,,,asphalt,0,,0,
2,Greater Manchester,way,1195388747,53.4668908,-2.1496388,court,pitch,tennis,,private,,,,asphalt,0,,0,
2,Greater Manchester,way,1195388748,53.4674342,-2.1496175,court,pitch,tennis,,private,,,,asphalt,0,,0,
2,Greater Manchester,way,1195388749,53.467311,-2.1494779,court,pitch,tennis,,private,,,,asphalt,0,,0,
2,Greater Manchester,way,1195388750,53.4671872,-2.149342,court,pitch,tennis,,private,,,,asphalt,0,,0,
2,Greater Manchester,way,1195388751,53.467065,-2.1492034,court,pitch,tennis,,private,,,,asphalt,0,,0,
2,Greater Manchester,way,1196149594,53.3701311,-2.3189644,court,pitch,tennis,,private,,,,artificial_turf,0,,0,
2,Greater Manchester,way,1196149595,53.3699904,-2.3191043,court,pitch,tennis,,private,,,,artificial_turf,0,,0,
2,Greater Manchester,way,1196166297,53.3880589,-2.3122868,court,pitch,tennis,,customers,,,,,0,,0,
2,Greater Manchester,way,1196166298,53.3880481,-2.3120262,court,pitch,tennis,,customers,,,,,0,,0,
2,Greater Manchester,way,1196166299,53.3880407,-2.3117721,court,pitch,tennis,,customers,,,,,0,,0,
2,Greater Manchester,way,1197314431,53.4077715,-2.2612576,court,pitch,tennis,,customers,,,,asphalt,0,,0,
2,Greater Manchester,way,1197314432,53.407849,-2.2610081,court,pitch,tennis,,customers,,,,asphalt,0,,0,
2,Greater Manchester,way,1197326210,53.3733943,-2.3201204,court,pitch,tennis,,,,,,,1,Halecroft Park,1,Halecroft Park
2,Greater Manchester,way,1198134494,53.3845213,-2.3258838,court,pitch,tennis,,private,,,,asphalt,0,,0,
2,Greater Manchester,way,1198134495,53.3845654,-2.3260684,court,pitch,tennis,,private,,,,asphalt,0,,0,
2,Greater Manchester,way,1198134496,53.3844719,-2.3256795,court,pitch,tennis,,private,,,,asphalt,0,,0,
2,Greater Manchester,way,1198134497,53.3844291,-2.3254995,court,pitch,tennis,,private,,,,asphalt,0,,0,
2,Greater Manchester,way,1201655718,53.4947615,-2.3103229,court,pitch,tennis,,,,,,clay,0,,0,
2,Greater Manchester,way,1201655719,53.4944665,-2.3105221,court,pitch,tennis,,,,,,clay,0,,0,
2,Greater Manchester,way,1201655720,53.4945091,-2.3103095,court,pitch,tennis,,,,,,clay,0,,0,
2,Greater Manchester,way,1201655721,53.4945544,-2.3100932,court,pitch,tennis,,,,,,clay,0,,0,
2,Greater Manchester,way,1202021215,53.3917831,-2.1534764,court,pitch,tennis,,yes,,,,,1,Cale Green Park,1,Cale Green Park
2,Greater Manchester,way,1202021216,53.3917867,-2.153256,court,pitch,tennis,,yes,,,,,1,Cale Green Park,1,Cale Green Park
2,Greater Manchester,way,1202332754,53.4348084,-2.2611112,court,pitch,tennis,,private,,,,asphalt,0,,0,
2,Greater Manchester,way,1202332755,53.4346726,-2.2613087,court,pitch,tennis,,private,,,,asphalt,0,,0,
2,Greater Manchester,way,1202332756,53.4345386,-2.2614954,court,pitch,tennis,,private,,,,asphalt,0,,0,
2,Greater Manchester,way,1203076375,53.4099115,-2.229795,court,pitch,tennis,,,,,,artificial_turf,1,Fletcher Moss Gardens,1,Fletcher Moss Gardens
2,Greater Manchester,way,1203076376,53.4097632,-2.2297633,court,pitch,tennis,,,,,,artificial_turf,1,Fletcher Moss Gardens,1,Fletcher Moss Gardens
2,Greater Manchester,way,1203076377,53.4096256,-2.2297289,court,pitch,tennis,,,,,,artificial_turf,1,Fletcher Moss Gardens,1,Fletcher Moss Gardens
2,Greater Manchester,way,1203429968,53.4247606,-2.2231856,court,pitch,tennis,,yes,,,,acrylic,1,Fog Lane Park,1,Fog Lane Park
2,Greater Manchester,way,1203429969,53.4247218,-2.2230057,court,pitch,tennis,,yes,,,,acrylic,1,Fog Lane Park,1,Fog Lane Park
2,Greater Manchester,way,1203429970,53.4246807,-2.2228221,court,pitch,tennis,,yes,,,,acrylic,1,Fog Lane Park,1,Fog Lane Park
2,Greater Manchester,way,1203946946,53.4220115,-2.1939887,court,pitch,tennis,,customers,,,,artificial_turf,0,,0,
2,Greater Manchester,way,1203946947,53.4220501,-2.1937973,court,pitch,tennis,,customers,,,,artificial_turf,0,,0,
2,Greater Manchester,way,1203946948,53.4223489,-2.1940272,court,pitch,tennis,,customers,,,,artificial_turf,0,,0,
2,Greater Manchester,way,1203946949,53.4223875,-2.1938477,court,pitch,tennis,,customers,,,,artificial_turf,0,,0,
2,Greater Manchester,way,1203961523,53.3798391,-2.1167738,court,pitch,tennis,,customers,,,,asphalt,0,,0,
2,Greater Manchester,way,1203961524,53.3799722,-2.1172946,court,pitch,tennis,,customers,,,,asphalt,0,,0,
2,Greater Manchester,way,1204937886,53.3603643,-2.0714251,court,pitch,tennis,,customers,,,,asphalt,0,,0,
2,Greater Manchester,way,1204937887,53.3603059,-2.0712369,court,pitch,tennis,,customers,,,,asphalt,0,,0,
2,Greater Manchester,way,1204937888,53.3600798,-2.0713947,court,pitch,tennis,,customers,,,,paved,0,,0,
2,Greater Manchester,way,1204937889,53.3607932,-2.0707698,court,pitch,tennis,,customers,,,,,0,,0,
2,Greater Manchester,way,1206069646,53.4049616,-2.2816213,court,pitch,tennis,,,,,,,1,Wythenshawe Park,1,Wythenshawe Park
2,Greater Manchester,way,1206069647,53.4048956,-2.2812919,court,pitch,tennis,,,,,,,1,Wythenshawe Park,1,Wythenshawe Park
2,Greater Manchester,way,1206069648,53.4048546,-2.2810784,court,pitch,tennis,,,,,,,1,Wythenshawe Park,1,Wythenshawe Park
2,Greater Manchester,way,1206069649,53.4048141,-2.2808694,court,pitch,tennis,,,,,,,1,Wythenshawe Park,1,Wythenshawe Park
2,Greater Manchester,way,1206069650,53.4045868,-2.2814588,court,pitch,tennis,,,,,,,1,Wythenshawe Park,1,Wythenshawe Park
2,Greater Manchester,way,1206069651,53.4045458,-2.2812453,court,pitch,tennis,,,,,,,1,Wythenshawe Park,1,Wythenshawe Park
2,Greater Manchester,way,1206069652,53.4045053,-2.2810362,court,pitch,tennis,,,,,,,1,Wythenshawe Park,1,Wythenshawe Park
2,Greater Manchester,way,1206069653,53.4046862,-2.2819824,court,pitch,tennis,,,,,,,1,Wythenshawe Park,1,Wythenshawe Park
2,Greater Manchester,way,1206069654,53.4046491,-2.2817933,court,pitch,tennis,,,,,,,1,Wythenshawe Park,1,Wythenshawe Park
2,Greater Manchester,way,1206583889,53.4354805,-2.2680147,court,pitch,tennis,,,,,,asphalt,1,Chorlton Park,1,Chorlton Park
2,Greater Manchester,way,1206583890,53.4357371,-2.2677083,court,pitch,tennis,,,,,,asphalt,1,Chorlton Park,1,Chorlton Park
2,Greater Manchester,way,1206687508,53.549221,-2.2970625,court,pitch,tennis,,,,,,,1,Hamilton Road Park,1,Hamilton Road Park
2,Greater Manchester,way,1206687509,53.5492953,-2.2968968,court,pitch,tennis,,,,,,,1,Hamilton Road Park,1,Hamilton Road Park
2,Greater Manchester,way,1206730380,53.55748,-2.1984122,court,pitch,tennis,,customers,,,,asphalt,0,,0,
2,Greater Manchester,way,1206730381,53.5574347,-2.1982201,court,pitch,tennis,,customers,,,,asphalt,0,,0,
2,Greater Manchester,way,1206925196,53.4041331,-2.348466,court,pitch,tennis,,customers,,,,,0,,0,
2,Greater Manchester,way,1206925197,53.4042354,-2.3483311,court,pitch,tennis,,customers,,,,,0,,0,
2,Greater Manchester,way,1206925198,53.4043383,-2.3481934,court,pitch,tennis,,customers,,,,,0,,0,
2,Greater Manchester,way,1206925199,53.4041694,-2.3483823,sports_centre,sports_centre,tennis,,,Claremont Tennis Club,,,,0,,0,
2,Greater Manchester,way,1206947403,53.4935487,-2.3425887,court,pitch,tennis,,customers,,,,,0,,0,
2,Greater Manchester,way,1206947404,53.4942008,-2.3423044,court,pitch,tennis,,customers,,,,acrylic,0,,0,
2,Greater Manchester,way,1207006324,53.510209,-2.3926171,court,pitch,tennis,,,,,,,0,,0,
2,Greater Manchester,way,1207006325,53.5102623,-2.3924502,court,pitch,tennis,,,,,,,0,,0,
2,Greater Manchester,way,1207006326,53.5103161,-2.3922774,court,pitch,tennis,,,,,,,0,,0,
2,Greater Manchester,way,1207011806,53.5334965,-2.2790599,court,pitch,tennis,,customers,,,,,0,,0,
2,Greater Manchester,way,1207011807,53.5335108,-2.2788341,court,pitch,tennis,,customers,,,,,0,,0,
2,Greater Manchester,way,1207011808,53.5335321,-2.2785909,court,pitch,tennis,,customers,,,,,0,,0,
2,Greater Manchester,way,1207011809,53.533547,-2.2783709,court,pitch,tennis,,customers,,,,,0,,0,
2,Greater Manchester,way,1207011810,53.5335593,-2.2781459,court,pitch,tennis,,customers,,,,,0,,0,
2,Greater Manchester,way,1207895135,53.4518999,-2.3870391,court,pitch,tennis,,customers,,,,,0,,0,
2,Greater Manchester,way,1207895136,53.4515819,-2.3872111,court,pitch,tennis,,customers,,,,,0,,0,
2,Greater Manchester,way,1207895137,53.4515948,-2.3869925,court,pitch,tennis,,customers,,,,,0,,0,
2,Greater Manchester,way,1207981104,53.4510514,-2.3620392,court,pitch,tennis,,customers,,,,artificial_turf,0,,0,
2,Greater Manchester,way,1207981105,53.4510477,-2.3618161,court,pitch,tennis,,customers,,,,artificial_turf,0,,0,
2,Greater Manchester,way,1207981106,53.4510445,-2.3616047,court,pitch,tennis,,customers,,,,artificial_turf,0,,0,
2,Greater Manchester,way,1207981107,53.451367,-2.362007,court,pitch,tennis,,customers,,,,clay,0,,0,
2,Greater Manchester,way,1207981108,53.4513632,-2.3618027,court,pitch,tennis,,customers,,,,clay,0,,0,
2,Greater Manchester,way,1207981109,53.4513595,-2.3615949,court,pitch,tennis,,customers,,,,clay,0,,0,
2,Greater Manchester,way,1207981114,53.4516979,-2.362366,court,pitch,tennis,,customers,,,,grass,0,,0,
2,Greater Manchester,way,1207981115,53.4516951,-2.3621232,court,pitch,tennis,,customers,,,,grass,0,,0,
2,Greater Manchester,way,1207981116,53.4516935,-2.3618808,court,pitch,tennis,,customers,,,,grass,0,,0,
2,Greater Manchester,way,1207981117,53.4520209,-2.3623965,court,pitch,tennis,,customers,,,,grass,0,,0,
2,Greater Manchester,way,1207981118,53.4520186,-2.3621678,court,pitch,tennis,,customers,,,,grass,0,,0,
2,Greater Manchester,way,1208112164,53.4517096,-2.246996,court,pitch,tennis,,yes,,,,,1,Alexandra Park,1,Alexandra Park
2,Greater Manchester,way,1208112165,53.4513801,-2.2469652,court,pitch,tennis,,yes,,,,,1,Alexandra Park,1,Alexandra Park
2,Greater Manchester,way,1215032663,53.4282801,-2.3056577,court,pitch,tennis,,customers,,,,,0,,0,
2,Greater Manchester,way,1215032664,53.4282307,-2.3054665,court,pitch,tennis,,customers,,,,,0,,0,
2,Greater Manchester,way,1215032665,53.4281128,-2.3050401,court,pitch,tennis,,customers,,,,,0,,0,
2,Greater Manchester,way,1215032666,53.4280618,-2.3048497,court,pitch,tennis,,customers,,,,,0,,0,
2,Greater Manchester,way,1215970147,53.3895349,-2.2439912,court,pitch,tennis,,customers,,,,asphalt,0,,0,
2,Greater Manchester,way,1215970148,53.3895108,-2.2437839,court,pitch,tennis,,customers,,,,asphalt,0,,0,
2,Greater Manchester,way,1215970149,53.3894878,-2.2435813,court,pitch,tennis,,customers,,,,asphalt,0,,0,
2,Greater Manchester,way,1215970150,53.3892939,-2.2439037,court,pitch,tennis,,customers,,,,asphalt,0,,0,
2,Greater Manchester,way,1216052749,53.4860235,-2.2026848,sports_centre,sports_centre,soccer;tennis,,,Manchester Tennis And Football Centre,Greenwich Leisure Limited (t/a Better),,,0,,0,
2,Greater Manchester,way,1216129509,53.4750073,-2.1783751,court,pitch,tennis,,yes,,,,,1,Openshaw Park,1,Openshaw Park
2,Greater Manchester,way,1216130534,53.5161625,-2.2345721,court,pitch,tennis,,yes,,,,,1,Crumpsall Park,1,Crumpsall Park
2,Greater Manchester,way,1217727402,53.3849724,-2.2192241,sports_centre,sports_centre,tennis,,,Barcheston Tennis Club,,,,0,,0,
2,Greater Manchester,way,1217727403,53.3850429,-2.2192205,court,pitch,tennis,,customers,,,,,0,,0,
2,Greater Manchester,way,1217727404,53.3849185,-2.2192885,court,pitch,tennis,,customers,,,,,0,,0,
2,Greater Manchester,way,1218106019,53.3840262,-2.3435986,court,pitch,tennis,,yes,,,,asphalt,1,Stamford Park,1,Stamford Park
2,Greater Manchester,way,1218106020,53.3838984,-2.3436148,court,pitch,tennis,,yes,,,,asphalt,1,Stamford Park,1,Stamford Park
2,Greater Manchester,way,1219575883,53.3683631,-2.3268202,court,pitch,tennis,,private,,,,,0,,0,
2,Greater Manchester,way,1219575884,53.3682922,-2.3259615,court,pitch,tennis,,private,,,,,0,,0,
2,Greater Manchester,way,1219575885,53.3686709,-2.3328002,court,pitch,tennis,,private,,,,,0,,0,
2,Greater Manchester,way,1219575888,53.372078,-2.3280049,court,pitch,tennis,,private,,,,,0,,0,
2,Greater Manchester,way,1219575889,53.370984,-2.3282012,court,pitch,tennis,,private,,,,,0,,0,
2,Greater Manchester,way,1219575891,53.3727215,-2.3231037,court,pitch,tennis,,private,,,,,0,,0,
2,Greater Manchester,way,1219575892,53.3640807,-2.3249961,court,pitch,tennis,,private,,,,,0,,0,
2,Greater Manchester,way,1219575895,53.3718432,-2.3536453,court,pitch,tennis,,private,,,,,0,,0,
2,Greater Manchester,way,1227679985,53.4511897,-2.1530348,court,pitch,tennis,,yes,,,,asphalt,1,Granada Park,1,Granada Park
2,Greater Manchester,way,1228301678,53.4196109,-2.3416261,court,pitch,tennis,,private,,,,tartan,0,,0,
2,Greater Manchester,way,1228301679,53.4194759,-2.341598,court,pitch,tennis,,private,,,,tartan,0,,0,
2,Greater Manchester,way,1228301680,53.4193426,-2.341569,court,pitch,tennis,,private,,,,tartan,0,,0,
2,Greater Manchester,way,1228301681,53.4192091,-2.3415399,court,pitch,tennis,,private,,,,tartan,0,,0,
2,Greater Manchester,way,1230825975,53.5453788,-2.2986196,court,pitch,tennis,,private,,,,asphalt,0,,0,
2,Greater Manchester,way,1236444990,53.4906711,-2.3772256,court,pitch,tennis,,,,,,,0,,0,
2,Greater Manchester,way,1236444991,53.4907365,-2.3770482,court,pitch,tennis,,,,,,,0,,0,
2,Greater Manchester,way,1236445234,53.4808099,-2.3446519,court,pitch,tennis,,,,,,asphalt,0,,0,
2,Greater Manchester,way,1236445486,53.5082824,-2.327083,court,pitch,tennis,,,,,,,1,Victoria Park,1,Victoria Park
2,Greater Manchester,way,1236445487,53.5079925,-2.3273084,court,pitch,tennis,,,,,,,1,Victoria Park,1,Victoria Park
2,Greater Manchester,way,1236445488,53.5079872,-2.3271004,court,pitch,tennis,,,,,,,1,Victoria Park,1,Victoria Park
2,Greater Manchester,way,1236445686,53.5394536,-2.1611987,court,pitch,tennis,,,,,,,1,Foxdenton Park,1,Foxdenton Park
2,Greater Manchester,way,1236446319,53.5345966,-2.2172156,court,pitch,tennis,,,,,,,1,Blackley Recreational Ground,1,Blackley Recreational Ground
2,Greater Manchester,way,1236446613,53.4457857,-2.1591724,court,pitch,tennis,,permissive,,,,asphalt,1,North Reddish Park,1,North Reddish Park
2,Greater Manchester,way,1236446648,53.4370852,-2.1545014,court,pitch,tennis,,,,,,,0,,0,
2,Greater Manchester,way,1236446649,53.43698,-2.1543659,court,pitch,tennis,,,,,,,0,,0,
2,Greater Manchester,way,1236447240,53.5037529,-2.0677698,court,pitch,tennis,,customers,,,,,0,,0,
2,Greater Manchester,way,1236447241,53.5037774,-2.0679625,sports_centre,sports_centre,tennis,,,,,,,0,,0,
2,Greater Manchester,way,1236448202,53.3770428,-2.0415589,court,pitch,tennis,,,,,,,0,,0,
2,Greater Manchester,way,1236448203,53.3769747,-2.0413672,court,pitch,tennis,,,,,,,0,,0,
2,Greater Manchester,way,1236462755,53.5287826,-2.2786986,court,pitch,tennis,,yes,,,,asphalt,1,St Mary's Park,1,St Mary's Park
2,Greater Manchester,way,1236462756,53.5286566,-2.2786492,court,pitch,tennis,,yes,,,,asphalt,1,St Mary's Park,1,St Mary's Park
2,Greater Manchester,way,1236462757,53.5285318,-2.2785997,court,pitch,tennis,,yes,,,,asphalt,1,St Mary's Park,1,St Mary's Park
2,Greater Manchester,way,1236464426,53.5678664,-2.1312507,court,pitch,tennis,,,,,,,0,,0,
2,Greater Manchester,way,1236464427,53.5678085,-2.1314551,court,pitch,tennis,,,,,,,0,,0,
2,Greater Manchester,way,1236464863,53.4487932,-2.3133475,court,pitch,tennis,,,,,,asphalt,1,Victoria Park,1,Victoria Park
2,Greater Manchester,way,1236464864,53.4488072,-2.3131476,court,pitch,tennis,,,,,,asphalt,1,Victoria Park,1,Victoria Park
2,Greater Manchester,way,1236465083,53.4536801,-2.3546917,court,pitch,tennis,,,,,,asphalt,1,Davyhulme Park,1,Davyhulme Park
2,Greater Manchester,way,1236465084,53.4537152,-2.3544899,court,pitch,tennis,,,,,,asphalt,1,Davyhulme Park,1,Davyhulme Park
2,Greater Manchester,way,1236465166,53.4476389,-2.3670108,court,pitch,tennis,,,,,,paved,1,Abbotsfield Park,1,Abbotsfield Park
2,Greater Manchester,way,1236465167,53.4475072,-2.3669952,court,pitch,tennis,,,,,,paved,1,Abbotsfield Park,1,Abbotsfield Park
2,Greater Manchester,way,1236465886,53.4433291,-2.4209297,court,pitch,tennis,,,,,,,1,Prince's Park,1,Prince's Park
2,Greater Manchester,way,1236466706,53.5537063,-2.1586954,court,pitch,tennis,,,,,,,1,Chadderton Hall Park,1,Chadderton Hall Park
2,Greater Manchester,way,1236467211,53.3994781,-2.3248302,court,pitch,tennis,,customers,,,,,0,,0,
2,Greater Manchester,way,1236467212,53.3994676,-2.3246344,court,pitch,tennis,,customers,,,,,0,,0,
2,Greater Manchester,way,1236467213,53.3994539,-2.3243809,court,pitch,tennis,,customers,,,,,0,,0,
2,Greater Manchester,way,1236467214,53.3994425,-2.3241817,court,pitch,tennis,,customers,,,,,0,,0,
2,Greater Manchester,way,1236467215,53.3994318,-2.3239861,court,pitch,tennis,,customers,,,,,0,,0,
2,Greater Manchester,way,1236467544,53.3981581,-2.3336264,court,pitch,tennis,,,,,,,1,Pickering Lodge Park,1,Pickering Lodge Park
2,Greater Manchester,way,1236467545,53.3981312,-2.3334367,court,pitch,tennis,,,,,,,1,Pickering Lodge Park,1,Pickering Lodge Park
2,Greater Manchester,way,1236563056,53.5918907,-2.27831,court,pitch,tennis,,,,,,,1,Openshaw Park,1,Openshaw Park
2,Greater Manchester,way,1236563057,53.5918658,-2.2780818,court,pitch,tennis,,,,,,,1,Openshaw Park,1,Openshaw Park
2,Greater Manchester,way,1236563069,53.5526043,-2.2221413,court,pitch,tennis,,,,,,,1,Truffet Park,1,Truffet Park
2,Greater Manchester,way,1236563070,53.5526586,-2.2219355,court,pitch,tennis,,,,,,,1,Truffet Park,1,Truffet Park
2,Greater Manchester,way,1236563098,53.5470296,-2.1822055,court,pitch,tennis,,,,,,,0,,0,
2,Greater Manchester,way,1236563099,53.5469214,-2.1821214,court,pitch,tennis,,,,,,,0,,0,
2,Greater Manchester,way,1236714491,53.398735,-2.0887165,court,pitch,tennis,,private,,,,asphalt,0,,0,
2,Greater Manchester,way,1236714492,53.3988147,-2.0885387,court,pitch,tennis,,private,,,,asphalt,0,,0,
2,Greater Manchester,way,1236714493,53.3988923,-2.0883646,court,pitch,tennis,,private,,,,asphalt,0,,0,
2,Greater Manchester,way,1237104198,53.4394103,-2.2261331,court,pitch,netball;tennis,,private,,,,,0,,0,
2,Greater Manchester,way,1237480959,53.508529,-2.2784477,court,pitch,tennis,,,,,,,0,,0,
2,Greater Manchester,way,1238370922,53.5180109,-2.1646355,court,pitch,tennis,,private,,,,asphalt,1,Nuthurst Park,1,Nuthurst Park
2,Greater Manchester,way,1239395607,53.4471229,-2.3926429,court,pitch,tennis,,private,,,,asphalt,0,,0,
2,Greater Manchester,way,1239395608,53.4469866,-2.3926313,court,pitch,tennis,,private,,,,asphalt,0,,0,
2,Greater Manchester,way,1239395609,53.4468588,-2.3926184,court,pitch,tennis,,private,,,,asphalt,0,,0,
2,Greater Manchester,way,1239395610,53.4467286,-2.3926067,court,pitch,tennis,,private,,,,asphalt,0,,0,
2,Greater Manchester,way,1242475580,53.6014866,-2.2161799,court,pitch,tennis,,,,,,,1,Queen's Park,1,Queen's Park
2,Greater Manchester,way,1243068745,53.3650094,-2.316109,court,pitch,tennis,,private,,,,,0,,0,
2,Greater Manchester,way,1243068746,53.3666352,-2.3148792,court,pitch,tennis,,private,,,,,0,,0,
2,Greater Manchester,way,1245871671,53.5064482,-2.1460007,court,pitch,tennis,,private,,,,artificial_turf,0,,0,
2,Greater Manchester,way,1245871672,53.5063298,-2.1458988,court,pitch,tennis,,private,,,,artificial_turf,0,,0,
2,Greater Manchester,way,1245871673,53.5062143,-2.1457971,court,pitch,tennis,,private,,,,artificial_turf,0,,0,
2,Greater Manchester,way,1245871674,53.5060267,-2.1456251,court,pitch,tennis,,private,,,,artificial_turf,0,,0,
2,Greater Manchester,way,1245871675,53.5058815,-2.1454992,court,pitch,tennis,,private,,,,artificial_turf,0,,0,
2,Greater Manchester,way,1245871676,53.5057386,-2.1453742,court,pitch,tennis,,private,,,,artificial_turf,0,,0,
2,Greater Manchester,way,1245935534,53.4831971,-2.1074069,court,pitch,tennis,,,,,,chipseal,1,West End Park,1,West End Park
2,Greater Manchester,way,1247425410,53.4051126,-2.3326256,court,pitch,tennis,,,,,,,0,,0,
2,Greater Manchester,way,1247425411,53.4050453,-2.3324241,court,pitch,tennis,,,,,,,0,,0,
2,Greater Manchester,way,1247454901,53.4529108,-2.3379416,court,pitch,tennis,,private,,,,paved,0,,0,
2,Greater Manchester,way,1247896688,53.5244242,-2.1880626,court,pitch,tennis,,private,,,,asphalt,0,,0,
2,Greater Manchester,way,1247896689,53.5242919,-2.1880488,court,pitch,tennis,,private,,,,asphalt,0,,0,
2,Greater Manchester,way,1247896690,53.5241612,-2.1880366,court,pitch,tennis,,private,,,,asphalt,0,,0,
2,Greater Manchester,way,1247896691,53.524031,-2.1880254,court,pitch,tennis,,private,,,,asphalt,0,,0,
2,Greater Manchester,way,1247896692,53.5239007,-2.1880124,court,pitch,tennis,,private,,,,asphalt,0,,0,
2,Greater Manchester,way,1248284750,53.5913997,-2.3075414,court,pitch,tennis,,,,,,,0,,0,
2,Greater Manchester,way,1248284751,53.5912737,-2.3076033,court,pitch,tennis,,,,,,,0,,0,
2,Greater Manchester,way,1248284752,53.5911466,-2.3076659,court,pitch,tennis,,,,,,,0,,0,
2,Greater Manchester,way,1248284753,53.591021,-2.307733,court,pitch,tennis,,,,,,,0,,0,
2,Greater Manchester,way,1250475216,53.3994309,-2.3244007,sports_centre,sports_centre,tennis,,,Heyes Grove Tennis Club,,,,0,,0,
2,Greater Manchester,way,1254185931,53.5045916,-2.0858562,court,pitch,tennis,,private,,,,asphalt,0,,0,
2,Greater Manchester,way,1254185932,53.5046233,-2.0855942,court,pitch,tennis,,private,,,,asphalt,0,,0,
2,Greater Manchester,way,1254185934,53.5046551,-2.0853265,court,pitch,tennis,,private,,,,asphalt,0,,0,
2,Greater Manchester,way,1254185936,53.5046868,-2.0850639,court,pitch,tennis,,private,,,,asphalt,0,,0,
2,Greater Manchester,way,1254912012,53.4208401,-2.1706234,court,pitch,tennis,,private,,,,asphalt,0,,0,
2,Greater Manchester,way,1254912013,53.4207631,-2.1710331,court,pitch,tennis,,private,,,,asphalt,0,,0,
2,Greater Manchester,way,1254912014,53.4208111,-2.1708306,court,pitch,tennis,,private,,,,asphalt,0,,0,
2,Greater Manchester,way,1261868738,53.4936881,-2.1347936,court,pitch,tennis,,private,,,,asphalt,0,,0,
2,Greater Manchester,way,1261868739,53.4935509,-2.1348057,court,pitch,tennis,,private,,,,asphalt,0,,0,
2,Greater Manchester,way,1261868740,53.4934236,-2.1348164,court,pitch,tennis,,private,,,,asphalt,0,,0,
2,Greater Manchester,way,1261868741,53.4932955,-2.1348241,court,pitch,tennis,,private,,,,asphalt,0,,0,
2,Greater Manchester,way,1261868742,53.4931588,-2.1348336,court,pitch,tennis,,private,,,,asphalt,0,,0,
2,Greater Manchester,way,1262133260,53.4184959,-2.1984981,court,pitch,tennis,,private,,,,,0,,0,
2,Greater Manchester,way,1262133261,53.4183789,-2.1985853,court,pitch,tennis,,private,,,,,0,,0,
2,Greater Manchester,way,1262133262,53.4182637,-2.1986703,court,pitch,tennis,,private,,,,,0,,0,
2,Greater Manchester,way,1262133263,53.4181485,-2.1987522,court,pitch,tennis,,private,,,,,0,,0,
2,Greater Manchester,way,1263490923,53.5867703,-2.0909654,court,pitch,tennis,,,,,,,1,Dunwood Park,1,Dunwood Park
2,Greater Manchester,way,1263490924,53.5867726,-2.0907459,court,pitch,tennis,,,,,,,1,Dunwood Park,1,Dunwood Park
2,Greater Manchester,way,1263491370,53.581564,-2.1046518,court,pitch,tennis,,,,,,,0,,0,
2,Greater Manchester,way,1263491371,53.5815382,-2.1043753,court,pitch,tennis,,,,,,,0,,0,
2,Greater Manchester,way,1263491372,53.5815157,-2.1041057,court,pitch,tennis,,,,,,,0,,0,
2,Greater Manchester,way,1263491618,53.5861188,-2.1139424,court,pitch,tennis,,,,,,,1,High Crompton Park,1,High Crompton Park
2,Greater Manchester,way,1263491851,53.5867145,-2.2987969,court,pitch,tennis,,,,,,asphalt,1,Manchester Road Park,1,Manchester Road Park
2,Greater Manchester,way,1263493666,53.5150888,-2.4518081,court,pitch,tennis,,customers,,,,,0,,0,
2,Greater Manchester,way,1263493667,53.51514,-2.4515621,court,pitch,tennis,,customers,,,,,0,,0,
2,Greater Manchester,way,1263493668,53.5151828,-2.451363,court,pitch,tennis,,customers,,,,,0,,0,
2,Greater Manchester,way,1263494584,53.4861574,-2.5267277,court,pitch,tennis,,yes,,,,asphalt,1,Pennington Hall Park,1,Pennington Hall Park
2,Greater Manchester,way,1263494585,53.4861849,-2.5265226,court,pitch,tennis,,yes,,,,asphalt,1,Pennington Hall Park,1,Pennington Hall Park
2,Greater Manchester,way,1263494587,53.48643,-2.5270395,court,pitch,tennis,,yes,,,,asphalt,1,Pennington Hall Park,1,Pennington Hall Park
2,Greater Manchester,way,1263497358,53.4854458,-2.5202484,court,pitch,tennis,,customers,,,,,0,,0,
2,Greater Manchester,way,1263497359,53.4854713,-2.5200347,court,pitch,tennis,,customers,,,,,0,,0,
2,Greater Manchester,way,1263497360,53.4851252,-2.5201359,court,pitch,tennis,,customers,,,,,0,,0,
2,Greater Manchester,way,1263497361,53.4851501,-2.5199212,court,pitch,tennis,,customers,,,,,0,,0,
2,Greater Manchester,way,1263497549,53.5511451,-2.5211178,court,pitch,tennis,,,,,,asphalt,1,Central Park,1,Central Park
2,Greater Manchester,way,1263591160,53.5009098,-2.0668532,sports_centre,sports_centre,cricket;tennis,,,Ladysmith Sports Centre,,,,0,,0,
2,Greater Manchester,way,1263594326,53.4734153,-2.584923,sports_centre,sports_centre,bowls;cricket;field_hockey;soccer;tennis,,,Golborne Sports & Social Club,,,,0,,0,
2,Greater Manchester,way,1263594328,53.473239,-2.5859504,court,pitch,tennis,,customers,,,,asphalt,0,,0,
2,Greater Manchester,way,1263691354,53.3946933,-2.1705772,court,pitch,tennis,,permissive,,,,asphalt,0,,0,
2,Greater Manchester,way,1264756820,53.4442591,-2.2089918,court,pitch,tennis,,customers,,,,rubber,0,,0,
2,Greater Manchester,way,1264756821,53.4442567,-2.2084776,court,pitch,tennis,,customers,,,,rubber,0,,0,
2,Greater Manchester,way,1269879106,53.5367437,-2.218502,court,pitch,tennis,,,,,,asphalt,0,,0,
2,Greater Manchester,way,1270851321,53.4204009,-2.2371827,court,pitch,tennis,,private,,,,,0,,0,
2,Greater Manchester,way,1271711978,53.380784,-2.35319,court,pitch,tennis,,private,,,,,0,,0,
2,Greater Manchester,way,1271711979,53.380492,-2.3532525,court,pitch,tennis,,private,,,,,0,,0,
2,Greater Manchester,way,1271711980,53.3804143,-2.3536056,court,pitch,tennis,,private,,,,,0,,0,
2,Greater Manchester,way,1271711981,53.3807261,-2.3535308,court,pitch,tennis,,private,,,,,0,,0,
2,Greater Manchester,way,1271957895,53.5939507,-2.3276661,court,pitch,tennis,,customers,,,,,0,,0,
2,Greater Manchester,way,1271957896,53.5939558,-2.3274337,court,pitch,tennis,,customers,,,,,0,,0,
2,Greater Manchester,way,1271957897,53.5939614,-2.3272079,court,pitch,tennis,,customers,,,,,0,,0,
2,Greater Manchester,way,1271992147,53.623036,-2.3256344,sports_centre,sports_centre,tennis,sport,,Holcombe Brook Tennis Club,,,,0,,0,
2,Greater Manchester,way,1271992148,53.623704,-2.3253746,court,pitch,tennis,,customers,,,,,0,,0,
2,Greater Manchester,way,1271992149,53.6235541,-2.3255637,court,pitch,tennis,,customers,,,,,0,,0,
2,Greater Manchester,way,1271992150,53.6234445,-2.3257009,court,pitch,tennis,,customers,,,,,0,,0,
2,Greater Manchester,way,1271992151,53.6232287,-2.325216,court,pitch,tennis,,customers,,,,,0,,0,
2,Greater Manchester,way,1271992152,53.6233387,-2.3250779,court,pitch,tennis,,customers,,,,,0,,0,
2,Greater Manchester,way,1271992153,53.6234881,-2.3248896,court,pitch,tennis,,customers,,,,,0,,0,
2,Greater Manchester,way,1271992154,53.6235987,-2.3247506,court,pitch,tennis,,customers,,,,,0,,0,
2,Greater Manchester,way,1271992155,53.623284,-2.3260801,court,pitch,tennis,,customers,,,,,0,,0,
2,Greater Manchester,way,1272538967,53.5122537,-2.1501325,court,pitch,tennis,,,,,,asphalt,1,Higher Memorial Park,1,Higher Memorial Park
2,Greater Manchester,way,1272893274,53.3759237,-2.1558823,court,pitch,tennis,,private,,,,,0,,0,
2,Greater Manchester,way,1273189634,53.4577453,-2.0760089,court,pitch,tennis,,yes,,,,asphalt,1,Hyde Park,1,Hyde Park
2,Greater Manchester,way,1273315916,53.4604221,-2.1204234,court,pitch,tennis,,private,,,,asphalt,0,,0,
2,Greater Manchester,way,1273315917,53.4601449,-2.1208596,court,pitch,tennis,,private,,,,asphalt,0,,0,
2,Greater Manchester,way,1273315918,53.4602389,-2.1203313,court,pitch,tennis,,private,,,,asphalt,0,,0,
2,Greater Manchester,way,1273860655,53.510537,-2.2333792,court,pitch,tennis,,private,,,,,0,,0,
2,Greater Manchester,way,1273860656,53.5105361,-2.2331496,court,pitch,tennis,,private,,,,,0,,0,
2,Greater Manchester,way,1273860657,53.5105374,-2.2329178,court,pitch,tennis,,private,,,,,0,,0,
2,Greater Manchester,way,1274077259,53.5151357,-2.387639,court,pitch,tennis,,private,,,,asphalt,0,,0,
2,Greater Manchester,way,1274077260,53.5152003,-2.3873789,court,pitch,tennis,,private,,,,asphalt,0,,0,
2,Greater Manchester,way,1274077261,53.5152661,-2.3871221,court,pitch,tennis,,private,,,,asphalt,0,,0,
2,Greater Manchester,way,1274170357,53.5228307,-2.4084914,court,pitch,tennis,,private,,,,asphalt,0,,0,
2,Greater Manchester,way,1274170358,53.5227019,-2.4085371,court,pitch,tennis,,private,,,,asphalt,0,,0,
2,Greater Manchester,way,1274170359,53.5225721,-2.4085882,court,pitch,tennis,,private,,,,asphalt,0,,0,
2,Greater Manchester,way,1274170360,53.5224434,-2.4086348,court,pitch,tennis,,private,,,,asphalt,0,,0,
2,Greater Manchester,way,1274176555,53.5572203,-2.4162068,court,pitch,tennis,,customers,,,,,0,,0,
2,Greater Manchester,way,1274176556,53.5572351,-2.4164078,court,pitch,tennis,,customers,,,,,0,,0,
2,Greater Manchester,way,1274176557,53.5577817,-2.4160989,sports_centre,sports_centre,bowls;cricket;tennis,,,Bolton Cricket Club,,,,0,,0,
2,Greater Manchester,way,1276757430,53.5382408,-2.154149,court,pitch,tennis,,private,,,,asphalt,0,,0,
2,Greater Manchester,way,1276757431,53.5381923,-2.1538439,court,pitch,tennis,,private,,,,asphalt,0,,0,
2,Greater Manchester,way,1276757432,53.5381422,-2.1535336,court,pitch,tennis,,private,,,,asphalt,0,,0,
2,Greater Manchester,way,1281957575,53.4424409,-2.2974427,court,pitch,tennis,,private,,,,asphalt,0,,0,
2,Greater Manchester,way,1281957578,53.4425437,-2.2969327,court,pitch,tennis,,private,,,,asphalt,0,,0,
2,Greater Manchester,way,1281957582,53.4427691,-2.2976265,court,pitch,tennis,,private,,,,asphalt,0,,0,
2,Greater Manchester,way,1281957584,53.4428709,-2.2971234,court,pitch,tennis,,private,,,,asphalt,0,,0,
2,Greater Manchester,way,1282138529,53.5097194,-2.3811921,court,pitch,tennis,,,,,,,0,,0,
2,Greater Manchester,way,1282138530,53.509701,-2.3809838,court,pitch,tennis,,,,,,,0,,0,
2,Greater Manchester,way,1282140398,53.5416915,-2.1974799,court,pitch,tennis,,customers,,,,,0,,0,
2,Greater Manchester,way,1282140399,53.5416891,-2.1972756,court,pitch,tennis,,customers,,,,,0,,0,
2,Greater Manchester,way,1282140400,53.5414017,-2.1973766,court,pitch,tennis,,customers,,,,,0,,0,
2,Greater Manchester,way,1282140401,53.5411658,-2.1974804,court,pitch,tennis,,customers,,,,,0,,0,
2,Greater Manchester,way,1282140402,53.5411639,-2.1972783,court,pitch,tennis,,customers,,,,,0,,0,
2,Greater Manchester,way,1282141629,53.3769079,-2.1136364,court,pitch,tennis,,,,,,tartan,1,Torkington Park,1,Torkington Park
2,Greater Manchester,way,1282141630,53.3768601,-2.1134309,court,pitch,tennis,,,,,,tartan,1,Torkington Park,1,Torkington Park
2,Greater Manchester,way,1282141631,53.376813,-2.1132362,court,pitch,tennis,,,,,,tartan,1,Torkington Park,1,Torkington Park
2,Greater Manchester,way,1282141632,53.3767653,-2.1130356,court,pitch,tennis,,,,,,tartan,1,Torkington Park,1,Torkington Park
2,Greater Manchester,way,1282141805,53.370671,-2.149388,court,pitch,tennis,,private,,,,asphalt,0,,0,
2,Greater Manchester,way,1282142182,53.3428717,-2.1626391,court,pitch,tennis,,,,,,,0,,0,
2,Greater Manchester,way,1282142250,53.5640002,-2.3056781,court,pitch,tennis,,,,,,,1,Close Park,1,Close Park
2,Greater Manchester,way,1282142251,53.5639877,-2.3054607,court,pitch,tennis,,,,,,,1,Close Park,1,Close Park
2,Greater Manchester,way,1282182946,53.4561097,-2.2171945,court,pitch,tennis,,private,,,,,0,,0,
2,Greater Manchester,way,1282188250,53.528688,-2.1228605,court,pitch,tennis,,private,,,,,0,,0,
2,Greater Manchester,way,1282188251,53.5285915,-2.1227444,court,pitch,tennis,,private,,,,,0,,0,
2,Greater Manchester,way,1282188254,53.5289322,-2.1223033,court,pitch,tennis,,private,,,,asphalt,0,,0,
2,Greater Manchester,way,1282191249,53.3494918,-2.1796615,court,pitch,tennis,,private,,,,asphalt,0,,0,
2,Greater Manchester,way,1282852022,53.3888056,-2.1435487,court,pitch,tennis,,private,,,,,0,,0,
2,Greater Manchester,way,1282852023,53.3888862,-2.1433829,court,pitch,tennis,,private,,,,,0,,0,
2,Greater Manchester,way,1282852024,53.3889657,-2.1432195,court,pitch,tennis,,private,,,,,0,,0,
2,Greater Manchester,way,1282852025,53.3890614,-2.143024,court,pitch,tennis,,private,,,,,0,,0,
2,Greater Manchester,way,1282852026,53.3891409,-2.142862,court,pitch,tennis,,private,,,,,0,,0,
2,Greater Manchester,way,1282852027,53.3892199,-2.1427014,court,pitch,tennis,,private,,,,,0,,0,
2,Greater Manchester,way,1282852028,53.3892963,-2.1425438,court,pitch,tennis,,private,,,,,0,,0,
2,Greater Manchester,way,1287154096,53.6272907,-2.1040225,court,pitch,tennis,,,,,,,0,,0,
2,Greater Manchester,way,1287409221,53.5675907,-2.1999204,court,pitch,tennis,,private,,,,asphalt,0,,0,
2,Greater Manchester,way,1287409222,53.5677454,-2.1998213,court,pitch,tennis,,private,,,,asphalt,0,,0,
2,Greater Manchester,way,1287409223,53.5679006,-2.1997137,court,pitch,tennis,,private,,,,asphalt,0,,0,
2,Greater Manchester,way,1289384527,53.6020293,-2.4120114,court,pitch,tennis,,private,,,,,0,,0,
2,Greater Manchester,way,1289384528,53.6019748,-2.4117526,court,pitch,tennis,,private,,,,,0,,0,
2,Greater Manchester,way,1289384532,53.6019159,-2.4114356,court,pitch,tennis,,private,,,,,0,,0,
2,Greater Manchester,way,1289384533,53.601879,-2.4112266,court,pitch,tennis,,private,,,,,0,,0,
2,Greater Manchester,way,1289384534,53.6018402,-2.4110159,court,pitch,tennis,,private,,,,,0,,0,
2,Greater Manchester,way,1290200078,53.4743203,-2.151019,court,pitch,tennis,,private,,,,asphalt,0,,0,
2,Greater Manchester,way,1290200079,53.4743314,-2.150806,court,pitch,tennis,,private,,,,asphalt,0,,0,
2,Greater Manchester,way,1290200080,53.4743424,-2.150594,court,pitch,tennis,,private,,,,asphalt,0,,0,
2,Greater Manchester,way,1290252546,53.4096564,-2.2163515,court,pitch,tennis,,private,,,,asphalt,0,,0,
2,Greater Manchester,way,1290252547,53.409685,-2.2161313,court,pitch,tennis,,private,,,,asphalt,0,,0,
2,Greater Manchester,way,1307530035,53.5336735,-2.1312959,court,pitch,tennis,,,,,,,1,Werneth Park,1,Werneth Park
2,Greater Manchester,way,1307530036,53.5337509,-2.1311324,court,pitch,tennis,,,,,,,1,Werneth Park,1,Werneth Park
2,Greater Manchester,way,1309677759,53.4794693,-2.2557852,court,pitch,tennis,,,,,,,0,,0,
2,Greater Manchester,way,1328252279,53.6078878,-2.28731,court,pitch,tennis,,,,,,,0,,0,
2,Greater Manchester,way,1431578434,53.5278621,-2.7029277,court,pitch,tennis,,customers,,,,,0,,0,
2,Greater Manchester,way,1431578435,53.5279406,-2.7027697,court,pitch,tennis,,customers,,,,,0,,0,
2,Greater Manchester,way,1431578436,53.5279467,-2.7024472,court,pitch,tennis,,customers,,,,,0,,0,
2,Greater Manchester,way,1431578437,53.5280237,-2.7022836,court,pitch,tennis,,customers,,,,,0,,0,
2,Greater Manchester,way,1431578438,53.5280991,-2.7021309,court,pitch,tennis,,customers,,,,,0,,0,
2,Greater Manchester,way,1431578439,53.5282207,-2.7019543,court,pitch,tennis,,customers,,,,,0,,0,
2,Greater Manchester,way,1444357124,53.5237848,-2.1191161,court,pitch,tennis,,,,,,,1,Copster Park,1,Copster Park
2,Greater Manchester,way,1454130624,53.4623703,-2.1874404,court,pitch,tennis,,,,,,,0,,0,
2,Greater Manchester,way,1454130625,53.4625219,-2.1875743,court,pitch,tennis,,,,,,,0,,0,
2,Greater Manchester,way,1454130626,53.4626756,-2.1877131,court,pitch,tennis,,,,,,,0,,0,
2,Greater Manchester,way,1462609633,53.5563715,-2.2323069,court,pitch,tennis,,,,,,,0,,0,
2,Greater Manchester,way,1462609634,53.5562539,-2.2324635,court,pitch,tennis,,,,,,,0,,0,
2,Greater Manchester,way,1462609635,53.5561436,-2.2326139,court,pitch,tennis,,,,,,,0,,0,
2,Greater Manchester,relation,1836785,53.3801125,-2.117176,sports_centre,sports_centre,bowls;tennis,,,Hazel Grove Bowling & Tennis Club,,,,0,,0,
3,West Midlands,node,620868634,52.3695417,-1.2765812,sports_centre,sports_centre,tennis,Rugby Lawn Tennis Club,,Rugby Lawn tennis Club,,,,0,,0,
3,West Midlands,node,2297147950,52.338602,-1.2814808,sports_centre,sports_centre,tennis,,,Dunchurch Park Hotel,,,,0,,0,
3,West Midlands,node,2300246043,52.3002912,-1.458011,sports_centre,sports_centre,tennis,,,Offchurch Tennis Club,,,,0,,0,
3,West Midlands,node,2300250890,52.2478889,-1.3159373,sports_centre,sports_centre,tennis,,,Napton Tennis Club,,,,0,,0,
3,West Midlands,node,2300260639,52.3811968,-1.2271562,sports_centre,sports_centre,tennis,,,Clifton Tennis Club,,,,1,,1,
3,West Midlands,way,28498930,52.1863546,-1.7009907,court,pitch,tennis,,,,,,tartan,0,,0,
3,West Midlands,way,39775691,52.2161149,-1.8722952,court,pitch,tennis,,,,,,,0,,0,
3,West Midlands,way,83890839,52.3479748,-1.5815436,court,pitch,tennis,,,,,,asphalt,1,Abbey Fields,1,Abbey Fields
3,West Midlands,way,83893213,52.3566578,-1.5722363,sports_centre,sports_centre,tennis,,,Kenilworth Tennis and Squash Club,,,,0,,0,
3,West Midlands,way,93193989,52.1623218,-1.4492116,court,pitch,tennis,,,,,,,0,,0,
3,West Midlands,way,93194004,52.1614368,-1.4447735,court,pitch,tennis,,,,,,,0,,0,
3,West Midlands,way,103715437,52.1408156,-1.3709234,court,pitch,tennis,,,,,,,0,,0,
3,West Midlands,way,110906401,52.4653032,-1.4848098,court,pitch,tennis,,,,,,asphalt,0,,0,
3,West Midlands,way,114614215,52.2096852,-1.6968859,court,pitch,tennis,,,,,,,0,,0,
3,West Midlands,way,114614229,52.2098775,-1.6965037,court,pitch,tennis,,,,,,,0,,0,
3,West Midlands,way,125154934,52.5341885,-1.4486487,court,pitch,tennis,,,,,,,0,,0,
3,West Midlands,way,125553876,52.5157465,-1.4618083,court,pitch,tennis,,,,,,,0,,0,
3,West Midlands,way,130282902,52.3756629,-1.5228006,court,pitch,tennis,,,,,,,0,,0,
3,West Midlands,way,134420084,52.1444227,-1.794399,court,pitch,tennis,,,,,,,0,,0,
3,West Midlands,way,136506248,52.2932356,-1.550459,court,pitch,tennis,,members,,,,artificial_turf,0,,0,
3,West Midlands,way,136506249,52.2929367,-1.5505753,court,pitch,tennis,,members,,,,artificial_turf,0,,0,
3,West Midlands,way,136506250,52.2934087,-1.5500961,court,pitch,tennis,,members,,,,artificial_turf,0,,0,
3,West Midlands,way,136506251,52.2928367,-1.5504469,court,pitch,tennis,,members,,,,artificial_turf,0,,0,
3,West Midlands,way,136506252,52.2927346,-1.5503186,court,pitch,tennis,,members,,,,artificial_turf,0,,0,
3,West Midlands,way,136506253,52.2931471,-1.5508455,court,pitch,tennis,,members,,,,artificial_turf,0,,0,
3,West Midlands,way,136506255,52.2933219,-1.5502782,court,pitch,tennis,,members,,,,artificial_turf,0,,0,
3,West Midlands,way,136506256,52.2930428,-1.5507126,court,pitch,tennis,,members,,,,artificial_turf,0,,0,
3,West Midlands,way,136506513,52.29319,-1.5499365,court,pitch,tennis,,members,,,,clay,0,,0,
3,West Midlands,way,136506514,52.292872,-1.5495315,court,pitch,tennis,,members,,,,clay,0,,0,
3,West Midlands,way,136506515,52.2930858,-1.5497994,court,pitch,tennis,,members,,,,clay,0,,0,
3,West Midlands,way,136506516,52.2929785,-1.5496652,court,pitch,tennis,,members,,,,clay,0,,0,
3,West Midlands,way,136979078,52.2870027,-1.5432901,court,pitch,tennis,,,,,,asphalt,1,Victoria Park,1,Victoria Park
3,West Midlands,way,136979079,52.2866581,-1.5441672,court,pitch,tennis,,,,,,asphalt,1,Victoria Park,1,Victoria Park
3,West Midlands,way,136979080,52.2866656,-1.5437239,court,pitch,tennis,,,,,,asphalt,1,Victoria Park,1,Victoria Park
3,West Midlands,way,136979081,52.2869946,-1.5439569,court,pitch,tennis,,,,,,asphalt,1,Victoria Park,1,Victoria Park
3,West Midlands,way,136979082,52.28667,-1.54328,court,pitch,tennis,,,,,,asphalt,1,Victoria Park,1,Victoria Park
3,West Midlands,way,136979083,52.2869917,-1.5441762,court,pitch,tennis,,,,,,asphalt,1,Victoria Park,1,Victoria Park
3,West Midlands,way,136979084,52.2869978,-1.5437347,court,pitch,tennis,,,,,,asphalt,1,Victoria Park,1,Victoria Park
3,West Midlands,way,136979085,52.2869995,-1.5435134,court,pitch,tennis,,,,,,asphalt,1,Victoria Park,1,Victoria Park
3,West Midlands,way,136979086,52.2866671,-1.5435014,court,pitch,tennis,,,,,,asphalt,1,Victoria Park,1,Victoria Park
3,West Midlands,way,136979087,52.2866635,-1.5439446,court,pitch,tennis,,,,,,asphalt,1,Victoria Park,1,Victoria Park
3,West Midlands,way,136980011,52.2944424,-1.5365711,court,pitch,tennis,,limited,,,,asphalt,1,Christchurch Gardens,1,Christchurch Gardens
3,West Midlands,way,136980013,52.2944703,-1.535945,court,pitch,tennis,,,,,,asphalt,1,Christchurch Gardens,1,Christchurch Gardens
3,West Midlands,way,136980014,52.2944514,-1.5363582,court,pitch,tennis,,limited,,,,asphalt,1,Christchurch Gardens,1,Christchurch Gardens
3,West Midlands,way,136980015,52.2944613,-1.5361537,court,pitch,tennis,,limited,,,,asphalt,1,Christchurch Gardens,1,Christchurch Gardens
3,West Midlands,way,137226143,52.5149113,-1.7326507,court,pitch,tennis,,,,,,,0,,0,
3,West Midlands,way,137307541,52.2803451,-1.5673006,court,pitch,tennis,,,,,,asphalt,0,,0,
3,West Midlands,way,137307542,52.2805879,-1.567397,court,pitch,tennis,,,,,,asphalt,0,,0,
3,West Midlands,way,137307543,52.2804663,-1.5673489,court,pitch,tennis,,,,,,asphalt,0,,0,
3,West Midlands,way,137307545,52.2805765,-1.5673915,court,pitch,tennis,,,,,,asphalt,0,,0,
3,West Midlands,way,137838952,52.5560237,-1.7298534,court,pitch,tennis,,,,The Belfry,,,0,,0,
3,West Midlands,way,137838953,52.5560566,-1.7300611,court,pitch,tennis,,,,The Belfry,,,0,,0,
3,West Midlands,way,137838955,52.5560852,-1.7302739,court,pitch,tennis,,,,The Belfry,,,0,,0,
3,West Midlands,way,140250780,52.2760799,-1.5969236,court,pitch,tennis,,,,,,,0,,0,
3,West Midlands,way,140250781,52.275672,-1.5970442,court,pitch,tennis,,,,,,,0,,0,
3,West Midlands,way,140250782,52.2758276,-1.5973844,court,pitch,tennis,,,,,,,0,,0,
3,West Midlands,way,140250783,52.2759734,-1.5970532,court,pitch,tennis,,,,,,,0,,0,
3,West Midlands,way,140250784,52.2757505,-1.5972185,court,pitch,tennis,,,,,,,0,,0,
3,West Midlands,way,146636502,52.0580977,-1.62248,court,pitch,tennis,,,,,,,0,,0,
3,West Midlands,way,147683179,52.0993973,-1.6447736,court,pitch,tennis,,,,,,,0,,0,
3,West Midlands,way,147728997,52.0650807,-1.6350142,court,pitch,tennis,,,,,,,0,,0,
3,West Midlands,way,147729001,52.0656849,-1.6354327,court,pitch,tennis,,,,,,,0,,0,
3,West Midlands,way,150621984,52.4762645,-1.4699636,court,pitch,tennis,,,,,,,1,Miners' Welfare Park,1,Miners' Welfare Park
3,West Midlands,way,152975508,52.0389179,-1.5895165,court,pitch,tennis,,,,,,,0,,0,
3,West Midlands,way,154025214,52.200583,-1.5467769,court,pitch,tennis,,,,,,,0,,0,
3,West Midlands,way,155965980,52.094105,-1.6966906,court,pitch,tennis,,,,,,,0,,0,
3,West Midlands,way,156495903,52.0327187,-1.5636536,court,pitch,tennis,,,,,,,0,,0,
3,West Midlands,way,159383033,52.3309378,-1.8382087,court,pitch,tennis,,private,,,,,0,,0,
3,West Midlands,way,159383035,52.3359342,-1.8406274,court,pitch,tennis,,private,,,,,0,,0,
3,West Midlands,way,159383036,52.3320883,-1.8429674,court,pitch,tennis,,,,,,,0,,0,
3,West Midlands,way,159383037,52.3334545,-1.8309989,court,pitch,tennis,,private,,,,,0,,0,
3,West Midlands,way,162410723,52.2406226,-1.6884773,court,pitch,tennis,,,,,,,0,,0,
3,West Midlands,way,162410725,52.239913,-1.6877858,court,pitch,tennis,,,,,,,0,,0,
3,West Midlands,way,162425833,52.196224,-1.6769283,court,pitch,tennis,,,,,,,0,,0,
3,West Midlands,way,162877342,52.2690068,-1.6002975,court,pitch,tennis,,,,,,,0,,0,
3,West Midlands,way,163068007,52.2118191,-1.5661184,court,pitch,tennis,,,,,,,0,,0,
3,West Midlands,way,163367126,52.0392411,-1.5117717,court,pitch,tennis,,,,,,,0,,0,
3,West Midlands,way,163478834,52.2735411,-1.8985733,court,pitch,tennis,,,,,,,0,,0,
3,West Midlands,way,169639064,52.6158923,-1.6119593,court,pitch,tennis,,,,,,asphalt,1,Abbey Green Park,1,Abbey Green Park
3,West Midlands,way,174269762,52.4985833,-1.7019857,court,pitch,tennis,,,,,,,0,,0,
3,West Midlands,way,174269764,52.4993768,-1.7021553,court,pitch,tennis,,,,,,,0,,0,
3,West Midlands,way,177665678,52.4120822,-1.362971,court,pitch,tennis,,,,,,,1,Brinklow Playing Field,1,Brinklow Playing Field
3,West Midlands,way,179951920,52.2752156,-1.572995,court,pitch,tennis,,,,,,,0,,0,
3,West Midlands,way,179951921,52.2754806,-1.5733344,court,pitch,tennis,,,,,,,0,,0,
3,West Midlands,way,179951922,52.2764925,-1.5713278,court,pitch,tennis,,,,,,,0,,0,
3,West Midlands,way,179951923,52.2756147,-1.5735005,court,pitch,tennis,,,,,,,0,,0,
3,West Midlands,way,179951924,52.2765979,-1.5714638,court,pitch,tennis,,,,,,,0,,0,
3,West Midlands,way,179951925,52.2760843,-1.5714491,court,pitch,tennis,,,,,,,0,,0,
3,West Midlands,way,179951926,52.2764121,-1.5718561,court,pitch,tennis,,,,,,,0,,0,
3,West Midlands,way,179951927,52.2753491,-1.5731613,court,pitch,tennis,,,,,,,0,,0,
3,West Midlands,way,179951928,52.276305,-1.5717193,court,pitch,tennis,,,,,,,0,,0,
3,West Midlands,way,179951929,52.2763825,-1.5711936,court,pitch,tennis,,,,,,,0,,0,
3,West Midlands,way,179951930,52.2761975,-1.5715819,court,pitch,tennis,,,,,,,0,,0,
3,West Midlands,way,179951931,52.276273,-1.5710581,court,pitch,tennis,,,,,,,0,,0,
3,West Midlands,way,179952106,52.2780286,-1.5680554,court,pitch,tennis,,,,,,,0,,0,
3,West Midlands,way,179952107,52.2781413,-1.5681473,court,pitch,tennis,,,,,,,0,,0,
3,West Midlands,way,179952108,52.2782533,-1.5682431,court,pitch,tennis,,,,,,,0,,0,
3,West Midlands,way,186054132,52.2802109,-1.5810261,court,pitch,tennis,,customers,,,,artificial_turf,0,,0,
3,West Midlands,way,186054133,52.2801987,-1.5814362,court,pitch,tennis,,customers,,,,artificial_turf,0,,0,
3,West Midlands,way,186054134,52.2798995,-1.5806696,court,pitch,tennis,,customers,,,,artificial_turf,0,,0,
3,West Midlands,way,186054135,52.2798897,-1.5809057,court,pitch,tennis,,customers,,,,artificial_turf,0,,0,
3,West Midlands,way,186054136,52.2802051,-1.5812294,court,pitch,tennis,,customers,,,,artificial_turf,0,,0,
3,West Midlands,way,186054137,52.2798756,-1.5813689,court,pitch,tennis,,customers,,,,artificial_turf,0,,0,
3,West Midlands,way,186054138,52.2798819,-1.5811541,court,pitch,tennis,,customers,,,,artificial_turf,0,,0,
3,West Midlands,way,186054139,52.2801919,-1.5816397,court,pitch,tennis,,customers,,,,artificial_turf,0,,0,
3,West Midlands,way,186054140,52.2802177,-1.5808183,court,pitch,tennis,,customers,,,,artificial_turf,0,,0,
3,West Midlands,way,186054141,52.2799081,-1.5804685,court,pitch,tennis,,customers,,,,artificial_turf,0,,0,
3,West Midlands,way,186300619,52.3807554,-1.573187,court,pitch,tennis,,,Lakeside Courts,,,asphalt,0,,0,
3,West Midlands,way,188538523,52.558774,-1.7101582,court,pitch,tennis,,,,,,,0,,0,
3,West Midlands,way,190209673,52.2429324,-1.3215226,court,pitch,tennis,,,,,,,0,,0,
3,West Midlands,way,192751115,52.353881,-1.5197019,court,pitch,tennis,,,,,,,0,,0,
3,West Midlands,way,195190031,52.3123059,-1.538815,court,pitch,tennis,,,,,,,0,,0,
3,West Midlands,way,196954503,52.5100147,-1.6928,court,pitch,tennis,,private,,,,,1,,1,
3,West Midlands,way,200291205,52.3356845,-1.7644771,court,pitch,tennis,,private,,,,,0,,0,
3,West Midlands,way,200689107,52.2805858,-1.5816886,court,pitch,tennis,,,,,,artificial_turf,0,,0,
3,West Midlands,way,202165058,52.3293186,-1.5457986,court,pitch,tennis,,private,,,,,0,,0,
3,West Midlands,way,202165059,52.3297079,-1.5435198,court,pitch,tennis,,private,,,,,0,,0,
3,West Midlands,way,202165060,52.3301095,-1.5462143,court,pitch,tennis,,private,,,,,0,,0,
3,West Midlands,way,203560564,52.3431258,-1.7295207,court,pitch,tennis,,,,,,,0,,0,
3,West Midlands,way,205992845,52.3528392,-1.7528072,court,pitch,tennis,,,,,,,0,,0,
3,West Midlands,way,208346639,52.2992139,-1.7879301,court,pitch,tennis,,,,,,,0,,0,
3,West Midlands,way,216945483,52.2882574,-1.706548,court,pitch,tennis,,,,,,,0,,0,
3,West Midlands,way,217325374,52.218645,-1.7193806,court,pitch,tennis,,,,,,,0,,0,
3,West Midlands,way,217330600,52.2541334,-1.6180866,court,pitch,tennis,,,,,,,0,,0,
3,West Midlands,way,217443483,52.2573476,-1.5319046,court,pitch,tennis,,customers,,,,,1,,1,
3,West Midlands,way,218746377,52.280732,-1.781417,court,pitch,tennis,,,,,,,0,,0,
3,West Midlands,way,220233223,52.2245327,-1.5483876,court,pitch,tennis,,,,,,,0,,0,
3,West Midlands,way,221952445,52.5816163,-1.7400514,court,pitch,tennis,,,,,,,0,,0,
3,West Midlands,way,224897615,52.1827621,-1.6086676,court,pitch,tennis,,,,,,,0,,0,
3,West Midlands,way,225378516,52.356687,-1.5725076,court,pitch,tennis,,,,,,,0,,0,
3,West Midlands,way,225378517,52.3565698,-1.5718539,court,pitch,tennis,,,,,,,0,,0,
3,West Midlands,way,226678095,52.5117494,-1.5878386,court,pitch,tennis,,,,,,,0,,0,
3,West Midlands,way,229060712,52.3231668,-1.4445928,court,pitch,tennis,,,,,,,0,,0,
3,West Midlands,way,234578312,52.300167,-1.4577495,court,pitch,tennis,,,,,,,0,,0,
3,West Midlands,way,234578313,52.2998132,-1.4579547,court,pitch,tennis,,,,,,,0,,0,
3,West Midlands,way,235475663,52.2523168,-1.4178097,court,pitch,tennis,,,,,,,0,,0,
3,West Midlands,way,235663418,52.2271822,-1.8223847,court,pitch,tennis,,,,,,,0,,0,
3,West Midlands,way,236327829,52.2101144,-1.6601396,court,pitch,tennis,,,,,,,0,,0,
3,West Midlands,way,236762848,52.5318694,-1.7425379,court,pitch,tennis,,,,,,,1,,1,
3,West Midlands,way,243372068,52.3053987,-1.2793979,court,pitch,tennis,,,,,,,0,,0,
3,West Midlands,way,243919783,52.3003624,-1.3387687,court,pitch,tennis,,,,,,,0,,0,
3,West Midlands,way,244556960,52.333445,-1.67517,court,pitch,tennis,,,,,,,0,,0,
3,West Midlands,way,244556965,52.3389162,-1.6836503,court,pitch,tennis,,,,,,,0,,0,
3,West Midlands,way,245646475,52.0352097,-1.6574023,court,pitch,tennis,,,,,,,0,,0,
3,West Midlands,way,246295891,52.1079378,-1.459951,court,pitch,tennis,,private,,,,,0,,0,
3,West Midlands,way,248658989,52.1328185,-1.4572931,court,pitch,tennis,,,,,,,0,,0,
3,West Midlands,way,249361416,52.0748057,-1.5177506,court,pitch,tennis,,,,,,,1,,1,
3,West Midlands,way,249547219,52.1559257,-1.5703836,court,pitch,tennis,,,,,,,0,,0,
3,West Midlands,way,251052652,52.1240484,-1.6384478,court,pitch,tennis,,,,,,,1,Ettington Park,1,Ettington Park
3,West Midlands,way,251156347,52.170806,-1.6285654,court,pitch,tennis,,,,,,,0,,0,
3,West Midlands,way,251495097,52.1638663,-1.6512873,court,pitch,tennis,,,,,,,0,,0,
3,West Midlands,way,252117517,52.1592151,-1.8160147,court,pitch,tennis,,,,,,,0,,0,
3,West Midlands,way,252269591,52.108732,-1.713762,court,pitch,tennis,,,,,,,0,,0,
3,West Midlands,way,252752531,52.1461315,-1.7008899,court,pitch,tennis,,,,,,,0,,0,
3,West Midlands,way,258471661,52.3296197,-1.7088746,court,pitch,tennis,,,,,,,0,,0,
3,West Midlands,way,259432334,52.3084993,-1.5318497,court,pitch,multi;netball;basketball;tennis,,,M.U.G.A,,,asphalt,0,,0,
3,West Midlands,way,259751141,52.2998977,-1.2792424,court,pitch,tennis,,,,,,,0,,0,
3,West Midlands,way,270556909,52.2655906,-1.2457586,court,pitch,tennis,,,,,,,0,,0,
3,West Midlands,way,270579902,52.2676623,-1.2459215,court,pitch,tennis,,,,,,,0,,0,
3,West Midlands,way,285421781,52.0932006,-1.5041502,court,pitch,tennis,,,,,,,0,,0,
3,West Midlands,way,285421782,52.0932916,-1.5043202,court,pitch,tennis,,,,,,,0,,0,
3,West Midlands,way,288176232,52.3589354,-1.8493655,court,pitch,tennis,,,,,,,0,,0,
3,West Midlands,way,288203361,52.3673551,-1.8663047,court,pitch,tennis,,,,,,,0,,0,
3,West Midlands,way,289979975,52.3610649,-1.2958226,court,pitch,tennis,,,,,,asphalt,0,,0,
3,West Midlands,way,292658584,52.2165025,-1.8723634,court,pitch,tennis,,,,,,,0,,0,
3,West Midlands,way,312780098,52.5651176,-1.6838452,court,pitch,tennis,,,,,,,0,,0,
3,West Midlands,way,329881106,52.2299644,-1.6591562,court,pitch,tennis,,,,,,,0,,0,
3,West Midlands,way,331373689,52.2929744,-1.5501258,sports_centre,sports_centre,tennis;squash,,private,Leamington Lawn Tennis and Squash Club,,,,0,,0,
3,West Midlands,way,335611618,52.3391041,-1.7389877,court,pitch,tennis,,private,,,,,0,,0,
3,West Midlands,way,351124978,52.3192246,-1.4728164,court,pitch,tennis,,,,,,,0,,0,
3,West Midlands,way,360261091,52.1649587,-1.71037,court,pitch,tennis,,private,,,,,0,,0,
3,West Midlands,way,363472650,52.3778223,-1.2623431,court,pitch,tennis,,,,,,asphalt,1,Caldecott Park,1,Caldecott Park
3,West Midlands,way,363472653,52.3779094,-1.2629862,court,pitch,tennis,,,,,,asphalt,1,Caldecott Park,1,Caldecott Park
3,West Midlands,way,364108779,52.3707553,-1.258141,court,pitch,tennis,,,,,,,0,,0,
3,West Midlands,way,376352336,52.3427679,-1.7472386,court,pitch,tennis,,,,,,,0,,0,
3,West Midlands,way,376380058,52.3526657,-1.7318191,court,pitch,tennis,,,,,,,0,,0,
3,West Midlands,way,376380060,52.3588712,-1.7333443,court,pitch,tennis,,private,,,,,0,,0,
3,West Midlands,way,376380061,52.3612894,-1.7344372,court,pitch,tennis,,private,,,,,0,,0,
3,West Midlands,way,378329916,52.3346699,-1.7429747,court,pitch,tennis,,,,,,,0,,0,
3,West Midlands,way,378935809,52.3584951,-1.2886363,court,pitch,tennis,,,,,,asphalt,0,,0,
3,West Midlands,way,385003813,52.3470229,-1.7619548,court,pitch,tennis,,private,,,,,0,,0,
3,West Midlands,way,385249310,52.345053,-1.7526631,court,pitch,tennis,,,,,,,0,,0,
3,West Midlands,way,390069145,52.5032961,-1.5855394,court,pitch,tennis,,private,,,,,0,,0,
3,West Midlands,way,392113525,52.3419592,-1.7710096,court,pitch,tennis,,private,,,,,0,,0,
3,West Midlands,way,393150039,52.315384,-1.7308516,court,pitch,tennis,,,,,,,0,,0,
3,West Midlands,way,393150042,52.3373153,-1.7376613,court,pitch,tennis,,private,,,,,0,,0,
3,West Midlands,way,393229527,52.3337452,-1.7182488,court,pitch,tennis,,,,,,,0,,0,
3,West Midlands,way,393703995,52.3264305,-1.7108174,court,pitch,tennis,,private,,,,,0,,0,
3,West Midlands,way,393703996,52.3251875,-1.7132055,court,pitch,tennis,,private,,,,,0,,0,
3,West Midlands,way,393703998,52.327957,-1.7156398,court,pitch,tennis,,private,,,,,0,,0,
3,West Midlands,way,393703999,52.3234164,-1.7109089,court,pitch,tennis,,private,,,,,0,,0,
3,West Midlands,way,395043474,52.4795454,-1.6398412,court,pitch,tennis,,,,,,,0,,0,
3,West Midlands,way,395043476,52.4796731,-1.64066,court,pitch,tennis,,,,,,,0,,0,
3,West Midlands,way,400639761,52.32547,-1.7550877,court,pitch,tennis,,private,,,,,0,,0,
3,West Midlands,way,404740666,52.1332182,-1.7792955,court,pitch,tennis,,private,,,,,0,,0,
3,West Midlands,way,409210889,52.2372936,-1.7973462,court,pitch,tennis,,,,,,,0,,0,
3,West Midlands,way,411797473,52.244003,-1.736277,court,pitch,tennis,,private,,,,,0,,0,
3,West Midlands,way,411797478,52.241518,-1.7369609,court,pitch,tennis,,,,,,,0,,0,
3,West Midlands,way,412327081,52.2430168,-1.7317321,court,pitch,tennis,,,,,,,0,,0,
3,West Midlands,way,412797019,52.337126,-1.8449715,court,pitch,tennis,,private,,,,,0,,0,
3,West Midlands,way,412797020,52.3386692,-1.8420023,court,pitch,tennis,,private,,,,,0,,0,
3,West Midlands,way,413686644,52.3043106,-1.8203607,court,pitch,tennis,,private,,,,,0,,0,
3,West Midlands,way,413686645,52.3071265,-1.8244318,court,pitch,tennis,,private,,,,,0,,0,
3,West Midlands,way,413713544,52.3104014,-1.846938,court,pitch,tennis,,,,,,,0,,0,
3,West Midlands,way,413713545,52.3159525,-1.8134142,court,pitch,tennis,,,,,,,0,,0,
3,West Midlands,way,413717306,52.3195114,-1.8666219,court,pitch,tennis,,private,,,,,0,,0,
3,West Midlands,way,413942629,52.1959363,-1.6915119,court,pitch,tennis,,private,,,,,0,,0,
3,West Midlands,way,414232971,52.3046143,-1.7097882,court,pitch,tennis,,,,,,,0,,0,
3,West Midlands,way,414343162,52.3053759,-1.6820557,court,pitch,tennis,,private,,,,,0,,0,
3,West Midlands,way,415314416,52.32399,-1.6686552,court,pitch,tennis,,,,,,,0,,0,
3,West Midlands,way,419934314,52.296892,-1.6737011,court,pitch,tennis,,private,,,,,0,,0,
3,West Midlands,way,422574288,52.574872,-1.545411,court,pitch,tennis,,,,,,asphalt,0,,0,
3,West Midlands,way,422901795,52.2005539,-1.7539977,court,pitch,tennis,,,,,,,0,,0,
3,West Midlands,way,426176283,52.3503339,-1.5855385,court,pitch,tennis,,private,,,,,0,,0,
3,West Midlands,way,426270372,52.1635173,-1.862489,court,pitch,tennis,,,,,,,0,,0,
3,West Midlands,way,428859129,52.3446523,-1.6449451,court,pitch,tennis,,private,,,,,0,,0,
3,West Midlands,way,431577928,52.3695421,-1.27548,court,pitch,tennis,,,,,,artificial_turf,0,,0,
3,West Midlands,way,431577942,52.3695076,-1.2767737,court,pitch,tennis,,,,,,artificial_turf,0,,0,
3,West Midlands,way,440333966,52.4969334,-1.6048441,court,pitch,tennis,,private,,,,,0,,0,
3,West Midlands,way,440537040,52.2651157,-1.3432456,court,pitch,tennis,,,,,,,0,,0,
3,West Midlands,way,441442992,52.5124441,-1.6417413,court,pitch,tennis,,private,,,,,0,,0,
3,West Midlands,way,454065168,52.2628684,-1.7398707,court,pitch,tennis,,private,,,,,0,,0,
3,West Midlands,way,454844745,52.0902381,-1.6970518,court,pitch,tennis,,private,,,,,0,,0,
3,West Midlands,way,454844746,52.0903956,-1.6983795,court,pitch,tennis,,private,,,,,0,,0,
3,West Midlands,way,493920246,52.3373347,-1.5309515,court,pitch,tennis,,,,,,,0,,0,
3,West Midlands,way,494030851,52.3386729,-1.5321513,court,pitch,tennis,,,,,,,0,,0,
3,West Midlands,way,505620871,52.1972456,-1.5953527,court,pitch,tennis,,,,,,,0,,0,
3,West Midlands,way,548389383,52.3002093,-1.8704324,court,pitch,tennis,,private,,,,,0,,0,
3,West Midlands,way,555504650,52.2996906,-1.8285946,court,pitch,tennis,,private,,,,,0,,0,
3,West Midlands,way,555504689,52.3010491,-1.8404983,court,pitch,tennis,,private,,,,,0,,0,
3,West Midlands,way,555510030,52.2893586,-1.7976732,court,pitch,tennis,,private,,,,,0,,0,
3,West Midlands,way,559369764,52.1634811,-1.849365,court,pitch,tennis,,private,,,,,0,,0,
3,West Midlands,way,559410584,52.3679084,-1.2373111,court,pitch,tennis,,,,,,,1,Hart Field,1,Hart Field
3,West Midlands,way,582020139,52.2922595,-1.7102126,court,pitch,tennis,,private,,,,,0,,0,
3,West Midlands,way,589046462,52.2480558,-1.3160999,court,pitch,tennis,,,,,,,0,,0,
3,West Midlands,way,606400230,52.2518577,-1.5936174,court,pitch,tennis,,private,,,,,0,,0,
3,West Midlands,way,606406334,52.2510726,-1.5955598,court,pitch,tennis,,private,,,,,0,,0,
3,West Midlands,way,615473401,52.1765935,-1.6039207,court,pitch,tennis,,private,,,,,0,,0,
3,West Midlands,way,615854197,52.0975929,-1.5635012,court,pitch,tennis,,private,,,,,0,,0,
3,West Midlands,way,624421616,52.0705065,-1.640027,court,pitch,tennis,,,,,,,0,,0,
3,West Midlands,way,624425702,52.1447772,-1.401349,court,pitch,tennis,,,,,,,0,,0,
3,West Midlands,way,625038764,52.2345233,-1.8282654,court,pitch,tennis,,,,,,,0,,0,
3,West Midlands,way,626602231,52.2355299,-1.6925172,court,pitch,tennis,,,,,,,0,,0,
3,West Midlands,way,626602317,52.2374603,-1.6845161,court,pitch,tennis,,private,,,,,0,,0,
3,West Midlands,way,639720903,52.2824008,-1.5649936,court,pitch,tennis,,,,,,,0,,0,
3,West Midlands,way,663263267,52.332545,-1.2994096,court,pitch,tennis,,private,,,,unmaintained,0,,0,
3,West Midlands,way,664502780,52.3656074,-1.2461556,court,pitch,tennis,,,LMRCA Tennis Club,,,,0,,0,
3,West Midlands,way,665535958,52.2766958,-1.7206558,court,pitch,tennis,,private,,,,,0,,0,
3,West Midlands,way,665541071,52.2745549,-1.736932,court,pitch,tennis,,,,,,,0,,0,
3,West Midlands,way,665953589,52.2648859,-1.6970752,court,pitch,tennis,,,,,,,0,,0,
3,West Midlands,way,667540745,52.3279764,-1.5893409,court,pitch,tennis,,,,,,,0,,0,
3,West Midlands,way,667542745,52.3252193,-1.5845385,court,pitch,tennis,,,,,,,0,,0,
3,West Midlands,way,675150559,52.2442792,-1.3169249,court,pitch,tennis,,private,,,,,0,,0,
3,West Midlands,way,679435143,52.3773829,-1.5709132,sports_centre,sports_centre,soccer;tennis;swimming;table_tennis;fitness;basketball;climbing;netball;badminton;yoga;football;multi;gymnastics,,,Sports and Wellness Hub,,,,0,,0,
3,West Midlands,way,682385364,52.0290926,-1.5705239,court,pitch,tennis,,private,,,,,0,,0,
3,West Midlands,way,682397918,52.0489565,-1.544652,court,pitch,tennis,,private,,,,,0,,0,
3,West Midlands,way,682461743,52.0574054,-1.5587381,court,pitch,tennis,,private,,,,,0,,0,
3,West Midlands,way,682461791,52.0533786,-1.5572674,court,pitch,tennis,,private,,,,,0,,0,
3,West Midlands,way,682461806,52.0528032,-1.5548654,court,pitch,tennis,,private,,,,,0,,0,
3,West Midlands,way,685838161,52.310166,-1.5363479,court,pitch,tennis,,,,,,,0,,0,
3,West Midlands,way,691658223,52.349215,-1.4733133,court,pitch,tennis,,private,,,,,0,,0,
3,West Midlands,way,692052699,52.3308053,-1.3733229,court,pitch,tennis,,,,,,,0,,0,
3,West Midlands,way,692052732,52.325552,-1.3526561,court,pitch,tennis,,,,,,,0,,0,
3,West Midlands,way,692052742,52.3243909,-1.3454209,court,pitch,tennis,,,,,,,0,,0,
3,West Midlands,way,692052757,52.3255093,-1.3466322,court,pitch,tennis,,,,,,,0,,0,
3,West Midlands,way,693025874,52.0427667,-1.677129,court,pitch,tennis,,,,,,,0,,0,
3,West Midlands,way,693025875,52.0428266,-1.6746127,court,pitch,tennis,,,,,,,0,,0,
3,West Midlands,way,693079233,52.0402878,-1.6749232,court,pitch,tennis,,,,,,,0,,0,
3,West Midlands,way,694227202,52.2107307,-1.2871425,court,pitch,tennis,,,,,,,0,,0,
3,West Midlands,way,694689374,52.2281019,-1.2879706,court,pitch,tennis,,,,,,,0,,0,
3,West Midlands,way,694696652,52.2158259,-1.2832475,court,pitch,tennis,,,,,,,0,,0,
3,West Midlands,way,697289962,52.2340684,-1.4546357,court,pitch,tennis,,yes,,,,asphalt,0,,0,
3,West Midlands,way,697289963,52.2336713,-1.4545855,court,pitch,tennis,,,,,,asphalt,0,,0,
3,West Midlands,way,697289966,52.2351592,-1.4599239,court,pitch,tennis;basketball,,private,,,,unpaved,0,,0,
3,West Midlands,way,697289967,52.2384048,-1.4525667,court,pitch,tennis,,private,,,,asphalt,0,,0,
3,West Midlands,way,699818523,52.6650836,-1.5857704,court,pitch,tennis,,,,,,,0,,0,
3,West Midlands,way,700795763,52.3659598,-1.2569289,court,pitch,tennis,,private,,,,,0,,0,
3,West Midlands,way,700795764,52.3656995,-1.2560681,court,pitch,tennis,,,,,,,0,,0,
3,West Midlands,way,700795766,52.3665795,-1.2568397,court,pitch,netball;tennis,,,,,,,0,,0,
3,West Midlands,way,700941645,52.0975027,-1.5837877,court,pitch,tennis,,,,,,,0,,0,
3,West Midlands,way,703048987,52.1084554,-1.3820206,court,pitch,tennis,,,,,,,0,,0,
3,West Midlands,way,703098477,52.1564433,-1.9318282,court,pitch,tennis,,,,,,,0,,0,
3,West Midlands,way,703455448,52.1487378,-1.4020222,court,pitch,tennis,,,,,,,0,,0,
3,West Midlands,way,706191225,52.1454713,-1.8056145,court,pitch,tennis,,,,,,,0,,0,
3,West Midlands,way,707226724,52.422245,-1.249318,court,pitch,tennis,,,,,,,0,,0,
3,West Midlands,way,707449994,52.2411595,-1.5851027,court,pitch,tennis,,,,,,,0,,0,
3,West Midlands,way,707863676,52.3175732,-1.5557842,court,pitch,tennis,,,,,,,0,,0,
3,West Midlands,way,716690929,52.0727763,-1.6797468,court,pitch,tennis,,,,,,,0,,0,
3,West Midlands,way,717539707,52.2148928,-1.4271304,court,pitch,multi;tennis;basketball,,,,,,tartan,0,,0,
3,West Midlands,way,721057254,52.3577131,-1.7971847,court,pitch,tennis,,private,,,,,0,,0,
3,West Midlands,way,723080248,51.9781907,-1.5897091,court,pitch,tennis,,,,,,,0,,0,
3,West Midlands,way,727770690,52.3809997,-1.2272857,court,pitch,tennis,,,,,,,1,,1,
3,West Midlands,way,727770691,52.3807201,-1.2275038,court,pitch,tennis,,,,,,,1,,1,
3,West Midlands,way,738125814,52.3815678,-1.2171067,court,pitch,tennis,,,,,,,0,,0,
3,West Midlands,way,740750293,52.4836497,-1.3733205,court,pitch,tennis,,,,,,,0,,0,
3,West Midlands,way,749604662,52.2993388,-1.3409194,court,pitch,tennis,,,,,,,0,,0,
3,West Midlands,way,749604663,52.298289,-1.3384552,court,pitch,tennis,,,,,,,0,,0,
3,West Midlands,way,753012936,52.1583928,-1.5272632,court,pitch,tennis,,,,,,,0,,0,
3,West Midlands,way,765738525,52.3279274,-1.3813091,court,pitch,tennis,,private,,,,,0,,0,
3,West Midlands,way,767351749,52.3490685,-1.2524176,court,pitch,tennis,,private,,,,,0,,0,
3,West Midlands,way,787546754,52.1359469,-1.6109958,court,pitch,tennis,,private,,,,,0,,0,
3,West Midlands,way,787552816,52.131626,-1.5874474,court,pitch,tennis,,,,,,,0,,0,
3,West Midlands,way,793854578,52.3541596,-1.2342264,court,pitch,tennis,,,,,,,0,,0,
3,West Midlands,way,801493785,52.3627049,-1.2333729,court,pitch,tennis,,,,,,,0,,0,
3,West Midlands,way,801493786,52.3626579,-1.2337209,court,pitch,tennis,,,,,,,0,,0,
3,West Midlands,way,821096423,52.2026244,-1.5019455,court,pitch,tennis,,,,,,,0,,0,
3,West Midlands,way,836888146,52.2803894,-1.7090016,court,pitch,tennis,,,,,,,0,,0,
3,West Midlands,way,840498229,52.4106901,-1.2343129,court,pitch,tennis,,,,,,,1,Coton House Estate,1,Coton House Estate
3,West Midlands,way,844936778,52.1220689,-1.6525877,court,pitch,tennis,,private,,,,,0,,0,
3,West Midlands,way,845743933,52.1007293,-1.6437479,court,pitch,tennis,,,,,,,0,,0,
3,West Midlands,way,845750697,52.1064401,-1.6432825,court,pitch,tennis,,private,,,,,0,,0,
3,West Midlands,way,846676652,52.1871848,-1.7011206,court,pitch,tennis,,,,,,tartan,0,,0,
3,West Midlands,way,859058997,52.2562589,-1.534704,court,pitch,tennis,,private,,,,,0,,0,
3,West Midlands,way,861273957,52.5137104,-1.5041238,court,pitch,tennis,,,,,,,0,,0,
3,West Midlands,way,900440646,52.2512904,-1.7231192,court,pitch,tennis,,private,,,,,0,,0,
3,West Midlands,way,900801522,52.3133746,-1.7710283,court,pitch,tennis,,,,,,,0,,0,
3,West Midlands,way,904841353,52.1285543,-1.461786,court,pitch,tennis,,,,,,,0,,0,
3,West Midlands,way,904841354,52.1264374,-1.4627276,court,pitch,tennis,,,,,,,0,,0,
3,West Midlands,way,907536948,52.6651903,-1.585561,court,pitch,tennis,,,,,,,0,,0,
3,West Midlands,way,908254947,52.5181509,-1.4810031,court,pitch,tennis,,,,,,asphalt,0,,0,
3,West Midlands,way,908254948,52.518066,-1.4811528,court,pitch,tennis,,,,,,asphalt,0,,0,
3,West Midlands,way,911520111,52.3264017,-1.3778428,court,pitch,tennis,,private,,,,astro,0,,0,
3,West Midlands,way,914462962,52.3105498,-1.8130797,court,pitch,tennis,,,,,,,0,,0,
3,West Midlands,way,916245732,52.1919412,-1.6008284,court,pitch,tennis,,,MUGA - Tennis Courts,,,,0,,0,
3,West Midlands,way,916289887,52.3168267,-1.5791222,court,pitch,tennis,,,,,,tartan,0,,0,
3,West Midlands,way,917552622,52.272631,-1.2443313,court,pitch,tennis,,,,,,asphalt,0,,0,
3,West Midlands,way,919321378,52.1895168,-1.8071514,court,pitch,tennis,,private,,,,,0,,0,
3,West Midlands,way,920688859,52.0413736,-1.6230573,court,pitch,tennis,,,,,,,0,,0,
3,West Midlands,way,922248991,52.2267475,-1.6877773,court,pitch,tennis,,private,,,,,0,,0,
3,West Midlands,way,925089475,52.4962294,-1.7081888,court,pitch,tennis,,,,,,,1,Coleshill Memorial Park,1,Coleshill Memorial Park
3,West Midlands,way,925089476,52.4960854,-1.7081258,court,pitch,tennis,,,,,,,1,Coleshill Memorial Park,1,Coleshill Memorial Park
3,West Midlands,way,925735765,52.2428706,-1.7378734,court,pitch,tennis,,,,,,,1,,1,
3,West Midlands,way,925738118,52.2867119,-1.4759723,court,pitch,tennis,,,,,,,0,,0,
3,West Midlands,way,932628044,52.1707973,-1.7856365,court,pitch,tennis,,,,,,,0,,0,
3,West Midlands,way,932802281,52.3518012,-1.6113712,court,pitch,tennis,,,,,,,0,,0,
3,West Midlands,way,933621835,52.3468774,-1.7322845,court,pitch,tennis,,,,,,,0,,0,
3,West Midlands,way,937968682,52.0166426,-1.5656577,court,pitch,tennis,,private,,,,,0,,0,
3,West Midlands,way,940987312,52.1593107,-1.510416,court,pitch,tennis,,,,,,,0,,0,
3,West Midlands,way,942159862,52.244353,-1.6005771,court,pitch,tennis,,,,,,,0,,0,
3,West Midlands,way,945299493,52.3027203,-1.8205677,court,pitch,tennis,,,,,,,0,,0,
3,West Midlands,way,945299494,52.2974095,-1.8162844,court,pitch,tennis,,,,,,,0,,0,
3,West Midlands,way,984476232,51.9689722,-1.6240318,court,pitch,tennis,,,,,,,0,,0,
3,West Midlands,way,989242137,52.3016287,-1.6552376,court,pitch,tennis,,,,,,,0,,0,
3,West Midlands,way,995308888,52.1829608,-1.7881944,court,pitch,tennis,,,,,,,0,,0,
3,West Midlands,way,995308889,52.1834937,-1.7794839,court,pitch,tennis,,,,,,,0,,0,
3,West Midlands,way,995422393,52.2063895,-1.6597081,court,pitch,tennis,,,,,,,0,,0,
3,West Midlands,way,995422396,52.2029366,-1.6674974,court,pitch,tennis,,,,,,,0,,0,
3,West Midlands,way,995422397,52.2004735,-1.6838935,court,pitch,tennis,,,,,,,0,,0,
3,West Midlands,way,995425321,52.2066701,-1.6151014,court,pitch,tennis,,,,,,,0,,0,
3,West Midlands,way,1007147072,52.4471115,-1.3285601,court,pitch,tennis,,,,,,,0,,0,
3,West Midlands,way,1015764163,52.1757948,-1.5837299,court,pitch,tennis,,,,,,,0,,0,
3,West Midlands,way,1057913965,52.2241005,-1.3943493,court,pitch,tennis,,private,,,,,0,,0,
3,West Midlands,way,1063220468,52.2308935,-1.3025241,court,pitch,tennis,,private,,,,,0,,0,
3,West Midlands,way,1111763679,52.4788886,-1.4261926,court,pitch,tennis,,,,,,,0,,0,
3,West Midlands,way,1113360925,52.1863129,-1.4199529,court,pitch,tennis,,,,,,,0,,0,
3,West Midlands,way,1132011770,52.0869525,-1.6947387,court,pitch,tennis,,,,,,,0,,0,
3,West Midlands,way,1134335091,52.0100121,-1.545282,court,pitch,tennis,,,,,,,0,,0,
3,West Midlands,way,1134335092,52.010199,-1.5472135,court,pitch,tennis,,,,,,,0,,0,
3,West Midlands,way,1134338781,52.0110719,-1.6377437,court,pitch,tennis,,,,,,,0,,0,
3,West Midlands,way,1134338782,52.0089981,-1.6407112,court,pitch,tennis,,,,,,,0,,0,
3,West Midlands,way,1144543548,52.5086354,-1.467233,court,pitch,tennis,,,,,,,0,,0,
3,West Midlands,way,1186028377,52.5250262,-1.4578657,court,pitch,tennis,,private,,,,,0,,0,
3,West Midlands,way,1188531166,51.9908637,-1.6279145,court,pitch,tennis,,,,,,,0,,0,
3,West Midlands,way,1188531167,51.9896147,-1.6296839,court,pitch,tennis,,,,,,,0,,0,
3,West Midlands,way,1212043293,52.1997518,-1.4963529,court,pitch,tennis,,,,,,,0,,0,
3,West Midlands,way,1217053639,52.1905994,-1.6222106,court,pitch,tennis,,private,,,,,0,,0,
3,West Midlands,way,1217053668,52.19302,-1.631009,court,pitch,tennis,,private,,,,,0,,0,
3,West Midlands,way,1238697244,52.1639357,-1.394141,court,pitch,tennis,,,,,,,0,,0,
3,West Midlands,way,1247122757,52.1990864,-1.3162204,court,pitch,tennis,,,,,,,0,,0,
3,West Midlands,way,1247122767,52.2024804,-1.3083476,court,pitch,tennis,,,,,,,0,,0,
3,West Midlands,way,1254333807,52.3481495,-1.4044127,court,pitch,tennis,,private,,,,,0,,0,
3,West Midlands,way,1254333830,52.3539373,-1.3913635,court,pitch,tennis,,,,,,,0,,0,
3,West Midlands,way,1276240388,52.3418756,-1.281074,court,pitch,multi;tennis;netball,,,,,,,0,,0,
3,West Midlands,way,1286233753,52.0067849,-1.6336042,court,pitch,tennis,,,,,,,0,,0,
3,West Midlands,way,1286293178,52.2658594,-1.6650584,court,pitch,tennis,,,,,,,0,,0,
3,West Midlands,way,1286293179,52.2660718,-1.6763346,court,pitch,tennis,,,,,,,0,,0,
3,West Midlands,way,1292104990,52.3065282,-1.2714049,court,pitch,tennis,,,,,,,0,,0,
3,West Midlands,way,1295695800,52.0117032,-1.5329732,court,pitch,tennis,,,,,,,0,,0,
3,West Midlands,way,1299577912,52.1674778,-1.4303524,court,pitch,tennis,,,,,,,0,,0,
3,West Midlands,way,1300113232,52.6435632,-1.6240771,court,pitch,tennis,,,,,,,0,,0,
3,West Midlands,way,1341387382,52.5758181,-1.5383532,court,pitch,tennis,,,,,,asphalt,0,,0,
3,West Midlands,way,1360720204,52.2695754,-1.6754602,court,pitch,tennis,,,,,,,0,,0,
3,West Midlands,way,1365759206,52.1235502,-1.4397984,court,pitch,tennis,,,,,,,0,,0,
3,West Midlands,way,1368013007,52.1090594,-1.6244348,court,pitch,tennis,,,,,,,0,,0,
3,West Midlands,way,1368398341,52.0293197,-1.5764297,court,pitch,tennis,,,,,,,0,,0,
3,West Midlands,way,1368398342,52.0257884,-1.5820105,court,pitch,tennis,,,,,,,0,,0,
3,West Midlands,way,1368398343,52.0260303,-1.5787973,court,pitch,tennis,,,,,,,0,,0,
3,West Midlands,way,1371370784,51.9698281,-1.6185736,court,pitch,tennis,,,,,,,0,,0,
3,West Midlands,way,1371370785,51.9704786,-1.6233766,court,pitch,tennis,,,,,,,0,,0,
3,West Midlands,way,1376542497,52.1464583,-1.5324286,court,pitch,tennis,,,,,,,0,,0,
3,West Midlands,way,1420727004,52.2267906,-1.3976724,court,pitch,tennis,,,,,,,0,,0,
3,West Midlands,way,1448439403,52.5106678,-1.4617843,court,pitch,tennis,,,,,,,0,,0,
3,West Midlands,way,1448439404,52.5107479,-1.4616131,court,pitch,tennis,,,,,,,0,,0,
3,West Midlands,way,1448439405,52.5108394,-1.4614093,court,pitch,tennis,,,,,,,0,,0,
3,West Midlands,way,1448439406,52.5109181,-1.461235,court,pitch,tennis,,,,,,,0,,0,
3,West Midlands,way,1448439407,52.510995,-1.4610608,court,pitch,tennis,,,,,,,0,,0,
3,West Midlands,way,1458968654,52.2588504,-1.3940191,court,pitch,tennis,,,,,,,0,,0,
4,West Yorkshire,node,1258101942,53.6532914,-1.7932615,sports_centre,sports_centre,tennis,,,Huddersfield Lawn Tennis Club,,,,0,,0,
4,West Yorkshire,node,3120470550,53.6825043,-1.8517034,court,pitch,cricket;bowls;tennis;football,,,"Elland Cricket, Athletic and Bowling Club",,,unpaved,1,Hullenedge Park,1,Hullenedge Park
4,West Yorkshire,way,4452077,53.9017026,-1.6242872,court,pitch,tennis,,,,,,,0,,0,
4,West Yorkshire,way,4476825,53.9025005,-1.7057302,court,pitch,tennis,,,,Otley Tennis Club,,,1,Grove Hill Park,1,Grove Hill Park
4,West Yorkshire,way,24539695,53.6574026,-1.4760468,court,pitch,tennis,,,,,,,0,,0,
4,West Yorkshire,way,25533924,53.6595144,-1.5754625,court,pitch,tennis,,,,,,,1,Reid Park,1,Reid Park
4,West Yorkshire,way,27789837,53.7405241,-1.6154737,court,pitch,tennis,,,,,,,1,Dartmouth Park,1,Dartmouth Park
4,West Yorkshire,way,30041451,53.74925,-1.4722145,court,pitch,tennis,,,,,,,1,Springhead Park,1,Springhead Park
4,West Yorkshire,way,30558050,53.8132637,-1.7758189,court,pitch,tennis,,,,,,asphalt,1,Lister Park,1,Lister Park
4,West Yorkshire,way,33689211,53.761542,-1.5918443,court,pitch,tennis,,,,,,,1,Churwell Park,1,Churwell Park
4,West Yorkshire,way,35036635,53.6732356,-1.6851014,court,pitch,tennis,,,Mirfield Tennis Club,,,,0,,0,
4,West Yorkshire,way,36964885,53.7764274,-1.6253831,court,pitch,tennis,,,,,,,1,,1,
4,West Yorkshire,way,37719336,53.7874542,-1.5978364,court,pitch,tennis,,,,,,,1,Western Flatts Cliff Park,1,Western Flatts Cliff Park
4,West Yorkshire,way,38507974,53.7945103,-1.6689321,sports_centre,sports_centre,tennis,,,Pudsey Lawn Tennis Club,,,,0,,0,
4,West Yorkshire,way,43115067,53.9112378,-1.6859502,court,pitch,tennis,,yes,,,,,1,Wharfemeadows Park,1,Wharfemeadows Park
4,West Yorkshire,way,44796433,53.8286188,-1.782494,court,pitch,tennis,,,,,,acrylic,1,Northcliffe Park,1,Northcliffe Park
4,West Yorkshire,way,44796434,53.8287251,-1.7819738,court,pitch,tennis,,,,,,acrylic,1,Northcliffe Park,1,Northcliffe Park
4,West Yorkshire,way,52938035,53.8316071,-1.8204175,court,pitch,tennis,,,,,,,0,,0,
4,West Yorkshire,way,54170393,53.7813142,-1.5618581,court,pitch,basketball;tennis,,,,,,,0,,0,
4,West Yorkshire,way,87313804,53.9023492,-1.7061905,court,pitch,tennis,,,,Otley Tennis Club,,,1,Grove Hill Park,1,Grove Hill Park
4,West Yorkshire,way,87531728,53.9179508,-1.4051731,court,pitch,tennis,,,,,,,0,,0,
4,West Yorkshire,way,88175900,53.8898227,-1.6801968,court,pitch,tennis,,,,,,,0,,0,
4,West Yorkshire,way,88517411,53.8968404,-1.6311408,court,pitch,tennis,,,,,,,0,,0,
4,West Yorkshire,way,90513284,53.8434491,-1.5513782,court,pitch,tennis,,,,,,,0,,0,
4,West Yorkshire,way,90513292,53.8434351,-1.5518653,court,pitch,tennis,,,,,,,0,,0,
4,West Yorkshire,way,90513294,53.8431217,-1.5515913,court,pitch,tennis,,,,,,,0,,0,
4,West Yorkshire,way,91886289,53.9023029,-1.7563509,court,pitch,tennis,,,,,,,0,,0,
4,West Yorkshire,way,92007163,53.8918755,-1.7548133,court,pitch,tennis,,,,,,,0,,0,
4,West Yorkshire,way,93267502,53.8357852,-1.5807564,court,pitch,tennis,,,The Hollies Tennis Courts,Leeds City Council,,asphalt,0,,0,
4,West Yorkshire,way,95077714,53.8962999,-1.5247134,court,pitch,tennis,,,,,,,0,,0,
4,West Yorkshire,way,95091968,53.9195809,-1.7673638,court,pitch,tennis,,,,,,,0,,0,
4,West Yorkshire,way,95851309,53.7395109,-2.0128042,court,pitch,tennis,,,,,,,1,Calder Holmes Park,1,Calder Holmes Park
4,West Yorkshire,way,96053614,53.9319513,-1.8224977,court,pitch,tennis,,yes,,,,asphalt,0,,0,
4,West Yorkshire,way,96388953,53.8949942,-1.6072341,court,pitch,tennis,,,,,,,0,,0,
4,West Yorkshire,way,99432874,53.8098837,-1.5622628,court,pitch,tennis,,,Woodhouse Moor Tennis Courts,,,concrete,1,Woodhouse Moor Park,1,Woodhouse Moor Park
4,West Yorkshire,way,100268223,53.9146621,-1.7811285,court,pitch,tennis,,,,,,,0,,0,
4,West Yorkshire,way,100268242,53.9147275,-1.781639,court,pitch,tennis,,,,,,,0,,0,
4,West Yorkshire,way,100384487,53.8128409,-1.6342313,court,pitch,tennis,,,,,,,1,Bramley Park,1,Bramley Park
4,West Yorkshire,way,106842274,53.6943113,-1.6453263,court,pitch,tennis,,,,,,,0,,0,
4,West Yorkshire,way,108264005,53.6905402,-1.6495323,court,pitch,tennis,,,,,,,1,Crow Nest Park,1,Crow Nest Park
4,West Yorkshire,way,108391059,53.6906592,-1.6501477,court,pitch,tennis,,,,,,,1,Crow Nest Park,1,Crow Nest Park
4,West Yorkshire,way,112467333,53.8397673,-1.7936808,court,pitch,tennis,,,Salts Tennis Club,,,acrylic,0,,0,
4,West Yorkshire,way,118811306,53.9135467,-1.7839601,court,pitch,tennis,,,,,,,0,,0,
4,West Yorkshire,way,119908540,53.5819669,-1.7710628,court,pitch,tennis,,,,,,,0,,0,
4,West Yorkshire,way,120231159,53.607423,-1.7836212,court,pitch,tennis,,,,,,,0,,0,
4,West Yorkshire,way,120231160,53.607282,-1.7844352,court,pitch,tennis,,,,,,,0,,0,
4,West Yorkshire,way,120231161,53.6075163,-1.7831279,court,pitch,tennis,,,,,,,0,,0,
4,West Yorkshire,way,120249744,53.6456192,-1.8170417,court,pitch,tennis,,,,,,,0,,0,
4,West Yorkshire,way,120249745,53.6455362,-1.8164252,court,pitch,tennis,,,,,,,0,,0,
4,West Yorkshire,way,121516605,53.749786,-1.813543,court,pitch,tennis,,,,,,,1,Shelf Hall Park,1,Shelf Hall Park
4,West Yorkshire,way,123700697,53.6776968,-1.7604255,court,pitch,tennis,,,,,,,0,,0,
4,West Yorkshire,way,127297837,53.7191342,-2.1083976,court,pitch,tennis,,,,,,asphalt,1,Centre Vale Park,1,Centre Vale Park
4,West Yorkshire,way,131382582,53.8390655,-1.5865347,court,pitch,tennis,,,,,,,0,,0,
4,West Yorkshire,way,131382583,53.8391823,-1.5875945,court,pitch,tennis,,,,,,,0,,0,
4,West Yorkshire,way,131382588,53.8389132,-1.5866527,court,pitch,tennis,,,,,,,0,,0,
4,West Yorkshire,way,131382591,53.8390497,-1.5871194,court,pitch,tennis,,,Tennis/5 A Side,,,,0,,0,
4,West Yorkshire,way,131382595,53.8393333,-1.5874789,court,pitch,tennis,,,,,,,0,,0,
4,West Yorkshire,way,131382606,53.8391996,-1.5870073,court,pitch,tennis,,,,,,,0,,0,
4,West Yorkshire,way,138505430,53.8504265,-1.6894449,court,pitch,tennis,,,,,,grass,0,,0,
4,West Yorkshire,way,138505431,53.8501092,-1.6902393,court,pitch,tennis,,,,,,paved,0,,0,
4,West Yorkshire,way,138505432,53.8502421,-1.6898779,court,pitch,tennis,,,,,,paved,0,,0,
4,West Yorkshire,way,138505433,53.85056,-1.6890901,court,pitch,tennis,,,,,,grass,0,,0,
4,West Yorkshire,way,138505434,53.8503592,-1.6896207,court,pitch,tennis,,,,,,grass,0,,0,
4,West Yorkshire,way,138505435,53.8501739,-1.6900586,court,pitch,tennis,,,,,,paved,0,,0,
4,West Yorkshire,way,138505436,53.8504927,-1.6892691,court,pitch,tennis,,,,,,grass,0,,0,
4,West Yorkshire,way,138601853,53.647338,-1.800891,sports_centre,sports_centre,tennis,,,,,,,0,,0,
4,West Yorkshire,way,138667658,53.8530937,-1.6884052,court,pitch,tennis,,,,,,,1,Micklefield Park,1,Micklefield Park
4,West Yorkshire,way,140682299,53.8876342,-1.7331302,court,pitch,tennis,,,,,,asphalt,1,Menston Recreation Ground,1,Menston Recreation Ground
4,West Yorkshire,way,140865522,53.9096332,-1.7580402,court,pitch,tennis,,,,,,,1,,1,
4,West Yorkshire,way,141040564,53.911295,-1.7481422,court,pitch,tennis,,,,,,,0,,0,
4,West Yorkshire,way,142729862,53.8096877,-1.5795382,court,pitch,tennis,,,,,,,1,Burley Park,1,Burley Park
4,West Yorkshire,way,142817475,53.8104995,-1.6554421,court,pitch,tennis,,,,,,asphalt,1,Stanningley Park,1,Stanningley Park
4,West Yorkshire,way,143210915,53.9201607,-1.7546153,court,pitch,tennis,,,,,,,0,,0,
4,West Yorkshire,way,143223290,53.9043864,-1.7423844,court,pitch,tennis,,private,,,,,0,,0,
4,West Yorkshire,way,143235767,53.9291466,-1.7899495,court,pitch,tennis,,,,,,,0,,0,
4,West Yorkshire,way,143250155,53.9227612,-1.8152273,court,pitch,soccer;tennis,,,,,,,0,,0,
4,West Yorkshire,way,144123281,53.7316102,-1.7194129,court,pitch,tennis,,,,,,,0,,0,
4,West Yorkshire,way,144587495,53.9268717,-1.388898,court,pitch,tennis,,,,,,,0,,0,
4,West Yorkshire,way,144940518,53.8282377,-1.6914025,court,pitch,tennis,,,,,,,1,Calverley Victoria Park,1,Calverley Victoria Park
4,West Yorkshire,way,145565535,53.8722517,-1.4916536,court,pitch,tennis,,,,,,,0,,0,
4,West Yorkshire,way,146203722,53.8285221,-1.4243049,court,pitch,tennis,,,,,,,0,,0,
4,West Yorkshire,way,146973273,53.8220176,-1.86092,court,pitch,tennis,,,,,,,0,,0,
4,West Yorkshire,way,147216036,53.7762765,-1.7778399,court,pitch,tennis,,,,,,,0,,0,
4,West Yorkshire,way,147518970,53.8146803,-1.4321538,court,pitch,tennis,,,,,,,0,,0,
4,West Yorkshire,way,148607479,53.8159984,-1.7667001,court,pitch,tennis,,,,,,,0,,0,
4,West Yorkshire,way,148607480,53.8154339,-1.7686196,court,pitch,tennis,,,,,,,0,,0,
4,West Yorkshire,way,148874526,53.8300677,-1.3937939,court,pitch,tennis,,,,,,,1,Jack Heaps,1,Jack Heaps
4,West Yorkshire,way,150133174,53.8319905,-1.5357021,court,pitch,tennis,,,,,,asphalt,1,Chapel Allerton Park,1,Chapel Allerton Park
4,West Yorkshire,way,150177186,53.8463996,-1.5001752,court,pitch,tennis,,,,,,asphalt,0,,0,
4,West Yorkshire,way,150454418,53.5940829,-1.841679,court,pitch,tennis,,,,,,,0,,0,
4,West Yorkshire,way,150784436,53.8994208,-1.6895679,court,pitch,tennis,,private,,,,,0,,0,
4,West Yorkshire,way,150893852,53.6136443,-1.4711858,court,pitch,tennis,,,,,,,0,,0,
4,West Yorkshire,way,150915365,53.8004933,-1.5901682,court,pitch,tennis,,,,,,,0,,0,
4,West Yorkshire,way,151567549,53.8355401,-1.5942823,court,pitch,tennis,,,,,,,0,,0,
4,West Yorkshire,way,151568275,53.8326684,-1.5837552,court,pitch,tennis;soccer,,,,,,,0,,0,
4,West Yorkshire,way,151569272,53.82629,-1.5894862,court,pitch,tennis,,,,,,artificial_turf,0,,0,
4,West Yorkshire,way,151569276,53.8250703,-1.590087,court,pitch,tennis,,,,,,asphalt,1,Beckett Park,1,Beckett Park
4,West Yorkshire,way,151569280,53.8268982,-1.5895158,court,pitch,tennis,,,,,,asphalt,0,,0,
4,West Yorkshire,way,151569286,53.8273377,-1.5856066,court,pitch,tennis,,,,,,artificial_turf,0,,0,
4,West Yorkshire,way,152470740,53.8976881,-1.5094475,court,pitch,tennis,,,,,,,0,,0,
4,West Yorkshire,way,152470750,53.898126,-1.5092698,court,pitch,tennis,,,,,,,0,,0,
4,West Yorkshire,way,152470760,53.8998007,-1.508063,court,pitch,tennis,,,,,,,0,,0,
4,West Yorkshire,way,155113606,53.8188859,-1.8094363,court,pitch,tennis,,,,,,,0,,0,
4,West Yorkshire,way,155211185,53.8455034,-1.8407417,court,pitch,tennis,,,,,,asphalt,1,Myrtle Park,1,Myrtle Park
4,West Yorkshire,way,156734450,53.8219421,-1.6100448,court,pitch,tennis,,,,,,,0,,0,
4,West Yorkshire,way,156734451,53.8218109,-1.6096858,court,pitch,tennis,,,,,,,0,,0,
4,West Yorkshire,way,156734452,53.8220079,-1.6102251,court,pitch,tennis,,,,,,,0,,0,
4,West Yorkshire,way,156734453,53.8218763,-1.609865,court,pitch,tennis,,,,,,,0,,0,
4,West Yorkshire,way,158935669,53.5854891,-1.7774309,court,pitch,tennis,,,,,,asphalt,0,,0,
4,West Yorkshire,way,158935672,53.5862392,-1.7767607,sports_centre,sports_centre,tennis,,,Thongsbridge Tennis & Fitness Club,,,,0,,0,
4,West Yorkshire,way,158935675,53.5857912,-1.7772358,court,pitch,tennis,,,,,,asphalt,0,,0,
4,West Yorkshire,way,159339447,53.6147036,-1.702437,court,pitch,tennis,,,,,,hard,0,,0,
4,West Yorkshire,way,159340486,53.614574,-1.7024249,court,pitch,tennis,,,,,,hard,0,,0,
4,West Yorkshire,way,159340700,53.6144431,-1.7024169,court,pitch,tennis,,,,,,hard,0,,0,
4,West Yorkshire,way,159540049,53.7632748,-1.5416883,sports_centre,sports_centre,tennis,,,JCCS Indoor Tennis Centre,,,,0,,0,
4,West Yorkshire,way,159540090,53.7632527,-1.5406128,court,pitch,tennis,,,,,,,0,,0,
4,West Yorkshire,way,159540095,53.7630964,-1.5400394,court,pitch,tennis,,,,,,,0,,0,
4,West Yorkshire,way,159540096,53.7634017,-1.5402693,court,pitch,tennis,,,,,,,0,,0,
4,West Yorkshire,way,159540097,53.7634593,-1.5400434,court,pitch,tennis,,,,,,,0,,0,
4,West Yorkshire,way,159540107,53.7631574,-1.5398101,court,pitch,tennis,,,,,,,0,,0,
4,West Yorkshire,way,159540109,53.7631612,-1.5408112,court,pitch,tennis,,,,,,,0,,0,
4,West Yorkshire,way,159541079,53.7657083,-1.5384134,court,pitch,tennis,,,,,,,0,,0,
4,West Yorkshire,way,159541080,53.765417,-1.5384879,court,pitch,tennis,,,,,,,0,,0,
4,West Yorkshire,way,159541081,53.765561,-1.5384518,court,pitch,tennis,,,,,,,0,,0,
4,West Yorkshire,way,161930727,53.8837557,-1.7254045,court,pitch,tennis,,,,,,,0,,0,
4,West Yorkshire,way,161930733,53.8835222,-1.7271057,court,pitch,tennis,,,,,,tarmac,0,,0,
4,West Yorkshire,way,161930738,53.8841398,-1.7257499,court,pitch,tennis,,,,,,,0,,0,
4,West Yorkshire,way,167057799,53.9296053,-1.3819923,court,pitch,tennis,,,,,,,0,,0,
4,West Yorkshire,way,175350531,53.8941363,-1.4554214,court,pitch,tennis,,private,East Keswick Tennis Club,,,,0,,0,
4,West Yorkshire,way,175492273,53.8953405,-1.4537894,court,pitch,tennis,,private,,,,,0,,0,
4,West Yorkshire,way,175508919,53.8602191,-1.814565,court,pitch,tennis,,,,,,,0,,0,
4,West Yorkshire,way,175508920,53.8601758,-1.8147649,court,pitch,tennis,,,,,,,0,,0,
4,West Yorkshire,way,175792903,53.9006337,-1.4586093,court,pitch,tennis,,private,,,,,0,,0,
4,West Yorkshire,way,175792932,53.9062505,-1.4435353,court,pitch,tennis,,private,,,,,0,,0,
4,West Yorkshire,way,177283280,53.9030979,-1.3464256,court,pitch,tennis,,,,,,grass,1,Boston Spa Recration Park,1,Boston Spa Recration Park
4,West Yorkshire,way,177287989,53.8996815,-1.3629339,court,pitch,tennis,,,,,,concrete,0,,0,
4,West Yorkshire,way,178410967,53.9092934,-1.436063,court,pitch,tennis,,private,,,,,0,,0,
4,West Yorkshire,way,178410968,53.9028621,-1.504421,court,pitch,tennis,,private,,,,,0,,0,
4,West Yorkshire,way,181122715,53.740869,-1.6143476,court,pitch,tennis,,,,,,,1,Dartmouth Park,1,Dartmouth Park
4,West Yorkshire,way,181175823,53.7453696,-1.6181208,court,pitch,tennis,,,,,,,0,,0,
4,West Yorkshire,way,181312662,53.7289796,-1.5867796,court,pitch,tennis,,,,,,,0,,0,
4,West Yorkshire,way,181312663,53.7289729,-1.5860064,court,pitch,tennis,,,,,,,0,,0,
4,West Yorkshire,way,181588989,53.9031325,-1.339566,court,pitch,tennis,,,Tennis Lawn Tennis Club,,,,0,,0,
4,West Yorkshire,way,182603898,53.7705529,-1.5677328,court,pitch,tennis,,,,,,,0,,0,
4,West Yorkshire,way,182603901,53.7706705,-1.5679607,court,pitch,tennis,,,,,,,0,,0,
4,West Yorkshire,way,182603902,53.770075,-1.5668722,court,pitch,tennis,,,,,,,0,,0,
4,West Yorkshire,way,182603903,53.7702222,-1.5670099,court,pitch,tennis,,,,,,,0,,0,
4,West Yorkshire,way,182603904,53.7705194,-1.5678433,court,pitch,tennis,,,,,,,0,,0,
4,West Yorkshire,way,182603905,53.7707039,-1.5678502,court,pitch,tennis,,,,,,,0,,0,
4,West Yorkshire,way,182603906,53.7703641,-1.5671461,court,pitch,tennis,,,,,,,0,,0,
4,West Yorkshire,way,183152272,53.713016,-1.8979758,court,pitch,tennis,,,,,,,1,Crow Wood Park,1,Crow Wood Park
4,West Yorkshire,way,183152273,53.712884,-1.8975675,court,pitch,tennis,,,,,,,1,Crow Wood Park,1,Crow Wood Park
4,West Yorkshire,way,183445464,53.6728061,-1.9411422,court,pitch,tennis,,,,,,,0,,0,
4,West Yorkshire,way,183975483,53.7046935,-1.9343316,court,pitch,tennis,,,,,,,0,,0,
4,West Yorkshire,way,183975484,53.7038274,-1.9344166,court,pitch,tennis,,,,,,,0,,0,
4,West Yorkshire,way,183975486,53.7047027,-1.9340225,court,pitch,tennis,,,,,,,0,,0,
4,West Yorkshire,way,183975501,53.703602,-1.9351135,court,pitch,tennis,,,,,,,0,,0,
4,West Yorkshire,way,184564916,53.5830634,-1.7709594,court,pitch,tennis,,,,,,,0,,0,
4,West Yorkshire,way,185169843,53.7664415,-1.3617029,court,pitch,tennis,,,,,,,0,,0,
4,West Yorkshire,way,186396564,53.7926603,-1.3930418,court,pitch,tennis,,,,,,,1,,1,
4,West Yorkshire,way,186684630,53.8839545,-1.4458768,court,pitch,tennis,,private,,,,,0,,0,
4,West Yorkshire,way,189937900,53.8558627,-1.5857051,court,pitch,tennis,,,,,,,0,,0,
4,West Yorkshire,way,189937909,53.8557734,-1.5850787,court,pitch,tennis,,,,,,,0,,0,
4,West Yorkshire,way,190096334,53.7936722,-1.4392841,court,pitch,tennis,,,,,,,0,,0,
4,West Yorkshire,way,190096335,53.7933823,-1.4395305,court,pitch,tennis,,,,,,,0,,0,
4,West Yorkshire,way,190111865,53.7957071,-1.4518967,court,pitch,tennis,,,,,,,0,,0,
4,West Yorkshire,way,190111867,53.7962974,-1.4515042,court,pitch,tennis,,,,,,,0,,0,
4,West Yorkshire,way,190111869,53.7959863,-1.4516332,court,pitch,tennis,,,,,,,0,,0,
4,West Yorkshire,way,190835617,53.8707261,-1.482404,court,pitch,tennis,,,,,,,0,,0,
4,West Yorkshire,way,191124247,53.594954,-1.3100626,court,pitch,tennis,,,,,,,1,South Kirby Green,1,South Kirby Green
4,West Yorkshire,way,191478075,53.8544571,-1.6112837,court,pitch,tennis,,,,,,,0,,0,
4,West Yorkshire,way,191478076,53.854478,-1.6110224,court,pitch,tennis,,,,,,,0,,0,
4,West Yorkshire,way,191478078,53.8545005,-1.6107756,court,pitch,tennis,,,,,,,0,,0,
4,West Yorkshire,way,191990785,53.8550092,-1.6030041,court,pitch,tennis,,,,,,,0,,0,
4,West Yorkshire,way,191990786,53.8550685,-1.602768,court,pitch,tennis,,,,,,,0,,0,
4,West Yorkshire,way,191990788,53.8551338,-1.6025281,court,pitch,tennis,,,,,,,0,,0,
4,West Yorkshire,way,194574585,53.8195189,-1.5235035,court,pitch,tennis,,,,,,asphalt,1,Potternewton Park,1,Potternewton Park
4,West Yorkshire,way,195192102,53.8144173,-1.4881037,court,pitch,tennis,,,,,,,0,,0,
4,West Yorkshire,way,195337019,53.809478,-1.4967785,court,pitch,tennis,,,,,,,1,Harehills Park,1,Harehills Park
4,West Yorkshire,way,195633138,53.872649,-1.4426376,court,pitch,tennis,,,,,,,0,,0,
4,West Yorkshire,way,195634752,53.8625714,-1.4487911,court,pitch,tennis,,,,,,,0,,0,
4,West Yorkshire,way,195637951,53.8709811,-1.4521518,court,pitch,tennis,,,,,,,0,,0,
4,West Yorkshire,way,195637954,53.8694678,-1.4361008,court,pitch,tennis,,,,,,,0,,0,
4,West Yorkshire,way,199259960,53.8233159,-1.3418841,court,pitch,tennis,,,,,,,0,,0,
4,West Yorkshire,way,199904716,53.7796642,-1.3826904,court,pitch,tennis,,,,,,,0,,0,
4,West Yorkshire,way,200145827,53.6528054,-1.7935209,court,pitch,tennis,,,,,,,0,,0,
4,West Yorkshire,way,200145828,53.6529055,-1.7936011,court,pitch,tennis,,,,,,,0,,0,
4,West Yorkshire,way,200145831,53.6527906,-1.7929866,court,pitch,tennis,,,,,,,0,,0,
4,West Yorkshire,way,200145832,53.6526161,-1.7934239,court,pitch,tennis,,,,,,,0,,0,
4,West Yorkshire,way,200145833,53.6524258,-1.793118,court,pitch,tennis,,,,,,,0,,0,
4,West Yorkshire,way,200236023,53.7229758,-1.7908842,court,pitch,tennis,,,,,,,0,,0,
4,West Yorkshire,way,200236031,53.7226794,-1.7910871,court,pitch,tennis,,,,,,,0,,0,
4,West Yorkshire,way,200272343,53.7082591,-1.8524932,court,pitch,tennis,,,,,,,0,,0,
4,West Yorkshire,way,200408137,53.9329487,-1.894178,court,pitch,tennis,,,,,,,0,,0,
4,West Yorkshire,way,200446278,53.6472501,-1.8008712,court,pitch,tennis,,,,,,,0,,0,
4,West Yorkshire,way,200446280,53.6472669,-1.8006645,court,pitch,tennis,,,,,,,0,,0,
4,West Yorkshire,way,200446281,53.6471852,-1.8010865,court,pitch,tennis,,,,,,,0,,0,
4,West Yorkshire,way,200578545,53.7138974,-1.78699,court,pitch,tennis,,,,,,,0,,0,
4,West Yorkshire,way,201038342,53.7795273,-1.7970588,court,pitch,tennis,,,,,,,1,Brackenhill Park,1,Brackenhill Park
4,West Yorkshire,way,201038353,53.7855059,-1.7688608,court,pitch,tennis,,,,,,,0,,0,
4,West Yorkshire,way,201101453,53.7244088,-1.7078613,court,pitch,tennis,,,,,,,1,Spen Bottoms,1,Spen Bottoms
4,West Yorkshire,way,201107473,53.7313895,-1.6831424,court,pitch,tennis,,,,,,,0,,0,
4,West Yorkshire,way,201107474,53.7309816,-1.6822709,court,pitch,tennis,,,,,,,0,,0,
4,West Yorkshire,way,201107476,53.7314287,-1.6814425,court,pitch,tennis,,,,,,,0,,0,
4,West Yorkshire,way,201111442,53.7093315,-1.6897546,court,pitch,tennis,,,,,,asphalt,1,Millbridge Park,1,Millbridge Park
4,West Yorkshire,way,201119503,53.7185739,-1.700074,court,pitch,tennis,,,,,,,1,Royds Park,1,Royds Park
4,West Yorkshire,way,201234911,53.7751653,-1.7350492,court,pitch,tennis,,,,,,,1,Bowling Park,1,Bowling Park
4,West Yorkshire,way,201234938,53.7631585,-1.6978023,court,pitch,tennis,,,,,,,0,,0,
4,West Yorkshire,way,201386097,53.8032372,-1.7966704,court,pitch,tennis,,,,,,,0,,0,
4,West Yorkshire,way,201386101,53.8028709,-1.7968668,court,pitch,tennis,,,,,,,0,,0,
4,West Yorkshire,way,201621402,53.6554184,-1.7588391,court,pitch,tennis,,,,,,,0,,0,
4,West Yorkshire,way,201903382,53.680582,-1.8501313,court,pitch,tennis,,,,,,,0,,0,
4,West Yorkshire,way,202135342,53.7297506,-1.9794571,court,pitch,tennis,,,,,,,0,,0,
4,West Yorkshire,way,202306742,53.8119705,-1.9548547,court,pitch,tennis,,,,,,,0,,0,
4,West Yorkshire,way,202634426,53.5909756,-1.9354993,court,pitch,tennis,,,,,,,0,,0,
4,West Yorkshire,way,204390444,53.8998733,-1.5836299,court,pitch,tennis,,,,,,,1,,1,
4,West Yorkshire,way,204888560,53.9543879,-1.9003089,court,pitch,tennis,,,,,,,0,,0,
4,West Yorkshire,way,206647408,53.9057639,-1.4345115,court,pitch,tennis,,private,,,,,0,,0,
4,West Yorkshire,way,206723602,53.9091292,-1.4099075,court,pitch,tennis,,,,,,,1,,1,
4,West Yorkshire,way,217395094,53.8985397,-1.7074683,court,pitch,tennis,,private,,,,,0,,0,
4,West Yorkshire,way,217816793,53.8499552,-1.5500778,court,pitch,tennis,,,,,,asphalt,0,,0,
4,West Yorkshire,way,218867234,53.8377784,-1.7787643,court,pitch,tennis,,,,,,,0,,0,
4,West Yorkshire,way,224023756,53.6676059,-1.6121952,court,pitch,tennis,,,,,,,0,,0,
4,West Yorkshire,way,224609856,53.8379861,-1.5060901,court,pitch,tennis,,,,,,asphalt,0,,0,
4,West Yorkshire,way,226841795,53.9128885,-1.6954609,court,pitch,tennis,,,,,,,0,,0,
4,West Yorkshire,way,226990907,53.8320061,-1.5722684,court,pitch,tennis,,,,,,asphalt,1,Meanwood Park,1,Meanwood Park
4,West Yorkshire,way,226990910,53.8319879,-1.5720521,court,pitch,tennis,,,,,,,1,Meanwood Park,1,Meanwood Park
4,West Yorkshire,way,226990912,53.8319691,-1.5718454,court,pitch,tennis,,,,,,,1,Meanwood Park,1,Meanwood Park
4,West Yorkshire,way,227102297,53.8352744,-1.8095086,court,pitch,tennis,,,,,,,0,,0,
4,West Yorkshire,way,232835206,53.7305534,-1.5035964,court,pitch,tennis;netball,,,,,,asphalt,0,,0,
4,West Yorkshire,way,233024127,53.8076289,-1.580944,court,pitch,tennis,,,,,,,0,,0,
4,West Yorkshire,way,235029843,53.8467855,-1.648048,court,pitch,tennis,,,Tennis Courts,,,,0,,0,
4,West Yorkshire,way,238501212,53.9417481,-1.8709477,court,pitch,tennis,,,,,,,0,,0,
4,West Yorkshire,way,254045008,53.5807048,-1.7770561,court,pitch,tennis,,,,,,,0,,0,
4,West Yorkshire,way,258343848,53.7258707,-1.6517017,court,pitch,tennis,,,,,,,0,,0,
4,West Yorkshire,way,262071389,53.9285907,-1.3884722,court,pitch,tennis,,,,,,,0,,0,
4,West Yorkshire,way,262076382,53.9169088,-1.4062607,court,pitch,tennis,,,,,,,0,,0,
4,West Yorkshire,way,267092748,53.8446277,-1.7708329,court,pitch,tennis,,,,,,asphalt,0,,0,
4,West Yorkshire,way,276164367,53.9362167,-1.8805686,court,pitch,tennis,,,,,,acrylic,0,,0,
4,West Yorkshire,way,283621805,53.7571108,-1.3794289,court,pitch,tennis,,,,,,,0,,0,
4,West Yorkshire,way,283621806,53.7570593,-1.3792305,court,pitch,tennis,,,,,,,0,,0,
4,West Yorkshire,way,283621807,53.7570054,-1.3790216,court,pitch,tennis,,,,,,,0,,0,
4,West Yorkshire,way,283621808,53.756948,-1.3788175,court,pitch,tennis,,,,,,,0,,0,
4,West Yorkshire,way,293325487,53.5715096,-1.6589253,court,pitch,tennis,,,,,,asphalt,0,,0,
4,West Yorkshire,way,293337189,53.587351,-1.6112551,court,pitch,tennis,,,,,,,0,,0,
4,West Yorkshire,way,293691728,53.5656577,-1.736332,court,pitch,tennis,,,,,,asphalt,0,,0,
4,West Yorkshire,way,293857763,53.5860107,-1.6326153,court,pitch,tennis,,,,,,,0,,0,
4,West Yorkshire,way,304029098,53.8027818,-1.5225726,court,pitch,netball;tennis,,,,,,,0,,0,
4,West Yorkshire,way,311128102,53.7945137,-1.5086311,court,pitch,tennis,,,,,,asphalt,1,East End Park,1,East End Park
4,West Yorkshire,way,313265706,53.617126,-1.3514329,court,pitch,tennis,,,,,,,0,,0,
4,West Yorkshire,way,313287077,53.8735363,-1.7254756,court,pitch,tennis,,,,,,,0,,0,
4,West Yorkshire,way,318667139,53.7932591,-1.4699864,court,pitch,tennis,,,,,,,1,Grove Road Rec,1,Grove Road Rec
4,West Yorkshire,way,320551525,53.612386,-1.9040341,court,pitch,tennis,,,,,,,0,,0,
4,West Yorkshire,way,351922984,53.8603898,-1.428972,court,pitch,tennis,,,,,,,0,,0,
4,West Yorkshire,way,376026663,53.8131721,-1.7756916,court,pitch,tennis,,,,,,asphalt,1,Lister Park,1,Lister Park
4,West Yorkshire,way,384856531,53.6917207,-1.537557,court,pitch,tennis,,,,,,,0,,0,
4,West Yorkshire,way,386091056,53.6973067,-1.2518632,court,pitch,tennis,,,,,,,0,,0,
4,West Yorkshire,way,394995216,53.8023783,-1.7394672,court,pitch,tennis;basketball,,,,,,,0,,0,
4,West Yorkshire,way,395053444,53.8481167,-1.6431667,court,pitch,tennis;field_hockey,,,Floodlit Sports Court,,,,0,,0,
4,West Yorkshire,way,395304353,53.7268857,-1.7294649,court,pitch,tennis,,,,,,,0,,0,
4,West Yorkshire,way,395877728,53.8487974,-1.6527557,court,pitch,tennis,,private,,,,,0,,0,
4,West Yorkshire,way,396327482,53.8426348,-1.6799276,court,pitch,tennis,,,,,,,1,,1,
4,West Yorkshire,way,397336658,53.8475277,-1.6652238,court,pitch,tennis,,private,,,,,0,,0,
4,West Yorkshire,way,400831715,53.7195185,-1.3677903,court,pitch,tennis,,,,,,,1,Saville Park,1,Saville Park
4,West Yorkshire,way,401750702,53.654962,-1.5568566,court,pitch,tennis,,,,,,,0,,0,
4,West Yorkshire,way,404418192,53.6936274,-1.5030128,court,pitch,tennis,,,,,,,0,,0,
4,West Yorkshire,way,404418193,53.6934724,-1.503096,court,pitch,tennis,,,,,,,0,,0,
4,West Yorkshire,way,404418194,53.6935948,-1.5012729,court,pitch,tennis,,,,,,,0,,0,
4,West Yorkshire,way,404418196,53.6932213,-1.5026943,court,pitch,tennis,,,,,,,0,,0,
4,West Yorkshire,way,404418197,53.6930016,-1.5032887,court,pitch,tennis,,,,,,,0,,0,
4,West Yorkshire,way,404418198,53.6933157,-1.5031811,court,pitch,tennis,,,,,,,0,,0,
4,West Yorkshire,way,404418199,53.6935688,-1.5035968,court,pitch,tennis,,,,,,,0,,0,
4,West Yorkshire,way,404418200,53.6937238,-1.5035136,court,pitch,tennis,,,,,,,0,,0,
4,West Yorkshire,way,404418201,53.6929598,-1.5030674,court,pitch,tennis,,,,,,,0,,0,
4,West Yorkshire,way,404418202,53.6934122,-1.5036819,court,pitch,tennis,,,,,,,0,,0,
4,West Yorkshire,way,404418203,53.6936281,-1.5015532,court,pitch,tennis,,,,,,,0,,0,
4,West Yorkshire,way,404418204,53.6930453,-1.5035072,court,pitch,tennis,,,,,,,0,,0,
4,West Yorkshire,way,404418205,53.6936526,-1.5017691,court,pitch,tennis,,,,,,,0,,0,
4,West Yorkshire,way,404418206,53.693533,-1.5025259,court,pitch,tennis,,,,,,,0,,0,
4,West Yorkshire,way,404418207,53.693567,-1.5010597,court,pitch,tennis,,,,,,,0,,0,
4,West Yorkshire,way,404418209,53.6933779,-1.5026091,court,pitch,tennis,,,,,,,0,,0,
4,West Yorkshire,way,405690134,53.6683624,-1.5770293,court,pitch,tennis,,,,,,,0,,0,
4,West Yorkshire,way,405690136,53.6686298,-1.5770511,court,pitch,tennis,,,,,,,0,,0,
4,West Yorkshire,way,405690139,53.6683484,-1.5775221,court,pitch,tennis,,,,,,,0,,0,
4,West Yorkshire,way,405690142,53.6684969,-1.5770436,court,pitch,tennis,,,,,,,0,,0,
4,West Yorkshire,way,407748553,53.6940591,-1.8036315,court,pitch,tennis,,,,,,,0,,0,
4,West Yorkshire,way,412471028,53.6954154,-1.3639154,court,pitch,tennis,,,,,,,0,,0,
4,West Yorkshire,way,414715214,53.8219048,-1.6099577,sports_centre,sports_centre,tennis,sport,private,Kirkstall Abbey Tennis Club,,,,0,,0,
4,West Yorkshire,way,422925624,53.6238173,-1.7922722,court,pitch,tennis,,,,,,paved,0,,0,
4,West Yorkshire,way,422925633,53.6238221,-1.7924974,court,pitch,tennis,,,,,,paved,0,,0,
4,West Yorkshire,way,436720186,53.6467942,-1.4961822,court,pitch,tennis,,,,,,,0,,0,
4,West Yorkshire,way,436720194,53.6467426,-1.4959814,court,pitch,tennis,,,,,,,0,,0,
4,West Yorkshire,way,436720199,53.6466897,-1.495781,court,pitch,tennis,,,,,,,0,,0,
4,West Yorkshire,way,440971227,53.6396816,-1.5342092,court,pitch,tennis,,,,,,,0,,0,
4,West Yorkshire,way,441361075,53.6731631,-1.8834932,court,pitch,tennis,,,,,,,1,Stainland Memorial Park,1,Stainland Memorial Park
4,West Yorkshire,way,443012902,53.8073775,-1.6719038,court,pitch,tennis,,,,,,,0,,0,
4,West Yorkshire,way,449805265,53.8853534,-1.6251209,court,pitch,tennis,,,,,,,0,,0,
4,West Yorkshire,way,449805266,53.8853386,-1.6249288,court,pitch,tennis,,,,,,,0,,0,
4,West Yorkshire,way,453084031,53.8788015,-1.8867334,court,pitch,tennis,,,Riddlesden Tennis Club,,,,0,,0,
4,West Yorkshire,way,453295574,53.878475,-1.8863922,sports_centre,sports_centre,tennis,,,,,,,0,,0,
4,West Yorkshire,way,456167615,53.8913828,-1.7445694,court,pitch,tennis,,private,,,,,0,,0,
4,West Yorkshire,way,460574157,53.6946952,-1.4141391,court,pitch,tennis,,,,,,,0,,0,
4,West Yorkshire,way,460574158,53.6946389,-1.4143362,court,pitch,tennis,,,,,,,0,,0,
4,West Yorkshire,way,460574159,53.6945857,-1.4145307,court,pitch,tennis,,,,,,,0,,0,
4,West Yorkshire,way,460574160,53.694283,-1.4142906,court,pitch,tennis,,,,,,,0,,0,
4,West Yorkshire,way,460574161,53.6943395,-1.4140934,court,pitch,tennis,,,,,,,0,,0,
4,West Yorkshire,way,460574162,53.694394,-1.4139044,court,pitch,tennis,,,,,,,0,,0,
4,West Yorkshire,way,461558211,53.858644,-1.5546383,court,pitch,tennis,,,Alwoodley Community Centre Tennis Courts,,,,0,,0,
4,West Yorkshire,way,471037428,53.7028069,-1.4126825,court,pitch,tennis,,,,,,,1,Haw Hill Park,1,Haw Hill Park
4,West Yorkshire,way,471566170,53.9307464,-1.8364409,court,pitch,tennis,,private,,,,hard,0,,0,
4,West Yorkshire,way,471566172,53.9308075,-1.8359835,court,pitch,tennis,,private,,,,hard,0,,0,
4,West Yorkshire,way,471566173,53.9308861,-1.8354134,court,pitch,tennis,,private,,,,artificial_turf,0,,0,
4,West Yorkshire,way,471566174,53.9309128,-1.8351962,court,pitch,tennis,,private,,,,artificial_turf,0,,0,
4,West Yorkshire,way,471566176,53.9307779,-1.8362111,court,pitch,tennis,,private,,,,hard,0,,0,
4,West Yorkshire,way,471566177,53.9308548,-1.8356507,court,pitch,tennis,,private,,,,artificial_turf,0,,0,
4,West Yorkshire,way,474475323,53.6455681,-1.5437204,court,pitch,tennis,,,,,,,0,,0,
4,West Yorkshire,way,474475325,53.645298,-1.5429204,court,pitch,tennis,,,,,,,0,,0,
4,West Yorkshire,way,502665509,53.6724756,-1.770469,court,pitch,tennis,,,,,,,0,,0,
4,West Yorkshire,way,513291030,53.8035287,-1.6068395,court,pitch,tennis,,,,,,,0,,0,
4,West Yorkshire,way,513291032,53.8035516,-1.6070598,court,pitch,tennis,,,,,,,0,,0,
4,West Yorkshire,way,513291034,53.8035172,-1.6063066,court,pitch,tennis,,,,,,,0,,0,
4,West Yorkshire,way,513291037,53.8035385,-1.6065067,court,pitch,tennis,,,,,,,0,,0,
4,West Yorkshire,way,513291039,53.8033361,-1.6066352,sports_centre,sports_centre,tennis,,,Armley Tennis Club,,,,0,,0,
4,West Yorkshire,way,516670599,53.8412014,-1.8383165,court,pitch,tennis,,,Beckfoot Tennis Club,,,,0,,0,
4,West Yorkshire,way,541950274,53.8606003,-1.5671047,court,pitch,tennis,,private,,,,,0,,0,
4,West Yorkshire,way,542699871,53.8502883,-1.5501321,court,pitch,tennis,,,,,,asphalt,0,,0,
4,West Yorkshire,way,542699872,53.8501217,-1.550105,court,pitch,tennis,,,,,,asphalt,0,,0,
4,West Yorkshire,way,542800976,53.8520267,-1.5344013,court,pitch,tennis,,private,,,,,0,,0,
4,West Yorkshire,way,543713246,53.8094442,-1.4444912,court,pitch,tennis,,,,,,,1,Manston Park,1,Manston Park
4,West Yorkshire,way,543713247,53.8094367,-1.4442776,court,pitch,tennis,,,,,,,1,Manston Park,1,Manston Park
4,West Yorkshire,way,543713248,53.809428,-1.4440565,court,pitch,tennis,,,,,,,1,Manston Park,1,Manston Park
4,West Yorkshire,way,545486122,53.8612241,-1.530686,court,pitch,tennis,,private,,,,,0,,0,
4,West Yorkshire,way,547041851,53.6427614,-1.4640781,court,pitch,tennis,,,,,,,0,,0,
4,West Yorkshire,way,548550687,53.8597927,-1.526152,court,pitch,tennis,,private,,,,,0,,0,
4,West Yorkshire,way,548551428,53.858059,-1.5175741,court,pitch,tennis,,,,,,,0,,0,
4,West Yorkshire,way,558481428,53.914825,-1.935602,court,pitch,tennis,,,,,,grass,1,Silsden Park,1,Silsden Park
4,West Yorkshire,way,560364216,53.8144471,-1.6503453,court,pitch,tennis,,,,,,,0,,0,
4,West Yorkshire,way,560364217,53.8145918,-1.6505787,court,pitch,tennis,,,,,,,0,,0,
4,West Yorkshire,way,560364218,53.8147364,-1.6508122,court,pitch,tennis,,,,,,,0,,0,
4,West Yorkshire,way,563675396,53.7220037,-1.5881795,court,pitch,tennis,,,,,,,0,,0,
4,West Yorkshire,way,563675397,53.7226066,-1.5882004,court,pitch,tennis,,,,,,,0,,0,
4,West Yorkshire,way,563675398,53.722308,-1.5881886,court,pitch,tennis,,,,,,,0,,0,
4,West Yorkshire,way,565177385,53.8134964,-1.472396,court,pitch,tennis,,,,,,,0,,0,
4,West Yorkshire,way,565177386,53.8135556,-1.4721463,court,pitch,tennis,,,,,,,0,,0,
4,West Yorkshire,way,586040320,53.8973228,-1.5755641,court,pitch,tennis,,private,,,,,0,,0,
4,West Yorkshire,way,591391137,53.6867166,-1.793572,court,pitch,tennis,,,,,,,0,,0,
4,West Yorkshire,way,591391138,53.6866807,-1.7933179,court,pitch,tennis,,,,,,,0,,0,
4,West Yorkshire,way,591391139,53.6864283,-1.793689,court,pitch,tennis,,,,,,,0,,0,
4,West Yorkshire,way,591391140,53.6864024,-1.7934453,court,pitch,tennis,,,,,,,0,,0,
4,West Yorkshire,way,603482444,53.7738751,-1.5555828,court,pitch,tennis,,,,,,,1,Cross Flatts Park,1,Cross Flatts Park
4,West Yorkshire,way,603482445,53.7738335,-1.5559138,court,pitch,tennis,,,,,,,1,Cross Flatts Park,1,Cross Flatts Park
4,West Yorkshire,way,603482446,53.7741743,-1.5557867,court,pitch,tennis,,,,,,,1,Cross Flatts Park,1,Cross Flatts Park
4,West Yorkshire,way,603482447,53.7741502,-1.5559887,court,pitch,tennis,,,,,,,1,Cross Flatts Park,1,Cross Flatts Park
4,West Yorkshire,way,603482448,53.7741245,-1.5561874,court,pitch,tennis,,,,,,,1,Cross Flatts Park,1,Cross Flatts Park
4,West Yorkshire,way,608023431,53.7538869,-1.5619085,court,pitch,tennis,,private,,,,,0,,0,
4,West Yorkshire,way,609919844,53.7795472,-1.5450833,court,pitch,tennis,,,,,,,0,,0,
4,West Yorkshire,way,614053040,53.8625402,-1.8317253,court,pitch,tennis,,,,,,,0,,0,
4,West Yorkshire,way,618838925,53.8264283,-1.5329236,court,pitch,tennis,,private,,,,,0,,0,
4,West Yorkshire,way,618838926,53.826412,-1.5331299,court,pitch,tennis,,private,,,,,0,,0,
4,West Yorkshire,way,633621663,53.6212719,-1.8579458,court,pitch,tennis,,,,,,,0,,0,
4,West Yorkshire,way,633639840,53.6214589,-1.8576595,court,pitch,tennis,,,,,,,0,,0,
4,West Yorkshire,way,658956484,53.8306703,-1.6342455,court,pitch,tennis,,,,,,tartan,0,,0,
4,West Yorkshire,way,658956485,53.8305577,-1.6343181,court,pitch,tennis,,,,,,tartan,0,,0,
4,West Yorkshire,way,658956486,53.8304321,-1.6343992,court,pitch,tennis,,,,,,tartan,0,,0,
4,West Yorkshire,way,658956487,53.8303273,-1.6344853,court,pitch,tennis,,,,,,tartan,0,,0,
4,West Yorkshire,way,664446194,53.7993403,-1.4717737,court,pitch,tennis,,,,,,,1,Primrose Valley Park,1,Primrose Valley Park
4,West Yorkshire,way,666150287,53.8429329,-1.5083399,court,pitch,tennis,,,,,,,0,,0,
4,West Yorkshire,way,666150288,53.8430051,-1.5085435,court,pitch,tennis,,,,,,,0,,0,
4,West Yorkshire,way,666150289,53.8426688,-1.508609,court,pitch,tennis,,,,,,,0,,0,
4,West Yorkshire,way,666150290,53.842741,-1.5088127,court,pitch,tennis,,,,,,,0,,0,
4,West Yorkshire,way,666150292,53.8430774,-1.5087472,court,pitch,tennis,,,,,,,0,,0,
4,West Yorkshire,way,666150293,53.8428133,-1.5090164,court,pitch,tennis,,,,,,,0,,0,
4,West Yorkshire,way,666150294,53.8428568,-1.5087006,sports_centre,sports_centre,tennis,,,Roundhay Tennis Club,,,,0,,0,
4,West Yorkshire,way,666478833,53.8378039,-1.5068967,court,pitch,tennis,,,,,,asphalt,0,,0,
4,West Yorkshire,way,666478834,53.8377675,-1.5066673,court,pitch,tennis,,,,,,asphalt,0,,0,
4,West Yorkshire,way,666478835,53.8377313,-1.5064379,court,pitch,tennis,,,,,,asphalt,0,,0,
4,West Yorkshire,way,666478836,53.8380938,-1.5067676,court,pitch,tennis,,,,,,asphalt,0,,0,
4,West Yorkshire,way,666478837,53.838058,-1.5065418,court,pitch,tennis,,,,,,asphalt,0,,0,
4,West Yorkshire,way,666478838,53.8380221,-1.5063159,court,pitch,tennis,,,,,,asphalt,0,,0,
4,West Yorkshire,way,666478839,53.8386593,-1.506516,court,pitch,tennis,,,,,,asphalt,0,,0,
4,West Yorkshire,way,666478840,53.8386243,-1.5062971,court,pitch,tennis,,,,,,asphalt,0,,0,
4,West Yorkshire,way,666478841,53.8385892,-1.506078,court,pitch,tennis,,,,,,asphalt,0,,0,
4,West Yorkshire,way,666478842,53.8383766,-1.5066418,court,pitch,tennis,,,,,,asphalt,0,,0,
4,West Yorkshire,way,666478843,53.8383411,-1.5064194,court,pitch,tennis,,,,,,asphalt,0,,0,
4,West Yorkshire,way,666478844,53.8383056,-1.506197,court,pitch,tennis,,,,,,asphalt,0,,0,
4,West Yorkshire,way,666478845,53.8385542,-1.505859,court,pitch,tennis,,,,,,asphalt,0,,0,
4,West Yorkshire,way,666478846,53.8382701,-1.5059745,court,pitch,tennis,,,,,,asphalt,0,,0,
4,West Yorkshire,way,666478847,53.8376949,-1.5062086,court,pitch,tennis,,,,,,asphalt,0,,0,
4,West Yorkshire,way,674102142,53.852377,-1.4953373,court,pitch,tennis,,private,,,,,0,,0,
4,West Yorkshire,way,677241126,53.8321863,-1.7947599,court,pitch,tennis,,,St. Peters Tennis Club,,,,0,,0,
4,West Yorkshire,way,682081080,53.8638052,-1.4854858,court,pitch,tennis,,private,,,,,0,,0,
4,West Yorkshire,way,690243679,53.7493453,-1.4535877,court,pitch,tennis,,,,,,,0,,0,
4,West Yorkshire,way,690279616,53.8530195,-1.4758599,court,pitch,tennis,,,,,,,0,,0,
4,West Yorkshire,way,690279617,53.8528235,-1.4759606,court,pitch,tennis,,,,,,,0,,0,
4,West Yorkshire,way,699206861,53.8508228,-1.4678387,court,pitch,tennis,,private,,,,,0,,0,
4,West Yorkshire,way,719467496,53.7037536,-1.6962881,court,pitch,tennis,,,,,,,0,,0,
4,West Yorkshire,way,719467497,53.7036561,-1.696496,court,pitch,tennis,,,,,,,0,,0,
4,West Yorkshire,way,719467498,53.7035657,-1.6966897,court,pitch,tennis,,,,,,,0,,0,
4,West Yorkshire,way,719467499,53.7034852,-1.6968783,court,pitch,tennis,,,,,,,0,,0,
4,West Yorkshire,way,725088280,53.8265605,-1.4561103,court,pitch,tennis,,,,,,,1,,1,
4,West Yorkshire,way,730212838,53.8076058,-1.7460341,court,pitch,tennis,,yes,,,,asphalt,1,Peel Park,1,Peel Park
4,West Yorkshire,way,736722011,53.7960374,-1.4518481,court,pitch,tennis,,,,,,,0,,0,
4,West Yorkshire,way,736722012,53.7963501,-1.4517256,court,pitch,tennis,,,,,,,0,,0,
4,West Yorkshire,way,775698713,53.8899805,-1.4368543,court,pitch,tennis,,,,,,,0,,0,
4,West Yorkshire,way,777439782,53.8412244,-1.4427104,court,pitch,tennis,,private,,,,,0,,0,
4,West Yorkshire,way,805160790,53.6938186,-1.5282005,court,pitch,tennis,,,,,,,0,,0,
4,West Yorkshire,way,809475710,53.899324,-1.768962,court,pitch,tennis,,,,,,,0,,0,
4,West Yorkshire,way,809475716,53.8972974,-1.766738,court,pitch,tennis,,,,,,,0,,0,
4,West Yorkshire,way,809486780,53.905247,-1.7718399,court,pitch,tennis,,private,,,,,0,,0,
4,West Yorkshire,way,809499956,53.903674,-1.7631024,court,pitch,tennis,,,,,,,0,,0,
4,West Yorkshire,way,833577735,53.9124401,-1.4198764,court,pitch,tennis,,private,,,,,0,,0,
4,West Yorkshire,way,833578990,53.9139579,-1.4171723,court,pitch,tennis,,private,,,,concrete,0,,0,
4,West Yorkshire,way,836076833,53.6203911,-1.3603491,court,pitch,tennis,,,,,,,1,Vale Head Park,1,Vale Head Park
4,West Yorkshire,way,836076834,53.6203163,-1.3601782,court,pitch,tennis,,,,,,,1,Vale Head Park,1,Vale Head Park
4,West Yorkshire,way,836076835,53.620243,-1.3600049,court,pitch,tennis,,,,,,,1,Vale Head Park,1,Vale Head Park
4,West Yorkshire,way,836076836,53.6201676,-1.3598342,court,pitch,tennis,,,,,,,1,Vale Head Park,1,Vale Head Park
4,West Yorkshire,way,841292796,53.9308663,-1.8373498,court,pitch,tennis,,,,,,,0,,0,
4,West Yorkshire,way,842136744,53.934788,-1.4036907,court,pitch,tennis,,,,,,,0,,0,
4,West Yorkshire,way,843200422,53.9285332,-1.4027667,court,pitch,tennis,,private,,,,,0,,0,
4,West Yorkshire,way,843508250,53.9253253,-1.4044376,court,pitch,tennis,,private,,,,,0,,0,
4,West Yorkshire,way,845829403,53.6378129,-1.745976,court,pitch,tennis,,,,,,,0,,0,
4,West Yorkshire,way,846182468,53.6485356,-1.335898,court,pitch,tennis,,,,,,,0,,0,
4,West Yorkshire,way,846182470,53.6489751,-1.3356273,court,pitch,tennis,,,,,,,0,,0,
4,West Yorkshire,way,848041610,53.8173789,-1.6194043,court,pitch,tennis,,,,,,,0,,0,
4,West Yorkshire,way,849952874,53.8612207,-1.5827314,court,pitch,tennis,,,,,,,0,,0,
4,West Yorkshire,way,852535053,53.7277713,-1.7027263,court,pitch,tennis,,,,,,,0,,0,
4,West Yorkshire,way,852535054,53.7272564,-1.7028109,court,pitch,tennis,,,,,,,0,,0,
4,West Yorkshire,way,853027805,53.8405747,-1.8289351,court,pitch,tennis;basketball,,,,,,,0,,0,
4,West Yorkshire,way,854207490,53.7885791,-1.4023336,court,pitch,tennis,,,,,,concrete,0,,0,
4,West Yorkshire,way,856628639,53.6761064,-1.3030291,court,pitch,tennis,,,,,,,0,,0,
4,West Yorkshire,way,856628640,53.6761061,-1.3028082,court,pitch,tennis,,,,,,,0,,0,
4,West Yorkshire,way,856628641,53.6761073,-1.3025787,court,pitch,tennis,,,,,,,0,,0,
4,West Yorkshire,way,856628642,53.6761085,-1.3023536,court,pitch,tennis,,,,,,,0,,0,
4,West Yorkshire,way,856628643,53.6761109,-1.3021397,court,pitch,tennis,,,,,,,0,,0,
4,West Yorkshire,way,856628644,53.6761106,-1.3019151,court,pitch,tennis,,,,,,,0,,0,
4,West Yorkshire,way,856628645,53.6761109,-1.3016945,court,pitch,tennis,,,,,,,0,,0,
4,West Yorkshire,way,858487258,53.724397,-1.3396612,court,pitch,tennis,,,,,,,0,,0,
4,West Yorkshire,way,863362395,53.8392287,-1.6993623,court,pitch,tennis,,,,,,,0,,0,
4,West Yorkshire,way,866201333,53.6839081,-1.3184799,court,pitch,tennis,,,,,,asphalt,0,,0,
4,West Yorkshire,way,866201334,53.6840573,-1.3186356,court,pitch,tennis,,,,,,asphalt,0,,0,
4,West Yorkshire,way,881591432,53.66407,-1.9498115,court,pitch,tennis,,,,,,,0,,0,
4,West Yorkshire,way,881591433,53.664374,-1.9495216,court,pitch,tennis,,,,,,,0,,0,
4,West Yorkshire,way,881665489,53.8483552,-1.6911329,court,pitch,tennis,,private,,,,,0,,0,
4,West Yorkshire,way,881665491,53.8497859,-1.6935357,court,pitch,tennis,,private,,,,,0,,0,
4,West Yorkshire,way,882975264,53.8325144,-1.5220558,court,pitch,tennis;basketball,,,,,,,0,,0,
4,West Yorkshire,way,883378297,53.8436401,-1.6880027,court,pitch,tennis,,,,,,,0,,0,
4,West Yorkshire,way,884208188,53.7759139,-1.5119913,court,pitch,tennis,,,,,,,0,,0,
4,West Yorkshire,way,894664734,53.9024469,-1.6204787,court,pitch,tennis,,,,,,,0,,0,
4,West Yorkshire,way,894712040,53.8893176,-1.6190098,court,pitch,tennis,,,,,,,0,,0,
4,West Yorkshire,way,895301244,53.8442445,-1.6931127,court,pitch,tennis,,,,,,,0,,0,
4,West Yorkshire,way,898530312,53.714074,-1.869114,sports_centre,sports_centre,tennis,sport,,Queens Sports Club,,,,0,,0,
4,West Yorkshire,way,898530314,53.7140641,-1.8681539,sports_centre,sports_centre,tennis,,,,Queens Sports Club,,,0,,0,
4,West Yorkshire,way,898530315,53.7140722,-1.8685804,court,pitch,tennis,,,,,,grass,0,,0,
4,West Yorkshire,way,898530316,53.7140775,-1.8687919,court,pitch,tennis,,,,,,grass,0,,0,
4,West Yorkshire,way,898530317,53.7137695,-1.868821,court,pitch,tennis,,,,,,tartan,0,,0,
4,West Yorkshire,way,898530318,53.7137638,-1.868612,court,pitch,tennis,,,,,,tartan,0,,0,
4,West Yorkshire,way,898530319,53.7137608,-1.8682161,court,pitch,tennis,,,,,,tartan,0,,0,
4,West Yorkshire,way,898530320,53.7137528,-1.8680048,court,pitch,tennis,,,,,,tartan,0,,0,
4,West Yorkshire,way,898530321,53.7139144,-1.8684113,sports_centre,sports_centre,tennis,,,,,,,0,,0,
4,West Yorkshire,way,904357265,53.7375394,-1.460598,court,pitch,tennis,,,,,,asphalt,0,,0,
4,West Yorkshire,way,908146597,53.9338567,-1.7994028,court,pitch,tennis,,,,,,,0,,0,
4,West Yorkshire,way,909413715,53.9290954,-1.7905649,court,pitch,tennis,,,,,,,0,,0,
4,West Yorkshire,way,909413716,53.9291121,-1.7903624,court,pitch,tennis,,,,,,,0,,0,
4,West Yorkshire,way,909413717,53.9291294,-1.7901586,court,pitch,tennis,,,,,,,0,,0,
4,West Yorkshire,way,910161500,53.847716,-1.7764008,court,pitch,tennis,,private,,,,,0,,0,
4,West Yorkshire,way,910161501,53.8477086,-1.7761939,court,pitch,tennis,,private,,,,,0,,0,
4,West Yorkshire,way,910161502,53.8477222,-1.7766152,court,pitch,tennis,,private,,,,,0,,0,
4,West Yorkshire,way,911497158,53.9268467,-1.3884437,court,pitch,tennis,,,,,,,0,,0,
4,West Yorkshire,way,911497159,53.9268592,-1.3886709,court,pitch,tennis,,,,,,,0,,0,
4,West Yorkshire,way,911497160,53.9269467,-1.3893642,court,pitch,tennis,,,,,,,0,,0,
4,West Yorkshire,way,911497161,53.9269335,-1.3891237,court,pitch,tennis,,,,,,,0,,0,
4,West Yorkshire,way,912696225,53.6490212,-1.7999567,court,pitch,tennis,,,,,,asphalt,1,Greenhead Park,1,Greenhead Park
4,West Yorkshire,way,912696226,53.6489894,-1.8001874,court,pitch,tennis,,,,,,asphalt,1,Greenhead Park,1,Greenhead Park
4,West Yorkshire,way,912696227,53.6489544,-1.8004114,court,pitch,tennis,,,,,,asphalt,1,Greenhead Park,1,Greenhead Park
4,West Yorkshire,way,912696228,53.6492875,-1.8005628,court,pitch,tennis,,,,,,asphalt,1,Greenhead Park,1,Greenhead Park
4,West Yorkshire,way,912696229,53.6493225,-1.8003362,court,pitch,tennis,,,,,,asphalt,1,Greenhead Park,1,Greenhead Park
4,West Yorkshire,way,912696230,53.6493572,-1.8001126,court,pitch,tennis,,,,,,asphalt,1,Greenhead Park,1,Greenhead Park
4,West Yorkshire,way,912696237,53.6727197,-1.9412998,court,pitch,tennis,,,,,,,0,,0,
4,West Yorkshire,way,912696244,53.7502152,-1.9047586,court,pitch,tennis,,,,,,,0,,0,
4,West Yorkshire,way,912696245,53.7502572,-1.9045602,court,pitch,tennis,,,,,,,0,,0,
4,West Yorkshire,way,912696246,53.7502986,-1.904358,court,pitch,tennis,,,,,,,0,,0,
4,West Yorkshire,way,913554923,53.6997216,-1.8152342,court,pitch,tennis,,,,,,,0,,0,
4,West Yorkshire,way,914499941,53.897177,-1.6270111,court,pitch,tennis,,,,,,,0,,0,
4,West Yorkshire,way,914797747,53.6702337,-1.5088812,court,pitch,tennis,,,,,,asphalt,1,Thornes Park,1,Thornes Park
4,West Yorkshire,way,914797748,53.6702355,-1.508671,court,pitch,tennis,,,,,,asphalt,1,Thornes Park,1,Thornes Park
4,West Yorkshire,way,914797749,53.6702392,-1.5084088,court,pitch,tennis,,,,,,asphalt,1,Thornes Park,1,Thornes Park
4,West Yorkshire,way,914797750,53.6702413,-1.5082007,court,pitch,tennis,,,,,,asphalt,1,Thornes Park,1,Thornes Park
4,West Yorkshire,way,914797751,53.6702423,-1.5079408,court,pitch,tennis,,,,,,asphalt,1,Thornes Park,1,Thornes Park
4,West Yorkshire,way,914797752,53.670243,-1.5077274,court,pitch,tennis,,,,,,asphalt,1,Thornes Park,1,Thornes Park
4,West Yorkshire,way,929399510,53.7368984,-1.957673,court,pitch,tennis,,,,,,,0,,0,
4,West Yorkshire,way,947237776,53.7069995,-2.0015695,court,pitch,tennis,,,,,,,0,,0,
4,West Yorkshire,way,947375931,53.6591772,-1.4767015,court,pitch,tennis,,,,,,,0,,0,
4,West Yorkshire,way,947375933,53.6594467,-1.4763235,court,pitch,tennis,,,,,,,0,,0,
4,West Yorkshire,way,954313589,53.8454956,-1.8409922,court,pitch,tennis,,,,,,asphalt,1,Myrtle Park,1,Myrtle Park
4,West Yorkshire,way,960793499,53.6304723,-1.8596057,court,pitch,tennis,,,,,,,0,,0,
4,West Yorkshire,way,967775912,53.8409732,-1.6421478,court,pitch,tennis,,private,,,,,0,,0,
4,West Yorkshire,way,968261372,53.7080407,-1.6792131,court,pitch,tennis,,,,,,,1,,1,
4,West Yorkshire,way,968261373,53.7079875,-1.6790016,court,pitch,tennis,,,,,,,1,,1,
4,West Yorkshire,way,979392009,53.9002373,-1.3631558,court,pitch,tennis,,,,,,concrete,0,,0,
4,West Yorkshire,way,979392010,53.9000445,-1.3630788,court,pitch,tennis,,,,,,concrete,0,,0,
4,West Yorkshire,way,979392011,53.8998741,-1.3630108,court,pitch,tennis,,,,,,concrete,0,,0,
4,West Yorkshire,way,981688853,53.6953901,-1.3636574,court,pitch,tennis,,,,,,,0,,0,
4,West Yorkshire,way,981688854,53.6953693,-1.3634002,court,pitch,tennis,,,,,,,0,,0,
4,West Yorkshire,way,981688855,53.6953417,-1.3631402,court,pitch,tennis,,,,,,,0,,0,
4,West Yorkshire,way,981688857,53.6955928,-1.3654415,court,pitch,tennis,,,,,,,0,,0,
4,West Yorkshire,way,981688858,53.6956222,-1.3657015,court,pitch,tennis,,,,,,,0,,0,
4,West Yorkshire,way,981688859,53.6956489,-1.3659541,court,pitch,tennis,,,,,,,0,,0,
4,West Yorkshire,way,981688860,53.6956753,-1.3662309,court,pitch,tennis,,,,,,,0,,0,
4,West Yorkshire,way,988540251,53.9201926,-1.7893938,court,pitch,tennis,,,,,,,0,,0,
4,West Yorkshire,way,988814688,53.9047681,-1.7702928,court,pitch,tennis,,private,,,,,1,,1,
4,West Yorkshire,way,992207984,53.6863158,-1.776013,court,pitch,tennis,,private,,,,,0,,0,
4,West Yorkshire,way,992212505,53.6856317,-1.7847006,court,pitch,tennis,,private,,,,,0,,0,
4,West Yorkshire,way,993704592,53.5827566,-1.708524,court,pitch,tennis,,,,,,artificial_turf,0,,0,
4,West Yorkshire,way,993704593,53.5826074,-1.7081215,court,pitch,tennis,,,,,,artificial_turf,0,,0,
4,West Yorkshire,way,1049644126,53.7943369,-1.668916,court,pitch,tennis,,,,,,,0,,0,
4,West Yorkshire,way,1049644127,53.7944027,-1.6687242,court,pitch,tennis,,,,,,,0,,0,
4,West Yorkshire,way,1049644128,53.7946878,-1.669014,court,pitch,tennis,,,,,,,0,,0,
4,West Yorkshire,way,1049644129,53.7946225,-1.6692098,court,pitch,tennis,,,,,,,0,,0,
4,West Yorkshire,way,1050836971,53.8841883,-1.7309127,court,pitch,tennis,,,,,,asphalt,0,,0,
4,West Yorkshire,way,1054847479,53.7071901,-2.0011224,court,pitch,tennis,,,,,,,0,,0,
4,West Yorkshire,way,1055542623,53.5792354,-1.8235591,court,pitch,tennis,,private,,,,,0,,0,
4,West Yorkshire,way,1066281046,53.6859246,-1.7010258,court,pitch,tennis,,,,,,,0,,0,
4,West Yorkshire,way,1077030357,53.9096005,-1.3409329,court,pitch,tennis,,,,,,,0,,0,
4,West Yorkshire,way,1108116326,53.6946605,-1.3225135,court,pitch,tennis,,,,,,,0,,0,
4,West Yorkshire,way,1120724083,53.882798,-1.3496273,court,pitch,tennis,,private,,,,paved,0,,0,
4,West Yorkshire,way,1125220679,53.8287225,-1.3463003,court,pitch,tennis,,,,,,,0,,0,
4,West Yorkshire,way,1136407957,53.8221617,-1.905076,court,pitch,tennis,,,,,,,0,,0,
4,West Yorkshire,way,1152465492,53.8428837,-1.7955124,court,pitch,tennis,,,,,,asphalt,0,,0,
4,West Yorkshire,way,1152465493,53.8430134,-1.7954628,court,pitch,tennis,,,,,,asphalt,0,,0,
4,West Yorkshire,way,1152465494,53.8431424,-1.7954119,court,pitch,tennis,,,,,,asphalt,0,,0,
4,West Yorkshire,way,1157460710,53.925722,-1.3198197,court,pitch,tennis,,private,,,,,0,,0,
4,West Yorkshire,way,1200769514,53.660175,-1.6160159,court,pitch,tennis,,,,,,,0,,0,
4,West Yorkshire,way,1225549768,53.7365195,-1.788049,court,pitch,tennis,,,,,,,0,,0,
4,West Yorkshire,way,1231855154,53.6377073,-1.7450602,court,pitch,tennis,,,,,,asphalt,0,,0,
4,West Yorkshire,way,1231855155,53.6377729,-1.7454542,court,pitch,tennis;netball,,,,,,asphalt,0,,0,
4,West Yorkshire,way,1236902335,53.5908937,-1.9353144,court,pitch,tennis,,,,,,,0,,0,
4,West Yorkshire,way,1236902336,53.5908115,-1.9351301,court,pitch,tennis,,,,,,,0,,0,
4,West Yorkshire,way,1265495918,53.8716357,-1.7185611,court,pitch,tennis,,,,,,asphalt,0,,0,
4,West Yorkshire,way,1265495919,53.8719157,-1.7186531,court,pitch,tennis,,,,,,asphalt,0,,0,
4,West Yorkshire,way,1265495921,53.8717743,-1.7186039,court,pitch,tennis,,,,,,asphalt,0,,0,
4,West Yorkshire,way,1267902120,53.7188954,-2.0889486,sports_centre,sports_centre,tennis,,,Todmorden Lawn Tennis Club,,,,0,,0,
4,West Yorkshire,way,1267902121,53.7189343,-2.0888105,court,pitch,tennis,,customers,,,,clay,0,,0,
4,West Yorkshire,way,1267902122,53.7187103,-2.0890651,court,pitch,tennis,,customers,,,,clay,0,,0,
4,West Yorkshire,way,1296932482,53.7076655,-1.7781189,court,pitch,tennis,,,,,,,1,Wellholme Park,1,Wellholme Park
4,West Yorkshire,way,1296932483,53.7077116,-1.7779125,court,pitch,tennis,,,,,,,1,Wellholme Park,1,Wellholme Park
4,West Yorkshire,way,1296932484,53.7077568,-1.7776974,court,pitch,tennis,,,,,,,1,Wellholme Park,1,Wellholme Park
4,West Yorkshire,way,1296932485,53.7078035,-1.7774869,court,pitch,tennis,,,,,,,1,Wellholme Park,1,Wellholme Park
4,West Yorkshire,way,1299073723,53.7139246,-1.7867434,court,pitch,tennis,,,,,,,0,,0,
4,West Yorkshire,way,1304464310,53.7362763,-1.8304148,court,pitch,tennis,,,,,,,0,,0,
4,West Yorkshire,way,1335633677,53.8285844,-1.5952758,court,pitch,tennis,,,Carnegie Regional Indoor Tennis Centre,,,,0,,0,
4,West Yorkshire,way,1336863520,53.9112241,-1.6857277,court,pitch,tennis,,yes,,,,,1,Wharfemeadows Park,1,Wharfemeadows Park
4,West Yorkshire,way,1336863521,53.9112068,-1.6855108,court,pitch,tennis,,yes,,,,,1,Wharfemeadows Park,1,Wharfemeadows Park
4,West Yorkshire,way,1351225533,53.7037581,-1.9347712,court,pitch,tennis,,,,,,,0,,0,
4,West Yorkshire,way,1385617623,53.6139326,-1.6049065,court,pitch,tennis,,,,,,,0,,0,
4,West Yorkshire,way,1385743201,53.9299302,-1.8367183,court,pitch,tennis,,private,,,,grass,0,,0,
4,West Yorkshire,way,1385743202,53.9299696,-1.8364079,court,pitch,tennis,,private,,,,grass,0,,0,
4,West Yorkshire,way,1385743203,53.9300116,-1.8360886,court,pitch,tennis,,private,,,,grass,0,,0,
4,West Yorkshire,way,1385743204,53.9300518,-1.8357896,court,pitch,tennis,,private,,,,grass,0,,0,
4,West Yorkshire,way,1385743205,53.9302784,-1.8368545,court,pitch,tennis,,private,,,,grass,0,,0,
4,West Yorkshire,way,1385743206,53.9303218,-1.8365527,court,pitch,tennis,,private,,,,grass,0,,0,
4,West Yorkshire,way,1385743207,53.9303613,-1.836255,court,pitch,tennis,,private,,,,grass,0,,0,
4,West Yorkshire,way,1385743208,53.9304071,-1.8359277,court,pitch,tennis,,private,,,,grass,0,,0,
4,West Yorkshire,way,1386953468,53.5709311,-1.672903,court,pitch,tennis,,,,,,,0,,0,
4,West Yorkshire,way,1395174083,53.5790298,-1.7012601,court,pitch,tennis,,,,,,,0,,0,
4,West Yorkshire,way,1416182723,53.7934326,-1.5626374,court,pitch,basketball;soccer;tennis,,,,,,,1,,1,
4,West Yorkshire,way,1429993599,53.8854327,-1.6072685,court,pitch,tennis,,,,,,,0,,0,
4,West Yorkshire,way,1431998355,53.6362747,-1.7619853,court,pitch,tennis,,,,,,,0,,0,
4,West Yorkshire,way,1431998356,53.6364006,-1.7621194,court,pitch,tennis,,,,,,,0,,0,
4,West Yorkshire,way,1431998357,53.6361799,-1.7626333,court,pitch,tennis,,,,,,,0,,0,
4,West Yorkshire,way,1431998358,53.6360686,-1.7625067,court,pitch,tennis,,,,,,,0,,0,
4,West Yorkshire,way,1431998362,53.6365386,-1.7622617,court,pitch,tennis,,,,,,,0,,0,
4,West Yorkshire,way,1431998363,53.6366578,-1.7623933,court,pitch,tennis,,,,,,,0,,0,
4,West Yorkshire,way,1444282263,53.5642232,-1.7575692,court,pitch,tennis,,,,,,,0,,0,
4,West Yorkshire,way,1444542369,53.8839674,-1.4456716,court,pitch,tennis,,private,,,,,0,,0,
4,West Yorkshire,way,1445963334,53.7981172,-1.9057492,court,pitch,tennis,,,,,,,0,,0,
4,West Yorkshire,way,1459793990,53.7515271,-1.877273,court,pitch,tennis,,,,,,,1,Beechwood Park Local Nature Reserve,1,Beechwood Park Local Nature Reserve
4,West Yorkshire,relation,9161919,53.8305161,-1.6344416,sports_centre,sports_centre,tennis,,,Horsforth Tennis Club,,,,0,,0,
5,Greater Glasgow,way,4412082,55.875037,-4.2971289,sports_centre,sports_centre,tennis,,,Dowanhill Tennis Club,,,,0,,0,
5,Greater Glasgow,way,26605382,55.8674616,-4.2876316,court,pitch,tennis,,yes,Kelvingrove Park Tennis Courts,,,artificial_turf,1,Kelvingrove Park,1,Kelvingrove Park
5,Greater Glasgow,way,32028854,55.8974389,-4.3507296,court,pitch,tennis,,,,,,,1,Knightswood Park,1,Knightswood Park
5,Greater Glasgow,way,49978503,55.8812256,-4.304986,court,pitch,tennis,,,,,,,0,,0,
5,Greater Glasgow,way,49978504,55.8808138,-4.3053491,court,pitch,tennis,,,,,,,0,,0,
5,Greater Glasgow,way,59965999,55.8318839,-4.2640349,court,pitch,tennis,,,,,,asphalt,0,,0,
5,Greater Glasgow,way,81151153,55.8812201,-4.3390769,sports_centre,sports_centre,multi;swimming;tennis,,,Scotstoun Leisure Centre,,,,0,,0,
5,Greater Glasgow,way,102657200,55.8792748,-4.3247004,sports_centre,sports_centre,tennis;squash,,,Broomhill Lawn Tennis & Squash Club Clubhouse,,,,0,,0,
5,Greater Glasgow,way,132703432,55.8476966,-4.3019297,court,pitch,tennis,,,,,,,0,,0,
5,Greater Glasgow,way,179718797,55.880388,-4.3405088,court,pitch,tennis,,,,,,artificial_turf,0,,0,
5,Greater Glasgow,way,179718800,55.8802333,-4.340604,court,pitch,tennis,,,,,,artificial_turf,0,,0,
5,Greater Glasgow,way,179718803,55.8805435,-4.3404161,court,pitch,tennis,,,,,,artificial_turf,0,,0,
5,Greater Glasgow,way,195397507,55.9005468,-4.3029772,court,pitch,tennis,,,,,,,0,,0,
5,Greater Glasgow,way,207914340,55.8987492,-4.3258494,court,pitch,tennis,,members,,,,,0,,0,
5,Greater Glasgow,way,207914341,55.8984113,-4.3258985,court,pitch,tennis,,members,,,,,0,,0,
5,Greater Glasgow,way,216544050,55.8530294,-4.2251251,court,pitch,soccer;tennis,,,,,,artificial_turf,0,,0,
5,Greater Glasgow,way,216544052,55.8531793,-4.225022,court,pitch,soccer;tennis,,,,,,artificial_turf,0,,0,
5,Greater Glasgow,way,228656649,55.879309,-4.3254236,court,pitch,tennis,,,Broomhill Tennis and Squash Club,,,,0,,0,
5,Greater Glasgow,way,232250678,55.8380286,-4.282567,court,pitch,tennis,,,,,,fine_gravel,0,,0,
5,Greater Glasgow,way,232250680,55.8380586,-4.2834674,court,pitch,tennis,,,,,,artificial_turf,0,,0,
5,Greater Glasgow,way,232250681,55.8384988,-4.2836101,court,pitch,tennis,,,,,,rubber,0,,0,
5,Greater Glasgow,way,232250682,55.8380514,-4.2832131,court,pitch,tennis,,,,,,artificial_turf,0,,0,
5,Greater Glasgow,way,232250684,55.8380481,-4.2829697,court,pitch,tennis,,,,,,artificial_turf,0,,0,
5,Greater Glasgow,way,232250685,55.8384956,-4.2833668,court,pitch,tennis,,,,,,rubber,0,,0,
5,Greater Glasgow,way,233432414,55.8384138,-4.2994715,court,pitch,tennis,,,,,,,0,,0,
5,Greater Glasgow,way,317174798,55.8858916,-4.3091656,court,pitch,tennis,,,,,,,0,,0,
5,Greater Glasgow,way,396971610,55.9042641,-4.364245,court,pitch,tennis,,,,,,,0,,0,
5,Greater Glasgow,way,396971612,55.9047085,-4.3648812,court,pitch,tennis,,,,,,,0,,0,
5,Greater Glasgow,way,396971614,55.9040114,-4.3645172,court,pitch,tennis,,,,,,,0,,0,
5,Greater Glasgow,way,396971616,55.9043543,-4.3651703,court,pitch,tennis,,,,,,,0,,0,
5,Greater Glasgow,way,409037499,55.8883002,-4.3391134,court,pitch,tennis,,,,,,,0,,0,
5,Greater Glasgow,way,409037500,55.8883288,-4.3388962,court,pitch,tennis,,,,,,,0,,0,
5,Greater Glasgow,way,409037501,55.8882725,-4.3393515,court,pitch,tennis,,,,,,,0,,0,
5,Greater Glasgow,way,411027296,55.8837983,-4.3308113,court,pitch,tennis,,,,,,,0,,0,
5,Greater Glasgow,way,411027298,55.8837893,-4.3304037,court,pitch,tennis,,,,,,,0,,0,
5,Greater Glasgow,way,411027300,55.8838042,-4.3312131,court,pitch,tennis,,,,,,,0,,0,
5,Greater Glasgow,way,411027303,55.8837998,-4.3310232,court,pitch,tennis,,,,,,,0,,0,
5,Greater Glasgow,way,411027305,55.8837953,-4.3305967,court,pitch,tennis,,,,,,,0,,0,
5,Greater Glasgow,way,455406899,55.8179467,-4.2826236,court,pitch,tennis,,,,,,,1,Newlands Park,1,Newlands Park
5,Greater Glasgow,way,455406903,55.8180903,-4.2763038,court,pitch,tennis,,,,,,,0,,0,
5,Greater Glasgow,way,455406904,55.8180005,-4.2750017,court,pitch,tennis,,,,,,,0,,0,
5,Greater Glasgow,way,465201364,55.8882734,-4.3295647,court,pitch,tennis,,,,,,,0,,0,
5,Greater Glasgow,way,479383838,55.8466254,-4.1423734,court,pitch,tennis,,,,,,,0,,0,
5,Greater Glasgow,way,486366562,55.9113472,-4.3756449,court,pitch,tennis,,,,,,,1,Drumchapel Park,1,Drumchapel Park
5,Greater Glasgow,way,488310096,55.8753381,-4.2799672,court,pitch,tennis,,,,,,,0,,0,
5,Greater Glasgow,way,578259145,55.8139009,-4.2954319,court,pitch,tennis,,,,,,,0,,0,
5,Greater Glasgow,way,578259148,55.8217451,-4.2730578,court,pitch,tennis,,,,,,,1,Albert Park,1,Albert Park
5,Greater Glasgow,way,788699613,55.8464102,-4.1415943,sports_centre,sports_centre,tennis;bowls,,,Mount Vernon Bowling & Tennis Club,,,,0,,0,
5,Greater Glasgow,way,796317597,55.8366604,-4.2805006,court,pitch,tennis,,,,,,artificial_turf,0,,0,
5,Greater Glasgow,way,838839237,55.8770956,-4.3334336,court,pitch,tennis,,,,,,asphalt,1,Victoria Park,1,Victoria Park
5,Greater Glasgow,way,838839238,55.8772161,-4.3333441,court,pitch,tennis,,,,,,asphalt,1,Victoria Park,1,Victoria Park
5,Greater Glasgow,way,838839239,55.8773396,-4.3332573,court,pitch,tennis,,,,,,asphalt,1,Victoria Park,1,Victoria Park
5,Greater Glasgow,way,838839240,55.8774589,-4.33317,court,pitch,tennis,,,,,,asphalt,1,Victoria Park,1,Victoria Park
5,Greater Glasgow,way,847517639,55.8751202,-4.297389,court,pitch,tennis,,,,,,asphalt,0,,0,
5,Greater Glasgow,way,847517640,55.8748877,-4.2969263,court,pitch,tennis,,,,,,,0,,0,
5,Greater Glasgow,way,847517641,55.87513,-4.2968217,court,pitch,tennis,,,,,,,0,,0,
5,Greater Glasgow,way,847517642,55.8750077,-4.2968754,court,pitch,tennis,,,,,,,0,,0,
5,Greater Glasgow,way,907690811,55.8219677,-4.2736415,court,pitch,tennis,,,,,,,1,Albert Park,1,Albert Park
5,Greater Glasgow,way,907690812,55.8218954,-4.2734509,court,pitch,tennis,,,,,,,1,Albert Park,1,Albert Park
5,Greater Glasgow,way,907690813,55.8218185,-4.2732538,court,pitch,tennis,,,,,,,1,Albert Park,1,Albert Park
5,Greater Glasgow,way,911352023,55.9004674,-4.3023102,court,pitch,tennis,,,,,,,0,,0,
5,Greater Glasgow,way,911352024,55.9004952,-4.3025275,court,pitch,tennis,,,,,,,0,,0,
5,Greater Glasgow,way,911352025,55.9005246,-4.3027501,court,pitch,tennis,,,,,,,0,,0,
5,Greater Glasgow,way,926765734,55.8769703,-4.3335273,court,pitch,tennis,,,,,,asphalt,1,Victoria Park,1,Victoria Park
5,Greater Glasgow,way,927161922,55.8839286,-4.3314717,court,pitch,tennis,,,,,,,0,,0,
5,Greater Glasgow,way,947004409,55.882609,-4.3071573,court,pitch,tennis,,,,,,,0,,0,
5,Greater Glasgow,way,1025252298,55.8274742,-4.3033449,court,pitch,tennis,,,,,,,1,Pollok Country Park,1,Pollok Country Park
5,Greater Glasgow,way,1067359752,55.8971049,-4.3503757,court,pitch,tennis,,,,,,,1,Knightswood Park,1,Knightswood Park
5,Greater Glasgow,way,1067359753,55.8972183,-4.3504958,court,pitch,tennis,,,,,,,1,Knightswood Park,1,Knightswood Park
5,Greater Glasgow,way,1067359754,55.8973257,-4.3506098,court,pitch,tennis,,,Knightswood Park Tennis,,,,1,Knightswood Park,1,Knightswood Park
5,Greater Glasgow,way,1410784114,55.8673931,-4.2874227,court,pitch,tennis,,,Kelvingrove Park Tennis Courts,,,artificial_turf,1,Kelvingrove Park,1,Kelvingrove Park
5,Greater Glasgow,way,1410784115,55.867334,-4.287232,court,pitch,tennis,,,Kelvingrove Park Tennis Courts,,,artificial_turf,1,Kelvingrove Park,1,Kelvingrove Park
5,Greater Glasgow,way,1410784116,55.8672702,-4.287033,court,pitch,tennis,,,Kelvingrove Park Tennis Courts,,,artificial_turf,1,Kelvingrove Park,1,Kelvingrove Park
5,Greater Glasgow,way,1410784117,55.8672083,-4.2868385,court,pitch,tennis,,,Kelvingrove Park Tennis Courts,,,artificial_turf,1,Kelvingrove Park,1,Kelvingrove Park
5,Greater Glasgow,way,1410784118,55.8671497,-4.2866381,court,pitch,tennis,,,Kelvingrove Park Tennis Courts,,,artificial_turf,1,Kelvingrove Park,1,Kelvingrove Park
6,Liverpool,way,12716429,53.3824213,-2.9411495,court,pitch,tennis,,,,,,asphalt,1,Sefton Park,1,Sefton Park
6,Liverpool,way,61792225,53.3836403,-2.9410238,court,pitch,tennis,,,,,,asphalt,1,Sefton Park,1,Sefton Park
6,Liverpool,way,265494944,53.3598568,-2.9225874,court,pitch,tennis,,,,,,grass,0,,0,
6,Liverpool,way,301373983,53.4361121,-2.9798138,court,pitch,tennis,,,,,,,1,,1,
6,Liverpool,way,301461793,53.4584181,-2.9558827,sports_centre,sports_centre,tennis,,,Archbishop Beck Tennis Centre,,,,1,Rice Lane Recreation Ground,1,Rice Lane Recreation Ground
6,Liverpool,way,356084606,53.3782942,-2.9573027,court,pitch,tennis,,,,,,artificial_turf,0,,0,
6,Liverpool,way,374594588,53.4154501,-2.9542199,court,pitch,tennis,,,,,,,0,,0,
6,Liverpool,way,374594589,53.4152581,-2.9541831,court,pitch,tennis,,,,,,,0,,0,
6,Liverpool,way,392861351,53.3816531,-2.9274187,court,pitch,tennis,,,,,,,0,,0,
6,Liverpool,way,420376714,53.4212094,-2.9043042,court,pitch,tennis,,,,,,,0,,0,
6,Liverpool,way,420376716,53.4212421,-2.9040989,court,pitch,tennis,,,,,,,0,,0,
6,Liverpool,way,420376756,53.4232281,-2.9137644,court,pitch,tennis,,,,,,,0,,0,
6,Liverpool,way,420376757,53.4232906,-2.9135887,court,pitch,tennis,,,,,,,0,,0,
6,Liverpool,way,420376759,53.4233502,-2.9134098,court,pitch,tennis,,,,,,,0,,0,
6,Liverpool,way,420376760,53.4234117,-2.9132299,court,pitch,tennis,,,,,,,0,,0,
6,Liverpool,way,420376762,53.4230647,-2.9131181,court,pitch,tennis,,,,,,,0,,0,
6,Liverpool,way,420376763,53.4230052,-2.9133024,court,pitch,tennis,,,,,,,0,,0,
6,Liverpool,way,420376765,53.4229423,-2.9134854,court,pitch,tennis,,,,,,,0,,0,
6,Liverpool,way,420376766,53.4233178,-2.9134962,court,pitch,tennis,,,,,,,0,,0,
6,Liverpool,way,420376768,53.4230097,-2.9133025,court,pitch,tennis,,,,,,,0,,0,
6,Liverpool,way,439074369,53.3481515,-2.8839254,court,pitch,tennis,,,,,,,0,,0,
6,Liverpool,way,439074384,53.3476269,-2.8828419,court,pitch,tennis,,,,,,,0,,0,
6,Liverpool,way,730787882,53.4238445,-2.9018002,court,pitch,tennis,,private,,,,,0,,0,
6,Liverpool,way,842081938,53.3555999,-2.9133957,court,pitch,tennis,,,Cressington Tennis Club,,,,0,,0,
6,Liverpool,way,863402158,53.367868,-2.9204694,court,pitch,tennis,,,,,,,0,,0,
6,Liverpool,way,863402159,53.3680698,-2.9208483,court,pitch,tennis,,,,,,,0,,0,
6,Liverpool,way,863402160,53.3682792,-2.9212382,court,pitch,tennis,,,,,,,0,,0,
6,Liverpool,way,912567923,53.3957628,-2.9013227,court,pitch,tennis,,,,,,,0,,0,
6,Liverpool,way,912567924,53.3958995,-2.9013697,court,pitch,tennis,,,,,,,0,,0,
6,Liverpool,way,912567925,53.3960283,-2.9014099,court,pitch,tennis,,,,,,,0,,0,
6,Liverpool,way,912567926,53.3961632,-2.9014595,court,pitch,tennis,,,,,,,0,,0,
6,Liverpool,way,931325301,53.4517313,-2.9127357,court,pitch,tennis;netball,,,,,,,0,,0,
6,Liverpool,way,1052534604,53.3965099,-2.9258879,court,pitch,tennis,,,,,,,1,Wavertree Playground,1,Wavertree Playground
6,Liverpool,way,1052534605,53.3965144,-2.9261394,court,pitch,tennis,,,,,,,1,Wavertree Playground,1,Wavertree Playground
6,Liverpool,way,1052534606,53.396185,-2.9261719,court,pitch,tennis,,,,,,asphalt,1,Wavertree Playground,1,Wavertree Playground
6,Liverpool,way,1052534607,53.3961922,-2.9264461,court,pitch,tennis,,,,,,,1,Wavertree Playground,1,Wavertree Playground
6,Liverpool,way,1052534608,53.3958217,-2.9266559,court,pitch,tennis,,,,,,,1,Wavertree Playground,1,Wavertree Playground
6,Liverpool,way,1052534609,53.3958159,-2.9264121,court,pitch,tennis,,,,,,,1,Wavertree Playground,1,Wavertree Playground
6,Liverpool,way,1052534610,53.3958099,-2.9261681,court,pitch,tennis,,,,,,,1,Wavertree Playground,1,Wavertree Playground
6,Liverpool,way,1052534611,53.3958044,-2.9259227,court,pitch,tennis,,,,,,,1,Wavertree Playground,1,Wavertree Playground
6,Liverpool,way,1062469139,53.3758479,-2.9202584,court,pitch,tennis,,,,,,,0,,0,
6,Liverpool,way,1078929232,53.3576262,-2.9038959,court,pitch,tennis,,,,,,,0,,0,
6,Liverpool,way,1087111933,53.3835768,-2.9028829,court,pitch,tennis,,,,,,,0,,0,
6,Liverpool,way,1087181090,53.3705428,-2.8646839,court,pitch,tennis,,,,,,,0,,0,
6,Liverpool,way,1087428131,53.3762278,-2.8711021,court,pitch,tennis,,private,,,,,0,,0,
6,Liverpool,way,1087933927,53.3972656,-2.8424511,court,pitch,tennis,,,,,,,0,,0,
6,Liverpool,way,1187459194,53.4235923,-2.9255183,court,pitch,tennis,,,,,,,0,,0,
6,Liverpool,way,1199547875,53.3843747,-2.9114139,court,pitch,tennis,,,,,,,0,,0,
6,Liverpool,way,1199547876,53.3841691,-2.9118068,court,pitch,tennis,,,,,,,0,,0,
6,Liverpool,way,1199547877,53.3845254,-2.9116962,court,pitch,tennis,,,,,,,0,,0,
6,Liverpool,way,1199547878,53.3844451,-2.9118484,court,pitch,tennis,,,,,,,0,,0,
6,Liverpool,way,1199547879,53.3843651,-2.9120053,court,pitch,tennis,,,,,,,0,,0,
6,Liverpool,way,1199547880,53.3842707,-2.9121784,court,pitch,tennis,,,,,,,0,,0,
6,Liverpool,way,1203478583,53.3620863,-2.9194575,court,pitch,tennis,,,,,,earth,0,,0,
6,Liverpool,way,1230223340,53.3905099,-2.9085054,court,pitch,tennis,,,,,,,0,,0,
6,Liverpool,way,1230223341,53.3916841,-2.9059089,court,pitch,tennis,,,,,,,0,,0,
6,Liverpool,way,1288154367,53.4712868,-2.9251653,court,pitch,tennis,,private,,,,asphalt,0,,0,
6,Liverpool,way,1288154368,53.4711618,-2.9251457,court,pitch,tennis,,private,,,,asphalt,0,,0,
6,Liverpool,way,1319628094,53.3951816,-2.8957148,court,pitch,tennis,,private,,,,artificial_turf,0,,0,
6,Liverpool,way,1319628096,53.3952521,-2.8958831,court,pitch,tennis,,private,,,,artificial_turf,0,,0,
6,Liverpool,way,1319628097,53.3950933,-2.8954983,court,pitch,tennis,,private,,,,artificial_turf,0,,0,
6,Liverpool,way,1319628098,53.3950242,-2.8953239,court,pitch,tennis,,private,,,,artificial_turf,0,,0,
6,Liverpool,way,1319628099,53.3949266,-2.8951204,court,pitch,tennis,,private,,,,artificial_turf,0,,0,
6,Liverpool,way,1319628100,53.394858,-2.8949497,court,pitch,tennis,,private,,,,artificial_turf,0,,0,
6,Liverpool,way,1335772447,53.389802,-2.8928837,court,pitch,tennis;netball,,,,,,,0,,0,
6,Liverpool,way,1355214648,53.3870007,-2.9550347,court,pitch,tennis,,,,,,asphalt,1,Princes Park,1,Princes Park
6,Liverpool,way,1355214649,53.3869884,-2.9548315,court,pitch,tennis,,,,,,asphalt,1,Princes Park,1,Princes Park
6,Liverpool,way,1355214650,53.3869778,-2.9546278,court,pitch,tennis,,,,,,asphalt,1,Princes Park,1,Princes Park
6,Liverpool,way,1355214651,53.3869657,-2.9544251,court,pitch,tennis,,,,,,asphalt,1,Princes Park,1,Princes Park
6,Liverpool,way,1355214652,53.3869541,-2.9542249,court,pitch,tennis,,,,,,asphalt,1,Princes Park,1,Princes Park
6,Liverpool,way,1355214653,53.386942,-2.9540213,court,pitch,tennis,,,,,,asphalt,1,Princes Park,1,Princes Park
6,Liverpool,way,1355214654,53.3837385,-2.9547443,court,pitch,tennis,,,,,,,0,,0,
6,Liverpool,way,1355214655,53.3837566,-2.9545254,court,pitch,tennis,,,,,,,0,,0,
6,Liverpool,way,1355214656,53.3837725,-2.9543061,court,pitch,tennis,,,,,,,0,,0,
6,Liverpool,way,1355214657,53.3837894,-2.9540916,court,pitch,tennis,,,,,,,0,,0,
6,Liverpool,way,1396794405,53.3901182,-2.8927463,court,pitch,tennis;netball,,,Netball and Tennis Courts,,,,0,,0,
6,Liverpool,way,1421098182,53.3792156,-2.9240853,court,pitch,tennis,,private,,,,,0,,0,
7,South Hampshire,node,13673068474,50.8002466,-1.1969355,court,pitch,tennis,,,,,,,0,,0,
7,South Hampshire,node,13673068477,50.8002595,-1.1971475,court,pitch,tennis,,,,,,,0,,0,
7,South Hampshire,way,25795771,50.9532325,-1.3751746,court,pitch,tennis,,,,,,,0,,0,
7,South Hampshire,way,27342980,50.9079711,-1.4020773,court,pitch,tennis,,,,,,asphalt,1,East (Andrews) Park,1,East (Andrews) Park
7,South Hampshire,way,28249476,50.8242594,-1.2149454,court,pitch,tennis,,,Crofton Tennis Club,,,,0,,0,
7,South Hampshire,way,30636833,50.8158418,-1.0988099,court,pitch,tennis,,,,,,,0,,0,
7,South Hampshire,way,30636970,50.8325516,-1.0770271,court,pitch,tennis,,,,,,,0,,0,
7,South Hampshire,way,32137571,50.8263764,-1.0801027,court,pitch,tennis,,,,,,,0,,0,
7,South Hampshire,way,32137576,50.8264066,-1.0799006,court,pitch,tennis,,,,,,,0,,0,
7,South Hampshire,way,32137580,50.8264675,-1.0794974,court,pitch,tennis,,,,,,,0,,0,
7,South Hampshire,way,32137582,50.8264369,-1.079698,court,pitch,tennis,,,,,,,0,,0,
7,South Hampshire,way,32137634,50.8307612,-1.0725135,court,pitch,tennis,,private,,,,,0,,0,
7,South Hampshire,way,32137815,50.8341157,-1.0750179,court,pitch,tennis,,,,,,,0,,0,
7,South Hampshire,way,32138465,50.8250335,-1.0619593,court,pitch,tennis,,,,,,,0,,0,
7,South Hampshire,way,32139022,50.8486134,-1.0431506,court,pitch,tennis,,,,,,,0,,0,
7,South Hampshire,way,43592527,50.8610932,-1.2197799,court,pitch,tennis,,,,,,,0,,0,
7,South Hampshire,way,90020577,50.8511699,-0.9675594,court,pitch,tennis,,,,,,,0,,0,
7,South Hampshire,way,90577142,50.9267791,-1.3967837,court,pitch,tennis,,,,,,,0,,0,
7,South Hampshire,way,90577143,50.9263306,-1.3964155,court,pitch,tennis,,,,,,,0,,0,
7,South Hampshire,way,92426847,50.8540729,-0.9828356,court,pitch,tennis,,,,,,asphalt,1,Havant Park,1,Havant Park
7,South Hampshire,way,93046438,50.8549801,-1.0036675,court,pitch,tennis,,,,,,,0,,0,
7,South Hampshire,way,95581329,50.8400642,-1.0287249,court,pitch,tennis,,,,,,,0,,0,
7,South Hampshire,way,97412851,50.8385372,-0.9836507,court,pitch,tennis,,,,,,,0,,0,
7,South Hampshire,way,113499817,50.926828,-1.4292728,court,pitch,tennis,,,,,,clay,1,St James Park,1,St James Park
7,South Hampshire,way,113973342,50.8527175,-0.9699036,court,pitch,tennis,,,,,,paved,0,,0,
7,South Hampshire,way,117136098,50.7813496,-1.0913036,court,pitch,tennis,,,Castle Courts,,,all_weather,1,Southsea Common,1,Southsea Common
7,South Hampshire,way,117136100,50.7809464,-1.0901107,court,pitch,tennis,,,Castle Courts,,,all_weather,1,Southsea Common,1,Southsea Common
7,South Hampshire,way,122530005,50.8666712,-1.0527475,court,pitch,tennis,,,,,,,0,,0,
7,South Hampshire,way,123082680,50.93664,-1.4622784,court,pitch,tennis,,,,,,,0,,0,
7,South Hampshire,way,123082686,50.9365547,-1.4620692,court,pitch,tennis,,,,,,,0,,0,
7,South Hampshire,way,123082687,50.9365119,-1.4618747,court,pitch,tennis,,,,,,,0,,0,
7,South Hampshire,way,123316439,50.8549183,-0.9407335,court,pitch,tennis,,,,,,,0,,0,
7,South Hampshire,way,130986620,50.7949228,-1.0606868,court,pitch,tennis,,,,,,,1,Milton Park,1,Milton Park
7,South Hampshire,way,137442426,50.7844487,-1.0560219,court,pitch,tennis,,,,,,,0,,0,
7,South Hampshire,way,139240747,50.7817353,-1.0663545,court,pitch,tennis,,,,,,,0,,0,
7,South Hampshire,way,144753092,50.8556041,-1.186251,court,pitch,tennis,,,,,,asphalt,1,Park Lane Recreation Ground,1,Park Lane Recreation Ground
7,South Hampshire,way,144974267,50.8715309,-1.1759933,court,pitch,tennis,,,,,,,0,,0,
7,South Hampshire,way,156198284,50.8166151,-1.052719,court,pitch,tennis,,,,,,,0,,0,
7,South Hampshire,way,156591072,50.9316402,-1.3893844,court,pitch,tennis,,,,,,tartan,1,Portswood Rec,1,Portswood Rec
7,South Hampshire,way,158178590,50.9330981,-1.3736479,court,pitch,tennis,,,,,,asphalt,1,Riverside Park,1,Riverside Park
7,South Hampshire,way,158488664,50.9199737,-1.4161947,court,pitch,tennis,,,,,,,1,,1,
7,South Hampshire,way,160584649,50.7879451,-1.1477036,sports_centre,sports_centre,tennis;squash,,,Alverstoke Lawn Tennis Club,,,,0,,0,
7,South Hampshire,way,161904211,50.8954951,-1.3667915,court,pitch,tennis,,,,,,,0,,0,
7,South Hampshire,way,165374956,50.8765731,-1.2904515,court,pitch,tennis,,yes,,,,,0,,0,
7,South Hampshire,way,165374957,50.8763062,-1.2905638,court,pitch,tennis,,yes,,,,,0,,0,
7,South Hampshire,way,170122968,50.935523,-1.4636385,court,pitch,tennis,,,,,,,0,,0,
7,South Hampshire,way,170122969,50.9354635,-1.4638707,court,pitch,tennis,,,,,,,0,,0,
7,South Hampshire,way,170122971,50.935768,-1.4640797,court,pitch,tennis,,,,,,,0,,0,
7,South Hampshire,way,170122972,50.9360713,-1.4642917,court,pitch,tennis,,,,,,,0,,0,
7,South Hampshire,way,186841181,50.792014,-1.0107326,court,pitch,tennis,,,,,,,0,,0,
7,South Hampshire,way,202827917,50.7799413,-1.1418949,court,pitch,tennis,,,,,,,0,,0,
7,South Hampshire,way,211245958,50.9209692,-1.3498548,sports_centre,sports_centre,tennis,,,Glebian Tennis Club,,,,0,,0,
7,South Hampshire,way,211245959,50.9208652,-1.3497593,court,pitch,tennis,,,,,,,0,,0,
7,South Hampshire,way,219999283,50.7840399,-1.1580197,court,pitch,tennis,,,,,,asphalt,0,,0,
7,South Hampshire,way,227786391,50.8461354,-1.1973413,court,pitch,tennis,,,,,,asphalt,0,,0,
7,South Hampshire,way,229685916,50.8947479,-1.2629307,court,pitch,tennis,,yes,,Farnham Borough Council,,asphalt,0,,0,
7,South Hampshire,way,234043671,50.8610446,-1.2639688,court,pitch,tennis,,,,,,,1,Locks Heath Recreation Ground,1,Locks Heath Recreation Ground
7,South Hampshire,way,238426522,50.785448,-0.9537738,court,pitch,tennis,,,,,,,0,,0,
7,South Hampshire,way,238426530,50.7854465,-0.953988,court,pitch,tennis,,,,,,,0,,0,
7,South Hampshire,way,238438411,50.7811714,-0.9423592,court,pitch,tennis,,customers,Sandy Point Tennis Court.,,,asphalt,0,,0,
7,South Hampshire,way,286786063,50.9184122,-1.4116034,court,pitch,tennis,,,,,,,0,,0,
7,South Hampshire,way,286786064,50.9184772,-1.4114419,court,pitch,tennis,,,,,,,0,,0,
7,South Hampshire,way,286786065,50.9185415,-1.4112719,court,pitch,tennis,,,,,,,0,,0,
7,South Hampshire,way,286786066,50.9186115,-1.4111071,court,pitch,tennis,,,,,,,0,,0,
7,South Hampshire,way,295338419,50.7839835,-1.1258774,court,pitch,tennis,,no,,,,,0,,0,
7,South Hampshire,way,295338433,50.783299,-1.1260926,court,pitch,tennis,,no,,,,,0,,0,
7,South Hampshire,way,305519837,50.8064307,-1.2082504,court,pitch,tennis,,,,,,,0,,0,
7,South Hampshire,way,305542794,50.7978411,-1.1636083,court,pitch,tennis,,,,,,,0,,0,
7,South Hampshire,way,305713759,50.8344441,-1.1995843,court,pitch,tennis,,private,,,,,0,,0,
7,South Hampshire,way,305713817,50.8344121,-1.1993839,court,pitch,tennis,,private,,,,,0,,0,
7,South Hampshire,way,305831294,50.8354911,-1.1992828,court,pitch,tennis,,private,,,,,0,,0,
7,South Hampshire,way,305831296,50.8325691,-1.1896229,court,pitch,tennis,,,,,,,0,,0,
7,South Hampshire,way,305831305,50.8355222,-1.1994868,court,pitch,tennis,,private,,,,,0,,0,
7,South Hampshire,way,305831316,50.8325427,-1.1894266,court,pitch,tennis,,,,,,,0,,0,
7,South Hampshire,way,311827989,50.9244607,-1.4217937,court,pitch,tennis,,private,,,,,0,,0,
7,South Hampshire,way,311828215,50.9245285,-1.4216234,court,pitch,tennis,,private,,,,,0,,0,
7,South Hampshire,way,311828216,50.924589,-1.4214599,court,pitch,tennis,,private,,,,,0,,0,
7,South Hampshire,way,311828217,50.9246442,-1.421282,court,pitch,tennis,,private,,,,,0,,0,
7,South Hampshire,way,311828220,50.9245547,-1.4215754,sports_centre,sports_centre,tennis,,private,Basset Lawn Tennis Club,,,,0,,0,
7,South Hampshire,way,372158683,50.8533486,-0.9700707,court,pitch,tennis,,,,,,asphalt,0,,0,
7,South Hampshire,way,394906676,50.8009297,-1.0583771,court,pitch,tennis,,,,,,paved,0,,0,
7,South Hampshire,way,437999513,50.8385255,-1.2962587,court,pitch,tennis,,private,,,,,0,,0,
7,South Hampshire,way,438425757,50.8493704,-1.2952986,court,pitch,tennis,,,,,,,1,,1,
7,South Hampshire,way,461554656,50.9711778,-1.3411273,court,pitch,tennis,,,,,,grass,1,Bishopstoke Recreation Ground,1,Bishopstoke Recreation Ground
7,South Hampshire,way,471034213,50.788112,-1.1473176,court,pitch,tennis,,,,,,,0,,0,
7,South Hampshire,way,471034214,50.7881345,-1.1482302,court,pitch,tennis,,,,,,,0,,0,
7,South Hampshire,way,471034215,50.7877738,-1.1478222,court,pitch,tennis,,,,,,,0,,0,
7,South Hampshire,way,471051145,50.7858983,-1.1207844,court,pitch,tennis,,,,,,,0,,0,
7,South Hampshire,way,471845955,50.8112886,-1.1570938,court,pitch,tennis,,,,,,,0,,0,
7,South Hampshire,way,481226323,50.800548,-1.1065702,court,pitch,tennis,,,,,,,0,,0,
7,South Hampshire,way,481226324,50.8005021,-1.1068185,court,pitch,tennis,,,,,,,0,,0,
7,South Hampshire,way,484184409,50.7945939,-1.102253,court,pitch,tennis,,,,,,,0,,0,
7,South Hampshire,way,491410010,50.8096807,-1.1623202,court,pitch,tennis,,,,,,,0,,0,
7,South Hampshire,way,491884806,50.7996455,-1.1629062,court,pitch,tennis,,,,,,,0,,0,
7,South Hampshire,way,491884807,50.7994084,-1.162768,court,pitch,tennis,,,,,,,0,,0,
7,South Hampshire,way,561109766,50.9427292,-1.3813041,court,pitch,tennis,,,Swaythling Tennis Club,,,grass,0,,0,
7,South Hampshire,way,602718365,50.8450878,-1.0757301,court,pitch,tennis,,,,,,,0,,0,
7,South Hampshire,way,609474069,50.7951405,-1.0980318,court,pitch,tennis,,,,,,,0,,0,
7,South Hampshire,way,609474070,50.7951552,-1.0982377,court,pitch,tennis,,,,,,,0,,0,
7,South Hampshire,way,609474071,50.7951258,-1.097825,court,pitch,tennis,,,,,,,0,,0,
7,South Hampshire,way,658994723,50.790196,-1.0533484,sports_centre,sports_centre,tennis,,,,,,,1,Bransbury Park,1,Bransbury Park
7,South Hampshire,way,662750782,50.796363,-1.1544578,court,pitch,tennis,,,,,,,0,,0,
7,South Hampshire,way,662798429,50.8345176,-1.074839,court,pitch,tennis,,,,,,,0,,0,
7,South Hampshire,way,662798430,50.8344634,-1.0750133,court,pitch,tennis,,,,,,,0,,0,
7,South Hampshire,way,662798431,50.8342838,-1.0744849,court,pitch,tennis,,,,,,,0,,0,
7,South Hampshire,way,662798432,50.8342296,-1.0746673,court,pitch,tennis,,,,,,,0,,0,
7,South Hampshire,way,662798433,50.8341737,-1.074847,court,pitch,tennis,,,,,,,0,,0,
7,South Hampshire,way,691004852,50.8507349,-1.1976083,court,pitch,tennis,,,,,,,0,,0,
7,South Hampshire,way,709384343,50.9288669,-1.3693275,court,pitch,tennis,,private,,,,concrete,0,,0,
7,South Hampshire,way,718169822,50.9412725,-1.4603007,court,pitch,tennis,,,,,,,0,,0,
7,South Hampshire,way,772171972,50.928578,-1.4019289,court,pitch,tennis,,,,,,tartan,0,,0,
7,South Hampshire,way,772171973,50.9286993,-1.4018304,court,pitch,tennis,,,,,,tartan,0,,0,
7,South Hampshire,way,796918960,50.8434384,-1.1282938,court,pitch,tennis,,private,,,,asphalt,0,,0,
7,South Hampshire,way,796918961,50.8434586,-1.1280883,court,pitch,tennis,,private,,,,asphalt,0,,0,
7,South Hampshire,way,796918963,50.8431149,-1.1282127,court,pitch,tennis,,private,,,,,0,,0,
7,South Hampshire,way,796918964,50.8431339,-1.1280157,court,pitch,tennis,,private,,,,concrete,0,,0,
7,South Hampshire,way,796918965,50.8431184,-1.1278024,court,pitch,tennis,,private,,,,concrete,0,,0,
7,South Hampshire,way,796918966,50.8431418,-1.1275669,court,pitch,tennis,,private,,,,concrete,0,,0,
7,South Hampshire,way,797421179,50.8373922,-1.1195302,court,pitch,tennis,,private,,,,,0,,0,
7,South Hampshire,way,819018338,50.8507934,-0.990099,court,pitch,tennis,,private,,,,asphalt,0,,0,
7,South Hampshire,way,825876094,50.8497739,-1.1591921,court,pitch,tennis,,,,,,,0,,0,
7,South Hampshire,way,825876095,50.8498102,-1.1598841,court,pitch,tennis,,,,,,,0,,0,
7,South Hampshire,way,833578729,50.8911664,-1.2685939,court,pitch,tennis,,,,,,,0,,0,
7,South Hampshire,way,852286078,50.7945687,-1.0596805,court,pitch,tennis,,,,,,,1,Milton Park,1,Milton Park
7,South Hampshire,way,856362737,50.9682184,-1.3705974,court,pitch,tennis,,,,,,asphalt,0,,0,
7,South Hampshire,way,856362738,50.968242,-1.3708213,court,pitch,tennis,,,,,,asphalt,0,,0,
7,South Hampshire,way,856362739,50.9682652,-1.3710393,court,pitch,tennis,,,Premier Tennis (4 courts),,,asphalt,0,,0,
7,South Hampshire,way,856362740,50.9682876,-1.3712572,court,pitch,tennis,,,,,,asphalt,0,,0,
7,South Hampshire,way,857285304,50.8686937,-0.9818833,court,pitch,tennis,,,,,,,0,,0,
7,South Hampshire,way,862592309,50.8677492,-0.9380561,court,pitch,tennis,,private,,,,,0,,0,
7,South Hampshire,way,869099748,50.7903316,-0.9918963,court,pitch,tennis,,,,,,,0,,0,
7,South Hampshire,way,869099749,50.790343,-0.9921015,court,pitch,tennis,,,,,,,0,,0,
7,South Hampshire,way,869099750,50.7903513,-0.9923089,court,pitch,tennis,,,,,,,0,,0,
7,South Hampshire,way,869100549,50.7857519,-0.9841077,court,pitch,tennis,,,,,,,0,,0,
7,South Hampshire,way,869100550,50.7857215,-0.9839143,court,pitch,tennis,,,,,,,0,,0,
7,South Hampshire,way,869140873,50.788798,-1.1497655,court,pitch,tennis,,,,,,asphalt,0,,0,
7,South Hampshire,way,869640746,50.9221339,-1.4657412,court,pitch,tennis,,,,,,,0,,0,
7,South Hampshire,way,869640747,50.9220581,-1.4655417,court,pitch,tennis,,,,,,,0,,0,
7,South Hampshire,way,869640748,50.9219852,-1.4653436,court,pitch,tennis,,,,,,,0,,0,
7,South Hampshire,way,869640749,50.921909,-1.4651417,court,pitch,tennis,,,,,,,0,,0,
7,South Hampshire,way,895716735,50.8406392,-1.0686927,court,pitch,tennis,,,,,,,1,Cosham Park,1,Cosham Park
7,South Hampshire,way,895716736,50.8406613,-1.0688936,court,pitch,tennis,,,,,,,1,Cosham Park,1,Cosham Park
7,South Hampshire,way,905870818,50.8765874,-0.9692131,court,pitch,tennis,,,,,,,0,,0,
7,South Hampshire,way,905870819,50.8765625,-0.969007,court,pitch,tennis,,,,,,,0,,0,
7,South Hampshire,way,905870820,50.8765401,-0.9688071,court,pitch,tennis,,,,,,,0,,0,
7,South Hampshire,way,905870821,50.8765184,-0.9685978,court,pitch,tennis,,,,,,,0,,0,
7,South Hampshire,way,907537377,50.8405417,-1.0540076,court,pitch,tennis,,,,,,,1,Drayton Park,1,Drayton Park
7,South Hampshire,way,907537378,50.8405346,-1.053791,court,pitch,tennis,,,,,,,1,Drayton Park,1,Drayton Park
7,South Hampshire,way,917483532,50.7902156,-1.052957,court,pitch,tennis,,,,,,,1,Bransbury Park,1,Bransbury Park
7,South Hampshire,way,917483569,50.7902129,-1.0532278,court,pitch,tennis,,,,,,,1,Bransbury Park,1,Bransbury Park
7,South Hampshire,way,917483751,50.7902093,-1.0534997,court,pitch,tennis,,,,,,,1,Bransbury Park,1,Bransbury Park
7,South Hampshire,way,917483752,50.7902072,-1.0537728,court,pitch,tennis,,,,,,,1,Bransbury Park,1,Bransbury Park
7,South Hampshire,way,925921805,50.8928584,-1.2735286,court,pitch,tennis,,,,,,,0,,0,
7,South Hampshire,way,927244402,50.8049223,-1.1743391,court,pitch,tennis,,,,,,,0,,0,
7,South Hampshire,way,932394934,50.8050805,-1.2003368,court,pitch,tennis,,,,,,,0,,0,
7,South Hampshire,way,932394935,50.8051117,-1.200585,court,pitch,tennis,,,,,,,0,,0,
7,South Hampshire,way,932394936,50.8051398,-1.2008411,court,pitch,tennis,,,,,,,0,,0,
7,South Hampshire,way,932394937,50.8051711,-1.2010878,court,pitch,tennis,,,,,,,0,,0,
7,South Hampshire,way,932394938,50.8052033,-1.2013386,court,pitch,tennis,,,,,,,0,,0,
7,South Hampshire,way,932394939,50.8052276,-1.2015475,court,pitch,tennis,,,,,,,0,,0,
7,South Hampshire,way,940710153,50.7948118,-1.0978356,sports_centre,sports_centre,tennis,sport,,Portsmouth Tennis Academy,,,,0,,0,
7,South Hampshire,way,940993728,50.7879003,-1.0475831,court,pitch,tennis,,,,,,,0,,0,
7,South Hampshire,way,952125032,50.8931056,-1.2618477,court,pitch,tennis,,private,,,,,0,,0,
7,South Hampshire,way,954897023,50.7964824,-1.1552167,court,pitch,tennis,,,,,,,0,,0,
7,South Hampshire,way,954897024,50.7964476,-1.1550316,court,pitch,tennis,,,,,,,0,,0,
7,South Hampshire,way,954897025,50.7964128,-1.1548479,court,pitch,tennis,,,,,,,0,,0,
7,South Hampshire,way,954897026,50.79639,-1.1546534,court,pitch,tennis,,,,,,,0,,0,
7,South Hampshire,way,958597801,50.876513,-1.2990123,court,pitch,tennis,,private,,,,,0,,0,
7,South Hampshire,way,958597805,50.8707693,-1.2956067,court,pitch,tennis,,private,,,,,0,,0,
7,South Hampshire,way,965260754,50.8789377,-1.2815463,court,pitch,tennis,,,,,,,0,,0,
7,South Hampshire,way,981030970,50.8498503,-1.2470066,court,pitch,tennis,,,,,,,0,,0,
7,South Hampshire,way,1048970768,50.7820316,-1.067779,court,pitch,tennis,,,,,,,0,,0,
7,South Hampshire,way,1051240458,50.8543367,-1.0520907,court,pitch,tennis,,private,,,,,0,,0,
7,South Hampshire,way,1051240459,50.854321,-1.0508085,court,pitch,tennis,,private,,,,,0,,0,
7,South Hampshire,way,1051243163,50.8524391,-1.0152471,court,pitch,tennis,,private,,,,,0,,0,
7,South Hampshire,way,1058106307,50.8757209,-0.9980509,court,pitch,tennis,,,,,,,0,,0,
7,South Hampshire,way,1085804466,50.7951106,-1.097593,court,pitch,tennis,,,,,,,0,,0,
7,South Hampshire,way,1085804467,50.795098,-1.097388,court,pitch,tennis,,,,,,,0,,0,
7,South Hampshire,way,1088509195,50.7785125,-0.9439568,court,pitch,tennis,,,,,,,0,,0,
7,South Hampshire,way,1089532048,50.8603315,-1.2327084,court,pitch,tennis,,,,,,,0,,0,
7,South Hampshire,way,1090223940,50.8504305,-1.2313388,court,pitch,tennis,,,,,,,0,,0,
7,South Hampshire,way,1123022998,50.8002542,-1.1969294,court,pitch,tennis,,,,,,,0,,0,
7,South Hampshire,way,1123022999,50.8002855,-1.1971613,court,pitch,tennis,,,,,,,0,,0,
7,South Hampshire,way,1132335168,50.8455476,-0.933451,court,pitch,tennis,,,,,,,1,,1,
7,South Hampshire,way,1132335169,50.8439757,-0.9403412,court,pitch,tennis,,,,,,,0,,0,
7,South Hampshire,way,1132335172,50.8442065,-0.9448913,court,pitch,tennis,,,,,,,0,,0,
7,South Hampshire,way,1258620412,50.9163734,-1.4230745,court,pitch,tennis;futsal,,,,,,,1,Friends of the Field - Shirley Playing Fields,1,Friends of the Field - Shirley Playing Fields
7,South Hampshire,way,1258620413,50.916261,-1.4229293,court,pitch,tennis;futsal,,,,,,,1,Friends of the Field - Shirley Playing Fields,1,Friends of the Field - Shirley Playing Fields
7,South Hampshire,way,1258620418,50.9160025,-1.4228485,court,pitch,tennis;futsal,,,,,,,1,Friends of the Field - Shirley Playing Fields,1,Friends of the Field - Shirley Playing Fields
7,South Hampshire,way,1258620419,50.9166107,-1.4233874,court,pitch,tennis;futsal,,,,,,,1,Friends of the Field - Shirley Playing Fields,1,Friends of the Field - Shirley Playing Fields
7,South Hampshire,way,1258620420,50.9164894,-1.4232279,court,pitch,tennis;futsal,,,,,,,1,Friends of the Field - Shirley Playing Fields,1,Friends of the Field - Shirley Playing Fields
7,South Hampshire,way,1292855330,50.8232682,-1.2040154,court,pitch,tennis,,,,,,asphalt,0,,0,
7,South Hampshire,way,1320096835,50.8117707,-1.1880333,court,pitch,tennis,,,,,,,0,,0,
7,South Hampshire,way,1322887285,50.9294243,-1.3697967,court,pitch,tennis,,private,,,,concrete,0,,0,
7,South Hampshire,way,1322887286,50.9293116,-1.3697025,court,pitch,tennis,,private,,,,concrete,0,,0,
7,South Hampshire,way,1322887287,50.9292,-1.3696086,court,pitch,tennis,,private,,,,concrete,0,,0,
7,South Hampshire,way,1322887288,50.9290891,-1.3695155,court,pitch,tennis,,private,,,,concrete,0,,0,
7,South Hampshire,way,1322887289,50.9289783,-1.3694209,court,pitch,tennis,,private,,,,concrete,0,,0,
7,South Hampshire,way,1371348165,50.8226054,-0.9621218,court,pitch,tennis,,,,,,,0,,0,
7,South Hampshire,way,1416500365,50.8212196,-1.0714792,court,pitch,tennis,,private,,,,asphalt,0,,0,
7,South Hampshire,way,1447563666,50.9338499,-1.3584654,court,pitch,tennis,,,,,,,0,,0,
7,South Hampshire,way,1476193887,50.8118505,-0.9624263,court,pitch,tennis,,,,,,,0,,0,
7,South Hampshire,way,1483780381,50.833072,-1.2511491,court,pitch,tennis,,,,,,,0,,0,
7,South Hampshire,relation,12947135,50.7816943,-1.0693693,court,pitch,tennis,,,,,,all_weather,0,,0,
8,Tyneside,way,30153055,54.993335,-1.6021296,sports_centre,sports_centre,tennis,,,Jesmond Lawn Tennis Club,,,,0,,0,
8,Tyneside,way,31665402,55.0200818,-1.5652287,sports_centre,sports_centre,tennis,,,,,,,0,,0,
8,Tyneside,way,53502952,54.9989553,-1.5949556,court,pitch,tennis,,,,,,,1,Paddy Freeman's Park,1,Paddy Freeman's Park
8,Tyneside,way,92162496,54.9744144,-1.7604494,court,pitch,tennis,,,,,,,1,Ferndene Park,1,Ferndene Park
8,Tyneside,way,92232155,54.9748357,-1.7604588,court,pitch,tennis,,,,,,,1,Ferndene Park,1,Ferndene Park
8,Tyneside,way,105807345,55.0061022,-1.507546,sports_centre,sports_centre,tennis,,,,,,,0,,0,
8,Tyneside,way,146295881,54.980714,-1.6815399,court,pitch,tennis,,,,,,,0,,0,
8,Tyneside,way,146931956,55.0487441,-1.4657144,court,pitch,tennis,,,,,,artificial_turf,0,,0,
8,Tyneside,way,147133566,55.0043782,-1.6249749,court,pitch,tennis,,,Gosforth Lawn Tennis Club,,,,0,,0,
8,Tyneside,way,148143555,55.0423143,-1.4565681,court,pitch,tennis,,,,,,,0,,0,
8,Tyneside,way,150835121,54.9270492,-1.7747178,court,pitch,tennis,,,,,,,0,,0,
8,Tyneside,way,176941228,54.9836227,-1.615219,court,pitch,tennis,,,,,,tartan,1,Exhibition Park,1,Exhibition Park
8,Tyneside,way,185310745,54.9467239,-1.3652348,court,pitch,tennis,,,,,,,1,,1,
8,Tyneside,way,199518685,54.9469788,-1.6049326,court,pitch,tennis,,,,,,asphalt,1,Saltwell Park,1,Saltwell Park
8,Tyneside,way,199518687,54.94665,-1.6050848,court,pitch,tennis,,,,,,asphalt,1,Saltwell Park,1,Saltwell Park
8,Tyneside,way,222269548,55.031065,-1.4323904,court,pitch,tennis,,,,,,artificial_turf,0,,0,
8,Tyneside,way,238976505,55.0168075,-1.421749,court,pitch,tennis,,,,,,,0,,0,
8,Tyneside,way,243231947,54.9971817,-1.7407955,court,pitch,tennis,,,,,,asphalt,0,,0,
8,Tyneside,way,245292621,54.9829989,-1.6497063,court,pitch,tennis,,,,,,,0,,0,
8,Tyneside,way,252587091,55.0164736,-1.4240068,court,pitch,tennis,,,,,,,0,,0,
8,Tyneside,way,252587170,55.0162372,-1.4241705,court,pitch,tennis,,,,,,,0,,0,
8,Tyneside,way,252587171,55.0163172,-1.4243334,court,pitch,tennis,,,,,,,0,,0,
8,Tyneside,way,252587172,55.0163997,-1.424507,court,pitch,tennis,,,,,,,0,,0,
8,Tyneside,way,286799233,55.0360304,-1.6201626,court,pitch,tennis,,,,,,,0,,0,
8,Tyneside,way,287491807,55.0311902,-1.4629316,court,pitch,tennis,,,,,,,0,,0,
8,Tyneside,way,287742069,55.0424948,-1.4380657,court,pitch,tennis,,,,,,tartan,0,,0,
8,Tyneside,way,287742070,55.0422563,-1.43831,court,pitch,tennis,,,,,,tartan,0,,0,
8,Tyneside,way,287742071,55.0423755,-1.4381878,court,pitch,tennis,,,,,,tartan,0,,0,
8,Tyneside,way,287742072,55.0421371,-1.4384322,court,pitch,tennis,,,,,,tartan,0,,0,
8,Tyneside,way,291271464,54.9960809,-1.6032244,sports_centre,sports_centre,tennis;squash;badminton;fitness,,,The Northumberland Club,,,,0,,0,
8,Tyneside,way,333283826,54.9802125,-1.6416633,court,pitch,tennis,,,,,,,1,Nuns Moor Park,1,Nuns Moor Park
8,Tyneside,way,392599098,54.8939603,-1.5705572,court,pitch,tennis,,,,,,artificial_turf,0,,0,
8,Tyneside,way,392599107,54.893831,-1.5704466,court,pitch,tennis,,,,,,artificial_turf,0,,0,
8,Tyneside,way,392599112,54.8936956,-1.5703416,court,pitch,tennis,,,,,,artificial_turf,0,,0,
8,Tyneside,way,395680913,54.9178777,-1.637672,court,pitch,tennis,,,,,,,0,,0,
8,Tyneside,way,424199577,54.9680216,-1.6406113,court,pitch,tennis,,,Elswick Park,,,asphalt,1,Elswick Park,1,Elswick Park
8,Tyneside,way,429898049,54.9426145,-1.4409228,court,pitch,tennis,,,,,,grass,0,,0,
8,Tyneside,way,429898050,54.9426234,-1.4405089,court,pitch,tennis,,,,,,grass,0,,0,
8,Tyneside,way,429898051,54.9426273,-1.4402757,court,pitch,tennis,,,,,,grass,0,,0,
8,Tyneside,way,429898052,54.9426315,-1.4400506,court,pitch,tennis,,,,,,grass,0,,0,
8,Tyneside,way,430297166,54.9426359,-1.4398399,court,pitch,tennis,,,,,,grass,0,,0,
8,Tyneside,way,430297168,54.9426398,-1.4396254,court,pitch,tennis,,,,,,grass,0,,0,
8,Tyneside,way,433043277,54.984475,-1.4206548,court,pitch,tennis,,,,,,asphalt,1,Robert Readhead Park,1,Robert Readhead Park
8,Tyneside,way,433043278,54.9843635,-1.4205355,court,pitch,tennis,,,,,,asphalt,1,Robert Readhead Park,1,Robert Readhead Park
8,Tyneside,way,433043279,54.9842292,-1.4203964,court,pitch,tennis,,,,,,asphalt,1,Robert Readhead Park,1,Robert Readhead Park
8,Tyneside,way,435783763,54.9808792,-1.4319934,court,pitch,tennis,,,,,,asphalt,1,West Park,1,West Park
8,Tyneside,way,435783764,54.9809168,-1.4322366,court,pitch,tennis,,,,,,asphalt,1,West Park,1,West Park
8,Tyneside,way,435783765,54.9809608,-1.4324783,court,pitch,tennis,,,,,,asphalt,1,West Park,1,West Park
8,Tyneside,way,435783766,54.9809973,-1.432719,court,pitch,tennis,,,,,,asphalt,1,West Park,1,West Park
8,Tyneside,way,435783767,54.9804895,-1.4323545,court,pitch,tennis,,,,,,asphalt,1,West Park,1,West Park
8,Tyneside,way,435783768,54.9805343,-1.4326199,court,pitch,tennis,,,,,,asphalt,1,West Park,1,West Park
8,Tyneside,way,435783769,54.9805708,-1.4328535,court,pitch,tennis,,,,,,asphalt,1,West Park,1,West Park
8,Tyneside,way,435783770,54.9805993,-1.4330588,court,pitch,tennis,,,,,,asphalt,1,West Park,1,West Park
8,Tyneside,way,435783771,54.9806398,-1.4332782,court,pitch,tennis,,,,,,asphalt,1,West Park,1,West Park
8,Tyneside,way,435783772,54.9806804,-1.4335401,court,pitch,tennis,,,,,,asphalt,1,West Park,1,West Park
8,Tyneside,way,435783773,54.9807171,-1.4337666,court,pitch,tennis,,,,,,asphalt,1,West Park,1,West Park
8,Tyneside,way,435783774,54.9807617,-1.4339754,court,pitch,tennis,,,,,,asphalt,1,West Park,1,West Park
8,Tyneside,way,436389794,54.9858868,-1.4253758,court,pitch,tennis,,,,,,,0,,0,
8,Tyneside,way,436389795,54.9858199,-1.4255488,court,pitch,tennis,,,,,,,0,,0,
8,Tyneside,way,436389796,54.9857569,-1.4257216,court,pitch,tennis,,,,,,,0,,0,
8,Tyneside,way,436389797,54.9855681,-1.4260019,court,pitch,tennis,,,,,,,0,,0,
8,Tyneside,way,436389798,54.9856725,-1.4261303,court,pitch,tennis,,,,,,,0,,0,
8,Tyneside,way,436389799,54.9857784,-1.4262634,court,pitch,tennis,,,,,,,0,,0,
8,Tyneside,way,436389800,54.9858895,-1.4263871,court,pitch,tennis,,,,,,,0,,0,
8,Tyneside,way,437432005,54.9698776,-1.4887539,court,pitch,tennis,,,,,,,1,,1,
8,Tyneside,way,437432006,54.9698947,-1.4889789,court,pitch,tennis,,,,,,,1,,1,
8,Tyneside,way,437432007,54.9700732,-1.4887884,court,pitch,tennis,,,,,,,1,,1,
8,Tyneside,way,437719066,54.970395,-1.5167635,court,pitch,tennis,,,,,,grass,1,Carr Ellison Park,1,Carr Ellison Park
8,Tyneside,way,437719068,54.9703137,-1.5169927,court,pitch,tennis,,,,,,grass,1,Carr Ellison Park,1,Carr Ellison Park
8,Tyneside,way,441516889,55.0203729,-1.565359,court,pitch,tennis,,,,,,,0,,0,
8,Tyneside,way,441516890,55.020043,-1.5648235,court,pitch,tennis,,,Forest Hall Community Tennis,,,,0,,0,
8,Tyneside,way,443584140,55.062968,-1.6277599,court,pitch,tennis,,,,,,,0,,0,
8,Tyneside,way,444912348,54.9439407,-1.6760341,court,pitch,tennis,,,,,,,1,Chase Park,1,Chase Park
8,Tyneside,way,444959952,55.0135407,-1.6105228,court,pitch,tennis,,customers,Gosforth Garden Village Tennis Club,,,grass,0,,0,
8,Tyneside,way,445042750,54.9182198,-1.6829933,court,pitch,tennis,,,,,,tartan,0,,0,
8,Tyneside,way,445042751,54.9181171,-1.6832491,court,pitch,tennis,,,,,,tartan,0,,0,
8,Tyneside,way,445559369,55.0039752,-1.6145438,court,pitch,tennis,,,,,,,0,,0,
8,Tyneside,way,446077675,54.9482355,-1.6995685,sports_centre,sports_centre,tennis,,,Blaydon Tennis Club,,,,1,Derwenthaugh Country Park,1,Derwenthaugh Country Park
8,Tyneside,way,446077678,54.9483125,-1.7001517,court,pitch,tennis,,,,,,,0,,0,
8,Tyneside,way,446077679,54.9482005,-1.7002948,court,pitch,tennis,,,,,,,0,,0,
8,Tyneside,way,446077680,54.9480946,-1.7004395,court,pitch,tennis,,,,,,,0,,0,
8,Tyneside,way,446077681,54.9479471,-1.7006614,court,pitch,tennis,,,,,,,0,,0,
8,Tyneside,way,446077682,54.9478197,-1.7008574,court,pitch,tennis,,,,,,,0,,0,
8,Tyneside,way,446077683,54.9476909,-1.7010349,court,pitch,tennis,,,,,,,0,,0,
8,Tyneside,way,446077684,54.9475595,-1.701224,court,pitch,tennis,,,,,,,0,,0,
8,Tyneside,way,446077685,54.9480262,-1.6996993,court,pitch,tennis,,,,,,,1,Derwenthaugh Country Park,1,Derwenthaugh Country Park
8,Tyneside,way,446077686,54.9479202,-1.6998418,court,pitch,tennis,,,,,,,1,Derwenthaugh Country Park,1,Derwenthaugh Country Park
8,Tyneside,way,446077687,54.947817,-1.6999841,court,pitch,tennis,,,,,,,1,Derwenthaugh Country Park,1,Derwenthaugh Country Park
8,Tyneside,way,446077688,54.947711,-1.7001313,court,pitch,tennis,,,,,,,1,Derwenthaugh Country Park,1,Derwenthaugh Country Park
8,Tyneside,way,446077689,54.9476091,-1.7002643,court,pitch,tennis,,,,,,,1,Derwenthaugh Country Park,1,Derwenthaugh Country Park
8,Tyneside,way,446077690,54.9475046,-1.7003998,court,pitch,tennis,,,,,,,0,,0,
8,Tyneside,way,446630787,55.0009982,-1.6285171,court,pitch,tennis,,,,,,artificial_turf,0,,0,
8,Tyneside,way,447151847,54.9955594,-1.6034991,court,pitch,tennis,,,,,,,0,,0,
8,Tyneside,way,447151848,54.9958087,-1.6025523,court,pitch,tennis,,,,,,,0,,0,
8,Tyneside,way,447151849,54.9954825,-1.6026408,court,pitch,tennis,,,,,,,0,,0,
8,Tyneside,way,447151850,54.9962034,-1.6023123,court,pitch,tennis,,,,,,,0,,0,
8,Tyneside,way,447151851,54.9958844,-1.6034142,court,pitch,tennis,,,,,,,0,,0,
8,Tyneside,way,449379741,54.9270845,-1.7744957,court,pitch,tennis,,,,,,,0,,0,
8,Tyneside,way,449379742,54.9271291,-1.7742811,court,pitch,tennis,,,,,,,0,,0,
8,Tyneside,way,449379743,54.9271631,-1.7740907,court,pitch,tennis,,,,,,,0,,0,
8,Tyneside,way,449379744,54.927197,-1.7738788,court,pitch,tennis,,,,,,,0,,0,
8,Tyneside,way,454194158,55.0432775,-1.4592524,court,pitch,tennis,,,,,,paved,0,,0,
8,Tyneside,way,454540479,55.0388146,-1.461514,court,pitch,tennis,,,,,,,0,,0,
8,Tyneside,way,454621099,55.0369728,-1.4685982,court,pitch,tennis,,,,,,acrylic,0,,0,
8,Tyneside,way,463873834,54.9732069,-1.6455595,court,pitch,tennis,,,,,,,0,,0,
8,Tyneside,way,463873835,54.9732429,-1.6457982,court,pitch,tennis,,,,,,,0,,0,
8,Tyneside,way,464069638,54.9775462,-1.6200188,court,pitch,tennis,,,,,,asphalt,1,Leazes Park,1,Leazes Park
8,Tyneside,way,464069639,54.9774584,-1.6202051,court,pitch,tennis,,,,,,asphalt,1,Leazes Park,1,Leazes Park
8,Tyneside,way,464069640,54.9773819,-1.6203802,court,pitch,tennis,,,,,,asphalt,1,Leazes Park,1,Leazes Park
8,Tyneside,way,464069641,54.9772989,-1.6196727,court,pitch,tennis,,,,,,asphalt,1,Leazes Park,1,Leazes Park
8,Tyneside,way,464069642,54.9772185,-1.6198525,court,pitch,tennis,,,,,,asphalt,1,Leazes Park,1,Leazes Park
8,Tyneside,way,464069643,54.977134,-1.6200207,court,pitch,tennis,,,,,,asphalt,1,Leazes Park,1,Leazes Park
8,Tyneside,way,465860233,54.9947332,-1.4916459,court,pitch,tennis,,,,,,,1,Howdon Park,1,Howdon Park
8,Tyneside,way,468284343,54.9717131,-1.5494755,court,pitch,tennis,,,,,,,1,Walker Park,1,Walker Park
8,Tyneside,way,468284345,54.9717406,-1.5492831,court,pitch,tennis,,,,,,,1,Walker Park,1,Walker Park
8,Tyneside,way,468284347,54.9717755,-1.5490706,court,pitch,tennis,,,,,,,1,Walker Park,1,Walker Park
8,Tyneside,way,468507781,54.9957708,-1.5342069,court,pitch,tennis,,,,,,,1,Richardson Dees Park,1,Richardson Dees Park
8,Tyneside,way,469068208,54.9855192,-1.5841681,court,pitch,tennis,,,,,,,1,Armstrong Park,1,Armstrong Park
8,Tyneside,way,469068209,54.985521,-1.5839309,court,pitch,tennis,,,,,,,1,Armstrong Park,1,Armstrong Park
8,Tyneside,way,469068210,54.985521,-1.5836906,court,pitch,tennis,,,,,,,1,Armstrong Park,1,Armstrong Park
8,Tyneside,way,477553678,55.0584327,-1.6209054,court,pitch,tennis,,,,,,,0,,0,
8,Tyneside,way,477553683,55.059381,-1.6200192,court,pitch,tennis,,,,,,tartan,0,,0,
8,Tyneside,way,477553684,55.0593191,-1.6197551,court,pitch,tennis,,,,,,tartan,0,,0,
8,Tyneside,way,477553685,55.059263,-1.6195029,court,pitch,tennis,,,,,,tartan,0,,0,
8,Tyneside,way,485281838,54.9970345,-1.7574684,court,pitch,tennis,,permit,,,,,0,,0,
8,Tyneside,way,490924151,55.0425535,-1.4568628,court,pitch,tennis,,,,,,,0,,0,
8,Tyneside,way,490924152,55.0428065,-1.4571537,court,pitch,tennis,,,,,,concrete,0,,0,
8,Tyneside,way,551985304,54.9933795,-1.6024391,court,pitch,tennis,,,,,,,0,,0,
8,Tyneside,way,551985305,54.9933438,-1.6022208,court,pitch,tennis,,,,,,,0,,0,
8,Tyneside,way,551985306,54.9933076,-1.6020005,court,pitch,tennis,,,,,,,0,,0,
8,Tyneside,way,719488539,54.9471302,-1.3654898,court,pitch,tennis;soccer,,,,,,asphalt,1,,1,
8,Tyneside,way,726626523,55.031551,-1.567156,court,pitch,tennis,,,,,,,0,,0,
8,Tyneside,way,753211290,54.9832124,-1.7372987,court,pitch,tennis,,,,,,,0,,0,
8,Tyneside,way,770078907,54.951281,-1.4011903,court,pitch,tennis,,,,,,,1,,1,
8,Tyneside,way,840232097,54.8989497,-1.6334564,court,pitch,tennis,,private,,,,,0,,0,
8,Tyneside,way,841063756,55.0019489,-1.6260168,court,pitch,tennis,,,,,,,0,,0,
8,Tyneside,way,893916094,55.0435116,-1.4588534,court,pitch,tennis,,,,,,paved,0,,0,
8,Tyneside,way,908446678,55.0009358,-1.599848,court,pitch,tennis,,,,,,,0,,0,
8,Tyneside,way,908446679,55.0010954,-1.5992381,court,pitch,tennis,,,,,,,0,,0,
8,Tyneside,way,908446680,55.0009443,-1.6002781,court,pitch,tennis,,,,,,,0,,0,
8,Tyneside,way,912703720,54.9466686,-1.6048689,court,pitch,tennis,,,,,,asphalt,1,Saltwell Park,1,Saltwell Park
8,Tyneside,way,912703721,54.9469621,-1.6051492,court,pitch,tennis,,,,,,asphalt,1,Saltwell Park,1,Saltwell Park
8,Tyneside,way,912703722,54.9467109,-1.365463,court,pitch,tennis,,,,,,,1,,1,
8,Tyneside,way,912703727,55.0368849,-1.4687776,court,pitch,tennis,,,,,,acrylic,0,,0,
8,Tyneside,way,959712263,54.9591551,-1.5226261,court,pitch,tennis;netball,,,,,,,0,,0,
8,Tyneside,way,970321376,54.9392832,-1.6410376,court,pitch,tennis,,,,,,,0,,0,
8,Tyneside,way,970321379,54.9395863,-1.6406015,court,pitch,tennis,,,,,,,0,,0,
8,Tyneside,way,970321381,54.9395039,-1.6403421,court,pitch,tennis,,,,,,,0,,0,
8,Tyneside,way,970321382,54.9394258,-1.6400827,court,pitch,tennis,,,,,,,0,,0,
8,Tyneside,way,1000847794,54.9477726,-1.5540774,court,pitch,tennis,,,,,,,0,,0,
8,Tyneside,way,1078848720,54.9396778,-1.6729413,court,pitch,tennis,,private,,,,,0,,0,
8,Tyneside,way,1088630277,54.9517436,-1.4492378,court,pitch,tennis,,,,,,,0,,0,
8,Tyneside,way,1104091112,55.0070931,-1.627071,court,pitch,tennis,,,,,,tartan,0,,0,
8,Tyneside,way,1120071269,54.9931013,-1.5874656,court,pitch,tennis,,,,,,,0,,0,
8,Tyneside,way,1135694148,54.9948169,-1.5226894,court,pitch,tennis,,,,,,,0,,0,
8,Tyneside,way,1169770725,55.0061985,-1.618805,court,pitch,tennis,,fee,,,,tartan,1,Gosforth Central Park,1,Gosforth Central Park
8,Tyneside,way,1169770726,55.0062246,-1.6185859,court,pitch,tennis,,,,,,tartan,1,Gosforth Central Park,1,Gosforth Central Park
8,Tyneside,way,1201673061,54.9469628,-1.3693853,court,pitch,tennis,,,,,,,0,,0,
8,Tyneside,way,1268312595,55.0301709,-1.6447304,court,pitch,tennis,,,,,,tartan,0,,0,
8,Tyneside,way,1288723935,55.0264895,-1.4421753,court,pitch,tennis,,,,,,asphalt,0,,0,
8,Tyneside,way,1314201218,54.9904179,-1.7642127,court,pitch,tennis,,private,Tennis Courts,,,grass,1,Throckley Hall Grounds,1,Throckley Hall Grounds
8,Tyneside,way,1358188283,54.9535875,-1.696227,court,pitch,tennis,,,,,,,1,,1,
9,Nottingham,way,16528895,52.9519703,-1.1606952,sports_centre,sports_centre,tennis,,,Park Tennis Club,,,,0,,0,
9,Nottingham,way,16547827,52.9344885,-1.190145,sports_centre,sports_centre,tennis,,,Nottingham Tennis Centre,Nottingham City Council,,,0,,0,
9,Nottingham,way,23316456,52.9348831,-1.2048734,court,pitch,tennis,,,,,,,1,University of Nottingham,1,University of Nottingham
9,Nottingham,way,30955041,52.9544197,-1.2230538,court,pitch,tennis,,,Wollaton Tennis Club,,,,0,,0,
9,Nottingham,way,34330964,52.9395919,-1.1956439,court,pitch,tennis,,private,,,,,1,University of Nottingham,1,University of Nottingham
9,Nottingham,way,34917668,52.9344988,-1.1884692,court,pitch,tennis,,,,,,acrylic,0,,0,
9,Nottingham,way,34917688,52.9338362,-1.1908177,court,pitch,tennis,,,Hard Court 8,,,acrylic,0,,0,
9,Nottingham,way,34917735,52.9340007,-1.190497,court,pitch,tennis,,,Hard Court 7,,,acrylic,0,,0,
9,Nottingham,way,34917759,52.9341486,-1.190207,court,pitch,tennis,,,Hard Court 6,,,acrylic,0,,0,
9,Nottingham,way,34917760,52.9342872,-1.1899322,court,pitch,tennis,,,Hard Court 5,,,acrylic,0,,0,
9,Nottingham,way,34917762,52.9344402,-1.1906311,court,pitch,tennis,,,Hard Court 4,,,acrylic,0,,0,
9,Nottingham,way,34917764,52.9341298,-1.1912649,court,pitch,tennis,,,Hard Court 2,,,acrylic,0,,0,
9,Nottingham,way,34917767,52.9343014,-1.190936,court,pitch,tennis,,,Hard Court 3,,,acrylic,0,,0,
9,Nottingham,way,34917770,52.9339819,-1.1915547,court,pitch,tennis,,,Hard Court 1,,,acrylic,0,,0,
9,Nottingham,way,34917813,52.9336851,-1.1911107,court,pitch,tennis,,,Hard Court 9,,,acrylic,0,,0,
9,Nottingham,way,34917814,52.9343499,-1.1918815,court,pitch,tennis,,,,,,grass,0,,0,
9,Nottingham,way,34917815,52.9345194,-1.1915505,court,pitch,tennis,,,,,,grass,0,,0,
9,Nottingham,way,34917817,52.9346663,-1.1923163,court,pitch,tennis,,,,,,grass,0,,0,
9,Nottingham,way,34917818,52.9348239,-1.1919797,court,pitch,tennis,,,,,,grass,0,,0,
9,Nottingham,way,34917850,52.9349086,-1.1911993,court,pitch,tennis,,,Centre Court,,,grass,0,,0,
9,Nottingham,way,35556403,52.9385004,-1.214817,court,pitch,tennis,,,,,,,1,Lenton Abbey Park,1,Lenton Abbey Park
9,Nottingham,way,35591158,52.9656396,-1.1893483,court,pitch,tennis,,,,,,,0,,0,
9,Nottingham,way,35591159,52.9662848,-1.18807,court,pitch,tennis,,,,,,,0,,0,
9,Nottingham,way,35591160,52.9655806,-1.1888734,court,pitch,tennis,,,,,,,0,,0,
9,Nottingham,way,39221985,52.9730412,-1.2322954,court,pitch,tennis,,,,,,,1,Strelley Recreation Ground,1,Strelley Recreation Ground
9,Nottingham,way,39886092,52.9794837,-1.1893705,court,pitch,tennis,,,,,,,0,,0,
9,Nottingham,way,40761577,52.9756861,-1.1466345,court,pitch,tennis,,,,,,tartan,0,,0,
9,Nottingham,way,40798628,52.9701613,-1.1425298,court,pitch,tennis,,,Magdala Lawn Tennis Club,,,,0,,0,
9,Nottingham,way,42344018,52.9528232,-1.1613594,court,pitch,tennis,,,,,,,0,,0,
9,Nottingham,way,42344026,52.9530139,-1.1616542,court,pitch,tennis,,,,,,,0,,0,
9,Nottingham,way,42344027,52.9538955,-1.1627803,court,pitch,tennis,,,,,,,0,,0,
9,Nottingham,way,42344029,52.9520531,-1.1606877,court,pitch,tennis,,,,,,,0,,0,
9,Nottingham,way,42344031,52.9523108,-1.1607084,court,pitch,tennis,,,,,,,0,,0,
9,Nottingham,way,42344032,52.9521674,-1.161168,court,pitch,tennis,,,,,,,0,,0,
9,Nottingham,way,42345313,52.9534962,-1.1621699,court,pitch,tennis,,,,,,,0,,0,
9,Nottingham,way,47997500,52.9418301,-1.1967132,court,pitch,tennis,,private,Courts 4 and 5,,,,1,University of Nottingham,1,University of Nottingham
9,Nottingham,way,54053023,52.9375612,-1.2076701,court,pitch,tennis,,,,,,,1,University of Nottingham,1,University of Nottingham
9,Nottingham,way,54053033,52.9378676,-1.2074626,court,pitch,tennis,,,,,,,1,University of Nottingham,1,University of Nottingham
9,Nottingham,way,92438007,52.9657701,-1.2365815,court,pitch,tennis,,,,,,paved,0,,0,
9,Nottingham,way,151915383,52.905254,-1.1644879,court,pitch,tennis,,,,,,,0,,0,
9,Nottingham,way,151915392,52.9055688,-1.1646938,court,pitch,tennis,,,,,,,0,,0,
9,Nottingham,way,151915394,52.9055649,-1.1644726,court,pitch,tennis,,,,,,,0,,0,
9,Nottingham,way,151915395,52.9052499,-1.1642648,court,pitch,tennis,,,,,,,0,,0,
9,Nottingham,way,151915397,52.9055609,-1.1642505,court,pitch,tennis,,,,,,,0,,0,
9,Nottingham,way,162999922,52.9609161,-1.1213602,court,pitch,tennis;basketball,,,,,,,0,,0,
9,Nottingham,way,162999924,52.9607425,-1.1216093,court,pitch,tennis;basketball,,,,,,,0,,0,
9,Nottingham,way,162999947,52.9582968,-1.1238151,court,pitch,tennis;basketball,,,,,,asphalt,0,,0,
9,Nottingham,way,162999948,52.9583892,-1.1236678,court,pitch,tennis;basketball,,,,,,asphalt,0,,0,
9,Nottingham,way,162999949,52.9584801,-1.1235384,court,pitch,tennis;basketball,,,,,,asphalt,0,,0,
9,Nottingham,way,162999950,52.9585725,-1.1234011,court,pitch,tennis;basketball,,,,,,asphalt,0,,0,
9,Nottingham,way,166727679,52.9857239,-1.1749077,court,pitch,tennis,,,,,,,1,Vernon Park,1,Vernon Park
9,Nottingham,way,166734650,52.9883126,-1.1518698,court,pitch,tennis,,,,,,asphalt,1,Valley Road Park - The Jason Spencer Sports Ground,1,Valley Road Park - The Jason Spencer Sports Ground
9,Nottingham,way,208683524,52.969491,-1.1922242,court,pitch,tennis,,,,,,,0,,0,
9,Nottingham,way,208683534,52.9696924,-1.1927192,court,pitch,tennis,,,,,,,0,,0,
9,Nottingham,way,209601873,52.9884168,-1.1828939,court,pitch,tennis,,,,,,,0,,0,
9,Nottingham,way,215101640,52.9315428,-1.1980083,court,pitch,tennis,,,,,,,0,,0,
9,Nottingham,way,215101646,52.9313504,-1.1983607,court,pitch,tennis,,,,,,,0,,0,
9,Nottingham,way,215101652,52.9314466,-1.1981846,court,pitch,tennis,,,,,,,0,,0,
9,Nottingham,way,220258268,52.934139,-1.1891787,court,pitch,tennis,,,Hard Court 11,,,acrylic,0,,0,
9,Nottingham,way,220258269,52.9338011,-1.1898384,court,pitch,tennis,,,Hard Court 14,,,acrylic,0,,0,
9,Nottingham,way,220258270,52.9337021,-1.1900389,court,pitch,tennis,,,Hard Court 15,,,acrylic,0,,0,
9,Nottingham,way,220258271,52.9333704,-1.1906894,court,pitch,tennis,,,,,,acrylic,0,,0,
9,Nottingham,way,220258272,52.9342413,-1.1889786,court,pitch,tennis,,,Hard Court 10,,,acrylic,0,,0,
9,Nottingham,way,220258273,52.9339001,-1.1896378,court,pitch,tennis,,,Hard Court 13,,,acrylic,0,,0,
9,Nottingham,way,220258274,52.9334714,-1.1904868,court,pitch,tennis,,,,,,acrylic,0,,0,
9,Nottingham,way,220258275,52.9335725,-1.1902842,court,pitch,tennis,,,,,,acrylic,0,,0,
9,Nottingham,way,220258276,52.9340368,-1.1893788,court,pitch,tennis,,,Hard Court 12,,,acrylic,0,,0,
9,Nottingham,way,224289978,52.9519465,-1.1605899,court,pitch,tennis,,,,,,,0,,0,
9,Nottingham,way,224289980,52.9530293,-1.1616509,court,pitch,tennis,,,,,,,0,,0,
9,Nottingham,way,224289981,52.9522525,-1.1608854,court,pitch,tennis,,,,,,,0,,0,
9,Nottingham,way,224289982,52.9538266,-1.162956,court,pitch,tennis,,,,,,,0,,0,
9,Nottingham,way,224289984,52.9538979,-1.1627852,court,pitch,tennis,,,,,,,0,,0,
9,Nottingham,way,224289986,52.9539654,-1.1626144,court,pitch,tennis,,,,,,,0,,0,
9,Nottingham,way,225017723,52.9395123,-1.1954411,court,pitch,tennis,,private,,,,,1,University of Nottingham,1,University of Nottingham
9,Nottingham,way,229822005,52.9649386,-1.2147909,court,pitch,tennis,,,,,,,0,,0,
9,Nottingham,way,229822017,52.9654122,-1.2128381,court,pitch,tennis,,,,,,,0,,0,
9,Nottingham,way,243866468,52.9529678,-1.1618378,court,pitch,tennis,,,,,,,0,,0,
9,Nottingham,way,243866469,52.9531004,-1.1614633,court,pitch,tennis,,,,,,,0,,0,
9,Nottingham,way,243960831,52.9518182,-1.1601914,court,pitch,tennis,,,,,,,0,,0,
9,Nottingham,way,243960835,52.9517512,-1.1603784,court,pitch,tennis,,,,,,,0,,0,
9,Nottingham,way,243960840,52.951686,-1.1605705,court,pitch,tennis,,,,,,,0,,0,
9,Nottingham,way,275958448,52.9868704,-1.1612829,court,pitch,tennis,,,,,,,0,,0,
9,Nottingham,way,280444872,53.0070191,-1.194399,court,pitch,basketball;tennis,,,,,,,0,,0,
9,Nottingham,way,281142924,52.9637702,-1.2363377,court,pitch,tennis,,private,,,,,0,,0,
9,Nottingham,way,281142927,52.9638495,-1.2361449,court,pitch,tennis,,private,,,,,0,,0,
9,Nottingham,way,281142932,52.9639289,-1.2359521,court,pitch,tennis,,private,,,,,0,,0,
9,Nottingham,way,281142934,52.9636909,-1.2365304,court,pitch,tennis,,private,,,,,0,,0,
9,Nottingham,way,293735843,53.0007961,-1.1805397,court,pitch,tennis,,,,,,,0,,0,
9,Nottingham,way,423113553,52.9658553,-1.2367611,court,pitch,tennis,,,,,,paved,0,,0,
9,Nottingham,way,677282656,52.933949,-1.1887608,court,pitch,tennis,,,Grass Court 8,,,grass,0,,0,
9,Nottingham,way,677282657,52.9332063,-1.1901802,court,pitch,tennis,,,Grass Court 6,,,grass,0,,0,
9,Nottingham,way,677282658,52.933477,-1.1896643,court,pitch,tennis,,,Grass Court 7,,,grass,0,,0,
9,Nottingham,way,677282659,52.9337259,-1.1891897,court,pitch,tennis,,,Grass Court 8,,,grass,0,,0,
9,Nottingham,way,678005040,52.9336862,-1.1877218,court,pitch,tennis,,,Grass Court 12,,,,0,,0,
9,Nottingham,way,678005044,52.9335696,-1.1879258,court,pitch,tennis,,,Grass Court 11,,,,0,,0,
9,Nottingham,way,678005047,52.9333348,-1.1883358,court,pitch,tennis,,,Grass Court 9,,,,0,,0,
9,Nottingham,way,678005048,52.9334528,-1.1881238,court,pitch,tennis,,,Grass Court 10,,,,0,,0,
9,Nottingham,way,699199428,52.9516804,-1.1996629,court,pitch,tennis,,,,,,,0,,0,
9,Nottingham,way,791856481,53.0082417,-1.1749415,court,pitch,tennis,,,,,,,0,,0,
9,Nottingham,way,866415276,52.9347271,-1.157742,court,pitch,tennis,,,,,,,0,,0,
9,Nottingham,way,965950069,52.9345055,-1.2011064,court,pitch,tennis,,,Florence Boot Hall Tennis Court,,,,1,University of Nottingham,1,University of Nottingham
9,Nottingham,way,965950071,52.9352272,-1.206321,court,pitch,tennis,,,Cavendish Hall Tennis Court,,,,1,University of Nottingham,1,University of Nottingham
9,Nottingham,way,1170378263,52.9383867,-1.2147949,court,pitch,tennis,,,,,,,1,Lenton Abbey Park,1,Lenton Abbey Park
9,Nottingham,way,1335785918,52.9487685,-1.1853655,court,pitch,tennis,,,,,,,0,,0,
9,Nottingham,way,1335785919,52.9486434,-1.1853368,court,pitch,tennis,,,,,,,0,,0,
9,Nottingham,way,1335785920,52.9485191,-1.1853102,court,pitch,tennis,,,,,,,0,,0,
9,Nottingham,relation,3298342,52.9534286,-1.1622185,sports_centre,sports_centre,tennis,,,County Ground,Nottinghamshire Lawn Tennis Association,,,0,,0,
10,Sheffield,node,309786898,53.326306,-1.5182001,sports_centre,sports_centre,tennis,,,Abbeydale Park Tennis Club,,,,0,,0,
10,Sheffield,way,29506262,53.366658,-1.5593259,court,pitch,tennis,,,,,,,0,,0,
10,Sheffield,way,32119083,53.3273728,-1.4648316,court,pitch,tennis,,,,,,,0,,0,
10,Sheffield,way,52134492,53.3332125,-1.4743501,court,pitch,tennis,,,,,,tartan,1,Graves Park,1,Graves Park
10,Sheffield,way,100476747,53.3674695,-1.5046452,court,pitch,tennis,,,,,,,0,,0,
10,Sheffield,way,103431296,53.424718,-1.6060006,court,pitch,tennis,,,Bradfield Village Fellowship Tennis Club,,,grass,0,,0,
10,Sheffield,way,103431297,53.4244073,-1.60611,court,pitch,tennis,,,Bradfield Village Fellowship Tennis Club,,,grass,0,,0,
10,Sheffield,way,105834158,53.3403072,-1.5531423,court,pitch,tennis,,,,,,,0,,0,
10,Sheffield,way,105874424,53.3369818,-1.539679,court,pitch,tennis,,,,,,,0,,0,
10,Sheffield,way,105874430,53.338129,-1.5355971,court,pitch,tennis,,,,,,,0,,0,
10,Sheffield,way,105874443,53.3384142,-1.5353261,court,pitch,tennis,,,,,,,0,,0,
10,Sheffield,way,105874449,53.3369434,-1.5394751,court,pitch,tennis,,,,,,,0,,0,
10,Sheffield,way,105874460,53.3381952,-1.5357861,court,pitch,tennis,,,,,,,0,,0,
10,Sheffield,way,105874462,53.336905,-1.5392716,court,pitch,tennis,,,,,,,0,,0,
10,Sheffield,way,105874473,53.3369817,-1.5380806,sports_centre,sports_centre,football;tennis;basketball,,,HSBC Sports Ground,HSBC,,,0,,0,
10,Sheffield,way,106057742,53.3262203,-1.5188326,court,pitch,tennis,,,,,,,0,,0,
10,Sheffield,way,106057747,53.3263031,-1.5181946,court,pitch,tennis,,,,,,,0,,0,
10,Sheffield,way,106057748,53.3268415,-1.5187679,court,pitch,tennis,,,,,,,0,,0,
10,Sheffield,way,106057749,53.3269492,-1.5186494,court,pitch,tennis,,,,,,,0,,0,
10,Sheffield,way,106057752,53.3267296,-1.5188876,court,pitch,tennis,,,,,,,0,,0,
10,Sheffield,way,106057754,53.3260105,-1.5184363,court,pitch,tennis,,,,,,,0,,0,
10,Sheffield,way,106057758,53.3260946,-1.5186257,court,pitch,tennis,,,,,,,0,,0,
10,Sheffield,way,106162291,53.3831041,-1.5581306,court,pitch,tennis,,private,,,,,0,,0,
10,Sheffield,way,107086472,53.3689823,-1.525334,court,pitch,tennis,,,,,,clay,0,,0,
10,Sheffield,way,113888055,53.3456539,-1.5033277,sports_centre,sports_centre,tennis,,,Grove Tennis Club,Clubspark Group Ltd,,,0,,0,
10,Sheffield,way,127513639,53.3295413,-1.4937157,sports_centre,sports_centre,tennis,,,Beauchief Tennis Club,,,,0,,0,
10,Sheffield,way,131569862,53.3757177,-1.385553,court,pitch,tennis,,,,,,,0,,0,
10,Sheffield,way,135608059,53.4230278,-1.4311966,court,pitch,tennis,,,,,,paved,0,,0,
10,Sheffield,way,136233107,53.3203825,-1.4842768,court,pitch,tennis,,,,,,,1,Greenhill Park,1,Greenhill Park
10,Sheffield,way,152445986,53.4439175,-1.4661171,court,pitch,tennis,,,,,,,1,Ecclesfield Park,1,Ecclesfield Park
10,Sheffield,way,154329791,53.3248227,-1.5271261,court,pitch,tennis,,,,,,,0,,0,
10,Sheffield,way,154557055,53.4545281,-1.4682875,court,pitch,tennis,,,,,,,0,,0,
10,Sheffield,way,168831714,53.345959,-1.4877754,court,pitch,tennis,,,,,,grass,0,,0,
10,Sheffield,way,178227968,53.371683,-1.4809443,court,pitch,tennis,,,,,,,0,,0,
10,Sheffield,way,192497881,53.4734012,-1.483076,court,pitch,tennis,,,,,,,0,,0,
10,Sheffield,way,202497381,53.4018033,-1.6526904,court,pitch,tennis,,,,,,,0,,0,
10,Sheffield,way,202497390,53.4024504,-1.6539499,court,pitch,tennis,,,,,,,0,,0,
10,Sheffield,way,202497410,53.4021105,-1.6592154,court,pitch,tennis,,,,,,,0,,0,
10,Sheffield,way,204189913,53.3523139,-1.4358732,court,pitch,tennis,,,,,,,1,Gleadless Common,1,Gleadless Common
10,Sheffield,way,237010804,53.340787,-1.5020654,court,pitch,tennis,,,,,,asphalt,1,Millhouses Park,1,Millhouses Park
10,Sheffield,way,237010805,53.3406697,-1.5021832,court,pitch,tennis,,,,,,asphalt,1,Millhouses Park,1,Millhouses Park
10,Sheffield,way,237010806,53.3410229,-1.5018189,court,pitch,tennis,,,,,,asphalt,1,Millhouses Park,1,Millhouses Park
10,Sheffield,way,237010807,53.3409109,-1.5019338,court,pitch,tennis,,,,,,asphalt,1,Millhouses Park,1,Millhouses Park
10,Sheffield,way,237010808,53.3409205,-1.5025021,court,pitch,tennis,,,,,,asphalt,1,Millhouses Park,1,Millhouses Park
10,Sheffield,way,237010810,53.3407832,-1.502647,court,pitch,tennis,,,,,,asphalt,1,Millhouses Park,1,Millhouses Park
10,Sheffield,way,237010811,53.3410818,-1.5022003,court,pitch,tennis,,,,,,asphalt,1,Millhouses Park,1,Millhouses Park
10,Sheffield,way,237010812,53.3411495,-1.5023829,court,pitch,tennis,,,,,,asphalt,1,Millhouses Park,1,Millhouses Park
10,Sheffield,way,249757516,53.3761294,-1.5212646,court,pitch,soccer;tennis,,,,,,,0,,0,
10,Sheffield,way,249757518,53.3745998,-1.5200037,court,pitch,tennis,,,,,,,0,,0,
10,Sheffield,way,258467091,53.3454177,-1.457947,court,pitch,tennis,,,,,,artificial_turf,0,,0,
10,Sheffield,way,258467102,53.3475157,-1.4604872,court,pitch,tennis,,,,,,grass,0,,0,
10,Sheffield,way,280721743,53.4373451,-1.5358892,court,pitch,tennis,,,,,,,1,Coronation Park,1,Coronation Park
10,Sheffield,way,283172025,53.4634303,-1.5772004,court,pitch,tennis,,private,,,,,0,,0,
10,Sheffield,way,320200482,53.4797171,-1.5972637,court,pitch,tennis,,,,,,,0,,0,
10,Sheffield,way,320200483,53.4793442,-1.5976441,court,pitch,tennis,,,,,,,0,,0,
10,Sheffield,way,367621561,53.3510689,-1.530004,court,pitch,tennis;basketball,,,,,,concrete,0,,0,
10,Sheffield,way,372101975,53.3557608,-1.5258734,court,pitch,tennis,,private,,,,,0,,0,
10,Sheffield,way,401578618,53.3278052,-1.4640027,court,pitch,tennis,,,,,,,0,,0,
10,Sheffield,way,401578621,53.3275813,-1.4644449,court,pitch,tennis,,,,,,,0,,0,
10,Sheffield,way,401578623,53.3281389,-1.4645733,court,pitch,tennis,,,,,,asphalt,0,,0,
10,Sheffield,way,423039809,53.4230004,-1.4309911,court,pitch,tennis,,,,,,paved,0,,0,
10,Sheffield,way,423039816,53.4228758,-1.4301355,court,pitch,tennis,,,,,,paved,0,,0,
10,Sheffield,way,423039819,53.4229653,-1.4307766,court,pitch,tennis,,,,,,paved,0,,0,
10,Sheffield,way,423039826,53.4229397,-1.4305619,court,pitch,tennis,,,,,,paved,0,,0,
10,Sheffield,way,423039842,53.4229061,-1.4303473,court,pitch,tennis,,,,,,paved,0,,0,
10,Sheffield,way,529811358,53.3722849,-1.5021256,court,pitch,tennis,,,,,,,0,,0,
10,Sheffield,way,541674386,53.3650488,-1.4388342,court,pitch,tennis,,,,,,,0,,0,
10,Sheffield,way,623928846,53.3719796,-1.4895619,court,pitch,tennis,,,Rustlings Lawn Tennis Club,,,,0,,0,
10,Sheffield,way,632923485,53.3867576,-1.4008394,court,pitch,tennis,,,,,,,1,High Hazels Park,1,High Hazels Park
10,Sheffield,way,695580710,53.3294927,-1.4934269,court,pitch,tennis,,,,,,,0,,0,
10,Sheffield,way,695580711,53.3294217,-1.4935913,court,pitch,tennis,,,,,,,0,,0,
10,Sheffield,way,695580712,53.3295822,-1.4938593,court,pitch,tennis,,,,,,,0,,0,
10,Sheffield,way,695580714,53.3292912,-1.4937305,court,pitch,tennis,,,,,,,0,,0,
10,Sheffield,way,695580715,53.3292206,-1.4938851,court,pitch,tennis,,,,,,,0,,0,
10,Sheffield,way,695580716,53.3294545,-1.4941809,court,pitch,tennis,,,,,,,0,,0,
10,Sheffield,way,695580717,53.3295668,-1.4932631,court,pitch,tennis,,,,,,,0,,0,
10,Sheffield,way,695800603,53.3296963,-1.4936008,court,pitch,tennis,,,,,,,0,,0,
10,Sheffield,way,695926530,53.3576557,-1.4966103,court,pitch,tennis,,,,,,,0,,0,
10,Sheffield,way,695926531,53.3569881,-1.4971227,court,pitch,tennis,,,,,,,0,,0,
10,Sheffield,way,695926532,53.3571795,-1.4966975,court,pitch,tennis,,,,,,,0,,0,
10,Sheffield,way,695926534,53.3575528,-1.4966781,court,pitch,tennis,,,,,,,0,,0,
10,Sheffield,way,695926535,53.3571402,-1.4965312,court,pitch,tennis,,,,,,,0,,0,
10,Sheffield,way,695926536,53.3572536,-1.4969612,court,pitch,tennis,,,,,,,0,,0,
10,Sheffield,way,746265579,53.3548118,-1.4733695,court,pitch,tennis;football;basketball,,yes,,,,asphalt,1,Meersbrook Park,1,Meersbrook Park
10,Sheffield,way,765807875,53.4167202,-1.4469057,court,pitch,tennis,,,,,,asphalt,1,Firth Park,1,Firth Park
10,Sheffield,way,767686829,53.3792321,-1.5313649,court,pitch,tennis,,,,,,,0,,0,
10,Sheffield,way,769014568,53.3772763,-1.5204429,court,pitch,tennis,,,,,,,0,,0,
10,Sheffield,way,769056514,53.39218,-1.5450976,court,pitch,tennis,,,,,,,1,Stannington Park,1,Stannington Park
10,Sheffield,way,769138106,53.3252411,-1.4718175,court,pitch,tennis,,,,,,artificial_turf,0,,0,
10,Sheffield,way,769670549,53.3755391,-1.417997,court,pitch,tennis,,,,,,,0,,0,
10,Sheffield,way,771311068,53.3980939,-1.523544,court,pitch,tennis,,,,,,,0,,0,
10,Sheffield,way,771416741,53.4256218,-1.5483056,court,pitch,tennis,,,,,,,0,,0,
10,Sheffield,way,776008434,53.3591086,-1.5249812,court,pitch,tennis,,,,,,,0,,0,
10,Sheffield,way,778551940,53.3706292,-1.4505569,court,pitch,tennis,,,,,,asphalt,1,Norfolk Heritage Park,1,Norfolk Heritage Park
10,Sheffield,way,779260534,53.3577753,-1.4353141,court,pitch,tennis,,,,,,,0,,0,
10,Sheffield,way,779261446,53.3558642,-1.4138541,court,pitch,tennis,,,,,,,0,,0,
10,Sheffield,way,800760848,53.3669573,-1.5193273,court,pitch,tennis,,,Bingham Park Tennis Courts,,,,1,Bingham Park,1,Bingham Park
10,Sheffield,way,888720697,53.3888482,-1.634035,court,pitch,tennis,,,,,,,0,,0,
10,Sheffield,way,909192355,53.3377041,-1.3413856,court,pitch,basketball;tennis;soccer,,private,,,,,0,,0,
10,Sheffield,way,1199484205,53.3804638,-1.4959426,court,pitch,basketball;tennis,,,,,,asphalt,0,,0,
10,Sheffield,way,1218119203,53.3833691,-1.4899965,court,pitch,tennis,,,,,,asphalt,1,Weston Park,1,Weston Park
10,Sheffield,way,1218119204,53.3834818,-1.4898844,court,pitch,tennis,,,,,,asphalt,1,Weston Park,1,Weston Park
10,Sheffield,way,1274236062,53.3554506,-1.5092311,court,pitch,tennis,,,,,,,0,,0,
10,Sheffield,way,1274236063,53.3556175,-1.5096679,court,pitch,tennis,,,,,,,0,,0,
10,Sheffield,way,1341347665,53.3272515,-1.5551317,court,pitch,tennis,,,,,,,0,,0,
10,Sheffield,way,1355763514,53.3553258,-1.5406411,court,pitch,tennis,,,,,,,1,,1,
10,Sheffield,way,1356196314,53.340401,-1.5581686,court,pitch,tennis,,,,,,,0,,0,
10,Sheffield,way,1356196362,53.3424112,-1.5548411,court,pitch,tennis,,,,,,,0,,0,
10,Sheffield,way,1356484564,53.3331983,-1.5591641,court,pitch,tennis,,,,,,,0,,0,
10,Sheffield,way,1431210329,53.4080929,-1.4988339,court,pitch,tennis,,,,,,,1,Hillsborough Park,1,Hillsborough Park
10,Sheffield,way,1431210330,53.4082514,-1.4989253,court,pitch,tennis,,,,,,,1,Hillsborough Park,1,Hillsborough Park
10,Sheffield,way,1431210332,53.4080415,-1.498241,court,pitch,tennis;netball,,,,,,,1,Hillsborough Park,1,Hillsborough Park
10,Sheffield,way,1460759175,53.3617495,-1.5016934,court,pitch,tennis,,private,,,,,1,,1,
10,Sheffield,way,1487739352,53.3667454,-1.5420324,court,pitch,tennis,,,,,,,0,,0,
10,Sheffield,way,1487739353,53.3669307,-1.5418169,court,pitch,tennis,,,,,,,0,,0,
10,Sheffield,way,1487739354,53.3669649,-1.5420103,court,pitch,tennis,,,,,,,0,,0,
10,Sheffield,way,1487739355,53.3665151,-1.5420749,court,pitch,tennis,,,,,,,0,,0,
10,Sheffield,way,1487739356,53.3665547,-1.5422998,court,pitch,tennis,,,,,,,0,,0,
10,Sheffield,way,1487739357,53.3665947,-1.5425278,court,pitch,tennis,,,,,,,0,,0,
10,Sheffield,way,1487739358,53.3668682,-1.5423405,court,pitch,tennis,,,,,,,0,,0,
10,Sheffield,way,1494759978,53.3612306,-1.5507436,court,pitch,tennis,,,,,,,0,,0,
10,Sheffield,way,1503325803,53.3458181,-1.5033057,court,pitch,tennis,,,,,,,0,,0,
10,Sheffield,way,1503325804,53.3456551,-1.5035652,court,pitch,tennis,,,,,,,0,,0,
10,Sheffield,way,1503325805,53.3455986,-1.5033962,court,pitch,tennis,,,,,,,0,,0,
10,Sheffield,way,1503325806,53.3455491,-1.5032232,court,pitch,tennis,,,,,,,0,,0,
10,Sheffield,relation,20617906,53.3573188,-1.4968089,sports_centre,sports_centre,tennis,,,Brentwood Tennis Club,,,,0,,0,
11,Bristol,way,15509489,51.4618566,-2.5487849,court,pitch,tennis,,,,wesport,,,1,St George Park,1,St George Park
11,Bristol,way,24648548,51.4927288,-2.6262127,court,pitch,tennis,,,,,,,1,Canford Park,1,Canford Park
11,Bristol,way,24795043,51.4866637,-2.6471384,court,pitch,tennis,,,,,,asphalt,0,,0,
11,Bristol,way,71666608,51.4622907,-2.6191803,court,pitch,tennis,,,,,,asphalt,0,,0,
11,Bristol,way,71666611,51.4604916,-2.618078,court,pitch,tennis,,,,,,,0,,0,
11,Bristol,way,87325832,51.4642116,-2.6204637,court,pitch,tennis,,,,,,,0,,0,
11,Bristol,way,90133190,51.4863317,-2.6170189,court,pitch,tennis,,,,,,,0,,0,
11,Bristol,way,94125723,51.4685666,-2.597398,court,pitch,tennis,,,,,,tartan,0,,0,
11,Bristol,way,116355020,51.4354865,-2.5598718,court,pitch,tennis,,private,,,,,0,,0,
11,Bristol,way,116503914,51.4336869,-2.5704784,court,pitch,tennis,,yes,Redcatch Park Tennis Courts,,,asphalt,1,Redcatch Park,1,Redcatch Park
11,Bristol,way,116933548,51.4336139,-2.5665254,court,pitch,tennis,,,Knowle Lawn Tennis Club,,,acrylic,0,,0,
11,Bristol,way,121433040,51.4738283,-2.5523029,court,pitch,tennis,,,,,,,1,Eastville Park,1,Eastville Park
11,Bristol,way,121746893,51.4827844,-2.6037368,court,pitch,tennis,,,Henleaze LTC,,,,0,,0,
11,Bristol,way,121748127,51.4823277,-2.6037146,court,pitch,tennis,,,Henleaze LTC,,,,0,,0,
11,Bristol,way,136000050,51.4525472,-2.6132134,court,pitch,tennis,,private,,,,,0,,0,
11,Bristol,way,144173678,51.4978454,-2.6105354,court,pitch,tennis,,,,,,,0,,0,
11,Bristol,way,144173681,51.4978936,-2.6121501,court,pitch,tennis,,,,,,,0,,0,
11,Bristol,way,153789026,51.4741479,-2.5839925,court,pitch,tennis,,,Bristol Central Tennis Club,,,artificial_turf,0,,0,
11,Bristol,way,154805974,51.4683871,-2.5970436,court,pitch,tennis,,,,,,tartan,0,,0,
11,Bristol,way,156449247,51.4596908,-2.5598713,court,pitch,tennis,,private,,,,,0,,0,
11,Bristol,way,157173584,51.479146,-2.5384184,court,pitch,tennis,,,,,,,0,,0,
11,Bristol,way,159650925,51.4624161,-2.6178982,court,pitch,tennis,,,,,,,0,,0,
11,Bristol,way,163851668,51.4647352,-2.6159307,sports_centre,sports_centre,tennis,,,Clifton Lawn Tennis Club,,,,0,,0,
11,Bristol,way,173587188,51.443386,-2.6195732,court,pitch,tennis,,customers,Greville Smyth Tennis Club,,,asphalt,1,Greville Smyth Park,1,Greville Smyth Park
11,Bristol,way,243699078,51.4904253,-2.6305186,court,pitch,tennis,,,,,,,0,,0,
11,Bristol,way,243699365,51.4893426,-2.6308011,court,pitch,netball;tennis,,,,,,asphalt,0,,0,
11,Bristol,way,257129740,51.4781398,-2.6248066,court,pitch,tennis,,,,,,asphalt,0,,0,
11,Bristol,way,257129742,51.4787348,-2.6245253,court,pitch,tennis,,,,,,asphalt,0,,0,
11,Bristol,way,264392182,51.51561,-2.6545992,court,pitch,tennis,,,,,,,0,,0,
11,Bristol,way,268169611,51.4832288,-2.6036816,court,pitch,tennis,,,Westbury Park LTC,,,,0,,0,
11,Bristol,way,292428352,51.4731951,-2.6077569,court,pitch,tennis,,,,,,,0,,0,
11,Bristol,way,292428353,51.4730642,-2.6071365,court,pitch,tennis,,,,,,,0,,0,
11,Bristol,way,292428354,51.4733228,-2.6070585,court,pitch,tennis,,,,,,artificial_turf,0,,0,
11,Bristol,way,292428356,51.4732493,-2.6083725,court,pitch,tennis,,,,,,,0,,0,
11,Bristol,way,292428357,51.4727657,-2.6073355,court,pitch,tennis,,,,,,artificial_turf,0,,0,
11,Bristol,way,292428358,51.4730684,-2.607937,court,pitch,tennis,,,,,,,0,,0,
11,Bristol,way,292428991,51.4740466,-2.6035056,court,pitch,tennis,,private,,,,,0,,0,
11,Bristol,way,292429194,51.4771784,-2.599759,court,pitch,tennis,,,,,,concrete,0,,0,
11,Bristol,way,292429195,51.47717,-2.5994054,court,pitch,tennis,,,,,,concrete,0,,0,
11,Bristol,way,292429196,51.4768842,-2.5997903,court,pitch,tennis,,,,,,concrete,0,,0,
11,Bristol,way,292429197,51.4768751,-2.5993704,court,pitch,tennis,,,,,,concrete,0,,0,
11,Bristol,way,305467111,51.4748738,-2.5209445,court,pitch,tennis,,,,,,,1,Hillfields Park,1,Hillfields Park
11,Bristol,way,350990679,51.4902899,-2.6725241,court,pitch,tennis,,,,,,,0,,0,
11,Bristol,way,358315881,51.4643689,-2.6159236,court,pitch,tennis,,,,,,,0,,0,
11,Bristol,way,394061971,51.4633131,-2.6004927,court,pitch,tennis,,,,,,paved,0,,0,
11,Bristol,way,419905443,51.4790765,-2.6289315,court,pitch,tennis,,private,,,,,0,,0,
11,Bristol,way,485890598,51.458831,-2.619048,court,pitch,tennis,,,,,,,0,,0,
11,Bristol,way,578472223,51.4791355,-2.6237346,court,pitch,tennis,,private,,,,,0,,0,
11,Bristol,way,578472224,51.4793437,-2.6233315,court,pitch,tennis,,private,,,,,0,,0,
11,Bristol,way,662572605,51.4635297,-2.6001008,court,pitch,tennis,,,,,,paved,0,,0,
11,Bristol,way,662572607,51.4634211,-2.6002953,court,pitch,tennis,,,,,,paved,0,,0,
11,Bristol,way,676396596,51.4213202,-2.6182551,court,pitch,tennis,,,,,,,0,,0,
11,Bristol,way,687865744,51.4711078,-2.6381252,court,pitch,tennis,,private,,,,,0,,0,
11,Bristol,way,875922512,51.4826843,-2.6340513,court,pitch,tennis,,private,,,,,0,,0,
11,Bristol,way,883923904,51.4529186,-2.611685,court,pitch,tennis,,private,,,,,0,,0,
11,Bristol,way,1044574281,51.4865905,-2.6469322,court,pitch,tennis,,,,,,asphalt,0,,0,
11,Bristol,way,1077458946,51.5056438,-2.6302831,court,pitch,tennis,,private,,,,,0,,0,
11,Bristol,way,1135440438,51.4195608,-2.5688037,court,pitch,tennis,,,,,,,0,,0,
11,Bristol,way,1180219813,51.440713,-2.5884561,court,pitch,tennis,,,,,,tartan,1,Victoria Park,1,Victoria Park
11,Bristol,way,1180219814,51.4406106,-2.5886202,court,pitch,tennis,,,,,,tartan,1,Victoria Park,1,Victoria Park
11,Bristol,way,1184061077,51.4820811,-2.6774628,court,pitch,tennis,,,,,,,0,,0,
11,Bristol,way,1184061078,51.4820492,-2.6772573,court,pitch,tennis,,,,,,,0,,0,
11,Bristol,way,1208750577,51.4193918,-2.5622882,court,pitch,tennis,,,,,,,0,,0,
11,Bristol,way,1212449326,51.4763287,-2.6382647,court,pitch,tennis,,private,,,,,0,,0,
11,Bristol,way,1214506675,51.4849608,-2.5919869,court,pitch,tennis,,,,,,,1,Horfield Common,1,Horfield Common
11,Bristol,way,1214506676,51.4847919,-2.591888,court,pitch,tennis,,,,,,,1,Horfield Common,1,Horfield Common
11,Bristol,way,1214506677,51.4853519,-2.5922911,court,pitch,tennis,,,,,,,1,Horfield Common,1,Horfield Common
11,Bristol,way,1214506678,51.4852987,-2.5924828,court,pitch,tennis,,,,,,,1,Horfield Common,1,Horfield Common
11,Bristol,way,1214506679,51.4853945,-2.5920949,court,pitch,tennis,,,,,,,1,Horfield Common,1,Horfield Common
11,Bristol,way,1214506680,51.4851294,-2.5920837,court,pitch,tennis,,,,,,,1,Horfield Common,1,Horfield Common
11,Bristol,way,1214506681,51.4846204,-2.5918025,court,pitch,tennis,,,,,,,1,Horfield Common,1,Horfield Common
11,Bristol,way,1214506682,51.4847015,-2.5932439,court,pitch,tennis,,,,,,,1,Horfield Common,1,Horfield Common
11,Bristol,way,1214506683,51.4845281,-2.593142,court,pitch,tennis,,,,,,,1,Horfield Common,1,Horfield Common
11,Bristol,way,1214506684,51.484533,-2.5923773,court,pitch,tennis,,,,,,,1,Horfield Common,1,Horfield Common
11,Bristol,way,1216226869,51.4193767,-2.5686607,court,pitch,tennis,,,,,,,0,,0,
11,Bristol,way,1216226870,51.419197,-2.5685164,court,pitch,tennis,,,,,,,0,,0,
11,Bristol,way,1216226871,51.4190138,-2.5683736,court,pitch,tennis,,,,,,,0,,0,
11,Bristol,way,1272818065,51.435389,-2.5600458,court,pitch,tennis,,private,,,,,0,,0,
11,Bristol,way,1321422962,51.4334893,-2.5664155,court,pitch,tennis,,,Knowle Lawn Tennis Club,,,acrylic,0,,0,
11,Bristol,way,1321422963,51.4332459,-2.5662011,court,pitch,tennis,,,Knowle Lawn Tennis Club,,,acrylic,0,,0,
11,Bristol,way,1321422964,51.4333642,-2.5663056,court,pitch,tennis,,,Knowle Lawn Tennis Club,,,acrylic,0,,0,
11,Bristol,way,1341557079,51.4245965,-2.5409738,court,pitch,tennis,,private,,,,,0,,0,
11,Bristol,way,1341557080,51.4245311,-2.5407385,court,pitch,tennis,,private,,,,,0,,0,
11,Bristol,way,1341557081,51.4244676,-2.5405132,court,pitch,tennis,,private,,,,,0,,0,
11,Bristol,way,1341557082,51.424404,-2.5402852,court,pitch,tennis,,private,,,,,0,,0,
11,Bristol,way,1376546290,51.5071458,-2.6293822,court,pitch,tennis,,,,,,,0,,0,
11,Bristol,way,1376546291,51.5055677,-2.6284335,court,pitch,tennis,,,,,,,0,,0,
11,Bristol,way,1391142324,51.4797829,-2.6334418,court,pitch,tennis,,,,,,,0,,0,
11,Bristol,way,1394589804,51.4617997,-2.5490068,court,pitch,tennis,,,,wesport,,,1,St George Park,1,St George Park
11,Bristol,way,1394589805,51.4621628,-2.5489871,court,pitch,tennis,,,,wesport,,,1,St George Park,1,St George Park
11,Bristol,way,1394589806,51.4614977,-2.5487958,court,pitch,tennis,,,,wesport,,acrylic,1,St George Park,1,St George Park
11,Bristol,way,1394589807,51.462106,-2.549209,court,pitch,tennis,,,,wesport,,,1,St George Park,1,St George Park
12,Belfast,node,4014638648,54.5700277,-5.9028933,sports_centre,sports_centre,tennis,,,Ballynafeigh Tennis & Squash Club,,,,0,,0,
12,Belfast,way,17280837,54.5795643,-5.9064223,court,pitch,tennis,,private,,,,,0,,0,
12,Belfast,way,18569318,54.5923474,-5.9686435,court,pitch,tennis,,,,,,,0,,0,
12,Belfast,way,18583810,54.5152384,-6.0399339,court,pitch,tennis,,,,,,,1,Wallace Park,1,Wallace Park
12,Belfast,way,18852479,54.5615276,-5.9108234,court,pitch,tennis,,,,,,,0,,0,
12,Belfast,way,35930217,54.597199,-5.8297173,court,pitch,tennis,,,,,,,1,Stormont Estate,1,Stormont Estate
12,Belfast,way,148565418,54.5524807,-5.9046979,court,pitch,tennis,,,,,,,0,,0,
12,Belfast,way,164286231,54.5798789,-5.9078687,court,pitch,tennis,,private,,,,,0,,0,
12,Belfast,way,189327151,54.5172429,-6.0336165,court,pitch,tennis,,,,,,,0,,0,
12,Belfast,way,189327158,54.5178355,-6.033461,sports_centre,sports_centre,badminton;basketball;tennis,,,Lisburn Racquets Club,,,,0,,0,
12,Belfast,way,221334624,54.5615202,-5.9110533,court,pitch,tennis,,,,,,,0,,0,
12,Belfast,way,248631557,54.579094,-5.9427511,sports_centre,sports_centre,tennis,,,Windsor Lawn Tennis Club,,,,0,,0,
12,Belfast,way,248637367,54.5792665,-5.9424091,court,pitch,tennis,,,,,,,0,,0,
12,Belfast,way,248637368,54.5791521,-5.942522,court,pitch,tennis,,,,,,,0,,0,
12,Belfast,way,248637369,54.579037,-5.9426226,court,pitch,tennis,,,,,,,0,,0,
12,Belfast,way,248637370,54.5789228,-5.9427382,court,pitch,tennis,,,,,,,0,,0,
12,Belfast,way,248637371,54.5788095,-5.9428548,court,pitch,tennis,,,,,,,0,,0,
12,Belfast,way,256584443,54.587963,-5.8771236,court,pitch,tennis,,,Orangefield Park Tennis Courts,,,asphalt,1,Orangefield Park Playing Fields,1,Orangefield Park Playing Fields
12,Belfast,way,268290858,54.6027797,-5.8511849,court,pitch,tennis,,,,,,,0,,0,
12,Belfast,way,296334836,54.6873811,-5.875858,court,pitch,tennis,,,,,,,0,,0,
12,Belfast,way,296334840,54.6897769,-5.884321,court,pitch,tennis,,,,,,,0,,0,
12,Belfast,way,296334841,54.6896502,-5.8827852,court,pitch,tennis,,,,,,,0,,0,
12,Belfast,way,296334846,54.6890102,-5.8857533,court,pitch,tennis,,,,,,,0,,0,
12,Belfast,way,296334849,54.6877012,-5.8764154,court,pitch,tennis,,,,,,,0,,0,
12,Belfast,way,337991835,54.5893021,-5.8259133,court,pitch,tennis,,,,,,,0,,0,
12,Belfast,way,337992628,54.5471844,-5.8168614,court,pitch,tennis,,,,,,,0,,0,
12,Belfast,way,342489860,54.569696,-5.9273281,court,pitch,tennis,,,,,,,0,,0,
12,Belfast,way,342489861,54.5696483,-5.9269472,court,pitch,tennis,,,,,,,0,,0,
12,Belfast,way,342489862,54.5700797,-5.9269656,court,pitch,tennis,,,,,,,0,,0,
12,Belfast,way,342489863,54.5693359,-5.9265535,court,pitch,tennis,,,,,,,0,,0,
12,Belfast,way,342489864,54.5693235,-5.9267899,court,pitch,tennis,,,,,,,0,,0,
12,Belfast,way,342489865,54.5696659,-5.9264972,court,pitch,tennis,,,,,,,0,,0,
12,Belfast,way,342489866,54.5696546,-5.9267201,court,pitch,tennis,,,,,,,0,,0,
12,Belfast,way,342489867,54.5700347,-5.9274093,court,pitch,tennis,,,,,,,0,,0,
12,Belfast,way,342489868,54.5700619,-5.9271822,court,pitch,tennis,,,,,,,0,,0,
12,Belfast,way,342489869,54.5696746,-5.9262787,court,pitch,tennis,,,,,,,0,,0,
12,Belfast,way,342489870,54.5693548,-5.9260796,court,pitch,tennis,,,,,,,0,,0,
12,Belfast,way,342489871,54.569346,-5.9263176,court,pitch,tennis,,,,,,,0,,0,
12,Belfast,way,343884720,54.5876258,-5.913475,court,pitch,tennis,,,,,,asphalt,1,Ormeau Park,1,Ormeau Park
12,Belfast,way,343884721,54.587509,-5.9135627,court,pitch,tennis,,,,,,asphalt,1,Ormeau Park,1,Ormeau Park
12,Belfast,way,343884722,54.5873963,-5.9136534,court,pitch,tennis,,,,,,asphalt,1,Ormeau Park,1,Ormeau Park
12,Belfast,way,390135526,54.5170928,-5.9782187,court,pitch,tennis,,private,,,,,0,,0,
12,Belfast,way,422035862,54.6335467,-5.9419426,court,pitch,tennis,,,Cavehill Tennis Club,,,,0,,0,
12,Belfast,way,426764422,54.689081,-5.9240359,court,pitch,tennis,,,,,,,0,,0,
12,Belfast,way,460772777,54.5759361,-5.9004751,court,pitch,tennis,,,,,,,0,,0,
12,Belfast,way,460961734,54.5859591,-5.8214863,court,pitch,tennis,,,,,,,0,,0,
12,Belfast,way,486460893,54.57138,-5.9970593,court,pitch,tennis,,,,,,,0,,0,
12,Belfast,way,486460894,54.5712548,-5.9971247,court,pitch,tennis,,,,,,,0,,0,
12,Belfast,way,486479337,54.5294494,-6.0025253,court,pitch,tennis,,private,,,,,0,,0,
12,Belfast,way,502887323,54.6047944,-5.8600303,court,pitch,tennis,,,,,,grass,0,,0,
12,Belfast,way,502887325,54.6044553,-5.8600267,court,pitch,tennis,,,,,,grass,0,,0,
12,Belfast,way,502887326,54.6044433,-5.8598018,court,pitch,tennis,,,,,,grass,0,,0,
12,Belfast,way,502887328,54.6044334,-5.859574,court,pitch,tennis,,,,,,grass,0,,0,
12,Belfast,way,502887330,54.604771,-5.8595218,court,pitch,tennis,,,,,,grass,0,,0,
12,Belfast,way,502887331,54.6047793,-5.8597519,court,pitch,tennis,,,,,,grass,0,,0,
12,Belfast,way,503219720,54.5179825,-6.0486471,court,pitch,tennis,,,,,,,0,,0,
12,Belfast,way,503219722,54.5178626,-6.0485659,court,pitch,tennis,,,,,,,0,,0,
12,Belfast,way,503219723,54.5177433,-6.0484848,court,pitch,tennis,,,,,,,0,,0,
12,Belfast,way,549549336,54.5682961,-5.949782,court,pitch,tennis,,,,,,,0,,0,
12,Belfast,way,550738934,54.6681714,-5.9234699,court,pitch,tennis,,,,,,,1,,1,
12,Belfast,way,554060428,54.6360942,-5.8361762,court,pitch,tennis,,,,,,artificial_turf,0,,0,
12,Belfast,way,554060429,54.6360269,-5.8359636,court,pitch,tennis,,,,,,artificial_turf,0,,0,
12,Belfast,way,554060430,54.6360117,-5.8355415,court,pitch,tennis,,,,,,,0,,0,
12,Belfast,way,556003750,54.569101,-5.9748312,court,pitch,tennis,,,,,,grass,1,Musgrave Park,1,Musgrave Park
12,Belfast,way,556003751,54.568986,-5.9749732,court,pitch,tennis,,,,,,grass,1,Musgrave Park,1,Musgrave Park
12,Belfast,way,556003753,54.5688701,-5.9751112,court,pitch,tennis,,,,,,grass,1,Musgrave Park,1,Musgrave Park
12,Belfast,way,556003755,54.5687546,-5.9752544,court,pitch,tennis,,,,,,grass,1,Musgrave Park,1,Musgrave Park
12,Belfast,way,556003757,54.568643,-5.9753865,court,pitch,tennis,,,,,,grass,1,Musgrave Park,1,Musgrave Park
12,Belfast,way,556003759,54.5685297,-5.9755193,court,pitch,tennis,,,,,,grass,1,Musgrave Park,1,Musgrave Park
12,Belfast,way,558885050,54.5602062,-5.8851573,court,pitch,tennis,,private,,,,asphalt,0,,0,
12,Belfast,way,558885051,54.5603412,-5.8850895,court,pitch,tennis,,private,,,,asphalt,0,,0,
12,Belfast,way,558885052,54.5605063,-5.885005,court,pitch,tennis,,private,,,,asphalt,0,,0,
12,Belfast,way,558885053,54.5626162,-5.883907,court,pitch,tennis,,,,,,,0,,0,
12,Belfast,way,558885054,54.5627453,-5.8839479,court,pitch,tennis,,,,,,,0,,0,
12,Belfast,way,558885055,54.5628779,-5.8839894,court,pitch,tennis,,,,,,,0,,0,
12,Belfast,way,579038489,54.555122,-5.9900838,court,pitch,tennis,,,,,,,0,,0,
12,Belfast,way,579038490,54.5551137,-5.9898606,court,pitch,tennis,,,,,,,0,,0,
12,Belfast,way,579038491,54.5551038,-5.9896427,court,pitch,tennis,,,,,,,0,,0,
12,Belfast,way,579038492,54.5550745,-5.9890438,court,pitch,tennis,,,,,,,0,,0,
12,Belfast,way,579038493,54.5550679,-5.9888144,court,pitch,tennis,,,,,,,0,,0,
12,Belfast,way,579038494,54.5550597,-5.988582,court,pitch,tennis,,,,,,,0,,0,
12,Belfast,way,579038495,54.556961,-5.9882385,court,pitch,tennis,,,,,,,0,,0,
12,Belfast,way,579038496,54.5570259,-5.9880685,court,pitch,tennis,,,,,,,0,,0,
12,Belfast,way,586650783,54.5235539,-5.9740171,court,pitch,tennis,,private,,,,,0,,0,
12,Belfast,way,608872808,54.5438326,-5.9730369,court,pitch,tennis,,private,,,,,0,,0,
12,Belfast,way,608872821,54.5456138,-5.9737912,court,pitch,tennis,,private,,,,,0,,0,
12,Belfast,way,613026099,54.5327415,-5.919085,court,pitch,tennis,,private,,,,,0,,0,
12,Belfast,way,644560386,54.4955921,-6.0017822,court,pitch,tennis,,private,,,,,0,,0,
12,Belfast,way,668335191,54.5474811,-5.9851605,court,pitch,tennis,,private,,,,,0,,0,
12,Belfast,way,711259299,54.5126019,-6.022445,court,pitch,tennis,,private,,,,,0,,0,
12,Belfast,way,741305129,54.6254136,-5.9656932,court,pitch,tennis,,,,,,,0,,0,
12,Belfast,way,741305130,54.6251658,-5.9652896,court,pitch,tennis,,,,,,,0,,0,
12,Belfast,way,741305131,54.6256493,-5.9660567,court,pitch,tennis,,,,,,,0,,0,
12,Belfast,way,747904907,54.5970167,-5.8764322,court,pitch,tennis,,,,,,artificial_turf,0,,0,
12,Belfast,way,747904908,54.5970334,-5.8762266,court,pitch,tennis,,,,,,artificial_turf,0,,0,
12,Belfast,way,747904909,54.5973491,-5.876383,court,pitch,tennis,,,,,,artificial_turf,0,,0,
12,Belfast,way,771725020,54.6031232,-5.8611213,court,pitch,tennis,,,,,,grass,0,,0,
12,Belfast,way,771725021,54.6031119,-5.860892,court,pitch,tennis,,,,,,grass,0,,0,
12,Belfast,way,771725022,54.6031016,-5.8606675,court,pitch,tennis,,,,,,grass,0,,0,
12,Belfast,way,771725023,54.6030895,-5.8604409,court,pitch,tennis,,,,,,grass,0,,0,
12,Belfast,way,771725024,54.6024783,-5.8607463,court,pitch,tennis,,,,,,grass,0,,0,
12,Belfast,way,771725025,54.6024657,-5.8605188,court,pitch,tennis,,,,,,,0,,0,
12,Belfast,way,772939345,54.6095746,-5.8663026,court,pitch,tennis,,,,,,,0,,0,
12,Belfast,way,772939346,54.6094599,-5.8664418,court,pitch,tennis,,,,,,,0,,0,
12,Belfast,way,772939347,54.609347,-5.8665814,court,pitch,tennis,,,,,,,0,,0,
12,Belfast,way,772939348,54.6092287,-5.8667461,court,pitch,tennis,,,,,,,0,,0,
12,Belfast,way,772939349,54.6090958,-5.8669142,court,pitch,tennis,,,,,,,0,,0,
12,Belfast,way,804880652,54.6358834,-5.8356641,court,pitch,tennis,,,,,,,0,,0,
12,Belfast,way,804880653,54.6357685,-5.8357687,court,pitch,tennis,,,,,,,0,,0,
12,Belfast,way,804880654,54.6356526,-5.8358744,court,pitch,tennis,,,,,,,0,,0,
12,Belfast,way,804880655,54.6355411,-5.8359809,court,pitch,tennis,,,,,,,0,,0,
12,Belfast,way,804880656,54.6354293,-5.8360823,court,pitch,tennis,,,,,,,0,,0,
12,Belfast,way,813673001,54.6242,-5.9719264,court,pitch,tennis,,private,,,,asphalt,0,,0,
12,Belfast,way,813673002,54.6241145,-5.9720348,court,pitch,tennis,,private,,,,asphalt,0,,0,
12,Belfast,way,813673003,54.6243238,-5.971776,court,pitch,tennis,,private,,,,asphalt,0,,0,
12,Belfast,way,813673004,54.6244094,-5.9716676,court,pitch,tennis,,private,,,,asphalt,0,,0,
12,Belfast,way,833050487,54.6783373,-6.0703248,court,pitch,tennis,,private,,,,,0,,0,
12,Belfast,way,850531589,54.580068,-5.8259478,court,pitch,tennis,,private,,,,,0,,0,
12,Belfast,way,859026313,54.6469444,-5.8250331,court,pitch,tennis,,,,,,,0,,0,
12,Belfast,way,973340673,54.5642845,-5.8935337,court,pitch,tennis,,private,,,,,0,,0,
12,Belfast,way,996909245,54.5000347,-6.0526174,court,pitch,tennis,,private,,,,,0,,0,
12,Belfast,way,1038754580,54.5408906,-5.7918492,court,pitch,tennis,,private,,,,,1,,1,
12,Belfast,way,1039048677,54.5743621,-5.8009514,court,pitch,tennis,,private,,,,,0,,0,
12,Belfast,way,1039055330,54.5706929,-5.8295357,court,pitch,tennis,,private,,,,,0,,0,
12,Belfast,way,1042443234,54.6555777,-5.806859,court,pitch,tennis,,private,,,,,0,,0,
12,Belfast,way,1163102657,54.5152908,-6.0397485,court,pitch,tennis,,,,,,,1,Wallace Park,1,Wallace Park
12,Belfast,way,1163102658,54.5153422,-6.0395698,court,pitch,tennis,,,,,,,1,Wallace Park,1,Wallace Park
12,Belfast,way,1163731638,54.5840009,-5.8735228,court,pitch,tennis,,,,,,,0,,0,
12,Belfast,way,1163731639,54.584714,-5.8744967,court,pitch,tennis,,,,,,,0,,0,
12,Belfast,way,1163731640,54.5842916,-5.8749873,court,pitch,tennis,,,,,,,0,,0,
12,Belfast,way,1163731641,54.5844128,-5.8750852,court,pitch,tennis,,,,,,,0,,0,
12,Belfast,way,1163731642,54.5845325,-5.8751871,court,pitch,tennis,,,,,,,0,,0,
12,Belfast,way,1163731643,54.5846475,-5.8752943,court,pitch,tennis,,,,,,,0,,0,
12,Belfast,way,1163731644,54.5847645,-5.8754033,court,pitch,tennis,,,,,,,0,,0,
12,Belfast,way,1188684220,54.6574255,-5.8041902,court,pitch,tennis,,private,,,,,0,,0,
12,Belfast,way,1188684223,54.6549618,-5.8115159,court,pitch,tennis,,private,,,,,0,,0,
12,Belfast,way,1188685182,54.6525794,-5.8120413,court,pitch,tennis,,private,,,,,0,,0,
12,Belfast,way,1188685183,54.650986,-5.8176378,court,pitch,tennis,,private,,,,,0,,0,
12,Belfast,way,1188685184,54.6508502,-5.8108871,court,pitch,tennis,,private,,,,,0,,0,
12,Belfast,way,1191380455,54.5866922,-5.8394118,court,pitch,tennis,,,,,,,0,,0,
12,Belfast,way,1191380456,54.5868189,-5.8395164,court,pitch,tennis,,,,,,,0,,0,
12,Belfast,way,1191380457,54.5869471,-5.8396169,court,pitch,tennis,,,,,,,0,,0,
12,Belfast,way,1191380458,54.5870767,-5.8397273,court,pitch,tennis,,,,,,,0,,0,
12,Belfast,way,1192156474,54.5782127,-5.9105845,court,pitch,tennis,,,,,,,0,,0,
12,Belfast,way,1205917423,54.6255024,-5.8472284,court,pitch,tennis,,,,,,,0,,0,
12,Belfast,way,1243985910,54.5940671,-5.9607954,court,pitch,tennis,,,,,,,0,,0,
12,Belfast,way,1256352442,54.5716279,-5.9206358,court,pitch,tennis,,private,,,,,0,,0,
12,Belfast,way,1256352443,54.5717624,-5.9206277,court,pitch,tennis,,private,,,,,0,,0,
12,Belfast,way,1256352444,54.5718238,-5.921089,court,pitch,tennis,,private,,,,,0,,0,
12,Belfast,way,1256352445,54.5716869,-5.9210985,court,pitch,tennis,,private,,,,,0,,0,
12,Belfast,way,1256352446,54.5715523,-5.9211058,court,pitch,tennis,,private,,,,,0,,0,
12,Belfast,way,1259108810,54.6024046,-5.8510277,court,pitch,tennis,,,,,,,0,,0,
12,Belfast,way,1259108811,54.6025296,-5.8510801,court,pitch,tennis,,,,,,,0,,0,
12,Belfast,way,1259108812,54.6026547,-5.8511325,court,pitch,tennis,,,,,,,0,,0,
12,Belfast,way,1259128056,54.5867492,-5.8214552,court,pitch,tennis,,private,,,,,0,,0,
12,Belfast,way,1259128057,54.5867444,-5.8211721,court,pitch,tennis,,private,,,,,0,,0,
12,Belfast,way,1259549187,54.5759501,-5.7820858,court,pitch,tennis,,private,,,,,0,,0,
12,Belfast,way,1263047723,54.6618965,-5.7798549,court,pitch,tennis,,private,,,,,0,,0,
12,Belfast,way,1263047726,54.6615675,-5.7799069,court,pitch,tennis,,private,,,,,0,,0,
12,Belfast,way,1265655151,54.6525351,-5.7950504,court,pitch,tennis,,private,,,,,0,,0,
12,Belfast,way,1265655188,54.6543928,-5.7879853,court,pitch,tennis,,private,,,,,0,,0,
12,Belfast,way,1269113331,54.5573736,-5.9851103,court,pitch,tennis,,,,,,asphalt,1,Wedderburn Park,1,Wedderburn Park
12,Belfast,way,1269113332,54.5572889,-5.9852622,court,pitch,tennis,,,,,,asphalt,1,Wedderburn Park,1,Wedderburn Park
12,Belfast,way,1274981073,54.6365636,-5.8226949,court,pitch,tennis,,private,,,,,0,,0,
12,Belfast,way,1275837040,54.6438812,-5.8087356,court,pitch,tennis,,private,,,,asphalt,0,,0,
12,Belfast,way,1326347409,54.5689514,-5.9647456,court,pitch,tennis,,,,,,,0,,0,
12,Belfast,way,1326347410,54.5688918,-5.9645713,court,pitch,tennis,,,,,,,0,,0,
12,Belfast,way,1380612128,54.6472948,-5.7833982,court,pitch,tennis,,private,,,,,0,,0,
12,Belfast,way,1388532743,54.6891293,-5.9238345,court,pitch,tennis,,,,,,,0,,0,
12,Belfast,way,1388532744,54.6891802,-5.9236317,court,pitch,tennis,,,,,,,0,,0,
12,Belfast,way,1392706021,54.5859551,-5.8212465,court,pitch,tennis,,,,,,,0,,0,
12,Belfast,way,1418684299,54.6796797,-6.0963017,court,pitch,tennis,,private,,,,,0,,0,
12,Belfast,way,1443209506,54.492837,-5.8442952,court,pitch,tennis,,private,,,,,0,,0,
12,Belfast,way,1454920901,54.5323268,-5.9818454,court,pitch,tennis,,private,,,,,0,,0,
12,Belfast,way,1456980114,54.6406185,-5.80318,court,pitch,tennis,,private,,,,,0,,0,
12,Belfast,way,1466898811,54.4992902,-5.8256106,court,pitch,tennis,,private,,,,,0,,0,
12,Belfast,way,1467880777,54.5333035,-5.8925173,court,pitch,tennis,,private,,,,,0,,0,
12,Belfast,way,1471107836,54.5332925,-5.8744387,court,pitch,tennis,,private,,,,,0,,0,
12,Belfast,way,1471107837,54.5332984,-5.87418,court,pitch,tennis,,private,,,,,0,,0,
12,Belfast,way,1475082068,54.4999103,-5.8223523,court,pitch,tennis,,private,,,,,0,,0,
12,Belfast,way,1481398957,54.573714,-5.9525999,court,pitch,tennis,,,,,,,0,,0,
12,Belfast,way,1481398958,54.5737855,-5.9527833,court,pitch,tennis,,,,,,,0,,0,
12,Belfast,way,1481398959,54.5738584,-5.9529614,court,pitch,tennis,,,,,,,0,,0,
12,Belfast,way,1481398960,54.5739291,-5.9531508,court,pitch,tennis,,,,,,,0,,0,
12,Belfast,way,1482323815,54.6586221,-5.7937535,court,pitch,tennis,,,,,,,0,,0,
12,Belfast,way,1483057438,54.5675765,-5.9564707,court,pitch,tennis,,,,,,,0,,0,
12,Belfast,way,1486069172,54.565171,-5.9543062,court,pitch,tennis,,,,,,,0,,0,
12,Belfast,way,1486953984,54.6236641,-5.8250268,court,pitch,tennis,,,,,,,0,,0,
12,Belfast,way,1488045069,54.6492118,-5.7802511,court,pitch,tennis,,,,,,,0,,0,
12,Belfast,way,1489247216,54.5656724,-5.9364769,court,pitch,tennis,,private,,,,,0,,0,
12,Belfast,way,1489247218,54.565642,-5.936276,court,pitch,tennis,,private,,,,,0,,0,
12,Belfast,way,1489511528,54.6252054,-5.9580542,court,pitch,tennis,,,,,,,0,,0,
12,Belfast,way,1489529420,54.5258904,-6.0535736,court,pitch,tennis,,private,,,,,0,,0,
12,Belfast,way,1495817774,54.5448707,-5.9753295,court,pitch,tennis,,private,,,,,0,,0,
12,Belfast,way,1497162411,54.5462195,-5.9740187,court,pitch,tennis,,yes,,,,asphalt,0,,0,
12,Belfast,way,1498042466,54.5698395,-5.9030616,court,pitch,tennis,,,,,,,0,,0,
12,Belfast,way,1498042467,54.5698102,-5.9028574,court,pitch,tennis,,,,,,,0,,0,
12,Belfast,way,1498042468,54.5698922,-5.9025104,court,pitch,tennis,,,,,,,0,,0,
12,Belfast,relation,8975508,54.5895961,-5.914517,sports_centre,sports_centre,tennis;climbing;fitness;multi,,,Belfast Indoor Tennis Arena & Ozone Complex,,,,1,Ormeau Park,1,Ormeau Park
13,Leicester,node,6668093763,52.5772006,-1.0346796,court,pitch,tennis;soccer;cricket,,,Great Glen Sports and Social Club,,,,0,,0,
13,Leicester,node,7961017977,52.6192107,-1.2364984,sports_centre,sports_centre,tennis,,,Leicester Forest East Tennis Club,,,,0,,0,
13,Leicester,way,10742217,52.6226076,-1.0773903,court,pitch,tennis,,,,,,asphalt,1,Evington Park,1,Evington Park
13,Leicester,way,27136278,52.6243225,-1.1201687,court,pitch,tennis,,,,,,tartan,1,Victoria Park,1,Victoria Park
13,Leicester,way,75802720,52.7643216,-1.2194278,court,pitch,netball;tennis,,,,,,,0,,0,
13,Leicester,way,96961246,52.6008343,-1.086445,court,pitch,tennis,,,,,,,0,,0,
13,Leicester,way,96966842,52.6045275,-1.0916333,court,pitch,tennis,,,,,,,0,,0,
13,Leicester,way,119037280,52.767642,-1.2017583,court,pitch,tennis,,,,,,,0,,0,
13,Leicester,way,122498949,52.7618664,-1.2159438,court,pitch,tennis,,,,,,,0,,0,
13,Leicester,way,123719818,52.6483058,-1.1398125,court,pitch,tennis,,,,,,,1,Abbey Park,1,Abbey Park
13,Leicester,way,135977903,52.712204,-1.1351964,court,pitch,tennis,,,,,,tartan,0,,0,
13,Leicester,way,142457237,52.7729336,-1.1185553,court,pitch,tennis,,,,,,,0,,0,
13,Leicester,way,142457338,52.7813508,-1.133342,court,pitch,tennis,,,,,,,0,,0,
13,Leicester,way,147056625,52.7051063,-1.0701552,court,pitch,tennis,,,,,,concrete,0,,0,
13,Leicester,way,160731451,52.6684986,-1.1222097,court,pitch,tennis,,,,,,,0,,0,
13,Leicester,way,160904911,52.670992,-1.1393305,court,pitch,tennis,,,,,,,0,,0,
13,Leicester,way,178241103,52.6333913,-1.2310833,court,pitch,tennis,,,,,,,0,,0,
13,Leicester,way,178455003,52.7339567,-1.203811,court,pitch,tennis,,,,,,,0,,0,
13,Leicester,way,181393665,52.7080177,-1.1728821,court,pitch,tennis,,,,,,,0,,0,
13,Leicester,way,182164082,52.6836977,-1.2297902,court,pitch,tennis,,,,,,,0,,0,
13,Leicester,way,194617307,52.6582437,-1.1107409,court,pitch,tennis,,,,,,,0,,0,
13,Leicester,way,199270733,52.7511314,-1.2401643,court,pitch,tennis,,,,,,,0,,0,
13,Leicester,way,199654096,52.6044946,-1.0920466,court,pitch,tennis,,,,,,,0,,0,
13,Leicester,way,199654100,52.6045175,-1.0925443,court,pitch,tennis,,,,,,,0,,0,
13,Leicester,way,199654101,52.6045007,-1.0927535,court,pitch,tennis,,,,,,,0,,0,
13,Leicester,way,199654103,52.6045114,-1.0918358,court,pitch,tennis,,,,,,,0,,0,
13,Leicester,way,199654109,52.6045353,-1.0922874,court,pitch,tennis,,,,,,,0,,0,
13,Leicester,way,204098171,52.7531336,-1.2344887,court,pitch,tennis,,,,,,hard court,0,,0,
13,Leicester,way,206295634,52.6062923,-1.113113,court,pitch,tennis,,,,,,,0,,0,
13,Leicester,way,206295638,52.6071721,-1.1127836,court,pitch,tennis,,,,,,,0,,0,
13,Leicester,way,214765084,52.5456996,-1.2814536,court,pitch,tennis,,,,,,,0,,0,
13,Leicester,way,222088909,52.7017259,-1.0459704,court,pitch,tennis,,,,,,,0,,0,
13,Leicester,way,222088910,52.7015098,-1.0456571,court,pitch,tennis,,,,,,,0,,0,
13,Leicester,way,222088912,52.7018215,-1.0461153,court,pitch,tennis,,,,,,,0,,0,
13,Leicester,way,222088913,52.7016267,-1.0458318,court,pitch,tennis,,,,,,,0,,0,
13,Leicester,way,222244790,52.7012957,-1.0694215,court,pitch,tennis,,,,,,,0,,0,
13,Leicester,way,222244794,52.7014045,-1.0698212,court,pitch,tennis,,,,,,,0,,0,
13,Leicester,way,222244798,52.7051778,-1.0700014,court,pitch,tennis,,,,,,concrete,0,,0,
13,Leicester,way,222244801,52.7014591,-1.0700172,court,pitch,tennis,,,,,,,0,,0,
13,Leicester,way,222244802,52.7052614,-1.0698393,court,pitch,tennis,,,,,,concrete,0,,0,
13,Leicester,way,222244803,52.7053434,-1.0696767,court,pitch,tennis,,,,,,concrete,0,,0,
13,Leicester,way,222244806,52.7013485,-1.0696201,court,pitch,tennis,,,,,,,0,,0,
13,Leicester,way,227757205,52.5858717,-1.2049785,court,pitch,tennis,,,Enderby Lawn Tennis Club,,,,0,,0,
13,Leicester,way,227757208,52.5853767,-1.2032622,court,pitch,tennis,,,,,,,0,,0,
13,Leicester,way,231267864,52.7346471,-1.1018729,court,pitch,tennis,,,,,,,0,,0,
13,Leicester,way,231267865,52.7344614,-1.102214,court,pitch,tennis,,,,,,,0,,0,
13,Leicester,way,231765071,52.6305672,-1.0317708,court,pitch,tennis,,,,,,,0,,0,
13,Leicester,way,232438453,52.6133097,-1.1101293,court,pitch,tennis,,,,,,,0,,0,
13,Leicester,way,232438454,52.6136455,-1.11025,court,pitch,tennis,,,,,,,0,,0,
13,Leicester,way,232438455,52.6141372,-1.1103198,court,pitch,tennis,,,,,,,0,,0,
13,Leicester,way,232438456,52.614472,-1.1103262,court,pitch,tennis,,,,,,,0,,0,
13,Leicester,way,232438457,52.6144431,-1.1108556,court,pitch,tennis,,,,,,,0,,0,
13,Leicester,way,232438458,52.6141162,-1.1108394,court,pitch,tennis,,,,,,,0,,0,
13,Leicester,way,232438459,52.6132472,-1.1106589,court,pitch,tennis,,,,,,,0,,0,
13,Leicester,way,232438460,52.6129494,-1.1104234,court,pitch,tennis,,,,,,,0,,0,
13,Leicester,way,233301980,52.7419018,-1.187559,court,pitch,tennis,,,,,,,0,,0,
13,Leicester,way,264354138,52.6090658,-1.0976522,court,pitch,tennis,,,,,,,0,,0,
13,Leicester,way,264354139,52.6088398,-1.0971685,court,pitch,tennis,,,,,,,0,,0,
13,Leicester,way,264442644,52.6131563,-1.1018741,court,pitch,tennis,,,,,,,0,,0,
13,Leicester,way,280137562,52.580562,-1.2041618,court,pitch,tennis,,,,,,,0,,0,
13,Leicester,way,281840901,52.6692167,-1.1814897,court,pitch,tennis,,,,,,,0,,0,
13,Leicester,way,294344449,52.6220309,-1.0998906,sports_centre,sports_centre,tennis,,,Roundhill Tennis Club,,,,0,,0,
13,Leicester,way,296212158,52.6266143,-1.1255749,court,pitch,tennis,,,,,,,0,,0,
13,Leicester,way,307587596,52.7532607,-1.233961,court,pitch,tennis,,,,,,artificial_turf,0,,0,
13,Leicester,way,307587597,52.7528698,-1.2340978,court,pitch,tennis,,,,,,clay,0,,0,
13,Leicester,way,308919108,52.5840773,-1.043179,court,pitch,tennis,,,,,,,0,,0,
13,Leicester,way,308919110,52.5843313,-1.0430377,court,pitch,tennis,,,,,,,0,,0,
13,Leicester,way,308919116,52.5837094,-1.0433961,court,pitch,tennis,,,,,,,0,,0,
13,Leicester,way,308919117,52.5834598,-1.0435367,court,pitch,tennis,,,,,,,0,,0,
13,Leicester,way,308919119,52.5838375,-1.0433255,court,pitch,tennis,,,,,,,0,,0,
13,Leicester,way,308919122,52.583583,-1.0434671,court,pitch,tennis,,,,,,,0,,0,
13,Leicester,way,308919124,52.5841995,-1.0431109,court,pitch,tennis,,,,,,,0,,0,
13,Leicester,way,308919125,52.5839576,-1.0432513,court,pitch,tennis,,,,,,,0,,0,
13,Leicester,way,313241621,52.6130933,-1.1099605,court,pitch,tennis,,,,,,,0,,0,
13,Leicester,way,314150769,52.7286393,-1.1955955,court,pitch,tennis,,,,,,,1,,1,
13,Leicester,way,314744137,52.6075152,-1.0838256,court,pitch,tennis,,private,,University Of Leicester,,,0,,0,
13,Leicester,way,314744146,52.6077679,-1.0806154,court,pitch,tennis,,private,,,,,0,,0,
13,Leicester,way,318342964,52.6491943,-1.1599525,court,pitch,tennis,,,,,,,0,,0,
13,Leicester,way,329637120,52.6245706,-0.994394,court,pitch,tennis,,,,,,,0,,0,
13,Leicester,way,329637126,52.6247597,-0.9946259,court,pitch,tennis,,,,,,,0,,0,
13,Leicester,way,329637133,52.6246532,-0.9947794,court,pitch,tennis,,,,,,,0,,0,
13,Leicester,way,329640781,52.5422499,-0.9963619,court,pitch,tennis,,,,,,,0,,0,
13,Leicester,way,335950089,52.7728107,-1.0342733,court,pitch,tennis,,,,,,,0,,0,
13,Leicester,way,376623981,52.6596859,-1.1076734,court,pitch,tennis,,,,,,,0,,0,
13,Leicester,way,376624040,52.6595464,-1.1071784,court,pitch,tennis,,,,,,,0,,0,
13,Leicester,way,376624051,52.6592258,-1.1072951,court,pitch,tennis,,,,,,,0,,0,
13,Leicester,way,379236388,52.7644163,-1.2192738,court,pitch,netball;tennis,,,,,,,0,,0,
13,Leicester,way,379236390,52.76451,-1.2191225,court,pitch,netball;tennis,,,,,,,0,,0,
13,Leicester,way,391204261,52.7305329,-1.0756788,court,pitch,tennis,,,,,,,0,,0,
13,Leicester,way,400531012,52.6596134,-1.1074338,court,pitch,tennis,,,,,,,0,,0,
13,Leicester,way,400531014,52.6594764,-1.1069368,court,pitch,tennis,,,,,,,0,,0,
13,Leicester,way,400531015,52.6597487,-1.1079224,court,pitch,tennis,,,,,,,0,,0,
13,Leicester,way,405770650,52.7061988,-1.0450542,court,pitch,tennis,,,,,,,1,King George's Field,1,King George's Field
13,Leicester,way,415346645,52.6046088,-1.0920699,sports_centre,sports_centre,tennis,,,Oadby Tennis Club,,,,0,,0,
13,Leicester,way,421488425,52.4927997,-1.2548722,court,pitch,tennis,,,,,,,0,,0,
13,Leicester,way,422925607,52.4805849,-1.2033715,court,pitch,tennis,,,,,,,0,,0,
13,Leicester,way,422925622,52.480621,-1.2031542,court,pitch,tennis,,,,,,,0,,0,
13,Leicester,way,422925632,52.4806667,-1.2029557,court,pitch,tennis,,,,,,,0,,0,
13,Leicester,way,424314155,52.4805294,-1.2036074,court,pitch,tennis,,,,,,,0,,0,
13,Leicester,way,434441215,52.60494,-1.1542708,court,pitch,tennis,,,,,,,0,,0,
13,Leicester,way,444905296,52.6900294,-1.0912578,court,pitch,tennis,,private,,,,,0,,0,
13,Leicester,way,446873158,52.6177052,-1.1817754,court,pitch,tennis,,,,,,,1,Shakespeare Park,1,Shakespeare Park
13,Leicester,way,464761955,52.6358136,-1.1669725,court,pitch,tennis,,,,,,,0,,0,
13,Leicester,way,464761956,52.6355262,-1.1671025,court,pitch,tennis,,,,,,,0,,0,
13,Leicester,way,464761957,52.6356437,-1.167113,sports_centre,sports_centre,tennis,sport,,Westfields Tennis Club,,,,0,,0,
13,Leicester,way,489652016,52.5766011,-1.1055822,court,pitch,tennis,,,,,,,0,,0,
13,Leicester,way,489652099,52.5841049,-1.1057275,court,pitch,tennis,,,,,,,1,Peace Memorial Park,1,Peace Memorial Park
13,Leicester,way,494513260,52.605175,-1.1502033,court,pitch,tennis,,,,,,,0,,0,
13,Leicester,way,505025483,52.7706597,-1.2358017,court,pitch,tennis,,,,,,,0,,0,
13,Leicester,way,507200772,52.7754333,-1.2576873,court,pitch,tennis,,,,,,,1,Garendon Park,1,Garendon Park
13,Leicester,way,507326973,52.7324442,-1.2118574,court,pitch,tennis,,,,,,,0,,0,
13,Leicester,way,527574659,52.636409,-1.1794303,court,pitch,tennis,,,,,,,1,Western Park,1,Western Park
13,Leicester,way,569750169,52.6248566,-0.9945799,tennis_club,,,tennis,,,,,,0,,0,
13,Leicester,way,597702192,52.7198649,-1.1313346,court,pitch,tennis,,,,,,,0,,0,
13,Leicester,way,597706374,52.7198204,-1.131897,sports_centre,sports_centre,football;tennis,,,,,,,0,,0,
13,Leicester,way,624387740,52.6248777,-0.9866537,court,pitch,tennis,,private,,,,,0,,0,
13,Leicester,way,662530149,52.6131527,-1.1642772,court,pitch,tennis,,,,,,paved,0,,0,
13,Leicester,way,662530150,52.6130337,-1.1642182,court,pitch,tennis,,,,,,paved,0,,0,
13,Leicester,way,662530151,52.6129035,-1.1641565,court,pitch,tennis,,,,,,paved,0,,0,
13,Leicester,way,662530152,52.6126494,-1.1640358,court,pitch,tennis,,,,,,paved,0,,0,
13,Leicester,way,662530154,52.6127785,-1.1640901,court,pitch,tennis,,,,,,paved,0,,0,
13,Leicester,way,676621853,52.5222185,-1.2876705,court,pitch,tennis,,private,,,,,0,,0,
13,Leicester,way,697308861,52.7817018,-1.1277404,court,pitch,tennis,,private,,,,,0,,0,
13,Leicester,way,861204200,52.4816371,-1.1603602,court,pitch,tennis,,,,,,,1,Gilmorton Recreation Ground,1,Gilmorton Recreation Ground
13,Leicester,way,881935227,52.7251803,-1.2150821,court,pitch,tennis,,,,,,,0,,0,
13,Leicester,way,881935228,52.7252355,-1.2148205,court,pitch,tennis,,,,,,,0,,0,
13,Leicester,way,900181994,52.6435808,-1.123905,court,pitch,tennis,,,,,,,1,,1,
13,Leicester,way,923196637,52.5752615,-1.0007195,court,pitch,tennis,,,,,,,0,,0,
13,Leicester,way,924976509,52.6219682,-1.1002287,court,pitch,tennis,,,,,,,0,,0,
13,Leicester,way,924976510,52.6218842,-1.1004694,court,pitch,tennis,,,,,,,0,,0,
13,Leicester,way,924976511,52.6221059,-1.0999779,court,pitch,tennis,,,,,,,0,,0,
13,Leicester,way,924976512,52.6222168,-1.0997329,court,pitch,tennis,,,,,,,0,,0,
13,Leicester,way,925095535,52.6186994,-1.1054109,court,pitch,tennis,,,,,,,0,,0,
13,Leicester,way,925095536,52.6190325,-1.1052088,court,pitch,tennis,,,,,,clay,0,,0,
13,Leicester,way,925095537,52.6189589,-1.1050248,court,pitch,tennis,,,,,,clay,0,,0,
13,Leicester,way,925095538,52.6192111,-1.1049271,court,pitch,tennis,,,,,,clay,0,,0,
13,Leicester,way,925095539,52.6193288,-1.1047958,court,pitch,tennis,,,,,,clay,0,,0,
13,Leicester,way,925277680,52.6575268,-0.9810945,court,pitch,tennis,,,,,,,0,,0,
13,Leicester,way,940991324,52.5122028,-1.2592152,court,pitch,tennis,,,,,,,0,,0,
13,Leicester,way,952518226,52.5454556,-0.9942597,court,pitch,tennis,,private,,,,,0,,0,
13,Leicester,way,987534581,52.5546738,-1.0862485,court,pitch,tennis,,,,,,,0,,0,
13,Leicester,way,989050292,52.7207512,-1.0715446,court,pitch,tennis,,,,,,,0,,0,
13,Leicester,way,992074026,52.7350033,-1.0441267,court,pitch,tennis,,,,,,,0,,0,
13,Leicester,way,1012219132,52.7114268,-0.9876706,court,pitch,tennis,,,,,,,0,,0,
13,Leicester,way,1028528415,52.613702,-1.1105025,sports_centre,sports_centre,tennis,,,The Leicestershire Lawn Tennis Club,,,,0,,0,
13,Leicester,way,1043580248,52.7126021,-1.1837052,court,pitch,tennis,,,,,,,0,,0,
13,Leicester,way,1043594862,52.7307821,-1.2029957,court,pitch,tennis,,,,,,,0,,0,
13,Leicester,way,1043598687,52.6845163,-1.0659989,court,pitch,tennis,,,,,,,0,,0,
13,Leicester,way,1055860814,52.5697639,-1.0322882,court,pitch,tennis,,,,,,,0,,0,
13,Leicester,way,1079937826,52.486278,-1.0203511,court,pitch,tennis,,,,,,,0,,0,
13,Leicester,way,1082773535,52.5802619,-1.1160046,court,pitch,tennis,,,,,,,0,,0,
13,Leicester,way,1085513064,52.5780907,-1.1370994,court,pitch,tennis,,,,,,tartan,0,,0,
13,Leicester,way,1089824236,52.569827,-1.1388664,court,pitch,tennis,,,,,,,0,,0,
13,Leicester,way,1095044527,52.5949139,-1.0161167,court,pitch,tennis,,,,,,,0,,0,
13,Leicester,way,1153636221,52.700113,-1.1714103,court,pitch,tennis,,,,,,,0,,0,
13,Leicester,way,1183513068,52.6365874,-1.1668756,court,pitch,tennis,,,,,,,0,,0,
13,Leicester,way,1183513069,52.6365476,-1.166454,court,pitch,tennis,,,,,,,0,,0,
13,Leicester,way,1244212123,52.7420978,-1.1840552,court,pitch,tennis,,,,,,,0,,0,
13,Leicester,way,1244212124,52.7409974,-1.168108,court,pitch,tennis,,,,,,,0,,0,
13,Leicester,way,1244228287,52.6194905,-1.2369477,court,pitch,tennis,,,,,,,0,,0,
13,Leicester,way,1244228288,52.6197863,-1.2374751,court,pitch,tennis,,,,,,,0,,0,
13,Leicester,way,1249285516,52.7718335,-1.2418796,court,pitch,tennis,,,,,,,0,,0,
13,Leicester,way,1270775505,52.6031914,-0.9763771,court,pitch,tennis,,,,,,,0,,0,
13,Leicester,way,1273872047,52.4959799,-1.0304642,court,pitch,tennis,,,,,,,0,,0,
13,Leicester,way,1273872048,52.4971515,-1.0278691,court,pitch,tennis,,,,,,,0,,0,
13,Leicester,way,1287814832,52.5035113,-1.1327694,court,pitch,tennis,,,,,,,0,,0,
13,Leicester,way,1287821443,52.7105269,-0.973155,court,pitch,tennis,,,,,,,0,,0,
13,Leicester,way,1291176746,52.6290828,-1.2878388,court,pitch,tennis,,private,,,,,0,,0,
13,Leicester,way,1291176748,52.6292369,-1.2846468,court,pitch,tennis,,,,,,,0,,0,
13,Leicester,way,1291176853,52.6346065,-1.2819824,court,pitch,football;tennis,,,,,,,0,,0,
13,Leicester,way,1298207982,52.6301196,-1.044649,court,pitch,tennis,,,,,,,0,,0,
13,Leicester,way,1299076112,52.6480044,-1.2834434,court,pitch,tennis,,,,,,,0,,0,
13,Leicester,way,1299498062,52.5776376,-1.1652156,court,pitch,tennis,,,,,,,0,,0,
13,Leicester,way,1299498063,52.5776252,-1.1649846,court,pitch,tennis,,,,,,,0,,0,
13,Leicester,way,1299498064,52.5776111,-1.1647569,court,pitch,tennis,,,,,,,0,,0,
13,Leicester,way,1326242825,52.7673089,-1.2136011,court,pitch,tennis,,,,,,,0,,0,
13,Leicester,way,1326242826,52.7670069,-1.2136762,court,pitch,tennis,,,,,,,0,,0,
13,Leicester,way,1326242827,52.7670711,-1.2134897,court,pitch,tennis,,,,,,,0,,0,
13,Leicester,way,1326242828,52.7671498,-1.2132752,court,pitch,tennis,,,,,,,0,,0,
13,Leicester,way,1326242829,52.7667408,-1.2134361,court,pitch,tennis,,,,,,,0,,0,
13,Leicester,way,1326242830,52.7668017,-1.2132484,court,pitch,tennis,,,,,,,0,,0,
13,Leicester,way,1326242831,52.7668568,-1.2130566,court,pitch,tennis,,,,,,,0,,0,
13,Leicester,way,1326523072,52.645351,-1.0732831,court,pitch,tennis,,,,,,,0,,0,
13,Leicester,way,1326523073,52.6453408,-1.0730804,court,pitch,tennis,,,,,,,0,,0,
13,Leicester,way,1326523074,52.6453327,-1.0728715,court,pitch,tennis,,,,,,,0,,0,
13,Leicester,way,1326523075,52.6453238,-1.0726684,court,pitch,tennis,,,,,,,0,,0,
13,Leicester,way,1326523076,52.645314,-1.0724579,court,pitch,tennis,,,,,,,0,,0,
13,Leicester,way,1326523077,52.6453059,-1.0722534,court,pitch,tennis,,,,,,,0,,0,
13,Leicester,way,1328442063,52.7637948,-1.2049841,court,pitch,tennis,,,,,,,0,,0,
13,Leicester,way,1328442064,52.7637331,-1.2047802,court,pitch,tennis,,,,,,,0,,0,
13,Leicester,way,1328442065,52.7636698,-1.2045495,court,pitch,tennis,,,,,,,0,,0,
13,Leicester,way,1328442066,52.7636114,-1.2043565,court,pitch,tennis,,,,,,,0,,0,
13,Leicester,way,1328442067,52.7635562,-1.2041579,court,pitch,tennis,,,,,,,0,,0,
13,Leicester,way,1328442068,52.763501,-1.2039729,court,pitch,tennis,,,,,,,0,,0,
13,Leicester,way,1331158435,52.6069495,-1.1132233,court,pitch,tennis,,,,,,,0,,0,
13,Leicester,way,1331158436,52.6074667,-1.1125676,court,pitch,tennis,,,,,,,0,,0,
13,Leicester,way,1331158437,52.6067243,-1.1128105,court,pitch,tennis,,,,,,,0,,0,
13,Leicester,way,1334552672,52.5742538,-1.1587925,court,pitch,tennis,,,,,,,0,,0,
13,Leicester,way,1344473988,52.608127,-1.1648105,court,pitch,tennis,,,,,,,0,,0,
13,Leicester,way,1350448337,52.5771019,-1.0353242,court,pitch,tennis,,yes,,,,,0,,0,
13,Leicester,way,1351638255,52.5817492,-0.9746203,court,pitch,tennis,,private,,,,,0,,0,
13,Leicester,way,1356707660,52.54747,-1.0046068,court,pitch,tennis,,private,,,,,0,,0,
13,Leicester,way,1363210517,52.6007156,-1.0864272,court,pitch,tennis,,,,,,,0,,0,
13,Leicester,way,1363210518,52.6005998,-1.0864071,court,pitch,tennis,,,,,,,0,,0,
13,Leicester,way,1378915269,52.55916,-1.2503895,court,pitch,tennis,,,,,,,0,,0,
13,Leicester,way,1475415385,52.5753522,-1.0419308,court,pitch,tennis,,private,,,,,0,,0,
13,Leicester,way,1479038939,52.5690469,-0.9798101,court,pitch,tennis,,private,,,,,0,,0,
13,Leicester,way,1492907708,52.5434305,-0.9864301,court,pitch,tennis,,,,,,,0,,0,
13,Leicester,way,1498773811,52.5989361,-1.1059613,court,pitch,tennis,,,,,,asphalt,1,Knighton Park,1,Knighton Park
13,Leicester,way,1498773812,52.5989474,-1.1057591,court,pitch,tennis,,,,,,asphalt,1,Knighton Park,1,Knighton Park
13,Leicester,relation,13192317,52.6184782,-1.2027419,court,pitch,tennis,,,,,,,1,Thorpe Astley Park & Playing Field,1,Thorpe Astley Park & Playing Field
14,Edinburgh,way,4348310,55.9414201,-3.1862465,sports_centre,sports_centre,tennis,,,Meadows Tennis,,,,1,The Meadows,1,The Meadows
14,Edinburgh,way,5120208,55.943262,-3.2792845,court,pitch,tennis,,,Corstorphine Tennis Club,,,clay,0,,0,
14,Edinburgh,way,29253989,55.9440702,-3.095966,court,pitch,tennis,,,,,,,0,,0,
14,Edinburgh,way,35593279,55.9189693,-3.211625,sports_centre,sports_centre,tennis,,,Mortonhall Tennis Club,,,,0,,0,
14,Edinburgh,way,37264174,55.9562873,-3.2142799,sports_centre,sports_centre,tennis;squash,,,Dean Tennis & Squash Club,,,,0,,0,
14,Edinburgh,way,37952949,55.9049676,-3.3694466,court,pitch,tennis,,,,,,,0,,0,
14,Edinburgh,way,39626141,55.9236549,-3.2173717,court,pitch,tennis,,,,,,,1,Morningside Park,1,Morningside Park
14,Edinburgh,way,40070880,55.9221523,-3.2351919,sports_centre,sports_centre,tennis,,,Craiglockhart Tennis Centre,Edinburgh Leisure,,,0,,0,
14,Edinburgh,way,40070894,55.9217042,-3.2356315,sports_centre,sports_centre,tennis,,,Craiglockhart Tennis Courts,Edinburgh Leisure,,,0,,0,
14,Edinburgh,way,41120163,55.9352758,-3.2212023,court,pitch,tennis,,private,Merchiston Tennis Court,,,clay,0,,0,
14,Edinburgh,way,47514454,55.9724423,-3.1643489,sports_centre,sports_centre,petanque;tennis,,,,,,,1,Leith Links West,1,Leith Links West
14,Edinburgh,way,58450697,55.983345,-3.1945797,court,pitch,tennis,,,,,,,0,,0,
14,Edinburgh,way,60897353,55.9254929,-3.1991625,court,pitch,tennis,,,,,,artificial_turf,0,,0,
14,Edinburgh,way,64241120,55.9634854,-3.212915,sports_centre,sports_centre,tennis,,yes,,LTA,,,1,Inverleith Park,1,Inverleith Park
14,Edinburgh,way,75084119,55.912326,-3.2555565,court,pitch,tennis,,,,,,,0,,0,
14,Edinburgh,way,87537568,55.9415075,-3.1871446,court,pitch,tennis,,,Court 9,Edinburgh Leisure,,tartan,1,The Meadows,1,The Meadows
14,Edinburgh,way,91156741,55.9349662,-3.3404974,court,pitch,tennis,,,,,,,0,,0,
14,Edinburgh,way,93759619,55.9189156,-3.2115288,court,pitch,tennis,,,,,,artificial_turf,0,,0,
14,Edinburgh,way,93759621,55.918783,-3.2120639,court,pitch,tennis,,,,,,artificial_turf,0,,0,
14,Edinburgh,way,93759626,55.9191464,-3.2110739,court,pitch,tennis,,,,,,artificial_turf,0,,0,
14,Edinburgh,way,93759628,55.919022,-3.211614,court,pitch,tennis,,,,,,artificial_turf,0,,0,
14,Edinburgh,way,93759629,55.9188932,-3.2121486,court,pitch,tennis,,,,,,artificial_turf,0,,0,
14,Edinburgh,way,97227392,55.9727351,-3.4146268,court,pitch,tennis,,,,,,,0,,0,
14,Edinburgh,way,98912164,55.9099347,-3.2538427,court,pitch,tennis,,private,,,,,0,,0,
14,Edinburgh,way,98912165,55.9098668,-3.2540502,court,pitch,tennis,,private,,,,,0,,0,
14,Edinburgh,way,98912168,55.9070842,-3.2643167,court,pitch,tennis,,private,,,,,1,,1,
14,Edinburgh,way,98912170,55.9100049,-3.2536382,court,pitch,tennis,,private,,,,,0,,0,
14,Edinburgh,way,128238306,55.8850166,-3.3382527,court,pitch,tennis,,,,,,tartan,0,,0,
14,Edinburgh,way,129996041,55.9392943,-3.2831001,court,pitch,tennis,,,,,,,1,St Margaret's Park,1,St Margaret's Park
14,Edinburgh,way,129996043,55.93914,-3.2836988,court,pitch,tennis,,,,,,,1,St Margaret's Park,1,St Margaret's Park
14,Edinburgh,way,129996045,55.9392433,-3.2832981,court,pitch,tennis,,,,,,,1,St Margaret's Park,1,St Margaret's Park
14,Edinburgh,way,129996052,55.9391917,-3.283498,court,pitch,tennis,,,,,,,1,St Margaret's Park,1,St Margaret's Park
14,Edinburgh,way,144228752,55.9558633,-3.2510082,court,pitch,tennis,,,Blackhall Lawn Tennis Club,,,clay,0,,0,
14,Edinburgh,way,150515022,55.9636473,-3.228288,court,pitch,tennis,,,,,,,0,,0,
14,Edinburgh,way,161452274,55.984396,-3.1956079,court,pitch,tennis,,,,,,,0,,0,
14,Edinburgh,way,186834406,55.9690641,-3.30134,court,pitch,tennis,,,,,,,0,,0,
14,Edinburgh,way,189541458,55.9478825,-3.2366139,court,pitch,tennis,,private,Henderland Road Family Tennis Club,,,,0,,0,
14,Edinburgh,way,217728945,55.9383006,-3.3048906,court,pitch,tennis,,,,,,,1,Gyle Park,1,Gyle Park
14,Edinburgh,way,217728946,55.9387015,-3.304483,court,pitch,tennis,,,,,,,1,Gyle Park,1,Gyle Park
14,Edinburgh,way,217728947,55.9386578,-3.3050532,court,pitch,tennis,,,,,,,1,Gyle Park,1,Gyle Park
14,Edinburgh,way,217728948,55.9383188,-3.304657,court,pitch,tennis,,,,,,,1,Gyle Park,1,Gyle Park
14,Edinburgh,way,217728949,55.9386737,-3.3048229,court,pitch,tennis,,,,,,,1,Gyle Park,1,Gyle Park
14,Edinburgh,way,217728950,55.9387216,-3.3042504,court,pitch,tennis,,,,,,,1,Gyle Park,1,Gyle Park
14,Edinburgh,way,219651070,55.9447903,-3.2449064,sports_centre,sports_centre,tennis,,,Murrayfield Lawn Tennis Club,,,artificial_turf,0,,0,
14,Edinburgh,way,220432957,55.9234603,-3.2357458,sports_centre,sports_centre,tennis,,,,,,,0,,0,
14,Edinburgh,way,224413925,55.9473572,-3.2490045,court,pitch,tennis,,private,,,,,1,,1,
14,Edinburgh,way,227354379,55.9620726,-3.2261362,court,pitch,tennis,,,,,,,0,,0,
14,Edinburgh,way,227354382,55.9630583,-3.2215877,court,pitch,tennis,,,,,,,0,,0,
14,Edinburgh,way,227354389,55.9625055,-3.224156,court,pitch,tennis,,,,,,,0,,0,
14,Edinburgh,way,227354390,55.9612274,-3.2291149,court,pitch,tennis,,,,,,grass,0,,0,
14,Edinburgh,way,238054150,55.9292022,-3.1681805,court,pitch,tennis,,private,,,,,0,,0,
14,Edinburgh,way,238054151,55.9290891,-3.1680514,court,pitch,tennis,,private,,,,,0,,0,
14,Edinburgh,way,242110461,55.9271377,-3.1731702,court,pitch,tennis,,,,,,artificial_turf,0,,0,
14,Edinburgh,way,242110464,55.9268771,-3.1729165,court,pitch,tennis,,,,,,artificial_turf,0,,0,
14,Edinburgh,way,242110466,55.9269388,-3.1727019,court,pitch,tennis,,,,,,artificial_turf,0,,0,
14,Edinburgh,way,242110469,55.9271997,-3.1729492,court,pitch,tennis,,,,,,artificial_turf,0,,0,
14,Edinburgh,way,242929261,55.9285164,-3.2191588,court,pitch,tennis,,,,,,,0,,0,
14,Edinburgh,way,252048965,55.9240999,-3.3828416,court,pitch,tennis,,private,,,,,0,,0,
14,Edinburgh,way,257135098,55.8834131,-3.3452212,court,pitch,tennis,,private,,,,,0,,0,
14,Edinburgh,way,257356796,55.9721319,-3.1649161,court,pitch,tennis,,,Leith Links Tennis,Lawn Tennis Association,,acrylic,1,Leith Links West,1,Leith Links West
14,Edinburgh,way,257356798,55.9721742,-3.1646935,court,pitch,tennis,,,Leith Links Tennis,Lawn Tennis Association,,acrylic,1,Leith Links West,1,Leith Links West
14,Edinburgh,way,257356800,55.9720898,-3.1651413,court,pitch,tennis,,,Leith Links Tennis,Lawn Tennis Association,,acrylic,1,Leith Links West,1,Leith Links West
14,Edinburgh,way,258557392,55.9249219,-3.1641685,court,pitch,tennis,,,,,,artificial_turf,0,,0,
14,Edinburgh,way,258557395,55.9249482,-3.164402,court,pitch,tennis,,,,,,artificial_turf,0,,0,
14,Edinburgh,way,258557396,55.9250001,-3.164862,court,pitch,tennis,,,,,,artificial_turf,0,,0,
14,Edinburgh,way,258557397,55.9249731,-3.1646223,court,pitch,tennis,,,,,,artificial_turf,0,,0,
14,Edinburgh,way,266050220,55.9355874,-3.1665533,court,pitch,tennis,,,,,,tartan,0,,0,
14,Edinburgh,way,269556132,55.9516026,-3.1448411,court,pitch,tennis,,,,,,artificial_turf,0,,0,
14,Edinburgh,way,269556133,55.9516073,-3.1445652,court,pitch,tennis,,,,,,artificial_turf,0,,0,
14,Edinburgh,way,269556134,55.951615,-3.1440393,court,pitch,tennis,,,,,,artificial_turf,0,,0,
14,Edinburgh,way,269556136,55.9516103,-3.1442925,court,pitch,tennis,,,,,,artificial_turf,0,,0,
14,Edinburgh,way,278843509,55.959686,-3.1936941,court,pitch,tennis,,,Drummond Lawn Tennis Club,,,,0,,0,
14,Edinburgh,way,321109490,55.9556878,-3.1799704,court,pitch,tennis,,,,,,,1,Regent Gardens,1,Regent Gardens
14,Edinburgh,way,322710884,55.9049526,-3.2868907,court,pitch,tennis,,,,,,,0,,0,
14,Edinburgh,way,327476982,55.9253691,-3.199537,court,pitch,tennis,,,,,,artificial_turf,0,,0,
14,Edinburgh,way,327476983,55.9254307,-3.1993514,court,pitch,tennis,,,Braid Tennis Club,,,artificial_turf,0,,0,
14,Edinburgh,way,329638051,55.9504238,-3.4058583,court,pitch,tennis,,private,,,,,0,,0,
14,Edinburgh,way,330640869,55.9552598,-3.3765507,court,pitch,tennis,,private,,,,,1,,1,
14,Edinburgh,way,343250775,55.9718822,-3.2061724,court,pitch,tennis,,,St Serfs Tennis Club,,3,,0,,0,
14,Edinburgh,way,345762108,55.9242292,-3.3224555,court,pitch,tennis,,private,,,,,0,,0,
14,Edinburgh,way,349206682,55.9354446,-3.1661993,court,pitch,tennis,,,,,,tartan,0,,0,
14,Edinburgh,way,349206683,55.9353474,-3.1660674,court,pitch,tennis,,,,,,tartan,0,,0,
14,Edinburgh,way,349206684,55.9356633,-3.1663727,court,pitch,tennis,,,,,,tartan,0,,0,
14,Edinburgh,way,349206685,55.935742,-3.1661915,court,pitch,tennis,,,,,,tartan,0,,0,
14,Edinburgh,way,358668755,55.9672835,-3.2786469,court,pitch,tennis,,,,,,artificial_turf,0,,0,
14,Edinburgh,way,358668756,55.967708,-3.2791192,court,pitch,tennis,,,,,,artificial_turf,0,,0,
14,Edinburgh,way,358668757,55.9677707,-3.2789098,court,pitch,tennis,,,,,,artificial_turf,0,,0,
14,Edinburgh,way,358668759,55.9675058,-3.2788665,court,pitch,tennis,,,,,,artificial_turf,0,,0,
14,Edinburgh,way,358668761,55.9679422,-3.2793398,court,pitch,tennis,,,,,,artificial_turf,0,,0,
14,Edinburgh,way,358668762,55.9673972,-3.278763,court,pitch,tennis,,,,,,artificial_turf,0,,0,
14,Edinburgh,way,358668763,55.967708,-3.2789583,sports_centre,sports_centre,tennis,,,Barnton Park Lawn Tennis Club,,,,0,,0,
14,Edinburgh,way,360172996,55.9668994,-3.2869176,court,pitch,tennis,,private,,,,,0,,0,
14,Edinburgh,way,360172999,55.9659045,-3.2847692,court,pitch,tennis,,private,,,,,0,,0,
14,Edinburgh,way,360173000,55.965942,-3.2867014,court,pitch,tennis,,private,,,,,0,,0,
14,Edinburgh,way,360180530,55.9678143,-3.3045523,court,pitch,tennis,,private,,,,,0,,0,
14,Edinburgh,way,360180533,55.9687172,-3.3050537,court,pitch,tennis,,private,,,,,0,,0,
14,Edinburgh,way,371399098,55.9844834,-3.3875383,court,pitch,tennis,,,,,,,1,Dundas Park,1,Dundas Park
14,Edinburgh,way,373869851,55.9008417,-3.2361467,court,pitch,tennis,,,,,,,0,,0,
14,Edinburgh,way,373870687,55.9004078,-3.2446111,court,pitch,tennis,,,,,,,0,,0,
14,Edinburgh,way,384304575,55.8800313,-3.347653,court,pitch,tennis,,private,,,,,0,,0,
14,Edinburgh,way,386701557,55.9065128,-3.2531317,court,pitch,tennis,,,,,,artificial_turf,0,,0,
14,Edinburgh,way,386701558,55.9061849,-3.2532585,court,pitch,tennis,,,,,,artificial_turf,0,,0,
14,Edinburgh,way,386701559,55.9064396,-3.2533177,court,pitch,tennis,,,,,,artificial_turf,0,,0,
14,Edinburgh,way,386701560,55.906712,-3.253646,court,pitch,tennis,,,,,,artificial_turf,0,,0,
14,Edinburgh,way,386701561,55.9066455,-3.2538318,court,pitch,tennis,,,,,,artificial_turf,0,,0,
14,Edinburgh,way,386701562,55.9061545,-3.2533493,court,pitch,tennis,,,,,,artificial_turf,0,,0,
14,Edinburgh,way,386701563,55.9063716,-3.2535106,court,pitch,tennis,,,,,,artificial_turf,0,,0,
14,Edinburgh,way,386701564,55.9067802,-3.253452,court,pitch,tennis,,,,,,artificial_turf,0,,0,
14,Edinburgh,way,413183863,55.9544186,-3.2510322,court,pitch,tennis,,private,,The Mary Erskine School,,asphalt,0,,0,
14,Edinburgh,way,416106296,55.9447833,-3.2450093,court,pitch,tennis,,,,,,grass,0,,0,
14,Edinburgh,way,416106297,55.9447655,-3.2452282,court,pitch,tennis,,,,,,grass,0,,0,
14,Edinburgh,way,416106298,55.9448196,-3.2445639,court,pitch,tennis,,,,,,grass,0,,0,
14,Edinburgh,way,416106299,55.9448015,-3.2447853,court,pitch,tennis,,,,,,grass,0,,0,
14,Edinburgh,way,423422822,55.9413751,-3.1867398,court,pitch,tennis,,,Court 11,Edinburgh Leisure,,tartan,1,The Meadows,1,The Meadows
14,Edinburgh,way,423422823,55.9415795,-3.1862311,court,pitch,tennis,,,Court 5,Edinburgh Leisure,,tartan,1,The Meadows,1,The Meadows
14,Edinburgh,way,423422824,55.9411763,-3.1861317,court,pitch,tennis,,,Court 14,Edinburgh Leisure,,tartan,1,The Meadows,1,The Meadows
14,Edinburgh,way,423422825,55.9413758,-3.1856028,court,pitch,tennis,,,Court 2,Edinburgh Leisure,,tartan,1,The Meadows,1,The Meadows
14,Edinburgh,way,423422826,55.9414412,-3.1869419,court,pitch,tennis,,,Court 10,Edinburgh Leisure,,tartan,1,The Meadows,1,The Meadows
14,Edinburgh,way,423422827,55.9416476,-3.1864415,court,pitch,tennis,,,Court 6,Edinburgh Leisure,,tartan,1,The Meadows,1,The Meadows
14,Edinburgh,way,423422828,55.9411101,-3.1859293,court,pitch,tennis,,,Court 15,Edinburgh Leisure,,tartan,1,The Meadows,1,The Meadows
14,Edinburgh,way,423422829,55.9410434,-3.1857255,court,pitch,tennis,,,Court 16,Edinburgh Leisure,,tartan,1,The Meadows,1,The Meadows
14,Edinburgh,way,423422830,55.9412428,-3.1863352,court,pitch,tennis,,,Court 13,Edinburgh Leisure,,tartan,1,The Meadows,1,The Meadows
14,Edinburgh,way,423422831,55.9414432,-3.185811,court,pitch,tennis,,,Court 3,Edinburgh Leisure,,tartan,1,The Meadows,1,The Meadows
14,Edinburgh,way,423422832,55.9417162,-3.1866529,court,pitch,tennis,,,Court 7,Edinburgh Leisure,,tartan,1,The Meadows,1,The Meadows
14,Edinburgh,way,423422833,55.941309,-3.1865374,court,pitch,tennis,,,Court 12,Edinburgh Leisure,,tartan,1,The Meadows,1,The Meadows
14,Edinburgh,way,423422835,55.9415115,-3.1860216,court,pitch,tennis,,,Court 4,Edinburgh Leisure,,tartan,1,The Meadows,1,The Meadows
14,Edinburgh,way,423422836,55.9413068,-3.1853901,court,pitch,tennis,,,Court 1,Edinburgh Leisure,,tartan,1,The Meadows,1,The Meadows
14,Edinburgh,way,423876395,55.9215451,-3.2004434,court,pitch,tennis,,private,,,,,0,,0,
14,Edinburgh,way,423876398,55.923651,-3.2173621,court,pitch,tennis,,,,City of Edinburgh Council,,,1,Morningside Park,1,Morningside Park
14,Edinburgh,way,424943732,55.9216313,-3.2354204,court,pitch,tennis,,,,Edinburgh Leisure,,,0,,0,
14,Edinburgh,way,424943733,55.9235368,-3.2359512,court,pitch,tennis,,,,Edinburgh Leisure,,clay,0,,0,
14,Edinburgh,way,424943734,55.9235954,-3.2361566,court,pitch,tennis,,,,Edinburgh Leisure,,clay,0,,0,
14,Edinburgh,way,424943735,55.9229824,-3.2348839,court,pitch,tennis,,,,Edinburgh Leisure,,clay,0,,0,
14,Edinburgh,way,424943736,55.9234059,-3.2355282,court,pitch,tennis,,,,Edinburgh Leisure,,clay,0,,0,
14,Edinburgh,way,424943738,55.9234692,-3.2357453,court,pitch,tennis,,,,Edinburgh Leisure,,clay,0,,0,
14,Edinburgh,way,424943740,55.9216944,-3.2356523,court,pitch,tennis,,,,Edinburgh Leisure,,,0,,0,
14,Edinburgh,way,424943741,55.9217516,-3.2358656,court,pitch,tennis,,,,Edinburgh Leisure,,,0,,0,
14,Edinburgh,way,427814819,55.9151992,-3.2512326,court,pitch,tennis,,,,,,,0,,0,
14,Edinburgh,way,427814821,55.9152912,-3.2510777,court,pitch,tennis,,,,,,,0,,0,
14,Edinburgh,way,427814822,55.9149338,-3.2507431,court,pitch,tennis,,,,,,,0,,0,
14,Edinburgh,way,427814826,55.9150199,-3.2506003,court,pitch,tennis,,,,,,,0,,0,
14,Edinburgh,way,427814829,55.9147557,-3.2510429,court,pitch,tennis,,,,,,,0,,0,
14,Edinburgh,way,427814831,55.9148421,-3.250898,court,pitch,tennis,,,,,,,0,,0,
14,Edinburgh,way,434795796,55.963667,-3.2130444,court,pitch,tennis,,,,,,tartan,1,Inverleith Park,1,Inverleith Park
14,Edinburgh,way,434795797,55.9635476,-3.2129584,court,pitch,tennis,,,,,,concrete,1,Inverleith Park,1,Inverleith Park
14,Edinburgh,way,434795798,55.9634267,-3.2128719,court,pitch,tennis,,,,,,concrete,1,Inverleith Park,1,Inverleith Park
14,Edinburgh,way,434795799,55.9633065,-3.212785,court,pitch,tennis,,,,,,concrete,1,Inverleith Park,1,Inverleith Park
14,Edinburgh,way,438582996,55.9614469,-3.3152181,court,pitch,tennis,,private,,,,,0,,0,
14,Edinburgh,way,442095203,55.9359688,-3.2002236,court,pitch,soccer;tennis;hockey,,private,JGHS Astroturf,,,artificial_turf,0,,0,
14,Edinburgh,way,443814910,55.9493783,-3.2248597,court,pitch,tennis,,,,,,artificial_turf,0,,0,
14,Edinburgh,way,443814911,55.9493766,-3.2246334,sports_centre,sports_centre,tennis,,,Edinburgh Sports Club,,,,0,,0,
14,Edinburgh,way,443814912,55.9493768,-3.2246364,court,pitch,tennis,,,,,,artificial_turf,0,,0,
14,Edinburgh,way,443814913,55.9493757,-3.2244084,court,pitch,tennis,,,,,,artificial_turf,0,,0,
14,Edinburgh,way,450105884,55.8985321,-3.1952445,court,pitch,tennis,,private,,,,,0,,0,
14,Edinburgh,way,457096731,55.9649205,-3.3371168,court,pitch,tennis,,,,,,,0,,0,
14,Edinburgh,way,469046852,55.9627352,-3.2053198,court,pitch,tennis,,,,,,,0,,0,
14,Edinburgh,way,473780355,55.929965,-3.2030457,court,pitch,tennis,,,Falcon Tennis Court,,,clay,0,,0,
14,Edinburgh,way,473780356,55.9299586,-3.203264,court,pitch,tennis,,,Falcon Tennis Court,,,clay,0,,0,
14,Edinburgh,way,473780357,55.9299538,-3.2034799,court,pitch,tennis,,,Falcon Tennis Court,,,clay,0,,0,
14,Edinburgh,way,473780358,55.9352073,-3.2213871,court,pitch,tennis,,private,Merchiston Tennis Court,,,clay,0,,0,
14,Edinburgh,way,473780359,55.9354297,-3.2215283,court,pitch,tennis,,private,Merchiston Tennis Court,,,clay,0,,0,
14,Edinburgh,way,482442987,55.9606464,-3.2118033,court,pitch,tennis,,,,,,grass,0,,0,
14,Edinburgh,way,482442988,55.9603652,-3.2115659,court,pitch,tennis,,,,,,grass,0,,0,
14,Edinburgh,way,482442989,55.9603134,-3.2117724,court,pitch,tennis,,,,,,grass,0,,0,
14,Edinburgh,way,482442990,55.9598041,-3.2125315,court,pitch,tennis,,,,,,,0,,0,
14,Edinburgh,way,482442991,55.9598243,-3.2127488,court,pitch,tennis,,,,,,,0,,0,
14,Edinburgh,way,482442993,55.9599239,-3.2139933,court,pitch,tennis,,,,,,,0,,0,
14,Edinburgh,way,482442994,55.959949,-3.2141958,court,pitch,tennis,,,,,,,0,,0,
14,Edinburgh,way,491327229,55.9833271,-3.1958268,court,pitch,tennis,,,,,,,0,,0,
14,Edinburgh,way,491327230,55.9833305,-3.1955893,court,pitch,tennis,,,,,,,0,,0,
14,Edinburgh,way,491327231,55.9833349,-3.1952808,court,pitch,tennis,,,,,,,0,,0,
14,Edinburgh,way,491327232,55.9833382,-3.1950515,court,pitch,tennis,,,,,,,0,,0,
14,Edinburgh,way,491327233,55.9833416,-3.1948182,court,pitch,tennis,,,,,,,0,,0,
14,Edinburgh,way,495247654,55.9306938,-3.1552253,court,pitch,tennis,,,,,,,0,,0,
14,Edinburgh,way,495247657,55.9307769,-3.1547177,court,pitch,tennis,,,,,,,0,,0,
14,Edinburgh,way,495247659,55.9307309,-3.1549986,court,pitch,tennis,,,,,,,0,,0,
14,Edinburgh,way,666639384,55.9494021,-3.2268636,court,pitch,tennis,,,,,,,0,,0,
14,Edinburgh,way,666639385,55.9494895,-3.2268468,court,pitch,tennis,,,,,,,0,,0,
14,Edinburgh,way,707023342,55.9844781,-3.387282,court,pitch,tennis,,,,,,,1,Dundas Park,1,Dundas Park
14,Edinburgh,way,707023343,55.9844845,-3.3877806,court,pitch,tennis,,,,,,,1,Dundas Park,1,Dundas Park
14,Edinburgh,way,723855664,55.9129544,-3.1526854,court,pitch,tennis,,,,,,,0,,0,
14,Edinburgh,way,729200477,55.8897103,-3.3322712,court,pitch,tennis,,private,,,,,0,,0,
14,Edinburgh,way,760814462,55.9233407,-3.2353154,court,pitch,tennis,,,,Edinburgh Leisure,,clay,0,,0,
14,Edinburgh,way,765484458,55.9105916,-3.3521148,court,pitch,tennis,,,,,,,1,,1,
14,Edinburgh,way,778720176,55.9614245,-3.3091324,court,pitch,tennis,,private,,,,,0,,0,
14,Edinburgh,way,814233176,55.8976192,-3.1941986,court,pitch,tennis,,,,,,,0,,0,
14,Edinburgh,way,815483733,55.9652496,-3.2898262,court,pitch,tennis,,private,,,,,0,,0,
14,Edinburgh,way,844423794,55.920103,-3.2041268,court,pitch,tennis,,private,,,,,0,,0,
14,Edinburgh,way,857497076,55.9009264,-3.2512131,court,pitch,tennis,,private,,,,,0,,0,
14,Edinburgh,way,859466012,55.9606103,-3.2120028,court,pitch,tennis,,,,,,grass,0,,0,
14,Edinburgh,way,868045313,55.9736522,-3.4455722,court,pitch,tennis,,private,,,,,0,,0,
14,Edinburgh,way,891293488,55.9488264,-3.2778731,court,pitch,tennis,,,,,,,0,,0,
14,Edinburgh,way,922061751,55.9482109,-3.2517689,court,pitch,tennis,,private,,,,,1,,1,
14,Edinburgh,way,922887985,55.9538575,-3.2516327,court,pitch,tennis,,private,,The Mary Erskine School,,asphalt,0,,0,
14,Edinburgh,way,922887986,55.9540332,-3.2512253,court,pitch,tennis,,private,,The Mary Erskine School,,asphalt,0,,0,
14,Edinburgh,way,922887987,55.9541499,-3.2518323,court,pitch,tennis,,private,,The Mary Erskine School,,asphalt,0,,0,
14,Edinburgh,way,926287421,55.9010035,-3.2866993,court,pitch,tennis,,private,,,,,0,,0,
14,Edinburgh,way,940449767,55.9627938,-3.4199732,court,pitch,tennis,,,,,,,1,,1,
14,Edinburgh,way,950007698,55.8894498,-3.3238047,court,pitch,tennis,,private,,,,,0,,0,
14,Edinburgh,way,974109328,55.9743011,-3.1948489,court,pitch,tennis,,,,,,asphalt,1,Victoria Park,1,Victoria Park
14,Edinburgh,way,1026721836,55.9417839,-3.1868649,court,pitch,tennis,,,Court 8,Edinburgh Leisure,,tartan,1,The Meadows,1,The Meadows
14,Edinburgh,way,1035870127,55.9245288,-3.426578,court,pitch,tennis;basketball,,,,,,,0,,0,
14,Edinburgh,way,1104643808,55.87553,-3.3696283,court,pitch,tennis,,,,,,,0,,0,
14,Edinburgh,way,1104643810,55.8783609,-3.3696427,court,pitch,tennis,,,,,,,0,,0,
14,Edinburgh,way,1117901558,55.947822,-3.100097,court,pitch,tennis,,,,,,,0,,0,
14,Edinburgh,way,1117901559,55.9478316,-3.0998648,court,pitch,tennis,,,,,,,0,,0,
14,Edinburgh,way,1120156714,55.9298132,-3.3158562,court,pitch,tennis;basketball;netball;soccer;pickleball,,,,,,,0,,0,
14,Edinburgh,way,1160833932,55.8850401,-3.3380189,court,pitch,tennis,,,,,,tartan,0,,0,
14,Edinburgh,way,1286565230,55.9561718,-3.2140303,court,pitch,tennis,,customers,,,,artificial_turf,0,,0,
14,Edinburgh,way,1286565231,55.9562562,-3.214195,court,pitch,tennis,,customers,,,,artificial_turf,0,,0,
14,Edinburgh,way,1286565232,55.9563415,-3.2143631,court,pitch,tennis,,customers,,,,artificial_turf,0,,0,
14,Edinburgh,way,1286565233,55.9564264,-3.2145291,court,pitch,tennis,,customers,,,,artificial_turf,0,,0,
14,Edinburgh,way,1317595303,55.9858955,-3.3859547,court,pitch,tennis,,,,,,,0,,0,
14,Edinburgh,way,1317595304,55.9857643,-3.3859489,court,pitch,tennis,,,,,,,0,,0,
14,Edinburgh,way,1317595305,55.9856393,-3.3859447,court,pitch,tennis,,,,,,,0,,0,
14,Edinburgh,way,1317595306,55.9855108,-3.3859362,court,pitch,tennis,,,,,,,0,,0,
14,Edinburgh,way,1325261840,55.9645287,-3.2003872,court,pitch,tennis,,,,,,,0,,0,
14,Edinburgh,way,1469566056,55.9049157,-3.369656,court,pitch,tennis,,,,,,,0,,0,
14,Edinburgh,way,1498044982,55.9774879,-3.209228,court,pitch,tennis,,,,,,,1,Lomond Park,1,Lomond Park
14,Edinburgh,way,1498044983,55.977485,-3.2094426,court,pitch,tennis,,,,,,,1,Lomond Park,1,Lomond Park
14,Edinburgh,way,1498044984,55.9774808,-3.2096596,court,pitch,tennis,,,,,,,1,Lomond Park,1,Lomond Park
14,Edinburgh,way,1498044985,55.9771701,-3.2094276,court,pitch,tennis,,,,,,,1,Lomond Park,1,Lomond Park
14,Edinburgh,way,1498044986,55.9771677,-3.2096467,court,pitch,tennis,,,,,,,1,Lomond Park,1,Lomond Park
15,Brighton and Hove,node,283142519,50.8035794,-0.0420401,sports_centre,sports_centre,tennis,sport,,Saltdean Tennis Club,,,,1,Saltdean Oval,1,Saltdean Oval
15,Brighton and Hove,way,4405457,50.8400048,-0.1729329,court,pitch,tennis,,,,,,clay,1,Hove Park,1,Hove Park
15,Brighton and Hove,way,4405458,50.8402268,-0.1722555,court,pitch,tennis,,,,,,asphalt,1,Hove Park,1,Hove Park
15,Brighton and Hove,way,4564534,50.8180741,-0.1018027,court,pitch,tennis,,,,,,grass,1,,1,
15,Brighton and Hove,way,33527507,50.8106042,-0.081152,court,pitch,tennis,,,,,,,0,,0,
15,Brighton and Hove,way,33527514,50.8109391,-0.0806695,court,pitch,tennis,,private,,,,,0,,0,
15,Brighton and Hove,way,97123959,50.8258733,-0.1884851,court,pitch,tennis,,,,,,asphalt,0,,0,
15,Brighton and Hove,way,97123966,50.8258306,-0.187912,court,pitch,tennis,,,,,,asphalt,0,,0,
15,Brighton and Hove,way,97123975,50.8258592,-0.1882964,court,pitch,tennis,,,,,,asphalt,0,,0,
15,Brighton and Hove,way,97123984,50.825845,-0.1881049,court,pitch,tennis,,,,,,asphalt,0,,0,
15,Brighton and Hove,way,111835521,50.8259486,-0.1893567,court,pitch,tennis,,,,,,asphalt,0,,0,
15,Brighton and Hove,way,111835528,50.8259641,-0.1895589,court,pitch,tennis,,,,,,asphalt,0,,0,
15,Brighton and Hove,way,111835532,50.8259792,-0.1897531,court,pitch,tennis,,,,,,asphalt,0,,0,
15,Brighton and Hove,way,111835535,50.8259335,-0.1891625,court,pitch,tennis,,,,,,asphalt,0,,0,
15,Brighton and Hove,way,127064769,50.8256765,-0.1232444,court,pitch,tennis,,,,,,,1,Queen's Park,1,Queen's Park
15,Brighton and Hove,way,127064770,50.8253541,-0.1234167,court,pitch,tennis,,,,,,,1,Queen's Park,1,Queen's Park
15,Brighton and Hove,way,127064771,50.8253601,-0.1232227,court,pitch,tennis,,,,,,,1,Queen's Park,1,Queen's Park
15,Brighton and Hove,way,127064772,50.8239745,-0.1247589,court,pitch,tennis,,,,,,,1,Queen's Park,1,Queen's Park
15,Brighton and Hove,way,127064773,50.8256711,-0.1234382,court,pitch,tennis,,,,,,,1,Queen's Park,1,Queen's Park
15,Brighton and Hove,way,127064774,50.82424,-0.1244509,court,pitch,tennis,,,,,,,1,Queen's Park,1,Queen's Park
15,Brighton and Hove,way,127502135,50.8430506,-0.1614522,court,pitch,tennis,,,,,,,0,,0,
15,Brighton and Hove,way,149873123,50.8653332,-0.1393961,court,pitch,tennis,,,,,,,0,,0,
15,Brighton and Hove,way,151403632,50.8425407,-0.1489751,court,pitch,tennis,,customers,,,,asphalt,0,,0,
15,Brighton and Hove,way,151403633,50.8429054,-0.1491115,court,pitch,tennis,,,,,,clay,0,,0,
15,Brighton and Hove,way,151550591,50.8489046,-0.1345847,court,pitch,tennis,,,Court 1,,,asphalt,0,,0,
15,Brighton and Hove,way,188143432,50.8283204,-0.1517381,court,pitch,tennis,,,,,,,0,,0,
15,Brighton and Hove,way,188143435,50.8287361,-0.1512711,court,pitch,tennis,,,,,,,0,,0,
15,Brighton and Hove,way,226699642,50.8104218,-0.080333,court,pitch,tennis,,,,,,,0,,0,
15,Brighton and Hove,way,234325241,50.8183451,-0.1123158,court,pitch,tennis,,private,,Badgers Tennis Club,,asphalt,0,,0,
15,Brighton and Hove,way,234326034,50.8184732,-0.1118973,tennis_club,,,tennis,,Badgers Tennis Club,,,,0,,0,
15,Brighton and Hove,way,234391678,50.8033157,-0.0423608,court,pitch,tennis,,,,Saltdean Tennis Club,,,1,Saltdean Oval,1,Saltdean Oval
15,Brighton and Hove,way,234391679,50.8029948,-0.0425435,court,pitch,tennis,,,,Saltdean Tennis Club,,,1,Saltdean Oval,1,Saltdean Oval
15,Brighton and Hove,way,234391681,50.8031592,-0.0424567,court,pitch,tennis,,,,Saltdean Tennis Club,,,1,Saltdean Oval,1,Saltdean Oval
15,Brighton and Hove,way,234391684,50.8034623,-0.0422455,court,pitch,tennis,,,,Saltdean Tennis Club,,,1,Saltdean Oval,1,Saltdean Oval
15,Brighton and Hove,way,277412544,50.8402752,-0.1794387,court,pitch,tennis,,private,,,,asphalt,0,,0,
15,Brighton and Hove,way,371912035,50.8569186,-0.0862099,court,pitch,tennis,,,Hard Courts,,,,0,,0,
15,Brighton and Hove,way,386609509,50.858136,-0.0899684,court,pitch,tennis,,,,,,,0,,0,
15,Brighton and Hove,way,397479597,50.8333175,-0.1923069,court,pitch,tennis,,,,,,asphalt,1,Davis Park,1,Davis Park
15,Brighton and Hove,way,397479598,50.8332169,-0.1916733,court,pitch,tennis,,,,,,asphalt,1,Davis Park,1,Davis Park
15,Brighton and Hove,way,423726760,50.8359894,-0.1561784,court,pitch,tennis,,private,,,,paved,0,,0,
15,Brighton and Hove,way,423726789,50.8360379,-0.1563619,court,pitch,tennis,,private,,,,paved,0,,0,
15,Brighton and Hove,way,423726792,50.8364146,-0.1569597,court,pitch,tennis,,private,,,,paved,0,,0,
15,Brighton and Hove,way,423726796,50.8363278,-0.1567433,court,pitch,tennis,,private,,,,paved,0,,0,
15,Brighton and Hove,way,423726798,50.8360854,-0.1565468,court,pitch,tennis,,private,,,,paved,0,,0,
15,Brighton and Hove,way,614495437,50.8386742,-0.146017,court,pitch,tennis,,customers,Court 8,,,asphalt,1,Preston Park,1,Preston Park
15,Brighton and Hove,way,614495438,50.8385768,-0.1461455,court,pitch,tennis,,customers,Court 7,,,asphalt,1,Preston Park,1,Preston Park
15,Brighton and Hove,way,614495439,50.8384585,-0.1456137,court,pitch,tennis,,customers,Court 5,,,asphalt,1,Preston Park,1,Preston Park
15,Brighton and Hove,way,614495440,50.8383633,-0.145752,court,pitch,tennis,,customers,Court 6,,,asphalt,1,Preston Park,1,Preston Park
15,Brighton and Hove,way,614495441,50.838712,-0.1452689,court,pitch,tennis,,customers,Court 1,,,asphalt,1,Preston Park,1,Preston Park
15,Brighton and Hove,way,614495442,50.8389306,-0.1456634,court,pitch,tennis,,customers,Court 3,,,asphalt,1,Preston Park,1,Preston Park
15,Brighton and Hove,way,614495443,50.8388332,-0.145792,court,pitch,tennis,,customers,Court 4,,,asphalt,1,Preston Park,1,Preston Park
15,Brighton and Hove,way,614495444,50.8386198,-0.145399,court,pitch,tennis,,customers,Court 2,,,asphalt,1,Preston Park,1,Preston Park
15,Brighton and Hove,way,672472487,50.8488463,-0.1441739,court,pitch,tennis,,private,,,,asphalt,0,,0,
15,Brighton and Hove,way,672472488,50.8484948,-0.1441597,court,pitch,tennis,,private,,,,asphalt,0,,0,
15,Brighton and Hove,way,672484253,50.8500641,-0.1384126,court,pitch,tennis,,,,,,asphalt,0,,0,
15,Brighton and Hove,way,682956045,50.8373918,-0.1547353,court,pitch,tennis,,,Court 6,Dyke Park Tennis Club CIC,,tartan,1,Dyke Road Park,1,Dyke Road Park
15,Brighton and Hove,way,682956046,50.8374705,-0.1545813,court,pitch,tennis,,,Court 5,Dyke Park Tennis Club CIC,,tartan,1,Dyke Road Park,1,Dyke Road Park
15,Brighton and Hove,way,682956047,50.8375499,-0.1544256,court,pitch,tennis,,,Court 4,Dyke Park Tennis Club CIC,,tartan,1,Dyke Road Park,1,Dyke Road Park
15,Brighton and Hove,way,682956049,50.8371383,-0.1544177,court,pitch,tennis,,,Court 3,Dyke Park Tennis Club CIC,,tartan,1,Dyke Road Park,1,Dyke Road Park
15,Brighton and Hove,way,682956050,50.8372152,-0.1542606,court,pitch,tennis,,,Court 2,Dyke Park Tennis Club CIC,,tartan,1,Dyke Road Park,1,Dyke Road Park
15,Brighton and Hove,way,682956051,50.8372911,-0.1541148,court,pitch,tennis,,,Court 1,Dyke Park Tennis Club CIC,,tartan,1,Dyke Road Park,1,Dyke Road Park
15,Brighton and Hove,way,712500072,50.8495401,-0.1343194,court,pitch,tennis,,,Court 6,,,asphalt,0,,0,
15,Brighton and Hove,way,712500073,50.8488955,-0.1343922,court,pitch,tennis,,,Court 2,,,asphalt,0,,0,
15,Brighton and Hove,way,712500074,50.8492112,-0.1343592,court,pitch,tennis,,,Court 4,,,asphalt,0,,0,
15,Brighton and Hove,way,712500075,50.8495512,-0.1345122,court,pitch,tennis,,,Court 5,,,asphalt,0,,0,
15,Brighton and Hove,way,712500076,50.8492217,-0.134551,court,pitch,tennis,,,Court 3,,,asphalt,0,,0,
15,Brighton and Hove,way,718362491,50.842178,-0.1377927,court,pitch,tennis,,customers,Court 1,Brighton & Hove City Council,,asphalt,1,Blakers Park,1,Blakers Park
15,Brighton and Hove,way,718362492,50.8422165,-0.1375896,court,pitch,tennis,,customers,Court 2,Brighton & Hove City Council,,asphalt,1,Blakers Park,1,Blakers Park
15,Brighton and Hove,way,718369574,50.8425796,-0.1487854,court,pitch,tennis,,customers,,,,asphalt,0,,0,
15,Brighton and Hove,way,718369575,50.8426218,-0.1485719,court,pitch,tennis,,customers,,,,asphalt,0,,0,
15,Brighton and Hove,way,718369576,50.8426598,-0.148383,court,pitch,tennis,,customers,,,,asphalt,0,,0,
15,Brighton and Hove,way,751278539,50.8427334,-0.160936,sports_centre,sports_centre,tennis,,,Pavilion & Avenue Tennis Club,,,,0,,0,
15,Brighton and Hove,way,875468675,50.8532373,-0.1598203,court,pitch,tennis,,,,,,,0,,0,
15,Brighton and Hove,way,875468676,50.8532393,-0.1595869,court,pitch,tennis,,,,,,,0,,0,
15,Brighton and Hove,way,875468677,50.8532362,-0.1593513,court,pitch,tennis,,,,,,,0,,0,
15,Brighton and Hove,way,897172008,50.8432028,-0.1492623,court,pitch,tennis,,,,,,clay,0,,0,
15,Brighton and Hove,way,897172009,50.8432449,-0.1490325,court,pitch,tennis,,,,,,clay,0,,0,
15,Brighton and Hove,way,897172010,50.8432787,-0.1488347,court,pitch,tennis,,,,,,clay,0,,0,
15,Brighton and Hove,way,897172011,50.8429444,-0.1488884,court,pitch,tennis,,,,,,clay,0,,0,
15,Brighton and Hove,way,897172012,50.8429795,-0.1486897,court,pitch,tennis,,,,,,clay,0,,0,
15,Brighton and Hove,way,908807349,50.8305871,-0.1576429,court,pitch,tennis,,customers,Court 3,,,asphalt,1,St Ann's Well Gardens,1,St Ann's Well Gardens
15,Brighton and Hove,way,908807350,50.8306144,-0.1578267,court,pitch,tennis,,customers,Court 4,,,asphalt,1,St Ann's Well Gardens,1,St Ann's Well Gardens
15,Brighton and Hove,way,908807351,50.8305596,-0.1574521,court,pitch,tennis,,customers,Court 2,,,asphalt,1,St Ann's Well Gardens,1,St Ann's Well Gardens
15,Brighton and Hove,way,908807352,50.8305311,-0.1572636,court,pitch,tennis,,customers,Court 1,,,asphalt,1,St Ann's Well Gardens,1,St Ann's Well Gardens
15,Brighton and Hove,way,908807353,50.8302965,-0.157945,court,pitch,tennis,,customers,Court 8,,,asphalt,1,St Ann's Well Gardens,1,St Ann's Well Gardens
15,Brighton and Hove,way,908807354,50.8302721,-0.1577653,court,pitch,tennis,,customers,Court 7,,,asphalt,1,St Ann's Well Gardens,1,St Ann's Well Gardens
15,Brighton and Hove,way,908807355,50.8302435,-0.15757,court,pitch,tennis,,customers,Court 6,,,asphalt,1,St Ann's Well Gardens,1,St Ann's Well Gardens
15,Brighton and Hove,way,908807356,50.830215,-0.1573804,court,pitch,tennis,,customers,Court 5,,,asphalt,1,St Ann's Well Gardens,1,St Ann's Well Gardens
15,Brighton and Hove,way,914772967,50.8488103,-0.1439968,court,pitch,tennis,,private,,,,asphalt,0,,0,
15,Brighton and Hove,way,914772969,50.8484551,-0.143973,court,pitch,tennis,,private,,,,asphalt,0,,0,
15,Brighton and Hove,way,916261682,50.8403447,-0.1722499,court,pitch,tennis,,,,,,asphalt,1,Hove Park,1,Hove Park
15,Brighton and Hove,way,916261686,50.8400084,-0.1727358,court,pitch,tennis,,,,,,clay,1,Hove Park,1,Hove Park
15,Brighton and Hove,way,916261687,50.840012,-0.1725494,court,pitch,tennis,,,,,,clay,1,Hove Park,1,Hove Park
15,Brighton and Hove,way,916261688,50.8400118,-0.1723572,court,pitch,tennis,,,,,,clay,1,Hove Park,1,Hove Park
15,Brighton and Hove,way,916261689,50.8400113,-0.1721686,court,pitch,tennis,,,,,,clay,1,Hove Park,1,Hove Park
15,Brighton and Hove,way,1056651232,50.8147914,-0.0683523,court,pitch,tennis,,,,,,,0,,0,
15,Brighton and Hove,way,1061061677,50.8226699,-0.1201831,court,pitch,tennis,,private,,Brighton College,,,0,,0,
15,Brighton and Hove,way,1065928629,50.83449,-0.0665524,court,pitch,tennis,,,,,,acrylic,1,Woodingdean Central Park,1,Woodingdean Central Park
15,Brighton and Hove,way,1123603054,50.8479366,-0.14951,court,pitch,tennis,,,,,,,0,,0,
15,Brighton and Hove,way,1184633404,50.8363759,-0.1568425,court,pitch,netball;tennis;basketball;football;hockey,,,,,,,0,,0,
15,Brighton and Hove,way,1230883142,50.8653402,-0.1391766,court,pitch,tennis,,,,,,,0,,0,
15,Brighton and Hove,way,1375549573,50.810151,-0.0623281,court,pitch,tennis,,yes,,,,tartan,1,Rottingdean Recreation Ground,1,Rottingdean Recreation Ground
15,Brighton and Hove,way,1375549574,50.8102045,-0.0621341,court,pitch,tennis,,yes,,,,tartan,1,Rottingdean Recreation Ground,1,Rottingdean Recreation Ground
15,Brighton and Hove,way,1388792109,50.835934,-0.1676812,court,pitch,tennis,,,,,,tartan,0,,0,
15,Brighton and Hove,way,1388792110,50.8358937,-0.1674932,court,pitch,tennis,,,,,,tartan,0,,0,
15,Brighton and Hove,way,1388792111,50.835845,-0.1672872,court,pitch,tennis,,,,,,tartan,0,,0,
15,Brighton and Hove,way,1409259504,50.8182998,-0.1121186,court,pitch,tennis,,private,,Badgers Tennis Club,,asphalt,0,,0,
15,Brighton and Hove,way,1409259505,50.8182463,-0.1118854,court,pitch,tennis,,private,,Badgers Tennis Club,,asphalt,0,,0,
15,Brighton and Hove,way,1409259506,50.8181991,-0.1116884,court,pitch,tennis,,private,,Badgers Tennis Club,,asphalt,0,,0,
15,Brighton and Hove,way,1416507414,50.8430824,-0.1612435,court,pitch,tennis,,,,,,,0,,0,
15,Brighton and Hove,way,1416507415,50.8431291,-0.1609325,court,pitch,tennis,,,,,,,0,,0,
15,Brighton and Hove,way,1416507416,50.8431635,-0.1607278,court,pitch,tennis,,,,,,,0,,0,
15,Brighton and Hove,way,1416507417,50.8431944,-0.1605241,court,pitch,tennis,,,,,,,0,,0,
15,Brighton and Hove,way,1416507418,50.8426895,-0.1613435,court,pitch,tennis,,,,,,,0,,0,
15,Brighton and Hove,way,1416507419,50.842682,-0.1611278,court,pitch,tennis,,,,,,,0,,0,
15,Brighton and Hove,way,1416507420,50.8426769,-0.160915,court,pitch,tennis,,,,,,,0,,0,
15,Brighton and Hove,way,1416507421,50.84267,-0.1606964,court,pitch,tennis,,,,,,,0,,0,
15,Brighton and Hove,way,1416507422,50.8426621,-0.160397,court,pitch,tennis,,,,,,,0,,0,
15,Brighton and Hove,way,1421559805,50.8332877,-0.1921148,court,pitch,tennis,,,,,,asphalt,1,Davis Park,1,Davis Park
15,Brighton and Hove,way,1421559806,50.8331872,-0.1914856,court,pitch,tennis,,,,,,asphalt,1,Davis Park,1,Davis Park
15,Brighton and Hove,way,1455439953,50.8534357,-0.1663553,court,pitch,tennis,,private,,,,asphalt,0,,0,
15,Brighton and Hove,way,1455720861,50.8508446,-0.1672739,court,pitch,tennis,,private,,,,,0,,0,
15,Brighton and Hove,way,1456270270,50.8495509,-0.1601206,court,pitch,tennis,,private,,,,,0,,0,
16,Bournemouth/Poole,node,10836743194,50.715699,-1.8804051,court,pitch,tennis,,yes,Harry's Tennis Court,,,,0,,0,
16,Bournemouth/Poole,way,61499627,50.7227443,-1.8855555,sports_centre,sports_centre,tennis;pickleball,,,Bournemouth Gardens Tennis Centre,,,asphalt,0,,0,
16,Bournemouth/Poole,way,93121897,50.715688,-1.8804228,court,pitch,tennis,,,,,,asphalt,0,,0,
16,Bournemouth/Poole,way,100827936,50.732875,-1.7952012,court,pitch,tennis,,,,,,asphalt,0,,0,
16,Bournemouth/Poole,way,100827961,50.73329,-1.7958757,court,pitch,tennis,,,,,,asphalt,0,,0,
16,Bournemouth/Poole,way,102676882,50.7378314,-1.8174406,court,pitch,tennis,,,,,,asphalt,0,,0,
16,Bournemouth/Poole,way,116863859,50.7419803,-1.8285225,court,pitch,tennis,,,,,,,0,,0,
16,Bournemouth/Poole,way,120335101,50.7502652,-1.851555,court,pitch,tennis,,,,,,asphalt,0,,0,
16,Bournemouth/Poole,way,120335105,50.7504278,-1.8520757,court,pitch,tennis,,,,,,asphalt,0,,0,
16,Bournemouth/Poole,way,120335109,50.7499635,-1.8517898,court,pitch,tennis,,,,,,asphalt,0,,0,
16,Bournemouth/Poole,way,120335110,50.7500738,-1.8521365,court,pitch,tennis,,,,,,asphalt,0,,0,
16,Bournemouth/Poole,way,120335113,50.7502096,-1.851383,court,pitch,tennis,,,,,,asphalt,0,,0,
16,Bournemouth/Poole,way,120335120,50.7501291,-1.8523101,court,pitch,tennis,,,,,,asphalt,0,,0,
16,Bournemouth/Poole,way,120335132,50.7503186,-1.8517298,court,pitch,tennis,,,,,,asphalt,0,,0,
16,Bournemouth/Poole,way,120335134,50.7500184,-1.8519642,court,pitch,tennis,,,,,,asphalt,0,,0,
16,Bournemouth/Poole,way,120335140,50.7499087,-1.851618,court,pitch,tennis,,,,,,asphalt,0,,0,
16,Bournemouth/Poole,way,120335141,50.7503741,-1.8519032,court,pitch,tennis,,,,,,asphalt,0,,0,
16,Bournemouth/Poole,way,127553797,50.7545751,-1.9776125,court,pitch,tennis,,,,,,paved,0,,0,
16,Bournemouth/Poole,way,127785664,50.7545075,-1.9780054,court,pitch,tennis,,,,,,paved,0,,0,
16,Bournemouth/Poole,way,127785682,50.7546795,-1.977949,court,pitch,tennis,,,,,,paved,0,,0,
16,Bournemouth/Poole,way,142214819,50.7640862,-1.9948845,court,pitch,tennis,,,,,,asphalt,0,,0,
16,Bournemouth/Poole,way,142214820,50.7644401,-1.9948907,court,pitch,tennis,,,,,,asphalt,0,,0,
16,Bournemouth/Poole,way,142214821,50.7641326,-1.9950784,court,pitch,tennis,,,,,,asphalt,0,,0,
16,Bournemouth/Poole,way,142214822,50.7637974,-1.9951395,court,pitch,tennis,,,,,,asphalt,0,,0,
16,Bournemouth/Poole,way,142763133,50.7719401,-1.9010982,court,pitch,tennis,,,,,,,1,Pelhams,1,Pelhams
16,Bournemouth/Poole,way,143509137,50.7201804,-1.9700475,court,pitch,tennis,,,,,,,1,Poole Park,1,Poole Park
16,Bournemouth/Poole,way,143509141,50.7201215,-1.9704236,court,pitch,tennis,,,,,,,1,Poole Park,1,Poole Park
16,Bournemouth/Poole,way,143509145,50.7201508,-1.9702333,court,pitch,tennis,,,,,,,1,Poole Park,1,Poole Park
16,Bournemouth/Poole,way,143509147,50.7203404,-1.9696571,court,pitch,tennis,,,,,,asphalt,1,Poole Park,1,Poole Park
16,Bournemouth/Poole,way,143509149,50.7203102,-1.96986,court,pitch,tennis,,,,,,asphalt,1,Poole Park,1,Poole Park
16,Bournemouth/Poole,way,156330934,50.7637025,-1.8283765,court,pitch,tennis,,,,,,,0,,0,
16,Bournemouth/Poole,way,157367268,50.7390397,-1.8665947,court,pitch,tennis,,,,,,asphalt,1,Winton Recreation Ground,1,Winton Recreation Ground
16,Bournemouth/Poole,way,157367271,50.7391487,-1.8671832,court,pitch,tennis,,,,,,asphalt,1,Winton Recreation Ground,1,Winton Recreation Ground
16,Bournemouth/Poole,way,157367274,50.7389661,-1.8662013,court,pitch,tennis,,,,,,asphalt,1,Winton Recreation Ground,1,Winton Recreation Ground
16,Bournemouth/Poole,way,157367277,50.7390764,-1.8667911,court,pitch,tennis,,,,,,asphalt,1,Winton Recreation Ground,1,Winton Recreation Ground
16,Bournemouth/Poole,way,157367280,50.7390027,-1.8663983,court,pitch,tennis,,,,,,tartan,1,Winton Recreation Ground,1,Winton Recreation Ground
16,Bournemouth/Poole,way,157367281,50.7391128,-1.8669874,court,pitch,tennis,,,,,,asphalt,1,Winton Recreation Ground,1,Winton Recreation Ground
16,Bournemouth/Poole,way,186013878,50.7467845,-1.8887024,court,pitch,tennis,,,,,,,0,,0,
16,Bournemouth/Poole,way,188280493,50.7371362,-1.7406826,court,pitch,tennis,,,,,,,1,,1,
16,Bournemouth/Poole,way,194948265,50.7234983,-1.8334592,court,pitch,tennis,,customers,,,,asphalt,1,Shelley Park,1,Shelley Park
16,Bournemouth/Poole,way,199726406,50.7248608,-1.800889,court,pitch,tennis,,,,,,asphalt,1,Seafield Gardens,1,Seafield Gardens
16,Bournemouth/Poole,way,199789078,50.7255902,-1.8585765,court,pitch,tennis,,,,,,asphalt,1,Knyveton Gardens,1,Knyveton Gardens
16,Bournemouth/Poole,way,201382640,50.7457308,-1.6860758,court,pitch,tennis,,,,,,,0,,0,
16,Bournemouth/Poole,way,210301062,50.7435739,-1.7268501,court,pitch,tennis,,,,,,asphalt,0,,0,
16,Bournemouth/Poole,way,231779841,50.7116756,-2.0100096,court,pitch,tennis,,,,,,asphalt,1,Hamworthy Park,1,Hamworthy Park
16,Bournemouth/Poole,way,233055949,50.76087,-1.8574097,court,pitch,tennis,,,,,,asphalt,1,Muscliff Park,1,Muscliff Park
16,Bournemouth/Poole,way,236065553,50.7514247,-1.8714548,court,pitch,tennis,,,,,,,1,Moordown Recreation Ground,1,Moordown Recreation Ground
16,Bournemouth/Poole,way,243044587,50.7209808,-1.9206477,court,pitch,tennis,,,,,,clay,0,,0,
16,Bournemouth/Poole,way,243192627,50.7207588,-1.9511286,court,pitch,tennis,,,,,,,0,,0,
16,Bournemouth/Poole,way,243192628,50.7211685,-1.9514289,court,pitch,tennis,,,,,,,0,,0,
16,Bournemouth/Poole,way,245227019,50.7861345,-1.9508059,court,pitch,tennis,,,,,,,0,,0,
16,Bournemouth/Poole,way,245227020,50.7860368,-1.9514699,court,pitch,tennis,,,,,,,0,,0,
16,Bournemouth/Poole,way,245227021,50.7850163,-1.9516685,court,pitch,tennis,,,,,,,0,,0,
16,Bournemouth/Poole,way,262690726,50.7545523,-1.977437,court,pitch,tennis,,,,,,paved,0,,0,
16,Bournemouth/Poole,way,262690727,50.7545296,-1.9772619,court,pitch,tennis,,,,,,paved,0,,0,
16,Bournemouth/Poole,way,262690728,50.7545065,-1.9770836,court,pitch,tennis,,,,,,paved,0,,0,
16,Bournemouth/Poole,way,264289909,50.7434607,-1.8063426,court,pitch,tennis,,,,,,,0,,0,
16,Bournemouth/Poole,way,270718348,50.7455784,-1.9910476,court,pitch,tennis,,,,,,,0,,0,
16,Bournemouth/Poole,way,270718351,50.745948,-1.9909406,court,pitch,tennis,,,,,,,0,,0,
16,Bournemouth/Poole,way,270718352,50.7459405,-1.9906875,court,pitch,tennis,,,,,,,0,,0,
16,Bournemouth/Poole,way,286973651,50.7494344,-1.9671771,court,pitch,tennis,,,,,,,0,,0,
16,Bournemouth/Poole,way,286973652,50.7493034,-1.9671319,court,pitch,tennis,,,,,,,0,,0,
16,Bournemouth/Poole,way,286973653,50.7491747,-1.9670892,court,pitch,tennis,,,,,,,0,,0,
16,Bournemouth/Poole,way,286973654,50.749042,-1.9670522,court,pitch,tennis,,,,,,,0,,0,
16,Bournemouth/Poole,way,372305883,50.7244846,-1.9812087,court,pitch,tennis,,,,,,,0,,0,
16,Bournemouth/Poole,way,372305885,50.7257286,-1.981897,court,pitch,tennis,,,,,,,0,,0,
16,Bournemouth/Poole,way,391712551,50.7799131,-1.9982829,court,pitch,tennis,,,,,,,0,,0,
16,Bournemouth/Poole,way,391713504,50.7795033,-2.0056254,court,pitch,tennis,,,,,,,0,,0,
16,Bournemouth/Poole,way,392847550,50.7902737,-2.0014391,court,pitch,tennis,,,,,,,0,,0,
16,Bournemouth/Poole,way,401098201,50.7549641,-1.807657,court,pitch,tennis,,,,,,,0,,0,
16,Bournemouth/Poole,way,405937537,50.7471357,-1.884371,court,pitch,tennis,,,,,,,0,,0,
16,Bournemouth/Poole,way,405937538,50.7471607,-1.8841689,court,pitch,tennis,,,,,,,0,,0,
16,Bournemouth/Poole,way,405937539,50.7471728,-1.8839833,court,pitch,tennis,,,,,,,0,,0,
16,Bournemouth/Poole,way,405937540,50.7471582,-1.884176,court,pitch,tennis,,,,,,,0,,0,
16,Bournemouth/Poole,way,405937541,50.747455,-1.8844504,court,pitch,tennis,,,,,,,0,,0,
16,Bournemouth/Poole,way,405937542,50.7474731,-1.8842516,court,pitch,tennis,,,,,,,0,,0,
16,Bournemouth/Poole,way,405937543,50.747492,-1.8840547,court,pitch,tennis,,,,,,,0,,0,
16,Bournemouth/Poole,way,405937544,50.7475097,-1.8838614,court,pitch,tennis,,,,,,,0,,0,
16,Bournemouth/Poole,way,405937545,50.7474845,-1.8841637,court,pitch,tennis,,,,,,,0,,0,
16,Bournemouth/Poole,way,422886126,50.7491451,-1.8558609,court,pitch,tennis,,,,,,paved,0,,0,
16,Bournemouth/Poole,way,422886147,50.7490674,-1.8556114,court,pitch,tennis,,,,,,paved,0,,0,
16,Bournemouth/Poole,way,422886149,50.7402267,-1.9745687,court,pitch,tennis,,,,,,,0,,0,
16,Bournemouth/Poole,way,422886160,50.7492099,-1.8560628,court,pitch,tennis,,,,,,paved,0,,0,
16,Bournemouth/Poole,way,422886172,50.7489789,-1.8554379,court,pitch,tennis,,,,,,paved,0,,0,
16,Bournemouth/Poole,way,422886192,50.7402871,-1.9748174,court,pitch,tennis,,,,,,,0,,0,
16,Bournemouth/Poole,way,478552181,50.7109658,-1.908987,court,pitch,tennis,,private,,,,asphalt,0,,0,
16,Bournemouth/Poole,way,503831010,50.7851168,-1.985242,court,pitch,tennis,,,,,,,0,,0,
16,Bournemouth/Poole,way,521351073,50.7648826,-1.9847436,court,pitch,tennis,,private,,,,asphalt,0,,0,
16,Bournemouth/Poole,way,627228248,50.7187958,-2.0317758,court,pitch,tennis,,private,,,,,0,,0,
16,Bournemouth/Poole,way,669504182,50.7703712,-2.0065468,court,pitch,tennis,,,Corfe Hills Tennis Courts,,,paved,0,,0,
16,Bournemouth/Poole,way,869929690,50.7432834,-1.8056604,court,pitch,tennis,,,,,,,0,,0,
16,Bournemouth/Poole,way,869929691,50.7431582,-1.8057825,court,pitch,tennis,,,,,,,0,,0,
16,Bournemouth/Poole,way,869929692,50.7433147,-1.8061861,court,pitch,tennis,,,,,,,0,,0,
16,Bournemouth/Poole,way,869929693,50.7434425,-1.80606,court,pitch,tennis,,,,,,,0,,0,
16,Bournemouth/Poole,way,870453949,50.7415895,-1.7371554,court,pitch,tennis,,,,,,,0,,0,
16,Bournemouth/Poole,way,870453950,50.7414741,-1.737236,court,pitch,tennis,,,,,,,0,,0,
16,Bournemouth/Poole,way,871660066,50.7624961,-2.0082973,court,pitch,tennis,,no,,,,,0,,0,
16,Bournemouth/Poole,way,907692856,50.7538211,-1.883942,court,pitch,tennis,,,,,,,1,Redhill Common,1,Redhill Common
16,Bournemouth/Poole,way,907692857,50.7537448,-1.8840801,court,pitch,tennis,,,,,,,1,Redhill Common,1,Redhill Common
16,Bournemouth/Poole,way,907692858,50.7536573,-1.8842334,court,pitch,tennis,,,,,,,1,Redhill Common,1,Redhill Common
16,Bournemouth/Poole,way,1114963595,50.7270447,-1.9638636,court,pitch,tennis,,,,,,,0,,0,
16,Bournemouth/Poole,way,1174532104,50.7368878,-1.8881192,court,pitch,tennis,,,,,,,0,,0,
16,Bournemouth/Poole,way,1174532105,50.7367521,-1.8876965,court,pitch,tennis,,,,,,,0,,0,
16,Bournemouth/Poole,way,1174532106,50.7367621,-1.8874216,court,pitch,tennis,,,,,,,0,,0,
16,Bournemouth/Poole,way,1174532107,50.7367821,-1.8871539,court,pitch,tennis,,,,,,,0,,0,
16,Bournemouth/Poole,way,1174532108,50.7367933,-1.8868772,court,pitch,tennis,,,,,,,0,,0,
16,Bournemouth/Poole,way,1174532109,50.7368216,-1.8865912,court,pitch,tennis,,,,,,,0,,0,
16,Bournemouth/Poole,way,1174532110,50.7368293,-1.8863445,court,pitch,tennis,,,,,,,0,,0,
16,Bournemouth/Poole,way,1174532111,50.7371866,-1.8865148,court,pitch,tennis,,,,,,,0,,0,
16,Bournemouth/Poole,way,1174532112,50.737171,-1.8868795,court,pitch,tennis,,,,,,,0,,0,
16,Bournemouth/Poole,way,1174532113,50.7371538,-1.8871532,court,pitch,tennis,,,,,,,0,,0,
16,Bournemouth/Poole,way,1174532114,50.7374415,-1.8883938,court,pitch,tennis,,,,,,,0,,0,
16,Bournemouth/Poole,way,1174532115,50.7374548,-1.8881629,court,pitch,tennis,,,,,,,0,,0,
16,Bournemouth/Poole,way,1174532116,50.7374683,-1.8879127,court,pitch,tennis,,,,,,,0,,0,
16,Bournemouth/Poole,way,1174532117,50.7374927,-1.887652,court,pitch,tennis,,,,,,,0,,0,
16,Bournemouth/Poole,way,1174532118,50.7375016,-1.8874035,court,pitch,tennis,,,,,,,0,,0,
16,Bournemouth/Poole,way,1174551225,50.727014,-1.8820633,court,pitch,tennis,,,,,,,1,Meyrick Park,1,Meyrick Park
16,Bournemouth/Poole,way,1229723406,50.7256519,-1.8581323,court,pitch,tennis,,,,,,asphalt,1,Knyveton Gardens,1,Knyveton Gardens
16,Bournemouth/Poole,way,1229723407,50.7257146,-1.8576881,court,pitch,tennis,,,,,,asphalt,1,Knyveton Gardens,1,Knyveton Gardens
16,Bournemouth/Poole,way,1305143836,50.7205144,-1.9201799,court,pitch,tennis,,,,,,clay,0,,0,
16,Bournemouth/Poole,way,1305143837,50.720631,-1.9202968,court,pitch,tennis,,,,,,clay,0,,0,
16,Bournemouth/Poole,way,1305143838,50.7207476,-1.9204138,court,pitch,tennis,,,,,,clay,0,,0,
16,Bournemouth/Poole,way,1305143839,50.7208642,-1.9205307,court,pitch,tennis,,,,,,clay,0,,0,
16,Bournemouth/Poole,way,1354513284,50.7659151,-1.9913261,court,pitch,tennis,,,,,,,0,,0,
16,Bournemouth/Poole,way,1395137071,50.7232354,-1.8244212,court,pitch,tennis,,,,,,,0,,0,
16,Bournemouth/Poole,way,1395137072,50.7232693,-1.8241835,court,pitch,tennis,,,,,,,0,,0,
16,Bournemouth/Poole,way,1395137073,50.7233031,-1.8239479,court,pitch,tennis,,,,,,,0,,0,
16,Bournemouth/Poole,way,1455092345,50.6880496,-1.9428759,court,pitch,tennis,,,,,,,0,,0,
16,Bournemouth/Poole,way,1457795287,50.7078005,-1.9181595,court,pitch,tennis,,private,,,,,0,,0,
16,Bournemouth/Poole,way,1472106778,50.7231156,-1.8861318,court,pitch,tennis,,,,,,,0,,0,
16,Bournemouth/Poole,way,1472106779,50.7230208,-1.8859769,court,pitch,tennis,,,,,,,0,,0,
16,Bournemouth/Poole,way,1472106780,50.7229248,-1.8858238,court,pitch,tennis,,,,,,,0,,0,
16,Bournemouth/Poole,way,1472106781,50.7226469,-1.8853921,court,pitch,tennis,,,,,,,0,,0,
16,Bournemouth/Poole,way,1472106782,50.7225518,-1.8852383,court,pitch,tennis,,,,,,,0,,0,
16,Bournemouth/Poole,way,1472106783,50.7224554,-1.8850839,court,pitch,tennis,,,,,,,0,,0,
16,Bournemouth/Poole,way,1472106784,50.7223599,-1.88493,court,pitch,tennis,,,,,,,0,,0,
16,Bournemouth/Poole,way,1475157413,50.7859729,-1.9517098,court,pitch,tennis,,,,,,,0,,0,
16,Bournemouth/Poole,way,1475157415,50.7861949,-1.950576,court,pitch,tennis,,,,,,,0,,0,
16,Bournemouth/Poole,way,1475157416,50.7862553,-1.9503465,court,pitch,tennis,,,,,,,0,,0,
16,Bournemouth/Poole,relation,4196368,50.7487212,-1.9665746,sports_centre,sports_centre,badminton;basketball;netball;tennis;athletics,,,Ashdown Leisure Centre,BCP Leisure,,,0,,0,
17,Cardiff,way,26404160,51.5016424,-3.228879,court,pitch,tennis,,,,,,concrete,1,Hailey Park,1,Hailey Park
17,Cardiff,way,26740391,51.4764742,-3.1583243,sports_centre,sports_centre,tennis,,,Welsh National Tennis Centre,,,,0,,0,
17,Cardiff,way,96759474,51.4845267,-3.2719457,court,pitch,tennis,,,,,,,0,,0,
17,Cardiff,way,96759478,51.4845917,-3.2717617,court,pitch,tennis,,,,,,,0,,0,
17,Cardiff,way,96759480,51.4843813,-3.2723354,court,pitch,tennis,,,,,,,0,,0,
17,Cardiff,way,96759484,51.4843175,-3.2725202,court,pitch,tennis,,,,,,,0,,0,
17,Cardiff,way,96759485,51.4844936,-3.2720387,sports_centre,sports_centre,tennis,,private,Saint Fagans Tennis Club,,,,0,,0,
17,Cardiff,way,96759486,51.484462,-3.2721292,court,pitch,tennis,,,,,,,0,,0,
17,Cardiff,way,97543267,51.4980058,-3.1979345,court,pitch,tennis,,,,,,,0,,0,
17,Cardiff,way,97543287,51.4980878,-3.198087,court,pitch,tennis,,,,,,,0,,0,
17,Cardiff,way,185730171,51.4865618,-3.219044,court,pitch,tennis,,,,,,,1,Victoria Park,1,Victoria Park
17,Cardiff,way,185730172,51.4865153,-3.2188389,court,pitch,tennis,,,,,,,1,Victoria Park,1,Victoria Park
17,Cardiff,way,185730174,51.48658,-3.219274,court,pitch,tennis,,,,,,asphalt,1,Victoria Park,1,Victoria Park
17,Cardiff,way,185730175,51.4864431,-3.2186498,court,pitch,tennis,,,,,,,1,Victoria Park,1,Victoria Park
17,Cardiff,way,209686486,51.4930847,-3.2070733,court,pitch,tennis,,,,,,asphalt,0,,0,
17,Cardiff,way,222962651,51.5028076,-3.1457721,sports_centre,sports_centre,fitness;tennis;swimming,,,David Lloyd Clubs,,,,0,,0,
17,Cardiff,way,243731194,51.511064,-3.1876133,sports_centre,sports_centre,tennis,,,Heath Tennis In The Park,,,asphalt,1,Heath Park,1,Heath Park
17,Cardiff,way,337996344,51.5134347,-3.1984983,court,pitch,tennis,,,,,,,1,Llwynfedw Gardens,1,Llwynfedw Gardens
17,Cardiff,way,337996345,51.5135818,-3.1985301,court,pitch,tennis,,,,,,,1,Llwynfedw Gardens,1,Llwynfedw Gardens
17,Cardiff,way,378891572,51.5275931,-3.2787078,court,pitch,tennis,,,,,,,0,,0,
17,Cardiff,way,423420792,51.5263733,-3.2982474,court,pitch,tennis,,,,,,,0,,0,
17,Cardiff,way,423727089,51.4857938,-3.1922109,court,pitch,tennis,,,,,,paved,1,Sophia Gardens,1,Sophia Gardens
17,Cardiff,way,423727091,51.4859744,-3.1919058,court,pitch,tennis,,,,,,paved,1,Sophia Gardens,1,Sophia Gardens
17,Cardiff,way,423727095,51.485884,-3.192058,court,pitch,tennis,,,,,,paved,1,Sophia Gardens,1,Sophia Gardens
17,Cardiff,way,536742543,51.5390252,-3.3053317,court,pitch,tennis,,,,,,,0,,0,
17,Cardiff,way,796217911,51.5018683,-3.1458002,court,pitch,tennis,,,,,,,0,,0,
17,Cardiff,way,809371557,51.483878,-3.1816308,court,pitch,tennis,,,,,,,0,,0,
17,Cardiff,way,809371558,51.4838333,-3.1818276,court,pitch,tennis,,,,,,,0,,0,
17,Cardiff,way,809371559,51.4837834,-3.1820245,court,pitch,tennis,,,,,,,0,,0,
17,Cardiff,way,809371560,51.4837376,-3.1822229,court,pitch,tennis,,,,,,,0,,0,
17,Cardiff,way,809371561,51.4841317,-3.1822161,court,pitch,tennis,,,,,,,0,,0,
17,Cardiff,way,809371562,51.4840852,-3.1824198,court,pitch,tennis,,,,,,,0,,0,
17,Cardiff,way,809371563,51.4841732,-3.1820245,court,pitch,tennis,,,,,,,0,,0,
17,Cardiff,way,809371564,51.4844463,-3.1823993,court,pitch,tennis,,,,,,,0,,0,
17,Cardiff,way,809371565,51.4843964,-3.1826166,court,pitch,tennis,,,,,,,0,,0,
17,Cardiff,way,809371566,51.4847592,-3.1825827,court,pitch,tennis,,,,,,,0,,0,
17,Cardiff,way,809371567,51.4847127,-3.1828027,court,pitch,tennis,,,,,,,0,,0,
17,Cardiff,way,833551051,51.5111586,-3.1881617,court,pitch,tennis,,customers,,,,asphalt,1,Heath Park,1,Heath Park
17,Cardiff,way,833551052,51.5110843,-3.1881442,court,pitch,tennis,,customers,,,,asphalt,1,Heath Park,1,Heath Park
17,Cardiff,way,833551053,51.5110142,-3.1881389,court,pitch,tennis,,customers,,,,asphalt,1,Heath Park,1,Heath Park
17,Cardiff,way,833551054,51.5109441,-3.1881335,court,pitch,tennis,,customers,,,,asphalt,1,Heath Park,1,Heath Park
17,Cardiff,way,833551055,51.5110574,-3.1879713,court,pitch,tennis,,customers,,,,asphalt,1,Heath Park,1,Heath Park
17,Cardiff,way,833551056,51.5110643,-3.1877539,court,pitch,tennis,,customers,,,,asphalt,1,Heath Park,1,Heath Park
17,Cardiff,way,833551057,51.5110727,-3.1875045,court,pitch,tennis,,customers,,,,asphalt,1,Heath Park,1,Heath Park
17,Cardiff,way,833551058,51.5110809,-3.1872846,court,pitch,tennis,,customers,,,,asphalt,1,Heath Park,1,Heath Park
17,Cardiff,way,833551059,51.5110894,-3.1870781,court,pitch,tennis,,customers,,,,asphalt,1,Heath Park,1,Heath Park
17,Cardiff,way,886170173,51.5261123,-3.32204,court,pitch,tennis,,,,,,,0,,0,
17,Cardiff,way,951851873,51.5137398,-3.1784372,court,pitch,tennis,,yes,,,,asphalt,1,Jellicoe Gardens,1,Jellicoe Gardens
17,Cardiff,way,951851874,51.51372,-3.1786321,court,pitch,tennis,,yes,,,,asphalt,1,Jellicoe Gardens,1,Jellicoe Gardens
17,Cardiff,way,962237645,51.4912707,-3.1672299,court,pitch,tennis,,,,,,,0,,0,
17,Cardiff,way,962237646,51.4913185,-3.1670549,court,pitch,tennis,,,,,,,0,,0,
17,Cardiff,way,962237647,51.4910505,-3.1670302,court,pitch,tennis,,,,,,,0,,0,
17,Cardiff,way,962237653,51.491708,-3.1673015,court,pitch,tennis,,,,,,,0,,0,
17,Cardiff,way,962237654,51.4916612,-3.167496,court,pitch,tennis,,,,,,,0,,0,
17,Cardiff,way,964974044,51.5163555,-3.2208862,sports_centre,sports_centre,tennis,,,Whitchurch Tennis Club,,,,0,,0,
17,Cardiff,way,1049396062,51.5264106,-3.2978398,court,pitch,tennis,,,,,,,0,,0,
17,Cardiff,way,1049396063,51.526392,-3.2980436,court,pitch,tennis,,,,,,,0,,0,
17,Cardiff,way,1177110095,51.5127349,-3.2525452,court,pitch,tennis,,,,,,,0,,0,
17,Cardiff,way,1177110096,51.5128848,-3.2520005,court,pitch,tennis,,,,,,,0,,0,
17,Cardiff,way,1177110097,51.5131013,-3.2516144,court,pitch,tennis,,,,,,,0,,0,
17,Cardiff,way,1282199695,51.4891239,-3.2112314,court,pitch,tennis,,,,,,,0,,0,
17,Cardiff,way,1282199696,51.4890139,-3.2114278,court,pitch,tennis,,,,,,,0,,0,
17,Cardiff,way,1308041366,51.5235684,-3.2170261,court,pitch,tennis,,,,,,,0,,0,
17,Cardiff,way,1308041367,51.5234568,-3.2169223,court,pitch,tennis,,,,,,,0,,0,
17,Cardiff,way,1308041368,51.5233446,-3.216818,court,pitch,tennis,,,,,,,0,,0,
17,Cardiff,way,1308041369,51.5232313,-3.2167126,court,pitch,tennis,,,,,,,0,,0,
17,Cardiff,way,1308041370,51.5233687,-3.2163896,court,pitch,tennis,,,,,,,0,,0,
17,Cardiff,way,1308041372,51.5238539,-3.2165839,court,pitch,tennis,,,,,,,0,,0,
17,Cardiff,way,1308041373,51.5239232,-3.2164044,court,pitch,tennis,,,,,,,0,,0,
17,Cardiff,way,1323290680,51.5000683,-3.2250295,court,pitch,soccer;tennis,,,,,,,0,,0,
17,Cardiff,way,1380128222,51.5011478,-3.2442274,court,pitch,tennis,,,,,,,0,,0,
17,Cardiff,way,1382877476,51.5008919,-3.1719807,court,pitch,tennis,,customers,Tennis Court 2,,,rubber,1,Roath Pleasure Gardens,1,Roath Pleasure Gardens
17,Cardiff,way,1382877477,51.5008332,-3.1718038,court,pitch,tennis,,customers,Tennis Court 3,,,rubber,1,Roath Pleasure Gardens,1,Roath Pleasure Gardens
17,Cardiff,way,1382877478,51.5005089,-3.1713602,court,pitch,tennis,,customers,Tennis Court 4,,,grass,1,Roath Pleasure Gardens,1,Roath Pleasure Gardens
17,Cardiff,way,1382877479,51.5011191,-3.1727096,court,pitch,tennis,,customers,Tennis Court 1,,,paved,1,Roath Pleasure Gardens,1,Roath Pleasure Gardens
17,Cardiff,way,1383786747,51.5130746,-3.2524615,sports_centre,sports_centre,tennis,,,Radyr Lawn Tennis Club,,,,0,,0,
17,Cardiff,way,1384748061,51.491423,-3.2428682,court,pitch,tennis,,,,,,,0,,0,
17,Cardiff,way,1384748062,51.4913854,-3.2430693,court,pitch,tennis,,,,,,,0,,0,
17,Cardiff,way,1384748063,51.4913505,-3.2432707,court,pitch,tennis,,,,,,,0,,0,
17,Cardiff,way,1419276809,51.5471084,-3.1847413,court,pitch,tennis,,,,,,,0,,0,
17,Cardiff,way,1419276810,51.5477377,-3.1847501,court,pitch,tennis,,,,,,,0,,0,
17,Cardiff,way,1419276811,51.5477441,-3.1849897,court,pitch,tennis,,,,,,,0,,0,
17,Cardiff,way,1419276812,51.548111,-3.1849388,court,pitch,tennis,,,,,,,0,,0,
17,Cardiff,way,1443135019,51.5161722,-3.2211313,court,pitch,tennis,,,,,,,0,,0,
17,Cardiff,way,1443135020,51.5162527,-3.2209486,court,pitch,tennis,,,,,,,0,,0,
17,Cardiff,way,1443135021,51.5163312,-3.2207643,court,pitch,tennis,,,,,,,0,,0,
17,Cardiff,way,1443135022,51.5164072,-3.220591,court,pitch,tennis,,,,,,,0,,0,
17,Cardiff,way,1443135023,51.5164757,-3.2204319,court,pitch,tennis,,,,,,,0,,0,
17,Cardiff,way,1443135024,51.5165433,-3.2202728,court,pitch,tennis,,,,,,,0,,0,
17,Cardiff,way,1443135025,51.5162454,-3.2202724,court,pitch,tennis,,,,,,,0,,0,
17,Cardiff,way,1443135030,51.5161393,-3.2201853,court,pitch,tennis,,,,,,,0,,0,
17,Cardiff,way,1447161505,51.5130246,-3.2526813,court,pitch,tennis,,,,,,,0,,0,
17,Cardiff,way,1447161506,51.512958,-3.252944,court,pitch,tennis,,,,,,,0,,0,
17,Cardiff,way,1447161507,51.5130861,-3.2524331,court,pitch,tennis,,,,,,,0,,0,
17,Cardiff,way,1447161508,51.5131467,-3.2521959,court,pitch,tennis,,,,,,,0,,0,
17,Cardiff,way,1447161509,51.5132057,-3.2519598,court,pitch,tennis,,,,,,,0,,0,
17,Cardiff,way,1447161510,51.5133059,-3.2530854,court,pitch,tennis,,,,,,,0,,0,
17,Cardiff,way,1447161511,51.5133542,-3.2528789,court,pitch,tennis,,,,,,,0,,0,
17,Cardiff,way,1458519922,51.5124186,-3.1092479,court,pitch,tennis,,,,,,,0,,0,
17,Cardiff,way,1458519923,51.5123086,-3.1094606,court,pitch,tennis,,,,,,,0,,0,
17,Cardiff,way,1458519924,51.5125617,-3.1097998,court,pitch,tennis,,,,,,,0,,0,
17,Cardiff,way,1458519925,51.5126722,-3.1095857,court,pitch,tennis,,,,,,,0,,0,
17,Cardiff,way,1459422761,51.4751292,-3.2087764,court,pitch,tennis,,,,,,,0,,0,
17,Cardiff,way,1459422762,51.4752909,-3.208744,court,pitch,tennis,,,,,,,0,,0,
17,Cardiff,way,1504033740,51.5320136,-3.1102758,court,pitch,tennis,,,,,,,0,,0,
17,Cardiff,way,1504033741,51.5319366,-3.110092,court,pitch,tennis,,,,,,,0,,0,
17,Cardiff,way,1511491961,51.505958,-3.1364391,court,pitch,tennis,,,,,,,1,Rumney Hill Gardens,1,Rumney Hill Gardens
17,Cardiff,way,1511491962,51.5058563,-3.1365302,court,pitch,tennis,,,,,,,1,Rumney Hill Gardens,1,Rumney Hill Gardens
17,Cardiff,way,1511491963,51.5057276,-3.1366475,court,pitch,tennis,,,,,,,1,Rumney Hill Gardens,1,Rumney Hill Gardens
17,Cardiff,way,1511491964,51.5056273,-3.1367426,court,pitch,tennis,,,,,,,1,Rumney Hill Gardens,1,Rumney Hill Gardens
18,Teesside,way,32064188,54.5580442,-1.3313477,court,pitch,tennis,,,,,,asphalt,1,Ropner Park,1,Ropner Park
18,Teesside,way,59084577,54.5490278,-1.2852566,court,pitch,tennis,,,,,,,1,Little Boy Park,1,Little Boy Park
18,Teesside,way,72991191,54.5659855,-1.2916325,sports_centre,sports_centre,tennis;swimming;multi;running;table_tennis,,,David Lloyd Leisure,,,,0,,0,
18,Teesside,way,77236226,54.6592933,-1.1905051,court,pitch,tennis,,yes,,,,concrete,1,Seaton Carew Park,1,Seaton Carew Park
18,Teesside,way,90610783,54.5366278,-1.0635725,court,pitch,tennis,,,,,,,0,,0,
18,Teesside,way,90610788,54.5367457,-1.0636355,court,pitch,tennis,,,,,,,0,,0,
18,Teesside,way,90610798,54.5370111,-1.0637774,court,pitch,tennis,,,,,,,0,,0,
18,Teesside,way,90610823,54.5368745,-1.0637044,court,pitch,tennis,,,,,,,0,,0,
18,Teesside,way,135854484,54.5004673,-1.3456662,court,pitch,tennis,,,,,,,0,,0,
18,Teesside,way,135854485,54.4999105,-1.3450976,court,pitch,tennis,,,,,,,0,,0,
18,Teesside,way,135854486,54.4998668,-1.345296,court,pitch,tennis,,,,,,,0,,0,
18,Teesside,way,135854488,54.500208,-1.3452875,court,pitch,tennis,,,,,,,0,,0,
18,Teesside,way,135854490,54.5001651,-1.3454852,court,pitch,tennis,,,,,,,0,,0,
18,Teesside,way,135854491,54.500507,-1.3454583,court,pitch,tennis,,,,,,,0,,0,
18,Teesside,way,135854493,54.5001262,-1.345685,court,pitch,tennis,,,,,,,0,,0,
18,Teesside,way,135854494,54.4998248,-1.3455013,court,pitch,tennis,,,,,,,0,,0,
18,Teesside,way,135854495,54.5001651,-1.3454906,court,pitch,tennis,,,,,,,0,,0,
18,Teesside,way,135854496,54.5004275,-1.3458714,court,pitch,tennis,,,,,,,0,,0,
18,Teesside,way,137110672,54.5713157,-1.1611497,court,pitch,tennis,,,,,,,0,,0,
18,Teesside,way,148612112,54.613555,-1.0524927,court,pitch,tennis,,customers,,,,,1,Zetland Park,1,Zetland Park
18,Teesside,way,148612115,54.6134594,-1.0523673,court,pitch,tennis,,customers,,,,,1,Zetland Park,1,Zetland Park
18,Teesside,way,148612117,54.6136518,-1.0526201,court,pitch,tennis,,customers,,,,,1,Zetland Park,1,Zetland Park
18,Teesside,way,158958678,54.4969258,-1.3498137,court,pitch,tennis,,,,,,,0,,0,
18,Teesside,way,173063561,54.5419879,-1.2105523,court,pitch,tennis,,,,,,,0,,0,
18,Teesside,way,202300160,54.6198196,-1.2801835,court,pitch,tennis,,,,,,,0,,0,
18,Teesside,way,202489351,54.6868582,-1.232563,court,pitch,tennis,,,,,,,0,,0,
18,Teesside,way,224125577,54.6799331,-1.2286615,court,pitch,tennis,,,,,,,0,,0,
18,Teesside,way,224125620,54.6808729,-1.2269971,sports_centre,sports_centre,tennis,,,Eldon Grove Tennis Club,,,concrete,0,,0,
18,Teesside,way,250179823,54.5191628,-1.075805,court,pitch,tennis,,,,,,,0,,0,
18,Teesside,way,268641621,54.6084786,-1.2888072,court,pitch,tennis,,,,,,,1,John Whitehead Park,1,John Whitehead Park
18,Teesside,way,273787685,54.5652207,-1.2922459,court,pitch,tennis,,,,,,artificial_turf,0,,0,
18,Teesside,way,273787686,54.5650812,-1.2914111,court,pitch,tennis,,,,,,artificial_turf,0,,0,
18,Teesside,way,273787687,54.5654949,-1.2915976,court,pitch,tennis,,,,,,artificial_turf,0,,0,
18,Teesside,way,316865534,54.6974583,-1.1795704,court,pitch,tennis,,yes,,,,,0,,0,
18,Teesside,way,359903023,54.5170817,-1.3615012,court,pitch,soccer;tennis;field_hockey,,,,,,,0,,0,
18,Teesside,way,389097042,54.5659859,-1.2380959,court,pitch,tennis,,,,,,,1,Albert Park,1,Albert Park
18,Teesside,way,389097044,54.5656439,-1.2383339,court,pitch,tennis,,,,,,,1,Albert Park,1,Albert Park
18,Teesside,way,571284038,54.5420319,-1.21036,court,pitch,tennis,,,,,,,0,,0,
18,Teesside,way,571284039,54.5419467,-1.2107317,court,pitch,tennis,,,,,,,0,,0,
18,Teesside,way,571284040,54.5415397,-1.210441,court,pitch,tennis,,,,,,,0,,0,
18,Teesside,way,571284041,54.5415798,-1.2102611,court,pitch,tennis,,,,,,,0,,0,
18,Teesside,way,571284042,54.5416197,-1.2100781,court,pitch,tennis,,,,,,,0,,0,
18,Teesside,way,617049377,54.616025,-1.2810412,sports_centre,sports_centre,badminton;rock_climbing;multi;athletics;running;soccer;climbing;football;netball;rugby_union;tennis;basketball,,,BEDE Sports Centre,,,,0,,0,
18,Teesside,way,617081517,54.6178326,-1.3089672,sports_centre,sports_centre,soccer;tennis;baseball;basketball;multi;athletics;volleyball;american_football;running;cricket;climbing;hockey;netball;rugby_union;football,,,Northfield School Sports Drome,,,,0,,0,
18,Teesside,way,617081520,54.6173653,-1.3084105,court,pitch,tennis,,,Northfield Tennis Court,,,asphalt,0,,0,
18,Teesside,way,667913108,54.6078956,-1.0621368,court,pitch,tennis,,,,,,asphalt,1,Borough Park,1,Borough Park
18,Teesside,way,667913109,54.6078933,-1.0624022,court,pitch,tennis,,,,,,asphalt,1,Borough Park,1,Borough Park
18,Teesside,way,782036873,54.6868636,-1.2323628,court,pitch,tennis,,,,,,,0,,0,
18,Teesside,way,782036874,54.6865909,-1.2320565,court,pitch,tennis,,,,,,,0,,0,
18,Teesside,way,782036875,54.6865939,-1.2318435,court,pitch,tennis,,,,,,concrete,0,,0,
18,Teesside,way,782036876,54.6865206,-1.2325512,court,pitch,tennis,,,,,,,0,,0,
18,Teesside,way,922863034,54.5616885,-1.3508661,court,pitch,tennis,,,,,,paved,0,,0,
18,Teesside,way,980176144,54.5096836,-1.1219826,court,pitch,tennis,,,,,,,0,,0,
18,Teesside,way,1068331153,54.6396544,-1.2330691,court,pitch,tennis,,,,,,,0,,0,
18,Teesside,way,1123345076,54.6872963,-1.2467928,court,pitch,tennis,,private,,,,,0,,0,
18,Teesside,way,1123345077,54.6873045,-1.2470288,court,pitch,tennis,,private,,,,,0,,0,
18,Teesside,way,1123345078,54.6873114,-1.2472519,court,pitch,tennis,,private,,,,,0,,0,
18,Teesside,way,1123345079,54.6873209,-1.2474945,court,pitch,tennis,,private,,,,,0,,0,
18,Teesside,way,1133286043,54.5242862,-1.1699962,court,pitch,tennis,,,,,,,0,,0,
18,Teesside,way,1133286044,54.523915,-1.1694682,court,pitch,tennis,,,,,,,0,,0,
18,Teesside,way,1134943469,54.6975266,-1.1789388,court,pitch,tennis,,yes,,,,,0,,0,
18,Teesside,way,1134943470,54.6975046,-1.1791447,court,pitch,tennis,,yes,,,,,0,,0,
18,Teesside,way,1134943471,54.6974814,-1.1793557,court,pitch,tennis,,yes,,,,,0,,0,
18,Teesside,way,1136972802,54.5175866,-1.3196079,court,pitch,tennis,,,,,,,0,,0,
18,Teesside,way,1206897098,54.5704012,-1.3851757,court,pitch,tennis,,,,,,,0,,0,
18,Teesside,way,1295846437,54.6594032,-1.1898986,court,pitch,tennis,,yes,,,,concrete,1,Seaton Carew Park,1,Seaton Carew Park
18,Teesside,way,1295846438,54.6593307,-1.190295,court,pitch,tennis,,yes,,,,concrete,1,Seaton Carew Park,1,Seaton Carew Park
18,Teesside,way,1333471617,54.6806655,-1.2270608,court,pitch,tennis,,,,,,,0,,0,
18,Teesside,way,1333471618,54.6806714,-1.226824,court,pitch,tennis,,,,,,,0,,0,
18,Teesside,way,1333471619,54.6810798,-1.227094,court,pitch,tennis,,,,,,,0,,0,
18,Teesside,way,1333471620,54.6810817,-1.2268579,court,pitch,tennis,,,,,,,0,,0,
18,Teesside,way,1366792913,54.5198973,-1.3927697,court,pitch,tennis,,,,,,,0,,0,
18,Teesside,way,1448107658,54.5158869,-1.3613127,court,pitch,tennis;pickleball,,,,,,,0,,0,
18,Teesside,way,1454293199,54.6565243,-1.2101019,court,pitch,tennis,,,,,,,0,,0,
18,Teesside,way,1458643118,54.5273774,-1.3408505,court,pitch,tennis,,,,,,asphalt,0,,0,
18,Teesside,way,1458643119,54.527411,-1.3406172,court,pitch,tennis,,,,,,asphalt,0,,0,
18,Teesside,way,1493833633,54.5244423,-0.8579186,court,pitch,tennis,,,,,,,0,,0,
18,Teesside,relation,18995801,54.5802942,-0.9818691,court,pitch,tennis,,,Saltburn Tennis Club,,,,0,,0,
19,Stoke-on-Trent,way,48057219,52.9797084,-2.1384352,court,pitch,tennis,,,Florence Tennis and Bowls Club,,,,0,,0,
19,Stoke-on-Trent,way,51766931,53.0025466,-2.1554223,court,pitch,tennis,,,,,,,1,Fenton Park,1,Fenton Park
19,Stoke-on-Trent,way,136139363,53.0253408,-2.1488216,court,pitch,tennis,,,,,,concrete,0,,0,
19,Stoke-on-Trent,way,157687446,53.0134113,-2.1752024,court,pitch,tennis,,,,,,,1,Hanley Park,1,Hanley Park
19,Stoke-on-Trent,way,157687447,53.0133685,-2.1746154,court,pitch,tennis,,,,,,,1,Hanley Park,1,Hanley Park
19,Stoke-on-Trent,way,157687449,53.0133974,-2.1750074,court,pitch,tennis,,,,,,,1,Hanley Park,1,Hanley Park
19,Stoke-on-Trent,way,157687450,53.0133832,-2.1748123,court,pitch,tennis,,,,,,,1,Hanley Park,1,Hanley Park
19,Stoke-on-Trent,way,159855476,52.9762007,-2.1390899,court,pitch,tennis,,,,,,asphalt,1,Queen's Park,1,Queen's Park
19,Stoke-on-Trent,way,224203993,53.0592669,-2.2033154,court,pitch,tennis,,,,,,,1,Tunstall Park,1,Tunstall Park
19,Stoke-on-Trent,way,232403784,53.0476932,-2.1873723,court,pitch,tennis,,,,,,asphalt,1,Burslem Park,1,Burslem Park
19,Stoke-on-Trent,way,232473474,52.9713267,-2.1938538,court,pitch,tennis,,,,,,,0,,0,
19,Stoke-on-Trent,way,334616752,52.9599415,-2.1816875,court,pitch,tennis,,,,,,,0,,0,
19,Stoke-on-Trent,way,538577103,52.9962257,-2.1706725,court,pitch,tennis,,,,,,,1,Mount Pleasant Recreation Ground,1,Mount Pleasant Recreation Ground
19,Stoke-on-Trent,way,538577104,52.996085,-2.1707845,court,pitch,tennis,,,,,,,1,Mount Pleasant Recreation Ground,1,Mount Pleasant Recreation Ground
19,Stoke-on-Trent,way,554611246,52.9570791,-2.180067,court,pitch,tennis,,,,,,,0,,0,
19,Stoke-on-Trent,way,575651119,52.9953524,-2.1257423,court,pitch,tennis,,,,,,,1,,1,
19,Stoke-on-Trent,way,576480978,52.9840997,-2.1305393,court,pitch,tennis,,,,,,,0,,0,
19,Stoke-on-Trent,way,720925433,53.0605408,-2.2035825,court,pitch,tennis,,,,,,,1,Tunstall Park,1,Tunstall Park
19,Stoke-on-Trent,way,781513508,52.9808941,-2.1093198,court,pitch,tennis,,,,,,,0,,0,
19,Stoke-on-Trent,way,1215020870,52.9871767,-2.1992277,court,pitch,tennis,,,St Joseph's Preparatory School Tennis Courts,,,asphalt,0,,0,
19,Stoke-on-Trent,way,1241540068,53.0004069,-2.2014048,court,pitch,tennis,,,,,,,0,,0,
20,Coventry,way,24384935,52.3939661,-1.5216036,court,pitch,tennis,,,,,,asphalt,1,War Memorial Park,1,War Memorial Park
20,Coventry,way,24384936,52.3936562,-1.5214239,court,pitch,tennis,,,,,,asphalt,1,War Memorial Park,1,War Memorial Park
20,Coventry,way,50102838,52.3883442,-1.5660641,court,pitch,tennis,,,,,,clay,0,,0,
20,Coventry,way,96442400,52.3899205,-1.4888849,court,pitch,tennis,,,,,,,0,,0,
20,Coventry,way,130281509,52.3952709,-1.537224,sports_centre,sports_centre,tennis,,,Beechwood Tennis Club,,,,0,,0,
20,Coventry,way,151770472,52.4052053,-1.5565284,court,pitch,tennis,,,,,,,0,,0,
20,Coventry,way,152917019,52.4000591,-1.4934306,court,pitch,tennis,,private,Tennis Courts,,,concrete,0,,0,
20,Coventry,way,153841836,52.3991454,-1.5217116,court,pitch,tennis,,,,,,tartan,1,Spencer Park,1,Spencer Park
20,Coventry,way,162458043,52.4057708,-1.4751136,court,pitch,tennis,,,,,,,0,,0,
20,Coventry,way,163418951,52.3998692,-1.4604293,court,pitch,tennis,,,,,,,0,,0,
20,Coventry,way,209272084,52.4257894,-1.5104566,court,pitch,tennis,,,,,,,0,,0,
20,Coventry,way,227939792,52.4121523,-1.5020168,court,pitch,tennis,,,,,,artificial_turf,0,,0,
20,Coventry,way,383982957,52.3954493,-1.5371496,court,pitch,tennis,,,,,,,0,,0,
20,Coventry,way,383982958,52.3954428,-1.5365154,court,pitch,tennis,,,,,,,0,,0,
20,Coventry,way,383982959,52.3954461,-1.537823,court,pitch,tennis,,,,,,,0,,0,
20,Coventry,way,383982960,52.3951048,-1.5368359,court,pitch,tennis,,,,,,,0,,0,
20,Coventry,way,383982961,52.3954475,-1.5369404,court,pitch,tennis,,,,,,,0,,0,
20,Coventry,way,383982962,52.3951079,-1.5366331,court,pitch,tennis,,,,,,,0,,0,
20,Coventry,way,383982964,52.3954468,-1.5376084,court,pitch,tennis,,,,,,,0,,0,
20,Coventry,way,383982965,52.3954507,-1.5373974,court,pitch,tennis,,,,,,,0,,0,
20,Coventry,way,383982966,52.3954441,-1.5366864,court,pitch,tennis,,,,,,,0,,0,
20,Coventry,way,910432402,52.4008712,-1.5183018,court,pitch,tennis,,,,,,tartan,0,,0,
20,Coventry,way,910432403,52.4008104,-1.5180591,court,pitch,tennis,,,,,,tartan,0,,0,
20,Coventry,way,1115938463,52.4130096,-1.473854,court,pitch,tennis,,,,,,,0,,0,
20,Coventry,way,1115938464,52.4130589,-1.4732869,court,pitch,tennis,,,,,,,0,,0,
20,Coventry,way,1205481237,52.4128813,-1.4799336,court,pitch,tennis,,private,,,,,0,,0,
20,Coventry,way,1385839873,52.403202,-1.5909155,court,pitch,tennis,,,,,,,0,,0,
20,Coventry,relation,1832945,52.4481886,-1.4960651,sports_centre,sports_centre,multi;american_football;darts;netball;rugby_league;rugby_union;snooker;tennis,,,Coventry Building Society Arena,,,,0,,0,
21,Sunderland,way,34244027,54.8950509,-1.3869759,sports_centre,sports_centre,bowling;cricket;hockey;rugby;football;squash;tennis,,,Ashbrooke Sports Club,,,,0,,0,
21,Sunderland,way,135288567,54.8820551,-1.4071436,court,pitch,tennis,,,,,,,0,,0,
21,Sunderland,way,135288570,54.8822667,-1.4079389,court,pitch,tennis,,,,,,,0,,0,
21,Sunderland,way,159088621,54.9232907,-1.4009487,court,pitch,tennis,,,,,,,0,,0,
21,Sunderland,way,161887377,54.8638215,-1.4297298,court,pitch,tennis,,,,,,,0,,0,
21,Sunderland,way,162070403,54.8882973,-1.4329566,court,pitch,tennis,,,,,,,0,,0,
21,Sunderland,way,162070506,54.8877635,-1.432278,court,pitch,tennis,,,,,,,0,,0,
21,Sunderland,way,185310955,54.8938147,-1.4040341,court,pitch,tennis,,,,,,,1,Barnes Park,1,Barnes Park
21,Sunderland,way,256488711,54.8963412,-1.3948725,court,pitch,tennis,,,,,,,0,,0,
21,Sunderland,way,429831012,54.9135389,-1.5156324,court,pitch,tennis,,,,,,,1,Usworth Park,1,Usworth Park
21,Sunderland,way,732482383,54.894205,-1.3761448,court,pitch,tennis,,,,,,,1,Barley Mow Park,1,Barley Mow Park
21,Sunderland,way,732482400,54.9231316,-1.3699313,court,pitch,tennis,,,,,,,0,,0,
21,Sunderland,way,749441745,54.8749347,-1.5058091,court,pitch,tennis,,,,,,,1,Penshaw Park,1,Penshaw Park
21,Sunderland,way,758347562,54.8981887,-1.3804749,court,pitch,tennis,,,,,,,0,,0,
21,Sunderland,way,769403539,54.8955651,-1.54661,court,pitch,tennis,,,,,,,0,,0,
21,Sunderland,way,769403540,54.8959199,-1.546656,court,pitch,tennis,,,,,,,0,,0,
21,Sunderland,way,770397689,54.8904912,-1.3829288,court,pitch,tennis,,,,,,,0,,0,
21,Sunderland,way,777573888,54.9230651,-1.3697412,court,pitch,tennis,,,,,,,0,,0,
21,Sunderland,way,876241265,54.8553206,-1.3968982,court,pitch,tennis,,,,,,,0,,0,
21,Sunderland,way,911183954,54.8722521,-1.4254978,court,pitch,tennis,,no,,,,,0,,0,
21,Sunderland,way,912699839,54.8711001,-1.3785468,court,pitch,tennis,,,,,,,0,,0,
21,Sunderland,way,912699853,54.9134564,-1.5167073,court,pitch,tennis,,,,,,,1,Usworth Park,1,Usworth Park
21,Sunderland,way,912699854,54.9134756,-1.5165008,court,pitch,tennis,,,,,,,1,Usworth Park,1,Usworth Park
21,Sunderland,way,912699855,54.9134926,-1.5162862,court,pitch,tennis,,,,,,,1,Usworth Park,1,Usworth Park
21,Sunderland,way,912699856,54.9135088,-1.5160704,court,pitch,tennis,,,,,,,1,Usworth Park,1,Usworth Park
21,Sunderland,way,912699857,54.9135258,-1.515849,court,pitch,tennis,,,,,,,1,Usworth Park,1,Usworth Park
21,Sunderland,way,951690381,54.8908694,-1.5164427,court,pitch,tennis,,customers,,,,hard,0,,0,
21,Sunderland,way,971189284,54.8749501,-1.3875187,court,pitch,tennis,,,,,,,0,,0,
21,Sunderland,way,971189285,54.8750202,-1.3877187,court,pitch,tennis,,,,,,,0,,0,
21,Sunderland,way,971189286,54.8750928,-1.3879265,court,pitch,tennis,,,,,,,0,,0,
21,Sunderland,way,971189287,54.8751653,-1.388127,court,pitch,tennis,,,,,,,0,,0,
21,Sunderland,way,971475314,54.8871414,-1.5223991,court,pitch,tennis,,,,,,,0,,0,
21,Sunderland,way,971475315,54.8872674,-1.5223823,court,pitch,tennis,,,,,,,0,,0,
21,Sunderland,way,971475316,54.8873932,-1.5223696,court,pitch,tennis,,,,,,,0,,0,
21,Sunderland,way,971475317,54.8875186,-1.5223517,court,pitch,tennis,,,,,,,0,,0,
21,Sunderland,way,996082843,54.8419512,-1.4784262,court,pitch,tennis,,private,,,,,0,,0,
21,Sunderland,way,1073261637,54.9138992,-1.5389873,court,pitch,tennis,,,,,,,0,,0,
22,Birkenhead,way,38785098,53.4259565,-3.050771,court,pitch,tennis,,,,,,,0,,0,
22,Birkenhead,way,38785099,53.4254986,-3.0499934,court,pitch,tennis,,,,,,,0,,0,
22,Birkenhead,way,38785101,53.4256493,-3.0502797,court,pitch,tennis,,,,,,,0,,0,
22,Birkenhead,way,38785104,53.4257287,-3.0504345,court,pitch,tennis,,,,,,,0,,0,
22,Birkenhead,way,38785105,53.4255411,-3.050522,court,pitch,tennis,,,,,,,0,,0,
22,Birkenhead,way,38785108,53.4257452,-3.0509032,court,pitch,tennis,,,,,,,0,,0,
22,Birkenhead,way,39001648,53.4206827,-3.0544054,court,pitch,tennis,,,,,,,0,,0,
22,Birkenhead,way,39001685,53.429525,-3.0551629,court,pitch,tennis,,,,,,,0,,0,
22,Birkenhead,way,132644502,53.3711915,-3.0374209,court,pitch,tennis,,,,,,paved,0,,0,
22,Birkenhead,way,132644503,53.3708384,-3.0377254,court,pitch,tennis,,,Birdcage,,,paved,0,,0,
22,Birkenhead,way,132644504,53.3710866,-3.0383748,court,pitch,tennis,,,,,,paved,0,,0,
22,Birkenhead,way,155871343,53.3554788,-3.0215828,court,pitch,tennis,,,,,,,1,The Oval Sports Centre,1,The Oval Sports Centre
22,Birkenhead,way,155871348,53.3557513,-3.021806,court,pitch,tennis,,,,,,,1,The Oval Sports Centre,1,The Oval Sports Centre
22,Birkenhead,way,155871349,53.3560253,-3.0220256,court,pitch,tennis,,,,,,,1,The Oval Sports Centre,1,The Oval Sports Centre
22,Birkenhead,way,207605586,53.4036957,-3.0639438,court,pitch,tennis,,,,,,,0,,0,
22,Birkenhead,way,207756735,53.3874711,-3.0525633,court,pitch,tennis,,,,,,,0,,0,
22,Birkenhead,way,207756736,53.3868239,-3.052697,court,pitch,tennis,,,,,,,0,,0,
22,Birkenhead,way,232027712,53.3802209,-3.0547986,court,pitch,tennis,,,,,,,0,,0,
22,Birkenhead,way,232027714,53.3795892,-3.0539834,court,pitch,tennis,,,,,,,0,,0,
22,Birkenhead,way,232027717,53.3805021,-3.0542485,court,pitch,tennis,,,,,,,0,,0,
22,Birkenhead,way,232027720,53.3795279,-3.0541696,court,pitch,tennis,,,,,,,0,,0,
22,Birkenhead,way,232027723,53.3803178,-3.0545343,court,pitch,tennis,,,,,,,0,,0,
22,Birkenhead,way,232027726,53.3801598,-3.0549936,court,pitch,tennis,,,,,,,0,,0,
22,Birkenhead,way,237364375,53.4258691,-3.0505726,court,pitch,tennis,,,,,,,0,,0,
22,Birkenhead,way,248998693,53.3964602,-3.0430865,court,pitch,tennis,,,,,,,1,Birkenhead Park,1,Birkenhead Park
22,Birkenhead,way,251459929,53.3631747,-3.0042388,court,pitch,tennis,,,,,,,0,,0,
22,Birkenhead,way,251459930,53.3627556,-3.0040259,court,pitch,tennis,,,,,,,0,,0,
22,Birkenhead,way,253051875,53.3594048,-3.008966,court,pitch,tennis,,,,,,,0,,0,
22,Birkenhead,way,253051877,53.359305,-3.0087861,court,pitch,tennis,,,,,,,0,,0,
22,Birkenhead,way,253051878,53.359614,-3.0093984,court,pitch,tennis,,,,,,,0,,0,
22,Birkenhead,way,253051879,53.3595177,-3.0092155,court,pitch,tennis,,,,,,,0,,0,
22,Birkenhead,way,253170997,53.3709633,-3.0337788,court,pitch,tennis,,,,,,,0,,0,
22,Birkenhead,way,908504624,53.4207469,-3.0544912,sports_centre,sports_centre,tennis,sport,,Thorndale Lawn Tennis Club,,,,0,,0,
22,Birkenhead,way,948867002,53.3537798,-3.0145824,court,pitch,tennis,,,,,,asphalt,0,,0,
22,Birkenhead,way,1322141975,53.3711619,-3.0382137,court,pitch,tennis,,,,,,paved,0,,0,
22,Birkenhead,way,1322141976,53.3712363,-3.0380566,court,pitch,tennis,,,,,,paved,0,,0,
22,Birkenhead,way,1322141978,53.3710902,-3.0372971,court,pitch,tennis,,,,,,paved,0,,0,
22,Birkenhead,way,1322141979,53.3709891,-3.0371676,court,pitch,tennis,,,,,,paved,0,,0,
23,Reading,way,91624979,51.4349559,-0.944225,court,pitch,tennis,,,,,,asphalt,0,,0,
23,Reading,way,91791494,51.4710625,-0.9619417,court,pitch,tennis,,,,,,acrylic,0,,0,
23,Reading,way,91791504,51.4720693,-0.9634447,court,pitch,tennis,,,,,,,0,,0,
23,Reading,way,91791506,51.4717204,-0.9634858,court,pitch,tennis,,,,,,,0,,0,
23,Reading,way,160047217,51.4820351,-0.9603502,court,pitch,tennis,,,,,,,1,Caversham Park,1,Caversham Park
23,Reading,way,162418724,51.4621961,-0.9679689,court,pitch,tennis,,,,,,clay,1,Christchurch Meadows,1,Christchurch Meadows
23,Reading,way,172233786,51.4424722,-1.0125365,court,pitch,basketball;tennis,,,,,,,0,,0,
23,Reading,way,177403277,51.4456041,-0.9786094,court,pitch,tennis,,,,,1,,1,Coley Recreation Ground,1,Coley Recreation Ground
23,Reading,way,327155335,51.4771242,-0.9865387,court,pitch,tennis,,,,,,,0,,0,
23,Reading,way,327155336,51.4766958,-0.9858091,court,pitch,tennis,,,,,,,0,,0,
23,Reading,way,449879157,51.4404157,-0.9605333,court,pitch,tennis,,,,,,asphalt,1,Cintra Park,1,Cintra Park
23,Reading,way,450242572,51.4766916,-0.9950284,court,pitch,tennis,,customers,Mapledurham Lawn Tennis Club,,,asphalt,0,,0,
23,Reading,way,477295456,51.4432693,-0.9487725,court,pitch,tennis,,,,,,asphalt,0,,0,
23,Reading,way,477297187,51.4445107,-0.9508049,court,pitch,tennis,,,,,,,0,,0,
23,Reading,way,478404783,51.4486199,-0.961511,court,pitch,tennis,,,,,,asphalt,0,,0,
23,Reading,way,532543580,51.4559912,-1.0050885,court,pitch,tennis,,,,,,,0,,0,
23,Reading,way,605989549,51.4651839,-1.0100904,court,pitch,tennis,,,,,,asphalt,0,,0,
23,Reading,way,605989550,51.4651533,-1.0102943,court,pitch,tennis,,,,,,asphalt,0,,0,
23,Reading,way,609686313,51.4851694,-0.9549635,court,pitch,tennis,,,,,,,0,,0,
23,Reading,way,609686314,51.4851808,-0.9551702,court,pitch,tennis,,,,,,,0,,0,
23,Reading,way,609686315,51.4851922,-0.9553751,court,pitch,tennis,,,,,,,0,,0,
23,Reading,way,609686316,51.4855229,-0.9553278,court,pitch,tennis,,,,,,,0,,0,
23,Reading,way,609686318,51.4855115,-0.9551231,court,pitch,tennis,,,,,,,0,,0,
23,Reading,way,609686320,51.4855001,-0.9549163,court,pitch,tennis,,,,,,,0,,0,
23,Reading,way,613388489,51.4806722,-0.9916015,sports_centre,sports_centre,tennis,,,Caversham Lawn Tennis Club,,,,0,,0,
23,Reading,way,621781369,51.4264871,-0.9596938,court,pitch,tennis,,customers,,,,asphalt,0,,0,
23,Reading,way,653621629,51.4516878,-0.9651036,court,pitch,tennis,,,,,,asphalt,0,,0,
23,Reading,way,661153998,51.4473835,-0.952044,court,pitch,tennis,,,,,,,0,,0,
23,Reading,way,664636784,51.4482813,-0.9600979,court,pitch,tennis,,,,,,grass,0,,0,
23,Reading,way,664636785,51.4479973,-0.9599686,court,pitch,tennis,,,,,,grass,0,,0,
23,Reading,way,664636786,51.4477132,-0.9598393,court,pitch,tennis,,,,,,grass,0,,0,
23,Reading,way,664636787,51.4474292,-0.9597101,court,pitch,tennis,,,,,,grass,0,,0,
23,Reading,way,667462647,51.4470843,-0.9404704,court,pitch,tennis;hockey,,,,,,,0,,0,
23,Reading,way,729086431,51.4352305,-0.9603765,court,pitch,tennis,,,,,,asphalt,0,,0,
23,Reading,way,755627913,51.4500865,-1.0075391,court,pitch,tennis,,,,,,,1,Prospect Park,1,Prospect Park
23,Reading,way,821231136,51.4548184,-1.0294023,court,pitch,tennis,,,,,,,0,,0,
23,Reading,way,835257222,51.4684123,-0.9859872,court,pitch,tennis,,,,,,grass,0,,0,
23,Reading,way,894070455,51.4470561,-0.940753,court,pitch,tennis;hockey,,,,,,,0,,0,
23,Reading,way,912819905,51.4771933,-0.9863689,court,pitch,tennis,,,,,,,0,,0,
23,Reading,way,912819906,51.4766688,-0.9860095,court,pitch,tennis,,,,,,,0,,0,
23,Reading,way,1004150437,51.454588,-1.0384757,court,pitch,tennis,,,,,,,0,,0,
23,Reading,way,1047696878,51.4456425,-1.001223,court,pitch,tennis;basketball,,,,,,,0,,0,
23,Reading,way,1047696879,51.4455965,-1.0014725,court,pitch,tennis;basketball,,,,,,,0,,0,
23,Reading,way,1047696880,51.4455501,-1.0017186,court,pitch,tennis;basketball,,,,,,,0,,0,
23,Reading,way,1138662830,51.4261295,-0.9953823,court,pitch,tennis,,,,,,,0,,0,
23,Reading,way,1252058722,51.4830884,-0.9746955,court,pitch,tennis,,,,,,,0,,0,
24,Kingston upon Hull,way,103549541,53.7631358,-0.3776518,court,pitch,tennis,,,,,,,0,,0,
24,Kingston upon Hull,way,103549542,53.7628781,-0.3761091,court,pitch,tennis,,,,,,,0,,0,
24,Kingston upon Hull,way,103549548,53.7628289,-0.3776237,court,pitch,tennis,,,,,,,0,,0,
24,Kingston upon Hull,way,103549549,53.7634838,-0.3769619,court,pitch,tennis,,,,,,,0,,0,
24,Kingston upon Hull,way,103549550,53.7631657,-0.3769408,court,pitch,tennis,,,,,,,0,,0,
24,Kingston upon Hull,way,103549559,53.7628535,-0.3769197,court,pitch,tennis,,,,,,,0,,0,
24,Kingston upon Hull,way,103549561,53.7635093,-0.3761587,court,pitch,tennis,,,,,,,0,,0,
24,Kingston upon Hull,way,145484131,53.7488952,-0.3624734,court,pitch,tennis,,,,,,,0,,0,
24,Kingston upon Hull,way,165268134,53.7390303,-0.4042328,court,pitch,tennis,,,,,,asphalt,1,Peter Pan Park,1,Peter Pan Park
24,Kingston upon Hull,way,166871689,53.7374552,-0.4025462,court,pitch,tennis,,,,,,grass,1,Peter Pan Park,1,Peter Pan Park
24,Kingston upon Hull,way,186919389,53.7594658,-0.2800173,court,pitch,tennis,,,,,,,0,,0,
24,Kingston upon Hull,way,676033862,53.7921669,-0.3583807,court,pitch,tennis,,,,,,,0,,0,
24,Kingston upon Hull,way,676033863,53.7922233,-0.3578311,court,pitch,tennis,,,,,,,0,,0,
24,Kingston upon Hull,way,676033864,53.791986,-0.35791,court,pitch,tennis,,,,,,,0,,0,
24,Kingston upon Hull,way,1358524236,53.7544664,-0.2615756,court,pitch,tennis,,,,,,,0,,0,
25,Preston,node,12474114992,53.809999,-2.7207946,court,pitch,tennis,,,,,,,0,,0,
25,Preston,node,12474114993,53.8100527,-2.7205977,court,pitch,tennis,,,,,,,0,,0,
25,Preston,node,12474114994,53.8101113,-2.7203877,court,pitch,tennis,,,,,,,0,,0,
25,Preston,node,12474114995,53.8102902,-2.71958,court,pitch,tennis,,,,,,,0,,0,
25,Preston,node,12474114996,53.8100115,-2.7193702,court,pitch,tennis,,,,,,,0,,0,
25,Preston,way,29423668,53.8252658,-2.6746753,court,pitch,tennis,,,Goosnargh Tennis Club,,,,0,,0,
25,Preston,way,31553161,53.7785634,-2.7040882,court,pitch,tennis,,,Fulwood Lawn Tennis Club,,,,0,,0,
25,Preston,way,54412546,53.7705632,-2.7487004,court,pitch,tennis,,,,,,,0,,0,
25,Preston,way,89893953,53.777213,-2.754606,court,pitch,tennis,,,,,,clay,0,,0,
25,Preston,way,141787122,53.7655861,-2.7414787,court,pitch,tennis,,,Ashton Park Tennis Courts,Preston City Council,,,0,,0,
25,Preston,way,180235090,53.7510719,-2.6902222,court,pitch,tennis,,,,,,,0,,0,
25,Preston,way,180235092,53.7510163,-2.6899466,court,pitch,tennis,,,,,,,0,,0,
25,Preston,way,180235094,53.7509606,-2.6896799,court,pitch,tennis,,,,,,,0,,0,
25,Preston,way,182748213,53.7997926,-2.6619046,court,pitch,tennis,,,,,,,0,,0,
25,Preston,way,182748214,53.7956367,-2.6744464,court,pitch,tennis,,,,,,grass,1,Mount Farm,1,Mount Farm
25,Preston,way,182783121,53.7817034,-2.7238505,court,pitch,tennis,,private,,,,,0,,0,
25,Preston,way,471541209,53.7713686,-2.7327475,court,pitch,tennis,,,,,,asphalt,1,Haslam Park,1,Haslam Park
25,Preston,way,477383330,53.7711253,-2.6987108,court,pitch,tennis,,customers,Moor Park Tennis Courts,,6,asphalt,1,Moor Park,1,Moor Park
25,Preston,way,502769378,53.7885782,-2.7197014,court,pitch,tennis,,,,,,,0,,0,
25,Preston,way,502769379,53.7884593,-2.7195941,court,pitch,tennis,,,,,,,0,,0,
25,Preston,way,502769381,53.788344,-2.7195011,court,pitch,tennis,,,,,,,0,,0,
25,Preston,way,502769382,53.788219,-2.7194018,court,pitch,tennis,,,,,,,0,,0,
25,Preston,way,502777130,53.7856054,-2.7091916,court,pitch,tennis,,,,,,,0,,0,
25,Preston,way,502777131,53.7856695,-2.7089532,court,pitch,tennis,,,,,,,0,,0,
25,Preston,way,502777132,53.7857237,-2.7087454,court,pitch,tennis,,,,,,,0,,0,
25,Preston,way,502777133,53.7857901,-2.7085151,court,pitch,tennis,,,,,,,0,,0,
25,Preston,way,890219264,53.7994709,-2.7143189,court,pitch,tennis,,,,,,,0,,0,
25,Preston,way,1220566377,53.8069136,-2.7265792,court,pitch,tennis,,,,,,artificial_turf,0,,0,
25,Preston,way,1278509208,53.7782425,-2.7041479,court,pitch,tennis,,,,,,,0,,0,
25,Preston,way,1278509209,53.7782678,-2.7039418,court,pitch,tennis,,,,,,,0,,0,
25,Preston,way,1278509210,53.7785658,-2.7040583,court,pitch,tennis,,,,,,,0,,0,
25,Preston,way,1278509211,53.7785404,-2.7042643,court,pitch,tennis,,,,,,,0,,0,
25,Preston,way,1331988743,53.8129975,-2.6987919,court,pitch,tennis,,,,,,,0,,0,
25,Preston,way,1334248619,53.8063418,-2.6440143,court,pitch,tennis,,,,,,,0,,0,
25,Preston,way,1451379688,53.8293374,-2.6207749,court,pitch,tennis,,,,,,,0,,0,
26,Newport,node,7841367552,51.5711918,-2.9613609,sports_centre,sports_centre,tennis,,,Newport Tennis Centre,,,,0,,0,
26,Newport,way,40460069,51.6099617,-2.9951577,court,pitch,basketball;tennis,,yes,,,,asphalt,1,Grove Park,1,Grove Park
26,Newport,way,40562462,51.5852643,-3.0174394,court,pitch,tennis,sport,customers,Stow Park Lawn Tennis Club,Stow Park Lawn Tennis Club,,grass,0,,0,
26,Newport,way,40608966,51.5805998,-3.0007084,court,pitch,tennis,,yes,,,,concrete,1,Belle Vue Park,1,Belle Vue Park
26,Newport,way,40841355,51.5920502,-3.0067801,sports_centre,sports_centre,tennis,,customers,Allt-Yr-Yn Tennis Club,,,artificial_turf,0,,0,
26,Newport,way,41182351,51.576417,-2.9920767,court,pitch,tennis,,,,Newport City Council,,,0,,0,
26,Newport,way,41900213,51.5920622,-2.9644718,court,pitch,tennis,,,,,,asphalt,1,Beechwood Park,1,Beechwood Park
26,Newport,way,41900214,51.5917205,-2.9643137,court,pitch,tennis,,,,,,,1,Beechwood Park,1,Beechwood Park
26,Newport,way,42939378,51.5897236,-3.0627423,court,pitch,tennis,,yes,,,,asphalt,1,Rogerstone Welfare Ground,1,Rogerstone Welfare Ground
26,Newport,way,43321975,51.571562,-2.961475,sports_centre,sports_centre,tennis,,customers,,Newport Live,,asphalt,0,,0,
26,Newport,way,58603414,51.6016197,-2.9880281,court,pitch,tennis,,,,,,,0,,0,
26,Newport,way,125605015,51.6023525,-3.0083032,court,pitch,tennis,,yes,,,,asphalt,1,Kimberley Park,1,Kimberley Park
26,Newport,way,125624667,51.6147097,-2.9229988,court,pitch,tennis,,,,,,,0,,0,
26,Newport,way,127541156,51.5948021,-3.0698547,court,pitch,tennis;basketball;hockey;football,,yes,,Newport City Council,,,0,,0,
26,Newport,way,143056445,51.5598279,-3.0115842,court,pitch,multi;basketball;tennis;netball,,private,,,,asphalt,0,,0,
26,Newport,way,251990324,51.5749594,-3.0475967,court,pitch,tennis,,private,,Newport City Council,,concrete,0,,0,
26,Newport,way,251990329,51.5749033,-3.0498819,court,pitch,tennis,,private,,Newport City Council,,concrete,0,,0,
26,Newport,way,363615399,51.5861555,-2.9451412,court,pitch,multi;basketball;football;tennis,,yes,,,,asphalt,0,,0,
26,Newport,way,364702673,51.5850207,-3.0178662,court,pitch,tennis,,customers,,,,grass,0,,0,
26,Newport,way,395357452,51.5383149,-3.0840068,court,pitch,tennis,,private,,,,,0,,0,
26,Newport,way,708677261,51.5750957,-3.046842,court,pitch,tennis,,private,,Newport City Council,,concrete,0,,0,
26,Newport,way,732484269,51.6109442,-2.9629046,court,pitch,tennis,,private,,,,paved,0,,0,
26,Newport,way,732484270,51.6108413,-2.9627494,court,pitch,tennis,,private,,,,paved,0,,0,
26,Newport,way,732484271,51.6107106,-2.9625477,court,pitch,tennis,,private,,,,paved,0,,0,
26,Newport,way,732484272,51.6106034,-2.9623872,court,pitch,tennis,,private,,,,paved,0,,0,
26,Newport,way,759383796,51.603081,-2.9851444,court,pitch,tennis,,,,,,,0,,0,
26,Newport,way,771084234,51.5923881,-2.9635241,court,pitch,tennis,,,,,,asphalt,1,Beechwood Park,1,Beechwood Park
26,Newport,way,859771557,51.5892306,-3.0159017,court,pitch,tennis,,,,,,,0,,0,
26,Newport,way,866098944,51.5587155,-3.0135708,court,pitch,multi;basketball;tennis;netball,,private,,,,asphalt,0,,0,
26,Newport,way,866098945,51.5584238,-3.0134077,court,pitch,multi;basketball;tennis;netball,,private,,,,asphalt,0,,0,
26,Newport,way,896361188,51.6041309,-2.9353879,court,pitch,tennis,,customers,,Celtic Manor Resort,,,0,,0,
26,Newport,way,896361189,51.6039944,-2.9353762,court,pitch,tennis,,customers,,Celtic Manor Resort,,,0,,0,
26,Newport,way,926336202,51.5851099,-3.0180125,court,pitch,tennis,,customers,,,,grass,0,,0,
26,Newport,way,926336203,51.5850257,-3.017867,court,pitch,tennis,,customers,,,,grass,0,,0,
26,Newport,way,926336204,51.5849388,-3.0177211,court,pitch,tennis,,customers,,,,grass,0,,0,
26,Newport,way,926336205,51.5851682,-3.0172815,court,pitch,tennis,,customers,,,,grass,0,,0,
26,Newport,way,926336206,51.5852558,-3.0174551,court,pitch,tennis,,customers,,,,grass,0,,0,
26,Newport,way,926336207,51.5853495,-3.0176159,court,pitch,tennis,,customers,,,,grass,0,,0,
26,Newport,way,926336208,51.5851129,-3.0176011,sports_centre,sports_centre,tennis,,,Stow Park Lawn Tennis Club,Stow Park Lawn Tennis Club,,,0,,0,
26,Newport,way,937910121,51.5921616,-3.0071558,court,pitch,tennis,,customers,,,,artificial_turf,0,,0,
26,Newport,way,937910122,51.5921842,-3.0069571,court,pitch,tennis,,customers,,,,artificial_turf,0,,0,
26,Newport,way,937910123,51.5918417,-3.0070647,court,pitch,tennis,,customers,,,,artificial_turf,0,,0,
26,Newport,way,937910124,51.5918623,-3.0068677,court,pitch,tennis,,customers,,,,artificial_turf,0,,0,
26,Newport,way,937910125,51.5919065,-3.0065995,court,pitch,tennis,,customers,,,,artificial_turf,0,,0,
26,Newport,way,937910126,51.5922295,-3.0066939,court,pitch,tennis,,customers,,,,artificial_turf,0,,0,
26,Newport,way,937910127,51.5922511,-3.0064968,court,pitch,tennis,,customers,,,,artificial_turf,0,,0,
26,Newport,way,937910128,51.591924,-3.0064074,court,pitch,tennis,,customers,,,,artificial_turf,0,,0,
26,Newport,way,947542773,51.618938,-3.0118476,court,pitch,tennis,,private,,,,concrete,0,,0,
26,Newport,way,1160583579,51.5716337,-2.9617334,court,pitch,tennis,,customers,,,,asphalt,0,,0,
26,Newport,way,1160583580,51.5714979,-2.9617053,court,pitch,tennis,,customers,,,,asphalt,0,,0,
26,Newport,way,1160583581,51.5715371,-2.9611916,court,pitch,tennis,,customers,,,,asphalt,0,,0,
26,Newport,way,1160673826,51.5713145,-2.9616995,court,pitch,tennis,,customers,,,,acrylic,0,,0,
26,Newport,way,1160673827,51.571362,-2.9611247,court,pitch,tennis,,customers,,,,acrylic,0,,0,
26,Newport,way,1160673828,51.5712215,-2.9610908,court,pitch,tennis,,customers,,,,acrylic,0,,0,
26,Newport,way,1160673829,51.571176,-2.961663,court,pitch,tennis,,customers,,,,,0,,0,
26,Newport,way,1181392033,51.5804146,-3.0004068,court,pitch,tennis,,yes,,,,concrete,1,Belle Vue Park,1,Belle Vue Park
26,Newport,way,1190336850,51.5680626,-3.0275106,court,pitch,tennis,,customers,,,,asphalt,1,Tredegar Park Recreation Ground,1,Tredegar Park Recreation Ground
26,Newport,way,1190336852,51.5680454,-3.0277399,court,pitch,tennis,,customers,,,,asphalt,1,Tredegar Park Recreation Ground,1,Tredegar Park Recreation Ground
26,Newport,way,1190336853,51.568077,-3.0272926,court,pitch,tennis,,customers,,,,asphalt,1,Tredegar Park Recreation Ground,1,Tredegar Park Recreation Ground
26,Newport,way,1190336854,51.5680938,-3.0270651,court,pitch,tennis,,customers,,,,asphalt,1,Tredegar Park Recreation Ground,1,Tredegar Park Recreation Ground
26,Newport,way,1190336855,51.5681086,-3.0268454,court,pitch,tennis,,customers,,,,asphalt,1,Tredegar Park Recreation Ground,1,Tredegar Park Recreation Ground
26,Newport,way,1190336856,51.5681254,-3.0266163,court,pitch,tennis,,customers,,,,asphalt,1,Tredegar Park Recreation Ground,1,Tredegar Park Recreation Ground
26,Newport,way,1217855705,51.5941198,-2.9312737,court,pitch,multi;tennis,,,,,,artificial_turf,0,,0,
26,Newport,way,1228344562,51.5407335,-3.0685335,court,pitch,tennis,,,,,,,0,,0,
26,Newport,way,1324678623,51.5928949,-3.0425544,court,pitch,tennis,,private,,,,,0,,0,
26,Newport,way,1344894872,51.5993337,-2.9771082,court,pitch,tennis,,customers,,,,artificial_turf,0,,0,
26,Newport,way,1344894873,51.5992483,-2.976945,court,pitch,tennis,,customers,,,,artificial_turf,0,,0,
26,Newport,way,1344894874,51.5991634,-2.9767857,court,pitch,tennis,,customers,,,,artificial_turf,0,,0,
26,Newport,way,1344894875,51.5990785,-2.9766236,court,pitch,tennis,,customers,,,,artificial_turf,0,,0,
27,Swansea,way,101617186,51.5520511,-4.2071222,court,pitch,tennis,,,,,,,0,,0,
27,Swansea,way,108892317,51.6511392,-4.0475159,court,pitch,tennis,,,,,,,0,,0,
27,Swansea,way,110677812,51.5686123,-4.0110108,court,pitch,tennis,,,,,,,0,,0,
27,Swansea,way,110677815,51.5682795,-4.0129851,court,pitch,tennis,,,,,,,0,,0,
27,Swansea,way,110677822,51.5685544,-4.0114957,court,pitch,tennis,,,,,,,0,,0,
27,Swansea,way,110677828,51.5686489,-4.0108136,court,pitch,tennis,,,,,,,0,,0,
27,Swansea,way,110677829,51.5683706,-4.0125005,court,pitch,tennis,,,,,,,0,,0,
27,Swansea,way,112074870,51.6164144,-3.9866821,court,pitch,tennis,,,,,,asphalt,0,,0,
27,Swansea,way,112074871,51.6160922,-3.9876683,court,pitch,tennis,,,,,,asphalt,0,,0,
27,Swansea,way,114095253,51.6072479,-3.9910083,court,pitch,tennis,,,,Swansea Tennis and Squash Club,,,0,,0,
27,Swansea,way,114095254,51.6074966,-3.9915329,court,pitch,tennis,,,,Swansea Tennis and Squash Club,,,0,,0,
27,Swansea,way,114095257,51.6062536,-3.988597,court,pitch,tennis,,,,,,,0,,0,
27,Swansea,way,114095258,51.6075811,-3.991371,court,pitch,tennis,,,,Swansea Tennis and Squash Club,,,0,,0,
27,Swansea,way,114095260,51.6060678,-3.9881418,court,pitch,tennis,,,,,,,0,,0,
27,Swansea,way,114095262,51.60696,-3.9894764,court,pitch,tennis,,,,,,,0,,0,
27,Swansea,way,114095265,51.6059946,-3.9883187,court,pitch,tennis,,,,,,,0,,0,
27,Swansea,way,114095269,51.6073364,-3.9908418,court,pitch,tennis,,,,Swansea Tennis and Squash Club,,,0,,0,
27,Swansea,way,114095271,51.6067922,-3.9898476,court,pitch,tennis,,,,,,,0,,0,
27,Swansea,way,114095272,51.605805,-3.9878611,court,pitch,tennis,,,,,,,0,,0,
27,Swansea,way,114095273,51.6057333,-3.9880343,court,pitch,tennis,,,,,,,0,,0,
27,Swansea,way,114095274,51.6076625,-3.9912082,court,pitch,tennis,,,,Swansea Tennis and Squash Club,,,0,,0,
27,Swansea,way,114095275,51.606876,-3.9896646,court,pitch,tennis,,,,,,,0,,0,
27,Swansea,way,114095276,51.6058789,-3.9876821,court,pitch,tennis,,,,,,,0,,0,
27,Swansea,way,114095277,51.6071594,-3.9911747,court,pitch,tennis,,,,Swansea Tennis and Squash Club,,,0,,0,
27,Swansea,way,121746790,51.6418613,-3.9271645,court,pitch,tennis,,,,,,,0,,0,
27,Swansea,way,121746792,51.6414458,-3.9268064,court,pitch,tennis,,,,,,,0,,0,
27,Swansea,way,121746797,51.6417228,-3.9270451,court,pitch,tennis,,,,,,,0,,0,
27,Swansea,way,121746801,51.6415842,-3.9269258,court,pitch,tennis,,,,,,,0,,0,
27,Swansea,way,123570705,51.6130033,-3.963246,court,pitch,tennis,,yes,,,,asphalt,1,Victoria Park,1,Victoria Park
27,Swansea,way,125627413,51.6217281,-3.9701487,court,pitch,tennis,,,,,,,1,Parc Cwmdoncyn / Cwmdonkin Park,1,Parc Cwmdoncyn / Cwmdonkin Park
27,Swansea,way,134896598,51.5630242,-4.217222,court,pitch,tennis,,,,,,,0,,0,
27,Swansea,way,161867055,51.5649742,-4.271674,court,pitch,tennis,,private,,,,,0,,0,
27,Swansea,way,170629369,51.6533534,-3.9359912,court,pitch,tennis,,,,,,,1,Parc Llewellyn,1,Parc Llewellyn
27,Swansea,way,188357917,51.5869097,-4.0744152,court,pitch,tennis,,,,,,,0,,0,
27,Swansea,way,222070284,51.7102676,-4.0366398,court,pitch,tennis,,,,,,,1,Coed Bach Park,1,Coed Bach Park
27,Swansea,way,222070296,51.7103248,-4.0364349,court,pitch,tennis,,,,,,,1,Coed Bach Park,1,Coed Bach Park
27,Swansea,way,222070303,51.7103857,-4.0362282,court,pitch,tennis,,,,,,,1,Coed Bach Park,1,Coed Bach Park
27,Swansea,way,222122368,51.6616855,-4.0757424,court,pitch,tennis,,,,,,grass,0,,0,
27,Swansea,way,440942958,51.6302171,-4.1258348,court,pitch,tennis,,,,,,,0,,0,
27,Swansea,way,462826938,51.6204971,-4.2672861,court,pitch,tennis,,,,,,,0,,0,
27,Swansea,way,909413120,51.6979467,-3.8812507,court,pitch,tennis,,,,,,,1,Coed Gwilym Park,1,Coed Gwilym Park
27,Swansea,way,909413121,51.6980303,-3.8810904,court,pitch,tennis,,,,,,,1,Coed Gwilym Park,1,Coed Gwilym Park
27,Swansea,way,945616603,51.6412569,-4.1149076,court,pitch,tennis,,,,,,,0,,0,
27,Swansea,way,989163481,51.6836382,-3.9069297,court,pitch,tennis,,,,,,,1,Ynystawe Park,1,Ynystawe Park
27,Swansea,way,1034422885,51.5775452,-4.1253911,court,pitch,tennis,,private,,,,,0,,0,
27,Swansea,way,1079276880,51.5743167,-3.9968329,court,pitch,tennis,,,,,,,0,,0,
27,Swansea,way,1088937096,51.6433873,-4.0357376,court,pitch,tennis,,,,,,,0,,0,
27,Swansea,way,1206685586,51.5743819,-4.1742222,court,pitch,tennis,,,,,,,0,,0,
27,Swansea,way,1219286256,51.6455912,-4.0378983,court,pitch,tennis,,,,,,,0,,0,
27,Swansea,way,1219286257,51.6457219,-4.0377336,court,pitch,tennis,,,,,,,0,,0,
27,Swansea,way,1219286258,51.6458528,-4.0375714,court,pitch,tennis,,,,,,,0,,0,
27,Swansea,way,1227012159,51.5844026,-4.0472571,court,pitch,tennis;netball;basketball,,,,,,,0,,0,
27,Swansea,way,1305324142,51.6075184,-3.9911031,sports_centre,sports_centre,tennis;squash,,,Swansea Tennis & Squash Club,,,,0,,0,
27,Swansea,way,1310908541,51.5705301,-4.0060039,court,pitch,tennis,,,,,,,0,,0,
27,Swansea,way,1338671016,51.6617863,-3.9377088,court,pitch,tennis,,,,,,,0,,0,
27,Swansea,way,1338671017,51.6617773,-3.9379723,court,pitch,tennis,,,,,,,0,,0,
27,Swansea,way,1338671018,51.6617663,-3.9382358,court,pitch,tennis,,,,,,,0,,0,
27,Swansea,way,1415394561,51.5744058,-3.9970077,court,pitch,tennis,,,,,,,0,,0,
27,Swansea,way,1460780019,51.6130763,-3.9630763,court,pitch,tennis,,yes,,,,asphalt,1,Victoria Park,1,Victoria Park
27,Swansea,way,1510488708,51.6432586,-4.0357956,court,pitch,tennis,,,,,,,0,,0,
27,Swansea,way,1510488709,51.6431297,-4.0358579,court,pitch,tennis,,,,,,,0,,0,
27,Swansea,way,1510488710,51.6434639,-4.0362433,court,pitch,tennis,,,,,,,0,,0,
27,Swansea,way,1510488711,51.6433352,-4.0363013,court,pitch,tennis,,,,,,,0,,0,
27,Swansea,way,1510488712,51.6432064,-4.0363636,court,pitch,tennis,,,,,,,0,,0,
28,Southend-on-Sea,way,90523268,51.5539893,0.7347473,sports_centre,sports_centre,tennis;basketball;swimming;gymnastics;athletics;badminton;fitness,,,Southend Leisure & Tennis Centre,Freedom Leisure,,,0,,0,
28,Southend-on-Sea,way,100791074,51.5548824,0.7335312,court,pitch,tennis,,,,,,,0,,0,
28,Southend-on-Sea,way,100791097,51.5548833,0.7332617,court,pitch,tennis,,,,,,,0,,0,
28,Southend-on-Sea,way,100791149,51.5548853,0.7329988,court,pitch,tennis,,,,,,,0,,0,
28,Southend-on-Sea,way,100791151,51.5548774,0.7338585,court,pitch,tennis,,,,,,,0,,0,
28,Southend-on-Sea,way,112693220,51.53572,0.7840827,court,pitch,tennis,,,,,,,1,Shoebury Park,1,Shoebury Park
28,Southend-on-Sea,way,137805736,51.5293567,0.7553773,court,pitch,tennis,,,,,,,0,,0,
28,Southend-on-Sea,way,195953990,51.566371,0.6640802,court,pitch,tennis,,,,,,,0,,0,
28,Southend-on-Sea,way,212452015,51.5539013,0.7042226,court,pitch,tennis,,,,,,,1,Priory Park,1,Priory Park
28,Southend-on-Sea,way,286410248,51.5411569,0.7587146,court,pitch,tennis,,,Southend Lawn Tennis Club,,,,0,,0,
28,Southend-on-Sea,way,292193320,51.54513,0.6769481,court,pitch,tennis,,,,,,,1,Chalkwell Park,1,Chalkwell Park
28,Southend-on-Sea,way,297351491,51.5579063,0.644775,court,pitch,tennis,,,,,,,0,,0,
28,Southend-on-Sea,way,309082395,51.5366808,0.6999124,court,pitch,tennis,,,Milton Road Gardens,,,,0,,0,
28,Southend-on-Sea,way,413468957,51.5635884,0.6841618,court,pitch,tennis,,,,,,,0,,0,
28,Southend-on-Sea,way,698626761,51.5513097,0.6520845,court,pitch,tennis,,,Bonchurch Tennis Courts,,,,1,Bonchurch Park,1,Bonchurch Park
28,Southend-on-Sea,way,702921534,51.5258008,0.7918128,court,pitch,tennis,,,,,,,1,,1,
28,Southend-on-Sea,way,886944279,51.5510972,0.6764576,court,pitch,tennis,,,,,,,0,,0,
28,Southend-on-Sea,way,909406539,51.553771,0.7042252,court,pitch,tennis,,,,,,,1,Priory Park,1,Priory Park
28,Southend-on-Sea,way,909406540,51.5540322,0.7042226,court,pitch,tennis,,,,,,,1,Priory Park,1,Priory Park
28,Southend-on-Sea,way,1079142513,51.5546645,0.6838548,court,pitch,tennis,,,,,,,0,,0,
28,Southend-on-Sea,way,1080844023,51.5396898,0.676822,court,pitch,tennis,,,,,,,0,,0,
28,Southend-on-Sea,way,1080844024,51.5393503,0.6764548,court,pitch,tennis,,,,,,,0,,0,
28,Southend-on-Sea,way,1280431063,51.5653461,0.6693467,court,pitch,tennis,,,,,,,0,,0,
28,Southend-on-Sea,way,1280431064,51.5652508,0.6688134,court,pitch,tennis,,,,,,,0,,0,
28,Southend-on-Sea,way,1280431065,51.5655919,0.6687255,court,pitch,tennis,,,,,,,0,,0,
28,Southend-on-Sea,way,1326126521,51.5316116,0.7333542,court,pitch,tennis,,,,,,,1,Southchurch Park,1,Southchurch Park
28,Southend-on-Sea,way,1456215361,51.5293148,0.7555861,court,pitch,tennis,,,,,,,0,,0,
28,Southend-on-Sea,way,1456215362,51.5292743,0.755792,court,pitch,tennis,,,,,,,0,,0,
28,Southend-on-Sea,way,1456215363,51.5292319,0.7559965,court,pitch,tennis,,,,,,,0,,0,
28,Southend-on-Sea,way,1456215366,51.5296148,0.7540659,court,pitch,tennis,,,,,,,0,,0,
28,Southend-on-Sea,way,1456215367,51.5295729,0.7542747,court,pitch,tennis,,,,,,,0,,0,
28,Southend-on-Sea,way,1456215368,51.5295324,0.7544808,court,pitch,tennis,,,,,,,0,,0,
28,Southend-on-Sea,way,1456215369,51.52949,0.7546852,court,pitch,tennis,,,,,,,0,,0,
28,Southend-on-Sea,way,1456215370,51.5290474,0.7569245,court,pitch,tennis,,,,,,,0,,0,
28,Southend-on-Sea,way,1456215371,51.5290069,0.7571259,court,pitch,tennis,,,,,,,0,,0,
28,Southend-on-Sea,way,1456215372,51.5289644,0.7573222,court,pitch,tennis,,,,,,,0,,0,
28,Southend-on-Sea,way,1456215373,51.5289241,0.7575219,court,pitch,tennis,,,,,,,0,,0,
28,Southend-on-Sea,way,1456215374,51.5288752,0.7577558,court,pitch,tennis,,,,,,,0,,0,
28,Southend-on-Sea,way,1456215375,51.5288339,0.7579589,court,pitch,tennis,,,,,,,0,,0,
28,Southend-on-Sea,way,1456215376,51.5287914,0.7581535,court,pitch,tennis,,,,,,,0,,0,
28,Southend-on-Sea,way,1456215377,51.5287521,0.7583481,court,pitch,tennis,,,,,,,0,,0,
28,Southend-on-Sea,way,1456228267,51.525823,0.7920304,court,pitch,tennis,,,,,,,1,,1,
29,Derby,way,32139726,52.899333,-1.5168745,court,pitch,tennis,,,,,,,1,King George V Playing Fields,1,King George V Playing Fields
29,Derby,way,52288087,52.9437048,-1.5041583,court,pitch,tennis,,,Woodlands Tennis Club,,,,0,,0,
29,Derby,way,108174125,52.9086853,-1.5054258,court,pitch,tennis,,,,,,,0,,0,
29,Derby,way,108174127,52.9087342,-1.505252,court,pitch,tennis,,,,,,,0,,0,
29,Derby,way,108174128,52.9086732,-1.5054015,sports_centre,sports_centre,tennis,,,Littleover Tennis Club,,,,0,,0,
29,Derby,way,108174130,52.9086354,-1.5055975,court,pitch,tennis,,,,,,,0,,0,
29,Derby,way,109859100,52.9321982,-1.5053108,court,pitch,tennis,,,,,,grass,1,Markeaton Park,1,Markeaton Park
29,Derby,way,109859102,52.9323417,-1.5052668,court,pitch,tennis,,,,,,grass,1,Markeaton Park,1,Markeaton Park
29,Derby,way,109884126,52.9509863,-1.4867418,court,pitch,tennis,,,,,,asphalt,1,Allestree Rec'n Gr'd (War Memorial),1,Allestree Rec'n Gr'd (War Memorial)
29,Derby,way,109884138,52.9509588,-1.4869448,court,pitch,tennis,,,,,,,1,Allestree Rec'n Gr'd (War Memorial),1,Allestree Rec'n Gr'd (War Memorial)
29,Derby,way,111662223,52.9272786,-1.4322105,court,pitch,basketball;tennis,,,,,,,1,Chaddesden Park,1,Chaddesden Park
29,Derby,way,112089889,52.9437197,-1.5034064,court,pitch,tennis,,,,,,rubber,0,,0,
29,Derby,way,112089891,52.9437024,-1.5040677,court,pitch,tennis,,,,,,,0,,0,
29,Derby,way,112089904,52.9437236,-1.503607,court,pitch,tennis,,,,,,rubber,0,,0,
29,Derby,way,112089908,52.9437016,-1.504266,court,pitch,tennis,,,,,,,0,,0,
29,Derby,way,112089911,52.9437214,-1.5038202,court,pitch,tennis,,,,,,rubber,0,,0,
29,Derby,way,112951906,52.8999125,-1.5018546,court,pitch,tennis,,,,,,,0,,0,
29,Derby,way,132715493,52.902332,-1.4913364,court,pitch,tennis,,,,,,,1,Normanton Park,1,Normanton Park
29,Derby,way,132718056,52.9039542,-1.4872182,court,pitch,tennis,,,,,,,0,,0,
29,Derby,way,132718057,52.9039556,-1.487668,court,pitch,tennis,,,,,,,0,,0,
29,Derby,way,132718058,52.9039529,-1.487447,court,pitch,tennis,,,,,,,0,,0,
29,Derby,way,132718059,52.9045147,-1.4874491,court,pitch,tennis,,,,,,,0,,0,
29,Derby,way,169730427,52.8753614,-1.4261573,court,pitch,tennis,,,,,,,1,Chellaston Park,1,Chellaston Park
29,Derby,way,170534064,52.9041929,-1.4873332,sports_centre,sports_centre,tennis,,,Derbyshire Tennis Centre,,,,0,,0,
29,Derby,way,184394046,52.9000241,-1.5023007,court,pitch,tennis,,,,,,,0,,0,
29,Derby,way,184394047,52.9000775,-1.502133,court,pitch,tennis,,,,,,,0,,0,
29,Derby,way,184394048,52.8999732,-1.5024657,court,pitch,tennis,,,,,,,0,,0,
29,Derby,way,184394049,52.9001309,-1.5019694,court,pitch,tennis,,,,,,,0,,0,
29,Derby,way,184397945,52.900791,-1.501537,court,pitch,tennis,,,,,,,0,,0,
29,Derby,way,184397946,52.9010159,-1.5009214,court,pitch,tennis,,,,,,,0,,0,
29,Derby,way,184397947,52.9008671,-1.5013291,court,pitch,tennis,,,,,,,0,,0,
29,Derby,way,184397948,52.9007174,-1.5017381,court,pitch,tennis,,,,,,,0,,0,
29,Derby,way,184397949,52.9009463,-1.5011159,court,pitch,tennis,,,,,,,0,,0,
29,Derby,way,185173843,52.9036682,-1.5154754,court,pitch,tennis,,,,,,,0,,0,
29,Derby,way,185173845,52.9035513,-1.5153733,court,pitch,tennis,,,,,,,0,,0,
29,Derby,way,185173847,52.9037829,-1.515579,court,pitch,tennis,,,,,,,0,,0,
29,Derby,way,188679905,52.8914013,-1.4624689,court,pitch,tennis,,,,,,,0,,0,
29,Derby,way,188679908,52.8915437,-1.4626822,court,pitch,tennis,,,,,,,0,,0,
29,Derby,way,188679909,52.8920148,-1.4634779,court,pitch,tennis,,,,,,,0,,0,
29,Derby,way,188679910,52.8921009,-1.4636221,court,pitch,tennis,,,,,,,0,,0,
29,Derby,way,188679911,52.8917542,-1.4630354,court,pitch,tennis,,,,,,,0,,0,
29,Derby,way,188679912,52.8912859,-1.4630243,court,pitch,tennis,,,,,,,0,,0,
29,Derby,way,188679913,52.891166,-1.4628034,court,pitch,tennis,,,,,,,0,,0,
29,Derby,way,188679914,52.8918444,-1.4631862,court,pitch,tennis,,,,,,,0,,0,
29,Derby,way,188679915,52.8919318,-1.4633352,court,pitch,tennis,,,,,,,0,,0,
29,Derby,way,188679916,52.891666,-1.4628865,court,pitch,tennis,,,,,,,0,,0,
29,Derby,way,223347448,52.8752924,-1.4259858,court,pitch,tennis,,,,,,,1,Chellaston Park,1,Chellaston Park
29,Derby,way,236562427,52.9066481,-1.4418119,court,pitch,tennis,,,,,,artificial_turf,1,Alvaston Park,1,Alvaston Park
29,Derby,way,236562471,52.9070152,-1.441588,court,pitch,tennis,,,,,,rubber,1,Alvaston Park,1,Alvaston Park
29,Derby,way,241816371,52.8761243,-1.4905498,court,pitch,tennis,,,,,,,0,,0,
29,Derby,way,271945065,52.9180031,-1.4595727,court,pitch,tennis,,,,,,,0,,0,
29,Derby,way,271945066,52.9180996,-1.4602002,court,pitch,tennis,,,,,,,0,,0,
29,Derby,way,271945067,52.9180294,-1.4597888,court,pitch,tennis,,,,,,,0,,0,
29,Derby,way,271945068,52.9179755,-1.4593545,court,pitch,tennis,,,,,,,0,,0,
29,Derby,way,271945069,52.917311,-1.4585508,court,pitch,tennis,,,,,,,0,,0,
29,Derby,way,316394405,52.9550237,-1.500348,court,pitch,tennis,,,,,,,0,,0,
29,Derby,way,432234177,52.8833141,-1.4364664,court,pitch,tennis,,,,,,,0,,0,
29,Derby,way,432234178,52.883459,-1.4357885,court,pitch,tennis,,,,,,,0,,0,
29,Derby,way,432234180,52.8833922,-1.4356041,court,pitch,tennis,,,,,,,0,,0,
29,Derby,way,432234181,52.8831782,-1.4360695,court,pitch,tennis,,,,,,,0,,0,
29,Derby,way,432234182,52.8832474,-1.4362679,court,pitch,tennis,,,,,,,0,,0,
29,Derby,way,432234185,52.8831122,-1.4358737,court,pitch,tennis,,,,,,,0,,0,
29,Derby,way,731609633,52.9353571,-1.4752914,court,pitch,tennis,,,,,,,1,Darley Playing Fields,1,Darley Playing Fields
29,Derby,way,823938236,52.9375674,-1.497703,court,pitch,tennis,,,,,,,0,,0,
29,Derby,way,1000487957,52.8992365,-1.5170155,court,pitch,tennis,,,,,,,1,King George V Playing Fields,1,King George V Playing Fields
29,Derby,way,1380104607,52.9436971,-1.5046736,court,pitch,tennis,,,,,,,0,,0,
29,Derby,way,1380104608,52.9436986,-1.504464,court,pitch,tennis,,,,,,,0,,0,
29,Derby,way,1380104609,52.9436972,-1.5048882,court,pitch,tennis,,,,,,,0,,0,
30,Plymouth,way,40265922,50.4207146,-4.1115835,court,pitch,tennis,,,Padel Courts,,,,0,,0,
30,Plymouth,way,61346653,50.363655,-4.1493728,court,pitch,tennis,,,,,,asphalt,1,,1,
30,Plymouth,way,158213130,50.3923154,-4.1503647,court,pitch,tennis,,,,,,asphalt,0,,0,
30,Plymouth,way,284326479,50.4188562,-4.116793,court,pitch,tennis,,,,,,,0,,0,
30,Plymouth,way,321662548,50.3925753,-4.1301218,court,pitch,tennis,,,,,,asphalt,1,Hartley Park,1,Hartley Park
30,Plymouth,way,324495676,50.394303,-4.1314695,court,pitch,tennis,,,,,,,0,,0,
30,Plymouth,way,509261926,50.4079063,-4.1827639,court,pitch,tennis,,,,,,asphalt,0,,0,
30,Plymouth,way,509654666,50.3890525,-4.1339812,court,pitch,tennis,,,,,,asphalt,0,,0,
30,Plymouth,way,538202148,50.3991566,-4.1218477,court,pitch,tennis,,,,,,,0,,0,
30,Plymouth,way,559220085,50.3752395,-4.1705143,court,pitch,tennis,,,,,,asphalt,1,Devonport Park,1,Devonport Park
30,Plymouth,way,891204380,50.3889849,-4.0566209,court,pitch,tennis,,,,,,asphalt,0,,0,
30,Plymouth,way,891204381,50.3888386,-4.0561265,court,pitch,tennis,,,,,,asphalt,0,,0,
30,Plymouth,way,907156298,50.361732,-4.091788,court,pitch,tennis,,,,,,grass,1,,1,
30,Plymouth,way,907156299,50.3616775,-4.0919724,court,pitch,tennis,,,,,,grass,1,,1,
30,Plymouth,way,1011128327,50.3738066,-4.1212563,court,pitch,tennis,,,,,,asphalt,1,Tothill Park,1,Tothill Park
30,Plymouth,way,1036491266,50.3619512,-4.1610387,court,pitch,tennis,,,,,,grass,0,,0,
30,Plymouth,way,1074035099,50.364173,-4.0553254,court,pitch,tennis,,yes,,,,asphalt,0,,0,
30,Plymouth,way,1218224508,50.3854616,-4.1499114,court,pitch,tennis,,,,,,asphalt,1,Central Park,1,Central Park
30,Plymouth,way,1218224509,50.385516,-4.1497204,court,pitch,tennis,,,,,,asphalt,1,Central Park,1,Central Park
30,Plymouth,way,1218224510,50.3851808,-4.1497183,court,pitch,tennis,,,,,,asphalt,1,Central Park,1,Central Park
30,Plymouth,way,1218224511,50.3852298,-4.1495262,court,pitch,tennis,,,,,,asphalt,1,Central Park,1,Central Park
30,Plymouth,way,1228683876,50.3919258,-4.0654262,court,pitch,tennis,,private,,,,,0,,0,
30,Plymouth,way,1228683877,50.39181,-4.0654195,court,pitch,tennis,,private,,,,,0,,0,
30,Plymouth,way,1237893054,50.3878724,-4.1824329,court,pitch,tennis,,,,,,,0,,0,
30,Plymouth,way,1237893055,50.3879079,-4.1826234,court,pitch,tennis,,,,,,,0,,0,
30,Plymouth,way,1237893056,50.3875281,-4.1825509,court,pitch,tennis,,,,,,,0,,0,
30,Plymouth,way,1343092452,50.3919722,-4.1242031,court,pitch,tennis,,,,,,,0,,0,
30,Plymouth,way,1343092453,50.391564,-4.1242617,court,pitch,tennis,,,,,,,0,,0,
30,Plymouth,way,1343092454,50.3912529,-4.1242585,court,pitch,tennis,,,,,,,0,,0,
31,Luton,way,149850200,51.8709896,-0.397379,court,pitch,tennis,,,,,,,0,,0,
31,Luton,way,272364370,51.907915,-0.3834718,court,pitch,tennis,,,,,,,0,,0,
31,Luton,way,272890761,51.8679121,-0.4057983,court,pitch,tennis,,,,,,,0,,0,
31,Luton,way,284822110,51.9028541,-0.4040597,court,pitch,tennis,,yes,,,,asphalt,1,Stopsley Common,1,Stopsley Common
31,Luton,way,372623424,51.8672011,-0.4159253,court,pitch,tennis,,,,,,,1,Luton Hoo Memorial Park,1,Luton Hoo Memorial Park
31,Luton,way,419258126,51.89408,-0.4173564,court,pitch,tennis,,,,,,,1,Wardown Park,1,Wardown Park
31,Luton,way,419258127,51.8930964,-0.4179613,court,pitch,tennis,,,,,,,1,Wardown Park,1,Wardown Park
31,Luton,way,909701568,51.9202388,-0.4259496,court,pitch,tennis,,,,,,,0,,0,
31,Luton,way,909701569,51.9201999,-0.4257336,court,pitch,tennis,,,,,,,0,,0,
31,Luton,way,909701570,51.920142,-0.425448,court,pitch,tennis,,,,,,,0,,0,
31,Luton,way,909701571,51.9201089,-0.4252459,court,pitch,tennis,,,,,,,0,,0,
31,Luton,way,1162921903,51.8996446,-0.4835053,court,pitch,tennis,,,,,,,0,,0,
31,Luton,way,1194691407,51.8707852,-0.3969727,court,pitch,tennis,,,,,,,0,,0,
31,Luton,way,1232863719,51.8817599,-0.4272422,court,pitch,tennis,,private,,,,,0,,0,
31,Luton,way,1425937854,51.8935377,-0.4062984,court,pitch,tennis,,,,,,,0,,0,
31,Luton,way,1425937855,51.8935385,-0.4065164,court,pitch,tennis,,,,,,,0,,0,
31,Luton,way,1425937856,51.8935404,-0.4067284,court,pitch,tennis,,,,,,,0,,0,
31,Luton,way,1458135702,51.9184153,-0.4718555,court,pitch,tennis,,,,,,,0,,0,
31,Luton,way,1458135704,51.9181519,-0.4716797,court,pitch,tennis,,,,,,,0,,0,
31,Luton,way,1466678262,51.9071596,-0.4252833,court,pitch,tennis,,,,,,,0,,0,
32,Farnborough/Aldershot,way,51423774,51.2493116,-0.7532559,court,pitch,tennis,,,,,,asphalt,1,Redan Hill Gardens,1,Redan Hill Gardens
32,Farnborough/Aldershot,way,51423775,51.2488892,-0.7528391,court,pitch,tennis,,,,,,asphalt,1,Redan Hill Gardens,1,Redan Hill Gardens
32,Farnborough/Aldershot,way,59188631,51.2962304,-0.7426858,court,pitch,tennis,,,,,,asphalt,0,,0,
32,Farnborough/Aldershot,way,80347782,51.3009993,-0.7622492,court,pitch,tennis,,,,,,,0,,0,
32,Farnborough/Aldershot,way,80347783,51.3012025,-0.7620784,court,pitch,tennis,,,,,,,0,,0,
32,Farnborough/Aldershot,way,80347784,51.3014695,-0.7618041,court,pitch,tennis,,,,,,,0,,0,
32,Farnborough/Aldershot,way,80347785,51.3017108,-0.7616163,court,pitch,tennis,,,,,,,0,,0,
32,Farnborough/Aldershot,way,81246644,51.2791788,-0.7430425,court,pitch,multi;soccer;tennis,,private,,,,,0,,0,
32,Farnborough/Aldershot,way,196958962,51.305497,-0.7526573,court,pitch,tennis,,,,,,,0,,0,
32,Farnborough/Aldershot,way,196962716,51.3010822,-0.7519105,court,pitch,netball;tennis,,,,,,,0,,0,
32,Farnborough/Aldershot,way,263510010,51.2625778,-0.7509942,court,pitch,tennis,,,,,,asphalt,0,,0,
32,Farnborough/Aldershot,way,263510011,51.263299,-0.7510487,court,pitch,tennis,,,,,,asphalt,0,,0,
32,Farnborough/Aldershot,way,263510012,51.2627424,-0.750144,court,pitch,tennis,,,,,,asphalt,0,,0,
32,Farnborough/Aldershot,way,263510013,51.2632477,-0.7513089,court,pitch,tennis,,,,,,asphalt,0,,0,
32,Farnborough/Aldershot,way,263510017,51.2631486,-0.7505025,court,pitch,tennis,,,,,,asphalt,0,,0,
32,Farnborough/Aldershot,way,263510020,51.2629088,-0.7511418,court,pitch,tennis,,,,,,asphalt,0,,0,
32,Farnborough/Aldershot,way,263510026,51.2629555,-0.7508858,court,pitch,tennis,,,,,,asphalt,0,,0,
32,Farnborough/Aldershot,way,263510033,51.2626229,-0.7507435,court,pitch,tennis,,,,,,asphalt,0,,0,
32,Farnborough/Aldershot,way,263510038,51.2626946,-0.7503845,court,pitch,tennis,,,,,,asphalt,0,,0,
32,Farnborough/Aldershot,way,263510041,51.262534,-0.7512134,court,pitch,tennis,,,,,,asphalt,0,,0,
32,Farnborough/Aldershot,way,450646325,51.2391935,-0.7687299,court,pitch,tennis,,,,,,,0,,0,
32,Farnborough/Aldershot,way,450646326,51.2388351,-0.7687648,court,pitch,tennis,,,,,,,0,,0,
32,Farnborough/Aldershot,way,516664228,51.2939849,-0.7651664,court,pitch,tennis,,,,,,grass,0,,0,
32,Farnborough/Aldershot,way,823146992,51.2418864,-0.7569124,court,pitch,tennis,,,,,,asphalt,1,Manor Park,1,Manor Park
32,Farnborough/Aldershot,way,1457160355,51.2391645,-0.7685203,court,pitch,tennis,,,,,,,0,,0,
33,Medway Towns,way,31118271,51.3489807,0.5822519,court,pitch,tennis,,,,,,,1,Wigmore Park,1,Wigmore Park
33,Medway Towns,way,91899478,51.3941121,0.5657087,court,pitch,tennis,,,,,,,1,The Strand Lido and Leisure Park,1,The Strand Lido and Leisure Park
33,Medway Towns,way,92115360,51.3906121,0.5408956,sports_centre,sports_centre,basketball;swimming;athletics;running;gymnastics;badminton;archery;cricket;cycling;football;netball;rugby;scuba_diving;squash;table_tennis;tennis;volleyball,,customers,Medway Park Sports Centre,Medway Council,,,0,,0,
33,Medway Towns,way,92213230,51.3935462,0.484803,court,pitch,tennis,,,,,,,0,,0,
33,Medway Towns,way,96301681,51.3826279,0.5105474,court,pitch,tennis,,,,,,,0,,0,
33,Medway Towns,way,120294772,51.408736,0.5176629,court,pitch,tennis,,,,,,,0,,0,
33,Medway Towns,way,120294773,51.4089956,0.517951,court,pitch,tennis,,,,,,,0,,0,
33,Medway Towns,way,120294774,51.4092536,0.5182399,court,pitch,tennis,,,,,,grass,0,,0,
33,Medway Towns,way,120311871,51.409471,0.5184237,court,pitch,tennis,,,,,,,0,,0,
33,Medway Towns,way,120312035,51.4543065,0.496618,court,pitch,tennis,,,,,,,0,,0,
33,Medway Towns,way,120312670,51.4348976,0.5519124,court,pitch,tennis,,,,,,,0,,0,
33,Medway Towns,way,120312974,51.3598816,0.4985693,court,pitch,tennis,,,,,,,0,,0,
33,Medway Towns,way,120313100,51.3594111,0.4986882,court,pitch,tennis,,,,,,,0,,0,
33,Medway Towns,way,206770960,51.3702636,0.5948182,court,pitch,tennis,,,,,,,0,,0,
33,Medway Towns,way,283068844,51.371855,0.5007894,court,pitch,tennis,,,,,,,0,,0,
33,Medway Towns,way,283068845,51.372026,0.4997079,court,pitch,tennis,,,,,,,0,,0,
33,Medway Towns,way,283881406,51.3715526,0.4942585,court,pitch,tennis,,private,,,,,0,,0,
33,Medway Towns,way,363299013,51.3789551,0.4986947,court,pitch,tennis,,,,,,grass,0,,0,
33,Medway Towns,way,753001199,51.3820427,0.5393575,court,pitch,tennis,,,,,,,0,,0,
33,Medway Towns,way,759204975,51.3731142,0.5497285,court,pitch,tennis,,,,,,,0,,0,
33,Medway Towns,way,759204976,51.3730075,0.5495842,court,pitch,tennis,,,,,,,0,,0,
33,Medway Towns,way,822607077,51.3752389,0.6127746,court,pitch,tennis,,,,,,,0,,0,
33,Medway Towns,way,822914647,51.3772271,0.5596371,court,pitch,tennis,,,,,,,0,,0,
33,Medway Towns,way,885831981,51.4089173,0.518135,court,pitch,tennis,,,,,,,0,,0,
33,Medway Towns,way,885831982,51.4088395,0.5183113,court,pitch,tennis,,,,,,,0,,0,
33,Medway Towns,way,885831983,51.409425,0.5185268,court,pitch,tennis,,,,,,,0,,0,
33,Medway Towns,way,885831984,51.4091727,0.5184208,court,pitch,tennis,,,,,,grass,0,,0,
33,Medway Towns,way,885831985,51.408658,0.5178433,court,pitch,tennis,,,,,,,0,,0,
33,Medway Towns,way,885831986,51.4090974,0.5186008,court,pitch,tennis,,,,,,grass,0,,0,
33,Medway Towns,way,885831987,51.4085811,0.5180244,court,pitch,tennis,,,,,,,0,,0,
33,Medway Towns,way,907847554,51.3935283,0.4845961,court,pitch,tennis,,,,,,,0,,0,
33,Medway Towns,way,930719618,51.3681302,0.5215165,court,pitch,tennis,,,,,,asphalt,0,,0,
33,Medway Towns,way,958603736,51.34345,0.5081654,court,pitch,tennis,,,,,,,0,,0,
33,Medway Towns,way,1040020116,51.3639168,0.5040902,court,pitch,tennis,,school,,,,,0,,0,
33,Medway Towns,way,1154630718,51.3867182,0.5323236,court,pitch,tennis,,,,,,,0,,0,
33,Medway Towns,way,1242446024,51.4647073,0.6042995,court,pitch,tennis,,,,,,,0,,0,
33,Medway Towns,way,1242446925,51.4612187,0.5936957,court,pitch,tennis,,,,,,,0,,0,
33,Medway Towns,way,1304093809,51.3635332,0.5514916,court,pitch,tennis,,,,,,grass,0,,0,
33,Medway Towns,way,1304093810,51.3633511,0.5519192,court,pitch,tennis,,,,,,grass,0,,0,
33,Medway Towns,way,1304093811,51.3632448,0.5517597,court,pitch,tennis,,,,,,grass,0,,0,
33,Medway Towns,way,1374191201,51.3742996,0.4506642,court,pitch,tennis;five-a-side,,,,,,paved,1,Cuxton Recreation grounds,1,Cuxton Recreation grounds
33,Medway Towns,way,1462684367,51.3869674,0.5308358,court,pitch,tennis,,,,,,,0,,0,
33,Medway Towns,way,1462684368,51.3872802,0.5310188,court,pitch,tennis,,,,,,,0,,0,
33,Medway Towns,way,1462684369,51.3869455,0.5311678,court,pitch,tennis,,,,,,,0,,0,
33,Medway Towns,way,1462684370,51.3872745,0.5313503,court,pitch,tennis,,,,,,,0,,0,
33,Medway Towns,way,1462684371,51.3869757,0.5314812,court,pitch,tennis,,,,,,,0,,0,
33,Medway Towns,way,1491923816,51.3591531,0.5164508,court,pitch,tennis,,,,,,,0,,0,
34,Blackpool,way,103392943,53.7835984,-3.048514,court,pitch,tennis,,,,,,,1,The Louie Horrocks Playing Fields,1,The Louie Horrocks Playing Fields
34,Blackpool,way,103422592,53.7875509,-3.0415424,court,pitch,tennis,,,,,,rubber,1,Highfield Road Park,1,Highfield Road Park
34,Blackpool,way,103656397,53.8310035,-3.0448831,court,pitch,tennis,,,,,,,1,Claremont Park,1,Claremont Park
34,Blackpool,way,230171077,53.81282,-3.0241982,court,pitch,tennis,,,,,,asphalt,1,Stanley Park,1,Stanley Park
34,Blackpool,way,230171078,53.8131574,-3.0239986,court,pitch,tennis,,,,,,asphalt,1,Stanley Park,1,Stanley Park
34,Blackpool,way,230171080,53.8131601,-3.0237904,court,pitch,tennis,,,,,,asphalt,1,Stanley Park,1,Stanley Park
34,Blackpool,way,230171089,53.8131546,-3.024211,court,pitch,tennis,,,,,,asphalt,1,Stanley Park,1,Stanley Park
34,Blackpool,way,230171091,53.812999,-3.0241003,sports_centre,sports_centre,tennis,,,Stanley Park Tennis Courts,,,,1,Stanley Park,1,Stanley Park
34,Blackpool,way,230171092,53.8128256,-3.0237776,court,pitch,tennis,,,,,,asphalt,1,Stanley Park,1,Stanley Park
34,Blackpool,way,230171099,53.8131518,-3.0244115,court,pitch,tennis,,,,,,asphalt,1,Stanley Park,1,Stanley Park
34,Blackpool,way,230171101,53.8128173,-3.0243988,court,pitch,tennis,,,,,,asphalt,1,Stanley Park,1,Stanley Park
34,Blackpool,way,230171102,53.8128229,-3.0239858,court,pitch,tennis,,,,,,asphalt,1,Stanley Park,1,Stanley Park
34,Blackpool,way,856673063,53.8607176,-3.0411152,court,pitch,tennis,,,,,,,0,,0,
34,Blackpool,way,856673064,53.8610266,-3.0410398,court,pitch,tennis,,,,,,,0,,0,
34,Blackpool,way,975223016,53.8135068,-3.010381,court,pitch,tennis,,,,,,,0,,0,
34,Blackpool,way,998368051,53.7839845,-3.0125801,court,pitch,tennis,,,,,,,0,,0,
34,Blackpool,way,998368052,53.7839351,-3.0127887,court,pitch,tennis,,,,,,,0,,0,
34,Blackpool,way,998368053,53.783886,-3.0129939,court,pitch,tennis,,,,,,,0,,0,
34,Blackpool,way,998368054,53.7837631,-3.0119223,court,pitch,tennis,,,,,,,0,,0,
34,Blackpool,way,998368055,53.7837132,-3.0121396,court,pitch,tennis,,,,,,,0,,0,
34,Blackpool,way,998368056,53.7841364,-3.0119358,court,pitch,tennis,,,,,,clay,0,,0,
34,Blackpool,way,998368057,53.7840889,-3.0121423,court,pitch,tennis,,,,,,clay,0,,0,
35,Milton Keynes,way,34202770,52.0270235,-0.7085212,court,pitch,tennis,,,,,,,0,,0,
35,Milton Keynes,way,34394520,52.0269745,-0.7204588,sports_centre,sports_centre,tennis,,,Woughton Tennis Courts,,,,0,,0,
35,Milton Keynes,way,106626256,52.0521067,-0.7341156,court,pitch,tennis,,,,,,,0,,0,
35,Milton Keynes,way,106626257,52.0524657,-0.7332395,court,pitch,tennis,,,,,,,0,,0,
35,Milton Keynes,way,129773881,52.0123773,-0.6454929,court,pitch,tennis,,,,,,,0,,0,
35,Milton Keynes,way,130450396,52.0791833,-0.7361724,court,pitch,tennis,,,,,,artificial_turf,0,,0,
35,Milton Keynes,way,130450420,52.079456,-0.7368058,court,pitch,tennis,,,,,,,0,,0,
35,Milton Keynes,way,182978323,52.0248938,-0.7549159,court,pitch,tennis;netball,,,,,,,0,,0,
35,Milton Keynes,way,183302245,52.0772116,-0.7199549,court,pitch,tennis,,,,,,,0,,0,
35,Milton Keynes,way,183302246,52.077411,-0.7204656,court,pitch,tennis,,,,,,,0,,0,
35,Milton Keynes,way,183302255,52.0773412,-0.7203078,court,pitch,tennis,,,,,,,0,,0,
35,Milton Keynes,way,183302258,52.0772781,-0.7201448,court,pitch,tennis,,,,,,,0,,0,
35,Milton Keynes,way,204440626,52.0520095,-0.6954344,court,pitch,tennis,,,,,,,0,,0,
35,Milton Keynes,way,248224710,52.0610437,-0.7725998,sports_centre,sports_centre,basketball;swimming;tennis;fitness;volleyball;multi,,,Stantonbury Leisure Centre,,,,0,,0,
35,Milton Keynes,way,274985736,52.0192155,-0.6901129,court,pitch,tennis,,,,,,,0,,0,
35,Milton Keynes,way,303541771,52.058596,-0.8121828,court,pitch,tennis,,,,,,,0,,0,
35,Milton Keynes,way,368161941,51.9973468,-0.7427597,court,pitch,tennis,,,,,,grass,1,,1,
35,Milton Keynes,way,423239354,52.0403307,-0.7091716,court,pitch,tennis,,,,,,paved,0,,0,
35,Milton Keynes,way,423239363,52.0396643,-0.708563,court,pitch,tennis,,,,,,paved,0,,0,
35,Milton Keynes,way,423239364,52.0404089,-0.7089333,court,pitch,tennis,,,,,,paved,0,,0,
35,Milton Keynes,way,423239388,52.0399975,-0.7088637,court,pitch,tennis,,,,,,paved,0,,0,
35,Milton Keynes,way,423239399,52.0397415,-0.7083328,court,pitch,tennis,,,,,,paved,0,,0,
35,Milton Keynes,way,423239401,52.0400732,-0.7086306,court,pitch,tennis,,,,,,paved,0,,0,
35,Milton Keynes,way,442902748,52.0613378,-0.7696402,court,pitch,tennis,,,,,,,0,,0,
35,Milton Keynes,way,453025785,52.0590079,-0.8545532,court,pitch,tennis,,,,,,,0,,0,
35,Milton Keynes,way,453025787,52.0593107,-0.8540584,court,pitch,tennis,,,,,,,0,,0,
35,Milton Keynes,way,453025788,52.0593498,-0.8546966,court,pitch,tennis,,,,,,,0,,0,
35,Milton Keynes,way,480020619,52.0196719,-0.8132329,court,pitch,tennis,,,,,,,0,,0,
35,Milton Keynes,way,801881815,52.0479768,-0.6725898,court,pitch,tennis,,,,,,,0,,0,
35,Milton Keynes,way,810882484,52.0596557,-0.8251267,court,pitch,tennis,,,,,,,0,,0,
35,Milton Keynes,way,922488031,52.0335285,-0.6491335,court,pitch,tennis;netball;hockey,,,,,,asphalt,0,,0,
35,Milton Keynes,way,1022730120,52.0709875,-0.751657,court,pitch,tennis,,,,,,,1,,1,
35,Milton Keynes,way,1049865341,51.9931159,-0.8018759,court,pitch,tennis,,,,,,,0,,0,
35,Milton Keynes,way,1118640570,52.0480466,-0.7636858,court,pitch,tennis,,,,,,,1,,1,
35,Milton Keynes,way,1162880159,52.0189563,-0.7727658,court,pitch,tennis,,,,,,,0,,0,
35,Milton Keynes,way,1165750739,52.0060834,-0.8038679,court,pitch,tennis;netball;running,,,,,,asphalt,0,,0,
35,Milton Keynes,way,1172677313,52.0422329,-0.7015244,court,pitch,tennis,,,,,,,0,,0,
35,Milton Keynes,way,1187536265,52.0238532,-0.7897003,court,pitch,tennis,,,,,,,0,,0,
35,Milton Keynes,way,1187536266,52.0242267,-0.7895043,court,pitch,tennis,,,,,,,0,,0,
35,Milton Keynes,way,1187536269,52.0242155,-0.7899454,court,pitch,tennis,,,,,,,0,,0,
35,Milton Keynes,way,1232207567,52.0318819,-0.7043538,court,pitch,tennis,,,,,,,0,,0,
35,Milton Keynes,way,1282775685,52.0329111,-0.8218521,court,pitch,tennis,,,,,,,0,,0,
35,Milton Keynes,way,1282775686,52.0332422,-0.8212058,court,pitch,tennis,,,,,,,0,,0,
35,Milton Keynes,way,1495648781,52.0282163,-0.6644683,court,pitch,tennis,,,,,,,0,,0,
36,Barnsley/Dearne Valley,way,220262195,53.5842113,-1.5295024,court,pitch,tennis,,,,,,,1,Darton Park,1,Darton Park
36,Barnsley/Dearne Valley,way,255080296,53.5329134,-1.6378994,court,pitch,tennis,,,,,,asphalt,0,,0,
36,Barnsley/Dearne Valley,way,255080297,53.5330582,-1.6385905,court,pitch,tennis,,,,,,asphalt,0,,0,
36,Barnsley/Dearne Valley,way,263234487,53.5866921,-1.4462836,court,pitch,tennis,,,,,,,1,Carlton Park,1,Carlton Park
36,Barnsley/Dearne Valley,way,274656418,53.5302692,-1.6293247,court,pitch,tennis,,private,,,,tartan,0,,0,
36,Barnsley/Dearne Valley,way,274938680,53.507237,-1.5661332,court,pitch,tennis;multi,,,,,,asphalt,0,,0,
36,Barnsley/Dearne Valley,way,278279758,53.5245877,-1.670583,court,pitch,tennis,,,,,,,0,,0,
36,Barnsley/Dearne Valley,way,280858391,53.5027953,-1.4973745,court,pitch,tennis,,,,,,,1,Pilley Pocket Park,1,Pilley Pocket Park
36,Barnsley/Dearne Valley,way,281575308,53.5399241,-1.5167762,court,pitch,tennis,,,,,,,0,,0,
36,Barnsley/Dearne Valley,way,294119050,53.5407774,-1.4883925,court,pitch,tennis,,,,,,,1,,1,
36,Barnsley/Dearne Valley,way,306563498,53.5880669,-1.5050308,court,pitch,tennis,,,,,,,0,,0,
36,Barnsley/Dearne Valley,way,307469065,53.4889371,-1.5412221,court,pitch,tennis,,,,,,,0,,0,
36,Barnsley/Dearne Valley,way,311603712,53.5593482,-1.4808641,court,pitch,tennis,,,,,,,0,,0,
36,Barnsley/Dearne Valley,way,312253606,53.5665597,-1.5016388,court,pitch,tennis,,,,,,,0,,0,
36,Barnsley/Dearne Valley,way,312253607,53.5665868,-1.5024162,court,pitch,tennis,,,,,,,0,,0,
36,Barnsley/Dearne Valley,way,332523109,53.5369186,-1.454381,court,pitch,tennis,,,,,,,0,,0,
36,Barnsley/Dearne Valley,way,332691335,53.5417676,-1.4440717,court,pitch,tennis,,,,,,asphalt,0,,0,
36,Barnsley/Dearne Valley,way,355803123,53.5592223,-1.4443343,court,pitch,tennis,,,,,,,0,,0,
36,Barnsley/Dearne Valley,way,355803124,53.559099,-1.4441055,court,pitch,tennis,,,,,,,0,,0,
36,Barnsley/Dearne Valley,way,424488773,53.5249739,-1.6564276,court,pitch,tennis,,,,,,asphalt,0,,0,
36,Barnsley/Dearne Valley,way,758242738,53.5421173,-1.4923874,court,pitch,tennis,,,,,,,1,Locke Park,1,Locke Park
36,Barnsley/Dearne Valley,way,758242739,53.5421355,-1.4921719,court,pitch,tennis,,,,,,,1,Locke Park,1,Locke Park
36,Barnsley/Dearne Valley,way,780736392,53.543734,-1.5017527,court,pitch,tennis,,,,,,,0,,0,
36,Barnsley/Dearne Valley,way,964059128,53.5877265,-1.4463823,court,pitch,tennis,,,,,,,0,,0,
36,Barnsley/Dearne Valley,way,1021173559,53.5496215,-1.4961677,court,pitch,tennis,,,,,,,0,,0,
36,Barnsley/Dearne Valley,way,1021173560,53.5499164,-1.4963833,court,pitch,tennis,,,,,,,0,,0,
36,Barnsley/Dearne Valley,way,1021173561,53.5502192,-1.4966074,court,pitch,tennis,,,,,,,0,,0,
36,Barnsley/Dearne Valley,way,1037213267,53.5702846,-1.5663505,court,pitch,tennis,,,,,,,0,,0,
36,Barnsley/Dearne Valley,way,1069601917,53.5324823,-1.6883888,court,pitch,tennis,,,,,,,0,,0,
36,Barnsley/Dearne Valley,way,1135517501,53.5315422,-1.630022,court,pitch,tennis,,private,,,,,0,,0,
36,Barnsley/Dearne Valley,way,1188200102,53.5547859,-1.4724758,court,pitch,tennis,,,,,,,0,,0,
36,Barnsley/Dearne Valley,way,1188200103,53.5548095,-1.4727336,court,pitch,tennis,,,,,,,0,,0,
36,Barnsley/Dearne Valley,way,1240086913,53.5198173,-1.4038305,court,pitch,tennis,,,,,,,0,,0,
36,Barnsley/Dearne Valley,way,1240086914,53.5197726,-1.4041005,court,pitch,tennis,,,,,,,0,,0,
36,Barnsley/Dearne Valley,way,1240089833,53.5142948,-1.4147235,court,pitch,tennis,,,,,,,0,,0,
36,Barnsley/Dearne Valley,way,1249861646,53.542855,-1.6187029,court,pitch,tennis,,private,,,,,0,,0,
36,Barnsley/Dearne Valley,way,1374810005,53.5662129,-1.5713128,court,pitch,tennis,,,,,,asphalt,0,,0,
36,Barnsley/Dearne Valley,way,1415225228,53.5437857,-1.6294419,court,pitch,tennis,,,,,,,0,,0,
36,Barnsley/Dearne Valley,way,1417180134,53.5369383,-1.4651064,court,pitch,tennis,,,,,,,0,,0,
36,Barnsley/Dearne Valley,way,1422359471,53.5838797,-1.5294986,court,pitch,tennis,,,,,,,1,Darton Park,1,Darton Park
36,Barnsley/Dearne Valley,way,1436715371,53.5504424,-1.5024674,court,pitch,tennis,,,,,,,0,,0,
36,Barnsley/Dearne Valley,way,1436715372,53.5502807,-1.5024113,court,pitch,tennis,,,,,,,0,,0,
36,Barnsley/Dearne Valley,way,1436715373,53.5501205,-1.5023553,court,pitch,tennis,,,,,,,0,,0,
36,Barnsley/Dearne Valley,way,1436946762,53.5509689,-1.5026811,court,pitch,tennis,,,,,,,0,,0,
36,Barnsley/Dearne Valley,way,1436946763,53.5509625,-1.5021233,court,pitch,tennis,,,,,,,0,,0,
36,Barnsley/Dearne Valley,way,1462854899,53.5459197,-1.4970611,court,pitch,tennis,,,,,,,0,,0,
36,Barnsley/Dearne Valley,way,1462854900,53.5457841,-1.4969054,court,pitch,tennis,,,,,,,0,,0,
36,Barnsley/Dearne Valley,way,1462854901,53.5456479,-1.4967561,court,pitch,tennis,,,,,,,0,,0,
36,Barnsley/Dearne Valley,way,1462854902,53.5455097,-1.4966005,court,pitch,tennis,,,,,,,0,,0,
36,Barnsley/Dearne Valley,way,1471996233,53.5863291,-1.4970322,court,pitch,tennis,,,,,,,1,Mapplewell Park,1,Mapplewell Park
36,Barnsley/Dearne Valley,way,1472351835,53.5668827,-1.5013813,court,pitch,tennis,,,,,,,0,,0,
36,Barnsley/Dearne Valley,way,1472351836,53.5669195,-1.501943,court,pitch,tennis,,,,,,,0,,0,
36,Barnsley/Dearne Valley,way,1472351837,53.5669563,-1.502504,court,pitch,tennis,,,,,,,0,,0,
36,Barnsley/Dearne Valley,way,1499296416,53.5307406,-1.3949539,court,pitch,tennis,,,,,,,0,,0,
36,Barnsley/Dearne Valley,way,1499296417,53.5306083,-1.3947865,court,pitch,tennis,,,,,,,0,,0,
36,Barnsley/Dearne Valley,way,1499296418,53.5303838,-1.3952669,court,pitch,tennis,,,,,,,0,,0,
36,Barnsley/Dearne Valley,way,1499296419,53.5305167,-1.3954363,court,pitch,tennis,,,,,,,0,,0,
36,Barnsley/Dearne Valley,way,1499296420,53.5302537,-1.3951006,court,pitch,tennis,,,,,,,0,,0,
37,Northampton,node,5180710407,52.2483377,-0.8482486,sports_centre,sports_centre,tennis,,,Northampton Lawn Tennis Club,,,,0,,0,
37,Northampton,way,70710937,52.2339465,-0.8917836,court,pitch,tennis,,,,,,asphalt,1,Becket's Park,1,Becket's Park
37,Northampton,way,230571018,52.2379154,-0.8229926,court,pitch,tennis,,,,,,,0,,0,
37,Northampton,way,255968348,52.2705921,-0.8616493,court,pitch,tennis,,,,,,,0,,0,
37,Northampton,way,404317081,52.2122778,-0.9133684,court,pitch,tennis,,,,,,,0,,0,
37,Northampton,way,423113529,52.2017807,-0.8825954,court,pitch,tennis,,,,,,paved,0,,0,
37,Northampton,way,423113549,52.2017812,-0.8823936,court,pitch,tennis,,,,,,paved,0,,0,
37,Northampton,way,463528780,52.2483705,-0.8834317,court,pitch,tennis,,,,,,,1,The Racecourse,1,The Racecourse
37,Northampton,way,463528781,52.2482341,-0.8826981,court,pitch,tennis,,,,,,,1,The Racecourse,1,The Racecourse
37,Northampton,way,484411904,52.2541083,-0.8504597,court,pitch,tennis,,,,,,,0,,0,
37,Northampton,way,497285247,52.2673303,-0.9008423,court,pitch,tennis,,,,,,,0,,0,
37,Northampton,way,497285248,52.2673112,-0.9010686,court,pitch,tennis,,,,,,,0,,0,
37,Northampton,way,497918040,52.2464739,-0.9361063,sports_centre,sports_centre,tennis,,,Duston Tennis Club,,,,0,,0,
37,Northampton,way,497918041,52.2465246,-0.9365582,court,pitch,tennis,,,,,,,0,,0,
37,Northampton,way,497918042,52.2465401,-0.9367884,court,pitch,tennis,,,,,,,0,,0,
37,Northampton,way,497918043,52.2465079,-0.9363352,court,pitch,tennis,,,,,,,0,,0,
37,Northampton,way,497918044,52.246548,-0.9370378,court,pitch,tennis,,,,,,,0,,0,
37,Northampton,way,841762628,52.2159075,-0.8780499,court,pitch,tennis,,,,,,,0,,0,
37,Northampton,way,928841792,52.244966,-0.8675618,court,pitch,tennis,,,,,,tartan,1,Abington Park,1,Abington Park
37,Northampton,way,928841793,52.2450776,-0.8671237,court,pitch,tennis,,,,,,tartan,1,Abington Park,1,Abington Park
37,Northampton,way,928841794,52.245195,-0.8666753,court,pitch,tennis,,,,,,tartan,1,Abington Park,1,Abington Park
37,Northampton,way,934886431,52.1912435,-0.8987659,court,pitch,tennis,,,,,,,0,,0,
37,Northampton,way,957563525,52.2483043,-0.8478029,court,pitch,tennis,,,,,,,0,,0,
37,Northampton,way,957563526,52.2479563,-0.8478254,court,pitch,tennis,,,,,,,0,,0,
37,Northampton,way,957563527,52.2481439,-0.8485656,court,pitch,tennis,,,,,,,0,,0,
37,Northampton,way,957563528,52.2479152,-0.8483957,court,pitch,tennis,,,,,,,0,,0,
37,Northampton,way,957563529,52.2479623,-0.8481889,court,pitch,tennis,,,,,,,0,,0,
37,Northampton,way,957563530,52.2480015,-0.8475446,court,pitch,tennis,,,,,,,0,,0,
37,Northampton,way,957563531,52.2480206,-0.8473195,court,pitch,tennis,,,,,,,0,,0,
37,Northampton,way,957563532,52.2483313,-0.8475208,court,pitch,tennis,,,,,,,0,,0,
37,Northampton,way,957563533,52.2483517,-0.8472955,court,pitch,tennis,,,,,,,0,,0,
37,Northampton,way,957563534,52.247675,-0.8480125,court,pitch,tennis,,,,,,,0,,0,
37,Northampton,way,957563535,52.2476279,-0.8482181,court,pitch,tennis,,,,,,,0,,0,
37,Northampton,way,957563536,52.2477401,-0.8474767,court,pitch,tennis,,,,,,,0,,0,
37,Northampton,way,1095369313,52.2376363,-0.8700509,court,pitch,tennis,,,,,,,0,,0,
37,Northampton,way,1256620164,52.2504558,-0.9239234,court,pitch,tennis,,,,,,,0,,0,
37,Northampton,way,1256620165,52.2503942,-0.9237429,court,pitch,tennis,,,,,,,0,,0,
37,Northampton,way,1256620166,52.2503335,-0.9235617,court,pitch,tennis,,,,,,,0,,0,
37,Northampton,way,1256620167,52.2501637,-0.9229091,court,pitch,tennis,,,,,,,0,,0,
37,Northampton,way,1256620168,52.2499085,-0.9224006,court,pitch,tennis,,,,,,,0,,0,
37,Northampton,way,1256620169,52.2501325,-0.9218968,court,pitch,tennis,,,,,,,0,,0,
37,Northampton,way,1256620171,52.2506035,-0.9223458,court,pitch,tennis,,,,,,,0,,0,
37,Northampton,way,1265888133,52.2466413,-0.9372333,court,pitch,tennis,,,,,,,0,,0,
37,Northampton,way,1265888134,52.2464801,-0.937265,court,pitch,tennis,,,,,,,0,,0,
37,Northampton,way,1290704523,52.2086729,-0.8526692,court,pitch,tennis,,,,,,,0,,0,
37,Northampton,way,1453437779,52.2539745,-0.8503727,sports_centre,sports_centre,tennis,,,,,,,0,,0,
37,Northampton,way,1453437796,52.2537548,-0.8504158,court,pitch,tennis,,,,,,,0,,0,
38,Norwich,way,30693590,52.6190286,1.2587018,court,pitch,tennis,,,Eaton Park,,,,0,,0,
38,Norwich,way,30912635,52.6269205,1.2425119,court,pitch,tennis,,,,,,,0,,0,
38,Norwich,way,31136539,52.6151615,1.2794761,court,pitch,tennis,,,,,,,0,,0,
38,Norwich,way,31136540,52.6148867,1.2791368,court,pitch,tennis,,,,,,,0,,0,
38,Norwich,way,31136541,52.6146402,1.2788591,court,pitch,tennis,,,,,,,0,,0,
38,Norwich,way,31136542,52.6148891,1.2784592,court,pitch,tennis,,,,,,,0,,0,
38,Norwich,way,40507570,52.6449325,1.2872915,court,pitch,tennis,,,,,,,1,Waterloo Park,1,Waterloo Park
38,Norwich,way,40507575,52.6450847,1.2877824,court,pitch,tennis,,,,,,,1,Waterloo Park,1,Waterloo Park
38,Norwich,way,43269219,52.613379,1.3071222,court,pitch,tennis,,,,,,asphalt,0,,0,
38,Norwich,way,48547972,52.62586,1.2671754,court,pitch,tennis,,,,,,asphalt,1,Heigham Park,1,Heigham Park
38,Norwich,way,51763268,52.64395,1.3329701,court,pitch,tennis,,,,,,,0,,0,
38,Norwich,way,100719571,52.6272631,1.2424701,court,pitch,tennis,,,,,,,0,,0,
38,Norwich,way,108415771,52.6318807,1.3033538,court,pitch,tennis,,,,,,,0,,0,
38,Norwich,way,128913418,52.615039,1.2788209,sports_centre,sports_centre,tennis;squash,,,East Anglia Tennis & Squash Club,,,,0,,0,
38,Norwich,way,131325809,52.6062634,1.2798158,court,pitch,tennis,,,,,,,0,,0,
38,Norwich,way,131325812,52.6062803,1.2796031,court,pitch,tennis,,,,,,,0,,0,
38,Norwich,way,167578779,52.6102369,1.2748108,court,pitch,tennis,,,,,,,0,,0,
38,Norwich,way,177696185,52.6185144,1.2750899,court,pitch,tennis,,private,,,,asphalt,0,,0,
38,Norwich,way,312831061,52.6423468,1.2912771,court,pitch,tennis,,,,,,paved,0,,0,
38,Norwich,way,461546565,52.6489897,1.2985531,court,pitch,tennis,,,,,,asphalt,0,,0,
38,Norwich,way,461546566,52.6488601,1.2992408,court,pitch,tennis,,,,,,asphalt,0,,0,
38,Norwich,way,462322036,52.6540152,1.2843477,court,pitch,tennis,,,,,,paved,0,,0,
38,Norwich,way,462322583,52.6431656,1.2882547,court,pitch,tennis,,,,,,paved,0,,0,
38,Norwich,way,462322584,52.6434442,1.2879571,court,pitch,tennis,,,,,,paved,0,,0,
38,Norwich,way,598337697,52.6165706,1.2989681,court,pitch,tennis,,yes,,,,asphalt,0,,0,
38,Norwich,way,652705827,52.6196976,1.3042852,court,pitch,tennis,,private,,,,,0,,0,
38,Norwich,way,660269219,52.6166077,1.2987304,court,pitch,tennis,,yes,,,,asphalt,0,,0,
38,Norwich,way,665332430,52.6202785,1.2582509,court,pitch,tennis,,,,,,,0,,0,
38,Norwich,way,665332431,52.6199493,1.2583132,court,pitch,tennis,,,,,,,0,,0,
38,Norwich,way,706879114,52.627511,1.243492,court,pitch,tennis,,,,,,,0,,0,
38,Norwich,way,783462411,52.6652257,1.2770971,court,pitch,tennis,,,,,,,0,,0,
38,Norwich,way,810333161,52.6190029,1.2712265,court,pitch,tennis,,private,,,,,0,,0,
38,Norwich,relation,1601759,52.6430215,1.2233944,court,pitch,tennis,,,,,,,0,,0,
39,Aberdeen,way,52250388,57.1407099,-2.173588,court,pitch,tennis,,,,,,,0,,0,
39,Aberdeen,way,73368574,57.1561554,-2.1398189,court,pitch,tennis,,,Tennis Courts,,,,0,,0,
39,Aberdeen,way,79429080,57.1345434,-2.1219519,court,pitch,tennis,,private,,,,,0,,0,
39,Aberdeen,way,93935938,57.1458333,-2.1529507,court,pitch,tennis,,,,,,,0,,0,
39,Aberdeen,way,93935942,57.1384894,-2.1490836,court,pitch,tennis,,,,,,,0,,0,
39,Aberdeen,way,93950835,57.1366043,-2.1376321,court,pitch,tennis,,,Rubislaw Tennis Club,,,clay,0,,0,
39,Aberdeen,way,94254586,57.1549868,-2.1255498,court,pitch,tennis,,,Westburn Tennis Centre,,,rubber,1,Westburn Park,1,Westburn Park
39,Aberdeen,way,136493318,57.1190882,-2.1273654,court,pitch,tennis,,,,,,,0,,0,
39,Aberdeen,way,136576728,57.1682842,-2.1325305,court,pitch,tennis,,,,,,,1,Stewart Park,1,Stewart Park
39,Aberdeen,way,185184586,57.1187536,-2.1376472,sports_centre,sports_centre,basketball;climbing;fitness;gymnastics;handball;multi;racquet;soccer;swimming;table_tennis;tennis;volleyball,,,RGU SPORT,Robert Gordon University,,,0,,0,
39,Aberdeen,way,270249181,57.1758653,-2.0993278,court,pitch,tennis,,private,,,,,0,,0,
39,Aberdeen,way,273847928,57.1628995,-2.1529532,court,pitch,tennis,,,,,,,0,,0,
39,Aberdeen,way,273847929,57.1628875,-2.1534213,court,pitch,tennis,,,,,,,0,,0,
39,Aberdeen,way,273847930,57.1628936,-2.1531873,court,pitch,tennis,,,,,,,0,,0,
39,Aberdeen,way,375951200,57.1548499,-2.1220599,court,pitch,tennis,,,,,,,1,Westburn Park,1,Westburn Park
39,Aberdeen,way,378937845,57.1195262,-2.1747418,court,pitch,tennis,,,Cults Tennis Court,,,,0,,0,
39,Aberdeen,way,379850954,57.163336,-2.1001671,court,pitch,tennis,,,King's Multi Sports Area / Tennis Courts,,,artificial_turf,0,,0,
39,Aberdeen,way,539447691,57.1222651,-2.1599271,court,pitch,tennis,,,,,,,0,,0,
39,Aberdeen,way,539447692,57.1221357,-2.1613195,court,pitch,tennis,,,,,,,0,,0,
39,Aberdeen,way,554355889,57.125488,-2.1522747,court,pitch,tennis,,,,,,,0,,0,
39,Aberdeen,way,609344039,57.1447247,-2.179283,court,pitch,tennis,,private,Former Tennis Grounds,,,gravel,0,,0,
39,Aberdeen,way,652523623,57.1370062,-2.1250007,court,pitch,tennis,,,,,,,0,,0,
39,Aberdeen,way,725978752,57.1391632,-2.1072986,sports_centre,sports_centre,tennis;bowls;croquet;petanque,,,Albury Community Sports Hub,,,,0,,0,
39,Aberdeen,way,725978753,57.1394678,-2.1069206,court,pitch,tennis,,,,,,tartan,0,,0,
39,Aberdeen,way,725978756,57.1394016,-2.1066939,court,pitch,tennis,,,,,,tartan,0,,0,
39,Aberdeen,way,725978757,57.1392659,-2.1062467,court,pitch,tennis,,,,,,tartan,0,,0,
39,Aberdeen,way,725978758,57.1393334,-2.1064709,court,pitch,tennis,,,,,,tartan,0,,0,
39,Aberdeen,way,815101810,57.1982415,-2.1692687,court,pitch,tennis,,,,,,,0,,0,
39,Aberdeen,way,866987637,57.1038252,-2.2513304,court,pitch,tennis,,,,,,,0,,0,
39,Aberdeen,way,958428715,57.1937173,-2.1094867,court,pitch,tennis,,,,,,,0,,0,
39,Aberdeen,way,968593329,57.1922123,-2.0989075,court,pitch,tennis,,,,,,,0,,0,
39,Aberdeen,way,968593330,57.1923042,-2.0990659,court,pitch,tennis,,,,,,,0,,0,
39,Aberdeen,way,1043276985,57.1128449,-2.2120431,court,pitch,tennis,,private,,,,grass,0,,0,
39,Aberdeen,way,1105034733,57.1044454,-2.1165231,court,pitch,tennis,,,,,,,0,,0,
39,Aberdeen,way,1149257532,57.1136382,-2.2215657,court,pitch,tennis,,,,,,,0,,0,
39,Aberdeen,way,1182117791,57.1128832,-2.1907992,court,pitch,tennis,,,,,,,0,,0,
39,Aberdeen,way,1182672642,57.1209708,-2.1572452,court,pitch,tennis,,,,,,,0,,0,
39,Aberdeen,way,1183762922,57.1235697,-2.2107082,court,pitch,tennis,,,,,,,0,,0,
39,Aberdeen,way,1270217890,57.1178131,-2.2564764,court,pitch,tennis,,,,,,,0,,0,
39,Aberdeen,way,1504182906,57.1550132,-2.1252939,court,pitch,tennis,,,Westburn Tennis Centre,,,rubber,1,Westburn Park,1,Westburn Park
39,Aberdeen,way,1504182907,57.1550365,-2.1250085,court,pitch,tennis,,,Westburn Tennis Centre,,,rubber,1,Westburn Park,1,Westburn Park
39,Aberdeen,way,1504182908,57.1550598,-2.1247639,court,pitch,tennis,,,Westburn Tennis Centre,,,rubber,1,Westburn Park,1,Westburn Park
40,Swindon,way,40530320,51.5498935,-1.7008737,court,pitch,tennis,,,,,,,0,,0,
40,Swindon,way,73851012,51.5991649,-1.7931508,court,pitch,tennis;soccer;netball,,private,,,,,0,,0,
40,Swindon,way,130889946,51.5587472,-1.8309934,sports_centre,sports_centre,ice_skating;swimming;tennis;soccer;trampoline,,,Link Centre,Greenwich Leisure Limited,,,0,,0,
40,Swindon,way,145802376,51.5512574,-1.7811522,court,pitch,tennis,,yes,,,,asphalt,0,,0,
40,Swindon,way,145802380,51.5513546,-1.7806534,court,pitch,tennis,,yes,,,,asphalt,0,,0,
40,Swindon,way,145802381,51.5513049,-1.7809095,court,pitch,tennis,,yes,,,,asphalt,0,,0,
40,Swindon,way,146460570,51.6287142,-1.7145453,court,pitch,tennis,,,,,,,0,,0,
40,Swindon,way,146460597,51.628608,-1.7151308,court,pitch,tennis,,,,,,,0,,0,
40,Swindon,way,152029227,51.5656359,-1.8304552,court,pitch,tennis,,private,,,,,0,,0,
40,Swindon,way,152034752,51.5572315,-1.8470533,court,pitch,basketball;field_hockey;soccer;tennis,,,,,,asphalt,0,,0,
40,Swindon,way,156212744,51.5704204,-1.7833021,court,pitch,tennis,,,,,,,1,St Marks Recreation Ground,1,St Marks Recreation Ground
40,Swindon,way,156212746,51.5701794,-1.7847479,court,pitch,tennis,,,,,,,1,St Marks Recreation Ground,1,St Marks Recreation Ground
40,Swindon,way,164243629,51.5589314,-1.8186711,court,pitch,tennis,,,,,,,0,,0,
40,Swindon,way,164243630,51.5591415,-1.8183423,court,pitch,tennis,,,,,,,0,,0,
40,Swindon,way,164243631,51.5590365,-1.8185068,court,pitch,tennis,,,,,,,0,,0,
40,Swindon,way,166749985,51.6141372,-1.7895853,court,pitch,tennis,,private,,,,,0,,0,
40,Swindon,way,166749986,51.612882,-1.7816839,court,pitch,tennis,,,,,,,0,,0,
40,Swindon,way,166749987,51.6129455,-1.7815037,court,pitch,tennis,,,,,,,0,,0,
40,Swindon,way,167245758,51.5789792,-1.8162571,court,pitch,tennis,,,,,,,0,,0,
40,Swindon,way,167245759,51.5790562,-1.8164826,court,pitch,tennis,,,,,,,0,,0,
40,Swindon,way,167245760,51.5791313,-1.8166993,court,pitch,tennis,,,,,,,0,,0,
40,Swindon,way,167245761,51.5792053,-1.8169158,court,pitch,tennis,,,,,,,0,,0,
40,Swindon,way,168541249,51.6031368,-1.7838448,court,pitch,tennis,,,,,,,0,,0,
40,Swindon,way,168541250,51.6030253,-1.7843643,court,pitch,tennis,,,,,,,0,,0,
40,Swindon,way,168541251,51.60302,-1.7841171,court,pitch,tennis,,,,,,,0,,0,
40,Swindon,way,169702857,51.5964954,-1.8149632,court,pitch,tennis,,,,,,,0,,0,
40,Swindon,way,180045381,51.5150887,-1.7398027,court,pitch,tennis,,,,,,,0,,0,
40,Swindon,way,180045383,51.515021,-1.7402467,court,pitch,tennis,,,,,,,0,,0,
40,Swindon,way,180045386,51.5150549,-1.7400219,court,pitch,tennis,,,,,,,0,,0,
40,Swindon,way,257641225,51.6258011,-1.7090669,court,pitch,tennis;netball,,,,,,,0,,0,
40,Swindon,way,271412518,51.5233359,-1.7492253,court,pitch,tennis,,,,,,,0,,0,
40,Swindon,way,271439000,51.5113779,-1.7721905,court,pitch,tennis,,,,,,asphalt,0,,0,
40,Swindon,way,271491225,51.531157,-1.7925987,court,pitch,tennis,,,,,,,0,,0,
40,Swindon,way,280783057,51.5490215,-1.7844201,court,pitch,tennis,,,,,,,0,,0,
40,Swindon,way,394187274,51.5210671,-1.7577191,court,pitch,tennis,,,,,,,0,,0,
40,Swindon,way,427073959,51.6366734,-1.7455287,court,pitch,tennis,,,,,,,0,,0,
40,Swindon,way,735456097,51.5300305,-1.7027984,court,pitch,tennis,,private,,,,,0,,0,
40,Swindon,way,735456098,51.533422,-1.7001296,court,pitch,tennis,,private,,,,,0,,0,
40,Swindon,way,889559253,51.5338767,-1.7009489,court,pitch,tennis,,private,,,,,0,,0,
40,Swindon,way,908987409,51.5499824,-1.7006738,court,pitch,tennis,,,,,,,0,,0,
40,Swindon,way,908987410,51.5498087,-1.7010757,court,pitch,tennis,,,,,,,0,,0,
40,Swindon,way,908987411,51.5497246,-1.7012737,court,pitch,tennis,,,,,,,0,,0,
40,Swindon,way,909010224,51.5462898,-1.8104503,court,pitch,tennis,,,,,,,0,,0,
40,Swindon,way,909010225,51.546161,-1.8106689,court,pitch,tennis,,,,,,,0,,0,
40,Swindon,way,910629931,51.5554156,-1.6940519,court,pitch,tennis,,private,,,,,0,,0,
40,Swindon,way,921294857,51.5437494,-1.7514536,court,pitch,tennis,,private,,,,,0,,0,
40,Swindon,way,925090468,51.5863774,-1.7814106,court,pitch,tennis,,,,,,,0,,0,
40,Swindon,way,925090469,51.5865168,-1.7812911,court,pitch,tennis,,,,,,,0,,0,
40,Swindon,way,925090843,51.5490392,-1.7842081,court,pitch,tennis,,,,,,,0,,0,
40,Swindon,way,957254500,51.5322214,-1.6994483,court,pitch,tennis,,private,,,,,0,,0,
40,Swindon,way,960893579,51.6620058,-1.790266,court,pitch,tennis,,,,,,,0,,0,
40,Swindon,way,1096087045,51.5216439,-1.8361778,court,pitch,tennis,,private,,,,,0,,0,
40,Swindon,way,1096087089,51.5130436,-1.8260311,court,pitch,tennis,,private,,,,,0,,0,
40,Swindon,way,1096087117,51.5189013,-1.8079703,court,pitch,tennis,,private,,,,,0,,0,
40,Swindon,way,1098142531,51.548674,-1.6659495,court,pitch,tennis,,,,,,,0,,0,
40,Swindon,way,1098385894,51.5202521,-1.7195349,court,pitch,tennis,,,,,,,0,,0,
40,Swindon,way,1116290653,51.5594414,-1.7290794,court,pitch,tennis,,,,,,,0,,0,
40,Swindon,way,1121088654,51.5495763,-1.7143541,court,pitch,tennis,,private,,,,,0,,0,
40,Swindon,way,1139529328,51.549042,-1.790167,court,pitch,tennis,,,,,,asphalt,0,,0,
40,Swindon,way,1140206485,51.6133871,-1.8135075,court,pitch,tennis,,,,,,,0,,0,
40,Swindon,way,1140253520,51.6105036,-1.8008667,court,pitch,field_hockey;soccer;tennis;netball,,,,,,,0,,0,
40,Swindon,way,1141503172,51.5490309,-1.6659183,court,pitch,tennis,,,,,,,0,,0,
40,Swindon,way,1237624736,51.5814786,-1.7896758,court,pitch,basketball;tennis,,,,,,,0,,0,
40,Swindon,way,1239335886,51.5165341,-1.7785804,court,pitch,tennis,,private,,,,,0,,0,
40,Swindon,way,1246799327,51.5453327,-1.7740545,court,pitch,tennis,,,,,,,0,,0,
40,Swindon,way,1250073873,51.6532788,-1.7550598,court,pitch,tennis,,,,,,,0,,0,
40,Swindon,way,1250073891,51.6561427,-1.7535984,court,pitch,tennis,,,,,,,0,,0,
40,Swindon,way,1250073892,51.6564317,-1.7531841,court,pitch,tennis,,,,,,,0,,0,
40,Swindon,way,1250771151,51.5184746,-1.8082893,court,pitch,tennis,,,,,,,0,,0,
40,Swindon,way,1250771224,51.5293672,-1.8156678,court,pitch,tennis,,,,,,,0,,0,
40,Swindon,way,1251752764,51.6339765,-1.6894669,court,pitch,tennis,,,,,,,0,,0,
40,Swindon,way,1262513873,51.6610424,-1.7436611,court,pitch,tennis,,,,,,,0,,0,
40,Swindon,way,1268673232,51.5594916,-1.7285438,court,pitch,tennis,,,,,,,0,,0,
40,Swindon,way,1288194757,51.556073,-1.7599767,court,pitch,basketball;field_hockey;tennis,,private,,,,,0,,0,
40,Swindon,way,1288194758,51.5557033,-1.7598182,court,pitch,basketball;field_hockey;tennis,,private,,,,,0,,0,
40,Swindon,way,1288194769,51.5542466,-1.7630408,court,pitch,basketball;field_hockey;tennis;soccer,,private,,,,,0,,0,
40,Swindon,way,1288194770,51.5540374,-1.7630328,court,pitch,basketball;field_hockey;tennis;soccer,,private,,,,,0,,0,
40,Swindon,way,1288194771,51.5545221,-1.7630554,court,pitch,basketball;field_hockey;tennis;soccer,,private,,,,,0,,0,
40,Swindon,way,1288194772,51.5545274,-1.7627096,court,pitch,basketball;field_hockey;tennis;soccer,,private,,,,,0,,0,
40,Swindon,way,1300190229,51.5581385,-1.7473451,court,pitch,tennis,,private,,,,,0,,0,
40,Swindon,way,1309008044,51.5657829,-1.8061868,court,pitch,soccer;tennis,,,,,,,0,,0,
40,Swindon,way,1312271548,51.6271221,-1.7089832,court,pitch,tennis,,,,,,asphalt,0,,0,
40,Swindon,way,1312592482,51.6046195,-1.7309097,court,pitch,tennis,,,,,,,0,,0,
40,Swindon,way,1338142012,51.5494578,-1.7904243,court,pitch,tennis,,,,,,asphalt,0,,0,
40,Swindon,way,1338142013,51.5493252,-1.7903405,court,pitch,tennis,,,,,,asphalt,0,,0,
40,Swindon,way,1338142014,51.5491943,-1.7902663,court,pitch,tennis,,,,,,asphalt,0,,0,
40,Swindon,way,1352101025,51.5991174,-1.7924243,court,pitch,tennis;soccer;netball,,private,,,,,0,,0,
40,Swindon,way,1352900347,51.5923947,-1.7584004,court,pitch,tennis,,,,,,,0,,0,
40,Swindon,way,1422436582,51.5523752,-1.7502178,court,pitch,tennis;field_hockey,,,,,,,0,,0,
40,Swindon,way,1476592313,51.5704731,-1.7830921,court,pitch,tennis,,,,,,,1,St Marks Recreation Ground,1,St Marks Recreation Ground
40,Swindon,way,1476592314,51.5705269,-1.7828778,court,pitch,tennis,,,,,,,1,St Marks Recreation Ground,1,St Marks Recreation Ground
40,Swindon,way,1476592316,51.5702297,-1.7845283,court,pitch,tennis,,,,,,,1,St Marks Recreation Ground,1,St Marks Recreation Ground
40,Swindon,way,1476592317,51.5702798,-1.7843116,court,pitch,tennis,,,,,,,1,St Marks Recreation Ground,1,St Marks Recreation Ground
40,Swindon,way,1476592318,51.5704448,-1.7841364,court,pitch,tennis,,,,,,,1,St Marks Recreation Ground,1,St Marks Recreation Ground
40,Swindon,way,1476592319,51.5703754,-1.7840882,court,pitch,tennis,,,,,,,1,St Marks Recreation Ground,1,St Marks Recreation Ground
40,Swindon,way,1476592320,51.5703064,-1.7840426,court,pitch,tennis,,,,,,,1,St Marks Recreation Ground,1,St Marks Recreation Ground
40,Swindon,way,1476592321,51.5702311,-1.7839935,court,pitch,tennis,,,,,,,1,St Marks Recreation Ground,1,St Marks Recreation Ground
40,Swindon,way,1476592322,51.5699244,-1.7843294,court,pitch,tennis,,,,,,,1,St Marks Recreation Ground,1,St Marks Recreation Ground
40,Swindon,way,1476592323,51.5699786,-1.7841139,court,pitch,tennis,,,,,,,1,St Marks Recreation Ground,1,St Marks Recreation Ground
40,Swindon,way,1476592324,51.5700398,-1.7838701,court,pitch,tennis,,,,,,,1,St Marks Recreation Ground,1,St Marks Recreation Ground
40,Swindon,way,1476592325,51.56987,-1.7845454,court,pitch,tennis,,,,,,,1,St Marks Recreation Ground,1,St Marks Recreation Ground
41,Crawley,way,20047672,51.1056935,-0.1497425,court,pitch,tennis,,,,,,,1,Maidenbower Park,1,Maidenbower Park
41,Crawley,way,24065728,51.1104346,-0.1818056,court,pitch,tennis,,,,,,,1,Southgate Park,1,Southgate Park
41,Crawley,way,30700473,51.1214776,-0.1916474,court,pitch,tennis,,,,,,,1,West Green Playing Fields,1,West Green Playing Fields
41,Crawley,way,34119099,51.1226745,-0.1623697,court,pitch,tennis,,,Crawley Lawn Tennis Club,,,,0,,0,
41,Crawley,way,37111633,51.1227898,-0.2110204,court,pitch,tennis,,,,,,,0,,0,
41,Crawley,way,38279921,51.1263053,-0.1511958,court,pitch,tennis,,,,,,,1,Worth Park Gardens,1,Worth Park Gardens
41,Crawley,way,426905479,51.1590259,-0.1511296,court,pitch,tennis,,,,,,,0,,0,
41,Crawley,way,1308651324,51.1459566,-0.1457017,court,pitch,tennis,,,,,,,0,,0,
41,Crawley,way,1308908944,51.1511236,-0.1456435,court,pitch,tennis,,,,,,,0,,0,
41,Crawley,way,1315612613,51.1049599,-0.2090813,court,pitch,tennis,,,,,,,0,,0,
42,Ipswich,way,23190633,52.0728687,1.1535352,sports_centre,sports_centre,tennis,,,Ipswich Sports Club,,,,0,,0,
42,Ipswich,way,24997841,52.0642665,1.1869173,sports_centre,sports_centre,tennis,,,St John's Tennis Club,,,,0,,0,
42,Ipswich,way,28878566,52.0277528,1.2118214,court,pitch,tennis,,,,,,,0,,0,
42,Ipswich,way,49713948,52.0645234,1.1537753,court,pitch,tennis,,,,,,,1,Christchurch Park,1,Christchurch Park
42,Ipswich,way,49713949,52.0642022,1.1538157,court,pitch,tennis,,,,,,,1,Christchurch Park,1,Christchurch Park
42,Ipswich,way,49713950,52.06373,1.1539221,court,pitch,tennis,,,,,,,1,Christchurch Park,1,Christchurch Park
42,Ipswich,way,49713951,52.0634324,1.1540903,court,pitch,tennis,,,,,,,1,Christchurch Park,1,Christchurch Park
42,Ipswich,way,49713954,52.0648586,1.15358,court,pitch,tennis,,,,,,,1,Christchurch Park,1,Christchurch Park
42,Ipswich,way,102848206,52.0273807,1.21251,court,pitch,tennis,,,,,,,0,,0,
42,Ipswich,way,107859460,52.0617847,1.1543298,court,pitch,tennis,,,,,,,1,Christchurch Park,1,Christchurch Park
42,Ipswich,way,110958647,52.0314916,1.1895255,court,pitch,tennis,,,,,,,0,,0,
42,Ipswich,way,168538251,52.0543079,1.1966799,court,pitch,tennis,,,,,,,0,,0,
42,Ipswich,way,168538252,52.0543149,1.1959213,court,pitch,tennis,,,,,,,0,,0,
42,Ipswich,way,172298778,52.0660384,1.1497381,court,pitch,tennis,,,,,,paved,0,,0,
42,Ipswich,way,378925170,52.0519115,1.1187883,court,pitch,tennis,,,,,,,1,Chantry Park,1,Chantry Park
42,Ipswich,way,561226428,52.0435181,1.1845503,court,pitch,tennis,,,,,,grass,1,Murray Recreation Ground,1,Murray Recreation Ground
42,Ipswich,way,880099698,52.0644051,1.1868341,court,pitch,tennis,,,,,,,0,,0,
42,Ipswich,way,880099699,52.0643987,1.1870327,court,pitch,tennis,,,,,,,0,,0,
42,Ipswich,way,880099700,52.064115,1.1869149,court,pitch,tennis,,,,,,,0,,0,
42,Ipswich,way,1372724563,52.0868286,1.1525424,court,pitch,tennis,,private,,,,,0,,0,
42,Ipswich,way,1466318041,52.0757208,1.17126,court,pitch,tennis,,private,,,,,0,,0,
43,Wigan,way,33502638,53.4919445,-2.6402072,court,pitch,tennis,,,,,,,1,Jubilee Park,1,Jubilee Park
43,Wigan,way,33502641,53.4915523,-2.6402268,court,pitch,tennis,,,,,,,1,Jubilee Park,1,Jubilee Park
43,Wigan,way,35155607,53.5280126,-2.7024883,sports_centre,sports_centre,tennis,,,Winstanley Tennis Club,,,asphalt,0,,0,
43,Wigan,way,35157145,53.5288309,-2.7169294,court,pitch,tennis,,,,,,,0,,0,
43,Wigan,way,250835952,53.5576758,-2.6266329,court,pitch,tennis,,,,,,,0,,0,
43,Wigan,way,474901279,53.4854194,-2.520465,court,pitch,tennis,,customers,,,,,0,,0,
43,Wigan,way,474901281,53.4850996,-2.5203532,court,pitch,tennis,,customers,,,,,0,,0,
43,Wigan,way,474901283,53.4848931,-2.5200126,court,pitch,tennis,,customers,,,,asphalt,0,,0,
43,Wigan,way,474901440,53.4861298,-2.5269293,court,pitch,tennis,,yes,,,,asphalt,1,Pennington Hall Park,1,Pennington Hall Park
43,Wigan,way,564566589,53.5538031,-2.63952,court,pitch,tennis,,,,,,asphalt,1,Mesnes Park,1,Mesnes Park
43,Wigan,way,565153417,53.5354667,-2.6557034,court,pitch,tennis,,,,,,asphalt,1,Alexandra Park,1,Alexandra Park
43,Wigan,way,643517027,53.5454445,-2.6563238,court,pitch,tennis,,,,,,,0,,0,
43,Wigan,way,771111371,53.565168,-2.5885168,court,pitch,tennis,,,,,,asphalt,0,,0,
43,Wigan,way,831153832,53.5413945,-2.6996314,court,pitch,tennis,,,,,,,0,,0,
43,Wigan,way,909705555,53.5056581,-2.4704875,court,pitch,tennis,,,,,,,0,,0,
43,Wigan,way,909705556,53.5056725,-2.4707101,court,pitch,tennis,,,,,,,0,,0,
43,Wigan,way,909705557,53.5056836,-2.4709314,court,pitch,tennis,,,,,,,0,,0,
43,Wigan,way,909705558,53.5056994,-2.4711513,court,pitch,tennis,,,,,,,0,,0,
43,Wigan,way,938599729,53.5151784,-2.4516944,sports_centre,sports_centre,tennis,sport,,Tyldesley Tennis Club,,,,0,,0,
43,Wigan,way,998167793,53.4944553,-2.645023,court,pitch,tennis;basketball,,,,,,,0,,0,
43,Wigan,way,1052728532,53.4852866,-2.5210986,sports_centre,sports_centre,cricket;tennis;bowls,sport,,"Leigh Cricket, Tennis and Bowling Club",,,,0,,0,
43,Wigan,way,1086347875,53.4733004,-2.5861376,court,pitch,tennis,,customers,,,,asphalt,0,,0,
43,Wigan,way,1127900961,53.4652344,-2.5655336,court,pitch,tennis,,private,,,,,0,,0,
43,Wigan,way,1263493666,53.5150888,-2.4518081,court,pitch,tennis,,customers,,,,,0,,0,
43,Wigan,way,1263493667,53.51514,-2.4515621,court,pitch,tennis,,customers,,,,,0,,0,
43,Wigan,way,1263493668,53.5151828,-2.451363,court,pitch,tennis,,customers,,,,,0,,0,
43,Wigan,way,1263494584,53.4861574,-2.5267277,court,pitch,tennis,,yes,,,,asphalt,1,Pennington Hall Park,1,Pennington Hall Park
43,Wigan,way,1263494585,53.4861849,-2.5265226,court,pitch,tennis,,yes,,,,asphalt,1,Pennington Hall Park,1,Pennington Hall Park
43,Wigan,way,1263494587,53.48643,-2.5270395,court,pitch,tennis,,yes,,,,asphalt,1,Pennington Hall Park,1,Pennington Hall Park
43,Wigan,way,1263497358,53.4854458,-2.5202484,court,pitch,tennis,,customers,,,,,0,,0,
43,Wigan,way,1263497359,53.4854713,-2.5200347,court,pitch,tennis,,customers,,,,,0,,0,
43,Wigan,way,1263497360,53.4851252,-2.5201359,court,pitch,tennis,,customers,,,,,0,,0,
43,Wigan,way,1263497361,53.4851501,-2.5199212,court,pitch,tennis,,customers,,,,,0,,0,
43,Wigan,way,1263594326,53.4734153,-2.584923,sports_centre,sports_centre,bowls;cricket;field_hockey;soccer;tennis,,,Golborne Sports & Social Club,,,,0,,0,
43,Wigan,way,1263594328,53.473239,-2.5859504,court,pitch,tennis,,customers,,,,asphalt,0,,0,
43,Wigan,way,1431578434,53.5278621,-2.7029277,court,pitch,tennis,,customers,,,,,0,,0,
43,Wigan,way,1431578435,53.5279406,-2.7027697,court,pitch,tennis,,customers,,,,,0,,0,
43,Wigan,way,1431578436,53.5279467,-2.7024472,court,pitch,tennis,,customers,,,,,0,,0,
43,Wigan,way,1431578437,53.5280237,-2.7022836,court,pitch,tennis,,customers,,,,,0,,0,
43,Wigan,way,1431578438,53.5280991,-2.7021309,court,pitch,tennis,,customers,,,,,0,,0,
43,Wigan,way,1431578439,53.5282207,-2.7019543,court,pitch,tennis,,customers,,,,,0,,0,
44,Mansfield,way,162154624,53.1409401,-1.1703014,court,pitch,tennis,,,,,,,1,Racecourse Park,1,Racecourse Park
44,Mansfield,way,204019078,53.1531719,-1.157123,court,pitch,tennis,,,,,,,0,,0,
44,Mansfield,way,241908234,53.147875,-1.1697679,court,pitch,tennis,,,,,,,0,,0,
44,Mansfield,way,312524199,53.1543906,-1.2020973,court,pitch,tennis,,,,,,,0,,0,
44,Mansfield,way,312524200,53.1538718,-1.2017852,court,pitch,tennis,,,,,,,0,,0,
44,Mansfield,way,312524201,53.1544449,-1.2013671,court,pitch,tennis,,,,,,,0,,0,
44,Mansfield,way,312524202,53.154046,-1.2022755,court,pitch,tennis,,,,,,,0,,0,
44,Mansfield,way,312524203,53.154289,-1.2019126,court,pitch,tennis,,,,,,,0,,0,
44,Mansfield,way,312524204,53.1540999,-1.2014422,court,pitch,tennis,,,,,,,0,,0,
44,Mansfield,way,312524205,53.1545476,-1.2015575,court,pitch,tennis,,,,,,,0,,0,
44,Mansfield,way,312524206,53.1543287,-1.2010979,court,pitch,tennis,,,,,,,0,,0,
44,Mansfield,way,312524208,53.15415,-1.2024545,court,pitch,tennis,,,,,,,0,,0,
44,Mansfield,way,331760250,53.151369,-1.2157627,court,pitch,tennis,,,,,,,0,,0,
44,Mansfield,way,331760251,53.1512808,-1.2159148,court,pitch,tennis,,,,,,,0,,0,
44,Mansfield,way,331760252,53.1511908,-1.2160659,court,pitch,tennis,,,,,,,0,,0,
44,Mansfield,way,331760253,53.1511048,-1.216216,court,pitch,tennis,,,,,,,0,,0,
44,Mansfield,way,331760254,53.1510195,-1.2163649,court,pitch,tennis,,,,,,,0,,0,
44,Mansfield,way,360763540,53.1730003,-1.1853655,court,pitch,tennis,,,,,,,1,Manor Park,1,Manor Park
44,Mansfield,way,360763541,53.1729331,-1.1851317,court,pitch,tennis,,,,,,,1,Manor Park,1,Manor Park
44,Mansfield,way,360763544,53.1728624,-1.1848857,court,pitch,tennis,,,,,,,1,Manor Park,1,Manor Park
44,Mansfield,way,360797717,53.1718389,-1.1866709,court,pitch,tennis,,,,,,,0,,0,
44,Mansfield,way,360797718,53.1718403,-1.186377,court,pitch,tennis,,,,,,,0,,0,
44,Mansfield,way,360797719,53.1715291,-1.1866672,court,pitch,tennis,,,,,,,0,,0,
44,Mansfield,way,360797720,53.1715302,-1.1863733,court,pitch,tennis,,,,,,,0,,0,
44,Mansfield,way,360797721,53.1721905,-1.1872072,court,pitch,tennis,,,,,,,0,,0,
44,Mansfield,way,360797722,53.172191,-1.1869205,court,pitch,tennis,,,,,,,0,,0,
44,Mansfield,way,360797723,53.1721914,-1.1866318,court,pitch,tennis,,,,,,,0,,0,
44,Mansfield,way,360797724,53.1721919,-1.1863432,court,pitch,tennis,,,,,,,0,,0,
44,Mansfield,way,422925544,53.1410486,-1.1705669,court,pitch,tennis,,,,,,,1,Racecourse Park,1,Racecourse Park
44,Mansfield,way,422925548,53.1600288,-1.1346871,court,pitch,tennis,,,,,,,0,,0,
44,Mansfield,way,422925550,53.1411934,-1.1708861,court,pitch,tennis,,,,,,,1,Racecourse Park,1,Racecourse Park
44,Mansfield,way,422925560,53.1407992,-1.1699769,court,pitch,tennis,,,,,,,1,Racecourse Park,1,Racecourse Park
44,Mansfield,way,422925565,53.1599411,-1.1350881,court,pitch,tennis,,,,,,,0,,0,
44,Mansfield,way,422925577,53.1407284,-1.1698213,court,pitch,tennis,,,,,,,1,Racecourse Park,1,Racecourse Park
44,Mansfield,way,422925616,53.1408667,-1.1701512,court,pitch,tennis,,,,,,,1,Racecourse Park,1,Racecourse Park
44,Mansfield,way,422925627,53.141121,-1.1707333,court,pitch,tennis,,,,,,,1,Racecourse Park,1,Racecourse Park
44,Mansfield,way,422925629,53.1599902,-1.1348909,court,pitch,tennis,,,,,,,0,,0,
44,Mansfield,way,424319854,53.1412554,-1.1710538,court,pitch,tennis,,,,,,,1,Racecourse Park,1,Racecourse Park
44,Mansfield,way,471502171,53.1552784,-1.160695,court,pitch,tennis,,,,,,,0,,0,
44,Mansfield,way,544279243,53.1487054,-1.1902732,court,pitch,tennis,,,,,,asphalt,1,Carr Bank Park,1,Carr Bank Park
44,Mansfield,way,786258189,53.1253782,-1.1639218,court,pitch,tennis,,,,,,,0,,0,
44,Mansfield,way,1282455212,53.1546206,-1.2017939,court,pitch,tennis,,,,,,,0,,0,
45,Oxford,way,3342918,51.7537561,-1.2752332,court,pitch,tennis,,,,,,asphalt,1,Botley Park,1,Botley Park
45,Oxford,way,24333756,51.7374447,-1.2089577,court,pitch,tennis;basketball;football,,,,,,,0,,0,
45,Oxford,way,32205205,51.7163898,-1.2191422,court,pitch,tennis,,,,,,,0,,0,
45,Oxford,way,94563319,51.7574853,-1.2388486,court,pitch,tennis,,,,,,asphalt,0,,0,
45,Oxford,way,94563327,51.7580567,-1.2392487,court,pitch,tennis,,,,,,asphalt,0,,0,
45,Oxford,way,94563329,51.7580771,-1.2394786,court,pitch,tennis,,,,,,asphalt,0,,0,
45,Oxford,way,119927716,51.7773928,-1.2744062,court,pitch,tennis;netball,,,,,,,0,,0,
45,Oxford,way,229826389,51.7677049,-1.2598613,court,pitch,tennis,,private,,,,,0,,0,
45,Oxford,way,229826390,51.7669677,-1.2606163,court,pitch,tennis,,private,,,,,0,,0,
45,Oxford,way,257770178,51.7661014,-1.217949,court,pitch,tennis,,,,,,,0,,0,
45,Oxford,way,257775501,51.7755592,-1.2579445,court,pitch,tennis,,,,,,,0,,0,
45,Oxford,way,261816583,51.7710455,-1.2687365,court,pitch,tennis,,,,,,asphalt,0,,0,
45,Oxford,way,261816584,51.7710729,-1.2685408,court,pitch,tennis,,,,,,asphalt,0,,0,
45,Oxford,way,261816585,51.7711024,-1.2683454,court,pitch,tennis,,,,,,asphalt,0,,0,
45,Oxford,way,261816587,51.7752049,-1.2712391,court,pitch,tennis,,,,,,asphalt,0,,0,
45,Oxford,way,261816588,51.7752712,-1.271057,court,pitch,tennis,,,,,,asphalt,0,,0,
45,Oxford,way,347281812,51.768208,-1.255766,court,pitch,tennis,,,,,,,0,,0,
45,Oxford,way,422886127,51.7536363,-1.2752204,court,pitch,tennis,,,,,,asphalt,1,Botley Park,1,Botley Park
45,Oxford,way,537017632,51.7410769,-1.264575,court,pitch,tennis,,,,,,asphalt,0,,0,
45,Oxford,way,537017633,51.7411668,-1.2644046,court,pitch,tennis,,,,,,asphalt,0,,0,
45,Oxford,way,537017634,51.7412559,-1.2642353,court,pitch,tennis,,,,,,asphalt,0,,0,
45,Oxford,way,569999022,51.7574858,-1.2386369,court,pitch,tennis,,,,,,asphalt,0,,0,
45,Oxford,way,569999023,51.7574874,-1.2384232,court,pitch,tennis,,,,,,asphalt,0,,0,
45,Oxford,way,624536743,51.7787792,-1.2684654,court,pitch,tennis,,,,,,grass,0,,0,
45,Oxford,way,624536744,51.7787218,-1.268657,court,pitch,tennis,,,,,,grass,0,,0,
45,Oxford,way,624536745,51.7786629,-1.2688476,court,pitch,tennis,,,,,,grass,0,,0,
45,Oxford,way,624536746,51.7790492,-1.2686742,court,pitch,tennis,,,,,,grass,0,,0,
45,Oxford,way,624536747,51.7789928,-1.2688632,court,pitch,tennis,,,,,,grass,0,,0,
45,Oxford,way,624536748,51.778933,-1.2690469,court,pitch,tennis,,,,,,grass,0,,0,
45,Oxford,way,624536749,51.7793332,-1.2689183,court,pitch,tennis,,,,,,clay,0,,0,
45,Oxford,way,624536750,51.7792793,-1.269086,court,pitch,tennis,,,,,,clay,0,,0,
45,Oxford,way,624536751,51.7792205,-1.2692712,court,pitch,tennis,,,,,,clay,0,,0,
45,Oxford,way,624536752,51.7791665,-1.2694455,court,pitch,tennis,,,,,,clay,0,,0,
45,Oxford,way,624536753,51.7791073,-1.2696306,court,pitch,tennis,,,,,,clay,0,,0,
45,Oxford,way,624536754,51.7790454,-1.2698004,court,pitch,tennis,,,,,,clay,0,,0,
45,Oxford,way,693468410,51.7317814,-1.2317416,court,pitch,tennis,,private,,,,,0,,0,
45,Oxford,way,746610452,51.7365071,-1.2236532,court,pitch,tennis,,,,,,,1,Florence Park,1,Florence Park
45,Oxford,way,746610453,51.7366301,-1.2237035,court,pitch,tennis,,,,,,,1,Florence Park,1,Florence Park
45,Oxford,way,746610454,51.7367555,-1.2237518,court,pitch,tennis,,,,,,,1,Florence Park,1,Florence Park
45,Oxford,way,746610455,51.7368768,-1.2238054,court,pitch,tennis,,,,,,,1,Florence Park,1,Florence Park
45,Oxford,way,746610456,51.7369973,-1.223851,court,pitch,tennis,,,,,,,1,Florence Park,1,Florence Park
45,Oxford,way,759456423,51.7700972,-1.2075333,court,pitch,multi;tennis,,,,,,asphalt,0,,0,
45,Oxford,way,801952966,51.7590317,-1.2243758,court,pitch,tennis,,,,,,,0,,0,
45,Oxford,way,851846439,51.7607693,-1.2280779,court,pitch,tennis,,,,,,,0,,0,
45,Oxford,way,868619287,51.7779714,-1.2570424,court,pitch,tennis,,,,,,,0,,0,
45,Oxford,way,868619288,51.7780069,-1.2568413,court,pitch,tennis,,,,,,,0,,0,
45,Oxford,way,868619289,51.7780429,-1.2566397,court,pitch,tennis,,,,,,,0,,0,
45,Oxford,way,868629230,51.7792076,-1.2623,court,pitch,tennis,,,,,,,0,,0,
45,Oxford,way,868629231,51.779253,-1.2621003,court,pitch,tennis,,,,,,,0,,0,
45,Oxford,way,868629232,51.779297,-1.2617982,court,pitch,tennis,,,,,,,0,,0,
45,Oxford,way,868629233,51.77935,-1.2615876,court,pitch,tennis,,,,,,,0,,0,
45,Oxford,way,868629234,51.7793976,-1.2613828,court,pitch,tennis,,,,,,,0,,0,
45,Oxford,way,868683156,51.7929687,-1.2759565,court,pitch,tennis,,,,,,,0,,0,
45,Oxford,way,868683157,51.7928395,-1.2759143,court,pitch,tennis,,,,,,,0,,0,
45,Oxford,way,868683158,51.7927107,-1.2758764,court,pitch,tennis,,,,,,,0,,0,
45,Oxford,way,871991396,51.7900916,-1.2608545,court,pitch,tennis,,,,,,,1,Cutteslowe and Sunnymead Park,1,Cutteslowe and Sunnymead Park
45,Oxford,way,871991397,51.7901231,-1.2606651,court,pitch,tennis,,,,,,,1,Cutteslowe and Sunnymead Park,1,Cutteslowe and Sunnymead Park
45,Oxford,way,871991398,51.7901545,-1.2604707,court,pitch,tennis,,,,,,,1,Cutteslowe and Sunnymead Park,1,Cutteslowe and Sunnymead Park
45,Oxford,way,871991399,51.7901869,-1.2602781,court,pitch,tennis,,,,,,,1,Cutteslowe and Sunnymead Park,1,Cutteslowe and Sunnymead Park
45,Oxford,way,911229792,51.7647927,-1.228933,court,pitch,tennis,,,,,,,0,,0,
45,Oxford,way,914395655,51.7477566,-1.2237319,court,pitch,tennis,,,,,,,0,,0,
45,Oxford,way,917183918,51.7668322,-1.2162899,court,pitch,tennis,,,,,,,0,,0,
45,Oxford,way,921320532,51.7930307,-1.2698436,court,pitch,tennis,,,,,,,0,,0,
45,Oxford,way,921320533,51.7933309,-1.2701453,court,pitch,tennis,,,,,,,0,,0,
45,Oxford,way,921320534,51.7933542,-1.2699267,court,pitch,tennis,,,,,,,0,,0,
45,Oxford,way,921320535,51.7933866,-1.269633,court,pitch,tennis,,,,,,,0,,0,
45,Oxford,way,921320536,51.7934097,-1.2694305,court,pitch,tennis,,,,,,,0,,0,
45,Oxford,way,921320537,51.7934313,-1.2692227,court,pitch,tennis,,,,,,,0,,0,
45,Oxford,way,921320538,51.7934537,-1.2690121,court,pitch,tennis,,,,,,,0,,0,
45,Oxford,way,921320539,51.7930597,-1.2695472,court,pitch,tennis,,,,,,,0,,0,
45,Oxford,way,921320540,51.7930855,-1.2693407,court,pitch,tennis,,,,,,,0,,0,
45,Oxford,way,921320541,51.7931053,-1.2691288,court,pitch,tennis,,,,,,,0,,0,
45,Oxford,way,921320542,51.7931277,-1.2689209,court,pitch,tennis,,,,,,,0,,0,
45,Oxford,way,921320543,51.7927827,-1.2690993,court,pitch,tennis,,,,,,,0,,0,
45,Oxford,way,921320544,51.7928017,-1.268886,court,pitch,tennis,,,,,,,0,,0,
45,Oxford,way,921320546,51.7928143,-1.2684877,court,pitch,tennis,,,,,,,0,,0,
45,Oxford,way,921320547,51.7928341,-1.2682852,court,pitch,tennis,,,,,,,0,,0,
45,Oxford,way,921320548,51.7928615,-1.2680277,court,pitch,tennis,,,,,,,0,,0,
45,Oxford,way,921320549,51.7928847,-1.2678198,court,pitch,tennis,,,,,,,0,,0,
45,Oxford,way,921320550,51.7929105,-1.2675583,court,pitch,tennis,,,,,,,0,,0,
45,Oxford,way,921320551,51.7929313,-1.2673562,court,pitch,tennis,,,,,,,0,,0,
45,Oxford,way,924119405,51.7405661,-1.259219,court,pitch,tennis,,,,,,tartan,1,Hinksey Park,1,Hinksey Park
45,Oxford,way,924119406,51.7405088,-1.259038,court,pitch,tennis,,,,,,tartan,1,Hinksey Park,1,Hinksey Park
45,Oxford,way,924119407,51.740454,-1.2588653,court,pitch,tennis,,,,,,tartan,1,Hinksey Park,1,Hinksey Park
45,Oxford,way,924119408,51.7403981,-1.2586839,court,pitch,tennis,,,,,,tartan,1,Hinksey Park,1,Hinksey Park
45,Oxford,way,925090776,51.7563446,-1.2687351,court,pitch,tennis,,,,,,,0,,0,
45,Oxford,way,925090777,51.7564541,-1.268931,court,pitch,tennis,,,,,,,0,,0,
45,Oxford,way,925090778,51.7565509,-1.2690898,court,pitch,tennis,,,,,,,0,,0,
45,Oxford,way,925090779,51.7568061,-1.2508562,court,pitch,tennis,,,,,,,0,,0,
45,Oxford,way,925090780,51.7582796,-1.2470039,court,pitch,tennis,,,,,,,0,,0,
45,Oxford,way,925090781,51.7582427,-1.2471789,court,pitch,tennis,,,,,,,0,,0,
45,Oxford,way,925090782,51.7582032,-1.2473587,court,pitch,tennis,,,,,,,0,,0,
45,Oxford,way,925090783,51.7588848,-1.2496033,court,pitch,tennis,,,,,,,0,,0,
45,Oxford,way,925090784,51.7588482,-1.2497768,court,pitch,tennis,,,,,,,0,,0,
45,Oxford,way,925090785,51.7615175,-1.2520078,court,pitch,tennis,,,,,,grass,0,,0,
45,Oxford,way,925090786,51.7615682,-1.2518408,court,pitch,tennis,,,,,,grass,0,,0,
45,Oxford,way,925090787,51.7616744,-1.2515089,court,pitch,tennis,,,,,,grass,0,,0,
45,Oxford,way,925090788,51.7616208,-1.2516732,court,pitch,tennis,,,,,,grass,0,,0,
45,Oxford,way,925090789,51.7620218,-1.2517919,court,pitch,tennis,,,,,,grass,0,,0,
45,Oxford,way,925090790,51.7619682,-1.2519562,court,pitch,tennis,,,,,,grass,0,,0,
45,Oxford,way,925090791,51.7619155,-1.2521238,court,pitch,tennis,,,,,,grass,0,,0,
45,Oxford,way,925090792,51.7618649,-1.2522908,court,pitch,tennis,,,,,,grass,0,,0,
45,Oxford,way,925232307,51.7467268,-1.2421203,court,pitch,tennis,,,,,,grass,0,,0,
45,Oxford,way,925232308,51.7467908,-1.2419385,court,pitch,tennis,,,,,,grass,0,,0,
45,Oxford,way,925232309,51.7468561,-1.2417536,court,pitch,tennis,,,,,,grass,0,,0,
45,Oxford,way,925232310,51.7464444,-1.2418608,court,pitch,tennis,,,,,,grass,0,,0,
45,Oxford,way,925232311,51.7465069,-1.2416732,court,pitch,tennis,,,,,,grass,0,,0,
45,Oxford,way,925232312,51.7465728,-1.2414926,court,pitch,tennis,,,,,,grass,0,,0,
45,Oxford,way,925232313,51.7461263,-1.241607,court,pitch,tennis,,,,,,clay,0,,0,
45,Oxford,way,925232314,51.7461877,-1.2414185,court,pitch,tennis,,,,,,clay,0,,0,
45,Oxford,way,925232315,51.746248,-1.2412272,court,pitch,tennis,,,,,,clay,0,,0,
45,Oxford,way,925232316,51.7459457,-1.2413127,court,pitch,tennis,,,,,,clay,0,,0,
45,Oxford,way,925232317,51.7467769,-1.2462525,court,pitch,tennis,,,,,,,0,,0,
45,Oxford,way,925232318,51.7468468,-1.2460659,court,pitch,tennis,,,,,,,0,,0,
45,Oxford,way,925232319,51.7469262,-1.2458502,court,pitch,tennis,,,,,,,0,,0,
45,Oxford,way,925232323,51.747852,-1.2440672,court,pitch,tennis,,,,,,,0,,0,
45,Oxford,way,925232324,51.7479084,-1.2439026,court,pitch,tennis,,,,,,,0,,0,
45,Oxford,way,925232325,51.7479694,-1.2437396,court,pitch,tennis,,,,,,,0,,0,
45,Oxford,way,925232326,51.747646,-1.2436581,court,pitch,tennis,,,,,,,0,,0,
45,Oxford,way,925232327,51.7477069,-1.243495,court,pitch,tennis,,,,,,,0,,0,
45,Oxford,way,925232328,51.7473895,-1.2434171,court,pitch,tennis,,,,,,,0,,0,
45,Oxford,way,925232329,51.7474504,-1.243254,court,pitch,tennis,,,,,,,0,,0,
45,Oxford,way,925232330,51.7471339,-1.2431703,court,pitch,tennis,,,,,,,0,,0,
45,Oxford,way,925232331,51.7471948,-1.2430072,court,pitch,tennis,,,,,,,0,,0,
45,Oxford,way,925232332,51.7468765,-1.2429293,court,pitch,tennis,,,,,,,0,,0,
45,Oxford,way,925232333,51.7469374,-1.2427663,court,pitch,tennis,,,,,,,0,,0,
45,Oxford,way,925369175,51.7591014,-1.2241954,court,pitch,tennis,,,,,,,0,,0,
45,Oxford,way,925971118,51.7739115,-1.25645,court,pitch,tennis,,,,,,,0,,0,
45,Oxford,way,925971119,51.7737917,-1.2564529,court,pitch,tennis,,,,,,asphalt,0,,0,
45,Oxford,way,925971120,51.7736719,-1.2564551,court,pitch,tennis,,,,,,,0,,0,
45,Oxford,way,925971121,51.7735499,-1.2564597,court,pitch,tennis,,,,,,asphalt,0,,0,
45,Oxford,way,925971122,51.7734301,-1.2564643,court,pitch,tennis,,,,,,asphalt,0,,0,
45,Oxford,way,925971123,51.7733096,-1.2564666,court,pitch,tennis,,,,,,asphalt,0,,0,
45,Oxford,way,925971124,51.773951,-1.2590483,court,pitch,tennis,,,,,,,0,,0,
45,Oxford,way,925971125,51.7739869,-1.2588032,court,pitch,tennis,,,,,,,0,,0,
45,Oxford,way,925971126,51.7740213,-1.258558,court,pitch,tennis,,,,,,,0,,0,
45,Oxford,way,925971127,51.7740564,-1.2583182,court,pitch,tennis,,,,,,,0,,0,
45,Oxford,way,926002486,51.7719446,-1.2543985,court,pitch,tennis,,,,,,,0,,0,
45,Oxford,way,926002487,51.7718149,-1.2543685,court,pitch,tennis,,,,,,,0,,0,
45,Oxford,way,926160933,51.748247,-1.2444595,court,pitch,tennis,,,,,,,0,,0,
45,Oxford,way,926160934,51.7483067,-1.2442934,court,pitch,tennis,,,,,,,0,,0,
45,Oxford,way,926160935,51.7483687,-1.2441241,court,pitch,tennis,,,,,,,0,,0,
45,Oxford,way,926160936,51.7484368,-1.24393,court,pitch,tennis,,,,,,,0,,0,
45,Oxford,way,926160937,51.7485004,-1.2437642,court,pitch,tennis,,,,,,,0,,0,
45,Oxford,way,926160938,51.748557,-1.2435923,court,pitch,tennis,,,,,,,0,,0,
45,Oxford,way,926177885,51.7614814,-1.2632133,court,pitch,tennis,,,,,,,0,,0,
45,Oxford,way,926177886,51.7615658,-1.2629056,court,pitch,tennis,,,,,,,0,,0,
45,Oxford,way,927961681,51.7567777,-1.2412067,court,pitch,tennis,,,,,,,0,,0,
45,Oxford,way,927961682,51.7567787,-1.2409888,court,pitch,tennis,,,,,,,0,,0,
45,Oxford,way,927961683,51.7567803,-1.2407668,court,pitch,tennis,,,,,,,0,,0,
45,Oxford,way,937852992,51.7424572,-1.2504188,court,pitch,tennis,,,,,,grass,0,,0,
45,Oxford,way,937852993,51.7425263,-1.2502552,court,pitch,tennis,,,,,,acrylic,0,,0,
45,Oxford,way,937852994,51.7425986,-1.2500826,court,pitch,tennis,,,,,,acrylic,0,,0,
45,Oxford,way,941396130,51.7772552,-1.274294,court,pitch,tennis;netball,,,,,,,0,,0,
45,Oxford,way,941396131,51.7771209,-1.2741724,court,pitch,tennis;netball,,,,,,,0,,0,
45,Oxford,way,941396132,51.7769884,-1.274058,court,pitch,tennis;netball,,,,,,,0,,0,
45,Oxford,way,946758747,51.74506,-1.2226374,court,pitch,tennis,,,,,,,0,,0,
45,Oxford,way,946758748,51.7438322,-1.2237966,court,pitch,tennis,,,,,,,0,,0,
45,Oxford,way,946758749,51.7439495,-1.223703,court,pitch,tennis,,,,,,,0,,0,
45,Oxford,way,946758750,51.7440685,-1.2236137,court,pitch,tennis,,,,,,,0,,0,
45,Oxford,way,957441875,51.7712457,-1.2419385,court,pitch,tennis;multi,,,,,,,0,,0,
45,Oxford,way,957441876,51.7712346,-1.2422491,court,pitch,tennis;multi,,,,,,,0,,0,
45,Oxford,way,970401619,51.7672886,-1.2533772,court,pitch,tennis,,,,,,,0,,0,
45,Oxford,way,970401620,51.7671575,-1.253314,court,pitch,tennis,,,,,,,0,,0,
45,Oxford,way,970401621,51.767028,-1.2532511,court,pitch,tennis,,,,,,,0,,0,
45,Oxford,way,970401622,51.7668973,-1.2531887,court,pitch,tennis,,,,,,,0,,0,
45,Oxford,way,970401623,51.7672031,-1.2538385,court,pitch,tennis,,,,,,,0,,0,
45,Oxford,way,970401624,51.767072,-1.2537753,court,pitch,tennis,,,,,,,0,,0,
45,Oxford,way,970401625,51.7669425,-1.2537124,court,pitch,tennis,,,,,,,0,,0,
45,Oxford,way,970401626,51.7668118,-1.25365,court,pitch,tennis,,,,,,,0,,0,
45,Oxford,way,970401627,51.7667282,-1.2541084,court,pitch,tennis,,,,,,,0,,0,
45,Oxford,way,970401628,51.7668589,-1.2541708,court,pitch,tennis,,,,,,,0,,0,
45,Oxford,way,970401629,51.7669884,-1.2542338,court,pitch,tennis,,,,,,,0,,0,
45,Oxford,way,970401630,51.7671194,-1.254297,court,pitch,tennis,,,,,,,0,,0,
45,Oxford,way,970401634,51.7666527,-1.2550348,court,pitch,tennis,,,,,,,0,,0,
45,Oxford,way,970401635,51.7667048,-1.2548275,court,pitch,tennis,,,,,,,0,,0,
45,Oxford,way,970401636,51.766758,-1.2546196,court,pitch,tennis,,,,,,,0,,0,
45,Oxford,way,970401637,51.7669241,-1.2552186,court,pitch,tennis,,,,,,,0,,0,
45,Oxford,way,970401638,51.7669762,-1.2550112,court,pitch,tennis,,,,,,,0,,0,
45,Oxford,way,970401639,51.7670294,-1.2548033,court,pitch,tennis,,,,,,,0,,0,
45,Oxford,way,970401640,51.7673021,-1.2549881,court,pitch,tennis,,,,,,,0,,0,
45,Oxford,way,970401641,51.767249,-1.255196,court,pitch,tennis,,,,,,,0,,0,
45,Oxford,way,970401642,51.7671969,-1.2554034,court,pitch,tennis,,,,,,,0,,0,
45,Oxford,way,1009500676,51.7639363,-1.2081883,court,pitch,tennis,,,,,,,1,Bury Knowle Park,1,Bury Knowle Park
45,Oxford,way,1009500677,51.7638036,-1.2081532,court,pitch,tennis,,,,,,,1,Bury Knowle Park,1,Bury Knowle Park
45,Oxford,way,1009500678,51.7636763,-1.2081139,court,pitch,tennis,,,,,,,1,Bury Knowle Park,1,Bury Knowle Park
45,Oxford,way,1017356260,51.7848351,-1.2756245,court,pitch,tennis,,private,,,,,0,,0,
45,Oxford,way,1025930459,51.7313233,-1.2026279,court,pitch,tennis,,,,,,,0,,0,
45,Oxford,way,1025930460,51.7312668,-1.2024326,court,pitch,tennis,,,,,,,0,,0,
45,Oxford,way,1025930461,51.7311757,-1.2022042,court,pitch,tennis,,,,,,,0,,0,
45,Oxford,way,1026805062,51.7327209,-1.2351754,court,pitch,basketball;tennis,,,,,,,0,,0,
45,Oxford,way,1028760716,51.7372682,-1.2293483,court,pitch,tennis,,,,,,,0,,0,
45,Oxford,way,1028760717,51.7371312,-1.2292361,court,pitch,tennis,,,,,,,0,,0,
45,Oxford,way,1028760718,51.7369908,-1.2291243,court,pitch,tennis,,,,,,,0,,0,
45,Oxford,way,1028763042,51.7400041,-1.2151312,court,pitch,tennis,,,,,,concrete,1,Cowley Marsh Recreation Ground,1,Cowley Marsh Recreation Ground
45,Oxford,way,1028763043,51.7399343,-1.2149698,court,pitch,tennis,,,,,,concrete,1,Cowley Marsh Recreation Ground,1,Cowley Marsh Recreation Ground
45,Oxford,way,1046115675,51.7188614,-1.2210589,court,pitch,tennis,,,,,,,0,,0,
45,Oxford,way,1046115676,51.718898,-1.2212927,court,pitch,tennis,,,,,,,0,,0,
45,Oxford,way,1046115677,51.7189312,-1.2215001,court,pitch,tennis,,,,,,,0,,0,
45,Oxford,way,1046199377,51.7425456,-1.2180313,court,pitch,tennis,,,,,,,0,,0,
45,Oxford,way,1046199378,51.7424797,-1.2178562,court,pitch,tennis,,,,,,,0,,0,
45,Oxford,way,1046199379,51.7424148,-1.2176826,court,pitch,tennis,,,,,,,0,,0,
45,Oxford,way,1046199380,51.7423512,-1.2175134,court,pitch,tennis,,,,,,,0,,0,
45,Oxford,way,1046199381,51.7420618,-1.2168818,court,pitch,tennis,,,,,,,0,,0,
45,Oxford,way,1046199382,51.742148,-1.2170778,court,pitch,tennis,,,,,,,0,,0,
45,Oxford,way,1046199383,51.7419892,-1.2167212,court,pitch,tennis,,,,,,,0,,0,
45,Oxford,way,1046199384,51.7419187,-1.2165572,court,pitch,tennis,,,,,,,0,,0,
45,Oxford,way,1046199385,51.7418412,-1.2163933,court,pitch,tennis,,,,,,grass,0,,0,
45,Oxford,way,1186902041,51.7413564,-1.2640578,court,pitch,tennis,,,,,,grass,0,,0,
45,Oxford,way,1186902042,51.7414483,-1.2638879,court,pitch,tennis,,,,,,grass,0,,0,
45,Oxford,way,1354756012,51.7652892,-1.2520003,court,pitch,tennis,,,,,,,0,,0,
45,Oxford,way,1354756013,51.7653134,-1.2517867,court,pitch,tennis,,,,,,,0,,0,
45,Oxford,way,1354756014,51.765338,-1.2515751,court,pitch,tennis,,,,,,,0,,0,
45,Oxford,way,1482959476,51.7585423,-1.2495814,court,pitch,tennis,,,,,,,0,,0,
45,Oxford,way,1483758836,51.7788422,-1.263095,court,pitch,tennis,,,,,,,0,,0,
45,Oxford,way,1483765004,51.7757113,-1.2572893,court,pitch,tennis,,,,,,,0,,0,
45,Oxford,way,1483765005,51.7756892,-1.257468,court,pitch,tennis,,,,,,,0,,0,
45,Oxford,way,1483765006,51.7756634,-1.2576596,court,pitch,tennis,,,,,,,0,,0,
46,Warrington,way,30381739,53.3811806,-2.6495486,court,pitch,tennis,,,,,,,0,,0,
46,Warrington,way,30581730,53.3876221,-2.6244869,sports_centre,sports_centre,tennis;swimming;running;badminton;yoga;soccer;basketball,,,David Lloyd Clubs,David Lloyd Leisure,,,0,,0,
46,Warrington,way,31316601,53.3802523,-2.4813748,court,pitch,tennis,,customers,,,,,0,,0,
46,Warrington,way,31316603,53.3797757,-2.4807092,court,pitch,tennis,,customers,,,,,0,,0,
46,Warrington,way,31763688,53.4011094,-2.6616948,sports_centre,sports_centre,swimming;soccer;tennis;basketball;fitness;badminton,,,Great Sankey Neighbourhood Hub,LiveWire,,,0,,0,
46,Warrington,way,32755056,53.4464925,-2.5696715,court,pitch,tennis,,,,,,,0,,0,
46,Warrington,way,35660764,53.415846,-2.5282365,sports_centre,sports_centre,tennis,,,Birchwood Leisure & Tennis Centre,,,,0,,0,
46,Warrington,way,35660766,53.4156107,-2.52919,court,pitch,tennis,,,Birchwood Leisure & Tennis Centre,,,,0,,0,
46,Warrington,way,35684369,53.3645197,-2.595695,court,pitch,tennis,,,,,,,0,,0,
46,Warrington,way,38023352,53.3395187,-2.5685449,court,pitch,tennis,,,,,,,0,,0,
46,Warrington,way,265268788,53.3480864,-2.6273387,court,pitch,tennis,,private,,,,,0,,0,
46,Warrington,way,323846399,53.3721422,-2.5607583,court,pitch,tennis,,,,,,,0,,0,
46,Warrington,way,323846400,53.3725097,-2.5605112,court,pitch,tennis,,,,,,,0,,0,
46,Warrington,way,323846404,53.3725731,-2.5600746,court,pitch,tennis,,,,,,,0,,0,
46,Warrington,way,323846405,53.3721083,-2.5609986,court,pitch,tennis,,,,,,,0,,0,
46,Warrington,way,323846409,53.3725436,-2.5603027,court,pitch,tennis,,,,,,,0,,0,
46,Warrington,way,323846411,53.3721582,-2.5603579,court,pitch,tennis,,,,,,,0,,0,
46,Warrington,way,569406860,53.4048512,-2.55847,court,pitch,tennis,,,,,,,0,,0,
46,Warrington,way,570096410,53.4421638,-2.5507074,court,pitch,tennis,,,,,,,0,,0,
46,Warrington,way,772405162,53.3535712,-2.6042929,court,pitch,tennis,,,,,,,0,,0,
46,Warrington,way,909407340,53.4049253,-2.5579127,court,pitch,tennis,,,,,,,0,,0,
46,Warrington,way,909407341,53.4048981,-2.5580938,court,pitch,tennis,,,,,,,0,,0,
46,Warrington,way,909407342,53.4048774,-2.5582775,court,pitch,tennis,,,,,,,0,,0,
46,Warrington,way,964077273,53.4007494,-2.6627275,court,pitch,tennis,,customers,,,,,0,,0,
46,Warrington,way,998103639,53.412307,-2.4683484,court,pitch,tennis,,,,,,,0,,0,
46,Warrington,way,1011111967,53.4371058,-2.571061,court,pitch,tennis,,private,,,,,0,,0,
46,Warrington,way,1033645241,53.3875731,-2.6257132,court,pitch,tennis,,,,,,,0,,0,
46,Warrington,way,1033645242,53.387569,-2.6259315,court,pitch,tennis,,,,,,,0,,0,
46,Warrington,way,1033645243,53.3880266,-2.6254668,court,pitch,tennis,,,,,,,0,,0,
46,Warrington,way,1033645244,53.3879893,-2.6257794,court,pitch,tennis,,,,,,,0,,0,
46,Warrington,way,1033645245,53.3879846,-2.6259958,court,pitch,tennis,,,,,,,0,,0,
46,Warrington,way,1033645246,53.3872316,-2.6257016,court,pitch,tennis,,,,,,,0,,0,
46,Warrington,way,1033645247,53.3872274,-2.6259188,court,pitch,tennis,,,,,,,0,,0,
46,Warrington,way,1086986205,53.3624229,-2.5802937,court,pitch,tennis,,,,,,artificial_turf,0,,0,
46,Warrington,way,1086986206,53.3620633,-2.5808024,court,pitch,tennis,,,,,,,0,,0,
46,Warrington,way,1086986207,53.3621042,-2.5801241,court,pitch,tennis,,,,,,,0,,0,
46,Warrington,way,1086986208,53.361733,-2.5801488,court,pitch,tennis,,,,,,,0,,0,
46,Warrington,way,1086986209,53.3615884,-2.5805867,court,pitch,tennis,,,,,,,0,,0,
46,Warrington,way,1086992786,53.3563604,-2.5743354,court,pitch,tennis,,,,,,,0,,0,
46,Warrington,way,1087010262,53.3623658,-2.5768611,court,pitch,tennis,,,,,,,0,,0,
46,Warrington,way,1088029371,53.4322048,-2.5810555,court,pitch,tennis,,,,,,,0,,0,
46,Warrington,way,1088654094,53.404935,-2.5581757,sports_centre,sports_centre,tennis;bowls,,,The Padgate Tennis and Bowling Club,,,,0,,0,
46,Warrington,way,1088654095,53.404957,-2.5577023,court,pitch,tennis,,,,,,,0,,0,
46,Warrington,way,1088654096,53.4049823,-2.5575139,court,pitch,tennis,,,,,,,0,,0,
46,Warrington,way,1131280036,53.4515521,-2.5154181,court,pitch,tennis,,,,,,,0,,0,
46,Warrington,way,1201558316,53.3802375,-2.4811607,court,pitch,tennis,,customers,,,,,0,,0,
46,Warrington,way,1201558317,53.3802224,-2.4809468,court,pitch,tennis,,customers,,,,,0,,0,
46,Warrington,way,1201558318,53.380207,-2.4806788,court,pitch,tennis,,customers,,,,,0,,0,
46,Warrington,way,1201558319,53.3801948,-2.4804594,court,pitch,tennis,,customers,,,,,0,,0,
46,Warrington,way,1201558320,53.3801815,-2.480246,court,pitch,tennis,,customers,,,,,0,,0,
46,Warrington,way,1201558321,53.3801621,-2.4799483,court,pitch,tennis,,customers,,,,,0,,0,
46,Warrington,way,1201558322,53.3797548,-2.4804917,court,pitch,tennis,,customers,,,,,0,,0,
46,Warrington,way,1201558324,53.3798346,-2.4808242,sports_centre,sports_centre,croquet;tennis,,,Lymm Lawn Tennis and Croquet Club,,,,0,,0,
46,Warrington,way,1263492364,53.4515543,-2.5151978,court,pitch,tennis,,,,,,,0,,0,
46,Warrington,way,1263492365,53.4515547,-2.5149769,court,pitch,tennis,,,,,,,0,,0,
46,Warrington,way,1263492366,53.4515552,-2.5147565,court,pitch,tennis,,,,,,,0,,0,
46,Warrington,way,1263501966,53.4122464,-2.4682296,sports_centre,sports_centre,tennis,,,Rixton Tennis Club,,,,0,,0,
46,Warrington,way,1263501967,53.412284,-2.4681597,court,pitch,tennis,,,,,,,0,,0,
46,Warrington,way,1263501968,53.412261,-2.4679615,court,pitch,tennis,,,,,,,0,,0,
46,Warrington,way,1276767538,53.3798908,-2.4586126,court,pitch,soccer;tennis;multi,,private,,,,artificial_turf,0,,0,
46,Warrington,way,1380042158,53.3362916,-2.5737073,court,pitch,tennis,,private,,,,,0,,0,
47,Slough,way,86528716,51.5225234,-0.64478,court,pitch,tennis,,,,,,,1,Cippenham Recreation Ground,1,Cippenham Recreation Ground
47,Slough,way,259431210,51.4921026,-0.5456991,court,pitch,tennis,,,,,,,0,,0,
47,Slough,way,259572980,51.526347,-0.5777957,court,pitch,tennis,,,,,,,0,,0,
47,Slough,way,259578815,51.5118128,-0.6523737,court,pitch,tennis,,,,,,,0,,0,
47,Slough,way,259581267,51.5192194,-0.6104814,court,pitch,tennis,,,,,,,0,,0,
47,Slough,way,356864036,51.5349939,-0.6221131,court,pitch,tennis,,,,,,,0,,0,
47,Slough,way,548468406,51.4986669,-0.5538013,court,pitch,tennis,,,,,,,0,,0,
47,Slough,way,548468407,51.4985726,-0.5535739,court,pitch,tennis,,,,,,,0,,0,
47,Slough,way,594349436,51.5036898,-0.5821122,court,pitch,tennis,,yes,,,,,1,Lascelles Playing Fields,1,Lascelles Playing Fields
47,Slough,way,765966777,51.4823937,-0.5105819,court,pitch,tennis,,,,,,,1,Pippins Park,1,Pippins Park
47,Slough,way,767713132,51.526065,-0.596115,court,pitch,tennis,,,,,,,0,,0,
47,Slough,way,809618588,51.5125389,-0.6045591,court,pitch,tennis,,,,,,,1,Salt Hill Park,1,Salt Hill Park
47,Slough,way,829690273,51.5124548,-0.6032232,court,pitch,tennis,,,Salt Hill Tennis Courts,,,,1,Salt Hill Park,1,Salt Hill Park
47,Slough,way,934706508,51.498994,-0.6056896,court,pitch,tennis,,,,,,,0,,0,
47,Slough,way,1453077943,51.4987281,-0.5517088,court,pitch,tennis,,,,,,,0,,0,
47,Slough,way,1453077944,51.4985937,-0.5518569,court,pitch,tennis,,,,,,,0,,0,
48,Peterborough,way,93186694,52.7124143,-0.3554506,court,pitch,tennis,,,,,,tartan,0,,0,
48,Peterborough,way,108797415,52.5840319,-0.2335158,court,pitch,tennis,,,,,,acrylic,1,Central Park,1,Central Park
48,Peterborough,way,108797420,52.5835759,-0.2343638,court,pitch,tennis,,,,,,acrylic,1,Central Park,1,Central Park
48,Peterborough,way,108797421,52.5841015,-0.2337055,court,pitch,tennis,,,,,,acrylic,1,Central Park,1,Central Park
48,Peterborough,way,108797422,52.5834902,-0.2341025,court,pitch,tennis,,,,,,acrylic,1,Central Park,1,Central Park
48,Peterborough,way,135755706,52.4468799,-0.0949316,court,pitch,tennis,,,,,,,0,,0,
48,Peterborough,way,135755707,52.4468607,-0.0951451,court,pitch,tennis,,,,,,,0,,0,
48,Peterborough,way,135755710,52.4470128,-0.095629,court,pitch,tennis,,,,,,,0,,0,
48,Peterborough,way,135755712,52.4467427,-0.0955557,court,pitch,tennis,,,,,,,0,,0,
48,Peterborough,way,135755713,52.4448741,-0.0947893,court,pitch,tennis,,,,,,,0,,0,
48,Peterborough,way,135755714,52.4468791,-0.0955942,court,pitch,tennis,,,,,,,0,,0,
48,Peterborough,way,138001329,52.4869029,-0.10998,court,pitch,tennis,,,,,,,0,,0,
48,Peterborough,way,144389108,52.4579066,-0.2657207,court,pitch,tennis,,,,,,,0,,0,
48,Peterborough,way,150335032,52.4473496,-0.1739424,court,pitch,tennis,,,,,,,1,,1,
48,Peterborough,way,151497466,52.4182168,-0.3355031,court,pitch,tennis,,,,,,,0,,0,
48,Peterborough,way,158845858,52.4531363,-0.318004,court,pitch,tennis,,,,,,,0,,0,
48,Peterborough,way,161218023,52.5915896,-0.108103,court,pitch,tennis,,,,,,,0,,0,
48,Peterborough,way,167528999,52.4373304,-0.2818557,court,pitch,tennis,,,,,,,0,,0,
48,Peterborough,way,168101444,52.5157074,-0.2543098,court,pitch,tennis,,,,,,,1,,1,
48,Peterborough,way,168225338,52.4399047,-0.2832377,court,pitch,tennis,,,,,,,0,,0,
48,Peterborough,way,169797905,52.5348152,-0.2636498,court,pitch,tennis,,,,,,,0,,0,
48,Peterborough,way,170336063,52.595312,-0.2630659,court,pitch,tennis,,,,,,,0,,0,
48,Peterborough,way,177689475,52.5843768,-0.2334618,court,pitch,tennis,,,,,,,1,Central Park,1,Central Park
48,Peterborough,way,177689477,52.5843148,-0.2332807,court,pitch,tennis,,,,,,,1,Central Park,1,Central Park
48,Peterborough,way,232023130,52.4477636,-0.0989035,court,pitch,tennis,,,,,,,0,,0,
48,Peterborough,way,232240148,52.4603786,-0.3039971,court,pitch,tennis,,,,,,,0,,0,
48,Peterborough,way,232240150,52.4629755,-0.3098015,court,pitch,tennis,,,,,,,0,,0,
48,Peterborough,way,262245151,52.5701369,-0.2838385,court,pitch,tennis,,private,Longthorpe Tennis Club,,,paved,0,,0,
48,Peterborough,way,262245152,52.5696828,-0.2834095,court,pitch,tennis,,,Longthorpe Tennis Club,,,grass,0,,0,
48,Peterborough,way,264197611,52.4482281,-0.0988745,court,pitch,tennis,,,Abbey College Tennis Courts,,,asphalt,0,,0,
48,Peterborough,way,296740667,52.5822125,-0.222378,court,pitch,tennis,,,,,,artificial_turf,0,,0,
48,Peterborough,way,296746104,52.5847178,-0.219215,court,pitch,tennis,,,,,,,0,,0,
48,Peterborough,way,297339850,52.5769949,-0.2772092,court,pitch,tennis,,,,,,,0,,0,
48,Peterborough,way,299747270,52.5710136,-0.3443407,court,pitch,tennis,,,,,,paved,0,,0,
48,Peterborough,way,307220233,52.5182123,-0.091791,court,pitch,tennis,,,,,,,0,,0,
48,Peterborough,way,319628520,52.6747765,-0.1654394,court,pitch,tennis,,,,,,,0,,0,
48,Peterborough,way,428823365,52.5709344,-0.3441736,court,pitch,tennis,,,,,,paved,0,,0,
48,Peterborough,way,428823366,52.5712555,-0.3440005,court,pitch,tennis,,,,,,paved,0,,0,
48,Peterborough,way,428823367,52.5711633,-0.3438423,court,pitch,tennis,,,,,,paved,0,,0,
48,Peterborough,way,516668835,52.6752704,-0.2954971,court,pitch,tennis,,,,,,,0,,0,
48,Peterborough,way,516668836,52.6753255,-0.2952567,court,pitch,tennis,,,,,,,0,,0,
48,Peterborough,way,516668837,52.6753793,-0.2950099,court,pitch,tennis,,,,,,,0,,0,
48,Peterborough,way,516668838,52.6754377,-0.294763,court,pitch,tennis,,,,,,,0,,0,
48,Peterborough,way,516668839,52.6756416,-0.2957153,court,pitch,tennis,,,,,,,0,,0,
48,Peterborough,way,584239940,52.5508072,-0.2262208,court,pitch,tennis,,,,,,,0,,0,
48,Peterborough,way,638210153,52.5396319,-0.2737724,court,pitch,tennis,,,,,,,1,,1,
48,Peterborough,way,652527153,52.5849605,-0.2744343,court,pitch,tennis,,,,,,,0,,0,
48,Peterborough,way,652527154,52.5850212,-0.2742309,court,pitch,tennis,,,,,,,0,,0,
48,Peterborough,way,652527155,52.5850822,-0.2740405,court,pitch,tennis,,,,,,,0,,0,
48,Peterborough,way,652527156,52.5847827,-0.2737648,court,pitch,tennis,,,,,,,0,,0,
48,Peterborough,way,652527157,52.5846719,-0.2735663,court,pitch,tennis,,,,,,,0,,0,
48,Peterborough,way,671231833,52.5468096,-0.3009692,court,pitch,tennis,,,,,,,0,,0,
48,Peterborough,way,671231844,52.54561,-0.3008664,court,pitch,tennis,,,,,,,0,,0,
48,Peterborough,way,732318245,52.5672648,-0.2553724,court,pitch,tennis;football,,,,,,,0,,0,
48,Peterborough,way,762984564,52.6344286,-0.1619132,court,pitch,tennis,,no,,,,,0,,0,
48,Peterborough,way,850500153,52.6979402,-0.3451608,court,pitch,tennis,,,,,,,0,,0,
48,Peterborough,way,879888902,52.5063656,-0.2871366,court,pitch,tennis,,,,,,,0,,0,
48,Peterborough,way,879918084,52.4923304,-0.287531,court,pitch,tennis,,,,,,,0,,0,
48,Peterborough,way,881105207,52.4597052,-0.3083501,court,pitch,tennis,,,,,,,0,,0,
48,Peterborough,way,902719798,52.6186943,-0.1057778,court,pitch,tennis,,,,,,,0,,0,
48,Peterborough,way,930801992,52.5693502,-0.2989884,court,pitch,tennis,,,,,,,0,,0,
48,Peterborough,way,965453926,52.572317,-0.339214,court,pitch,tennis,,,,,,,0,,0,
48,Peterborough,way,965453927,52.5728097,-0.3396132,court,pitch,tennis,,,,,,,0,,0,
48,Peterborough,way,965453929,52.5764625,-0.3508369,court,pitch,tennis,,,,,,,0,,0,
48,Peterborough,way,965453930,52.5764496,-0.3504205,court,pitch,tennis,,,,,,,0,,0,
48,Peterborough,way,965453931,52.5764107,-0.3498379,court,pitch,tennis,,,,,,,0,,0,
48,Peterborough,way,1020085019,52.6432719,-0.3873553,court,pitch,tennis,,,,,,,0,,0,
48,Peterborough,way,1031674265,52.5348279,-0.2633975,court,pitch,tennis,,,,,,,0,,0,
48,Peterborough,way,1031674266,52.5348403,-0.2631417,court,pitch,tennis,,,,,,,0,,0,
48,Peterborough,way,1031674267,52.534851,-0.2628947,court,pitch,tennis,,,,,,,0,,0,
48,Peterborough,way,1133272364,52.6226299,-0.3863207,court,pitch,tennis,,,,,,,0,,0,
48,Peterborough,way,1133272366,52.6236465,-0.3836474,court,pitch,tennis,,,,,,,0,,0,
48,Peterborough,way,1149316997,52.4345588,-0.3515367,court,pitch,tennis,,,,,,,0,,0,
48,Peterborough,way,1276547936,52.6888292,-0.3066121,court,pitch,tennis,,,,,,,0,,0,
48,Peterborough,way,1276547937,52.6885531,-0.3069231,court,pitch,tennis,,,,,,,0,,0,
48,Peterborough,way,1277956346,52.5743052,-0.3847899,court,pitch,tennis,,,,,,,0,,0,
48,Peterborough,way,1278785856,52.585004,-0.233805,court,pitch,tennis,,,,,,,1,Central Park,1,Central Park
48,Peterborough,way,1300756985,52.6584497,-0.3797759,court,pitch,tennis,,,,,,,0,,0,
48,Peterborough,way,1300756987,52.6701488,-0.3778799,court,pitch,tennis,,,,,,,0,,0,
48,Peterborough,way,1300756988,52.6644088,-0.3559235,court,pitch,tennis,,,,,,,0,,0,
48,Peterborough,way,1307022945,52.5193577,-0.3282922,court,pitch,tennis,,,,,,,0,,0,
48,Peterborough,way,1307028146,52.5235548,-0.3994988,court,pitch,tennis,,,,,,,0,,0,
48,Peterborough,way,1317080109,52.5678708,-0.332608,court,pitch,tennis,,private,,,,,0,,0,
48,Peterborough,way,1376545156,52.5345365,-0.3666173,court,pitch,tennis,,,,,,,0,,0,
48,Peterborough,way,1382881494,52.6458446,-0.2758449,court,pitch,tennis,,,,,,,0,,0,
48,Peterborough,way,1383993968,52.5709138,-0.2793191,court,pitch,tennis,,,,,,,0,,0,
48,Peterborough,way,1383993969,52.5715318,-0.279249,court,pitch,tennis,,,,,,,0,,0,
48,Peterborough,way,1441243700,52.4245941,-0.3901562,court,pitch,tennis,,private,,,,,0,,0,
48,Peterborough,way,1473616228,52.6028712,-0.2535664,court,pitch,tennis,,,,,,,1,Itter Park,1,Itter Park
48,Peterborough,way,1473616229,52.6035789,-0.2556698,court,pitch,tennis,,,,,,,1,Itter Park,1,Itter Park
48,Peterborough,way,1492890782,52.7159625,-0.2292725,court,pitch,tennis,,,,,,,0,,0,
48,Peterborough,way,1494468736,52.6796531,-0.1278728,court,pitch,tennis,,,,,,,0,,0,
49,Cambridge,way,3753255,52.1938381,0.1672903,court,pitch,tennis,,,,David Lloyd Clubs,,,0,,0,
49,Cambridge,way,3993003,52.2117147,0.1195287,court,pitch,tennis,,,,,4,asphalt,1,Jesus Green,1,Jesus Green
49,Cambridge,way,3997810,52.1977741,0.1132478,court,pitch,tennis,,,,,,asphalt,1,Lammas Land,1,Lammas Land
49,Cambridge,way,23442029,52.2084557,0.0962136,sports_centre,sports_centre,tennis,,,Cambridge Lawn Tennis Club,,,,0,,0,
49,Cambridge,way,23794630,52.1874725,0.1636356,court,pitch,tennis,,,,,,asphalt,1,Cherry Hinton Hall,1,Cherry Hinton Hall
49,Cambridge,way,29203688,52.1926295,0.1033922,court,pitch,tennis,,,,,,,0,,0,
49,Cambridge,way,43806013,52.1933211,0.1671895,court,pitch,tennis,,,,,,paved,0,,0,
49,Cambridge,way,48672455,52.2069934,0.1246493,court,pitch,tennis,,,,,,concrete,1,Christ's Pieces,1,Christ's Pieces
49,Cambridge,way,48672457,52.2069709,0.1248579,court,pitch,tennis,,,,,,concrete,1,Christ's Pieces,1,Christ's Pieces
49,Cambridge,way,48672459,52.2069346,0.1251429,court,pitch,tennis,,,,,,concrete,1,Christ's Pieces,1,Christ's Pieces
49,Cambridge,way,48672460,52.2069106,0.125346,court,pitch,tennis,,,,,,concrete,1,Christ's Pieces,1,Christ's Pieces
49,Cambridge,way,87456884,52.1912472,0.1637241,court,pitch,tennis,,,,,4,,0,,0,
49,Cambridge,way,92878395,52.2113838,0.1196753,court,pitch,tennis,,,,,2,grass,1,Jesus Green,1,Jesus Green
49,Cambridge,way,108047434,52.1986062,0.1318887,sports_centre,sports_centre,tennis,,,University Tennis Club,University of Cambridge,,,0,,0,
49,Cambridge,way,129119825,52.1920472,0.1176545,court,pitch,tennis,,,,,,,0,,0,
49,Cambridge,way,130046964,52.2127017,0.0745474,court,pitch,tennis,,,,,,,0,,0,
49,Cambridge,way,130047474,52.2079467,0.0974148,court,pitch,tennis,,,,,,,0,,0,
49,Cambridge,way,130047475,52.2084452,0.0965883,court,pitch,tennis,,,,,,concrete,0,,0,
49,Cambridge,way,130047476,52.2082726,0.0956006,court,pitch,tennis,,,,,,,0,,0,
49,Cambridge,way,130047477,52.2087316,0.0967598,court,pitch,tennis,,,,,,clay,0,,0,
49,Cambridge,way,130047478,52.2082043,0.0960562,court,pitch,tennis,,,,,,,0,,0,
49,Cambridge,way,130047479,52.2081464,0.0964431,court,pitch,tennis,,,,,,,0,,0,
49,Cambridge,way,130047480,52.2088326,0.096071,court,pitch,tennis,,,,,,grass,0,,0,
49,Cambridge,way,130047481,52.2087628,0.0965629,court,pitch,tennis,,,,,,clay,0,,0,
49,Cambridge,way,130047482,52.2085443,0.0959291,court,pitch,tennis,,,,,,,0,,0,
49,Cambridge,way,130047483,52.2084767,0.0963807,court,pitch,tennis,,,,,,concrete,0,,0,
49,Cambridge,way,130047484,52.2081757,0.0962492,court,pitch,tennis,,,,,,,0,,0,
49,Cambridge,way,130047485,52.2087944,0.0963664,court,pitch,tennis,,,,,,clay,0,,0,
49,Cambridge,way,130047486,52.207964,0.097198,court,pitch,tennis,,,,,,,0,,0,
49,Cambridge,way,130047487,52.208507,0.0961749,court,pitch,tennis,,,,,,concrete,0,,0,
49,Cambridge,way,130047488,52.2079805,0.0969781,court,pitch,tennis,,,,,,,0,,0,
49,Cambridge,way,130047489,52.2088654,0.0958722,court,pitch,tennis,,,,,,grass,0,,0,
49,Cambridge,way,130047490,52.2082457,0.0957969,court,pitch,tennis,,,,,,,0,,0,
49,Cambridge,way,130047491,52.2085759,0.0957319,court,pitch,tennis,,,,,,,0,,0,
49,Cambridge,way,130067993,52.211734,0.1078807,court,pitch,tennis,,,,,,,0,,0,
49,Cambridge,way,133762442,52.2037867,0.1074197,court,pitch,tennis;basketball,,,,,,,0,,0,
49,Cambridge,way,137260224,52.1989855,0.1026844,court,pitch,tennis,,,,,,,0,,0,
49,Cambridge,way,138144341,52.1943097,0.1205026,court,pitch,tennis,,,,,,,0,,0,
49,Cambridge,way,138144345,52.194562,0.121885,court,pitch,tennis,,,,,,,0,,0,
49,Cambridge,way,143732859,52.1865804,0.1340797,sports_centre,sports_centre,tennis;badminton;basketball;soccer;netball;cricket_nets;pickleball;racquet;squash;table_tennis;volleyball,,,Hills Road Sports & Tennis Centre,Hills Road Sports & Tennis Centre,,,0,,0,
49,Cambridge,way,148248190,52.2123325,0.0998224,court,pitch,tennis,,,,Churchill College (University of Cambridge),,tartan,0,,0,
49,Cambridge,way,148248192,52.2123792,0.0996057,court,pitch,tennis,,,,Churchill College (University of Cambridge),,tartan,0,,0,
49,Cambridge,way,148825586,52.217004,0.1214859,court,pitch,tennis,,,,,,,0,,0,
49,Cambridge,way,148827234,52.2067083,0.1031397,court,pitch,tennis,,,,,,artificial_turf,0,,0,
49,Cambridge,way,151375467,52.1784683,0.1344219,court,pitch,tennis,,,,,,,0,,0,
49,Cambridge,way,151375494,52.1758728,0.1369208,court,pitch,tennis,,,,,,,0,,0,
49,Cambridge,way,151531060,52.199268,0.1328235,court,pitch,tennis,,,,,,,0,,0,
49,Cambridge,way,151531061,52.1991602,0.1326372,court,pitch,tennis,,,,,,,0,,0,
49,Cambridge,way,151531062,52.1993655,0.1329459,court,pitch,tennis,,,,,,,0,,0,
49,Cambridge,way,151531063,52.1986783,0.1320573,court,pitch,tennis,,,,,,grass,0,,0,
49,Cambridge,way,151531064,52.1988727,0.1322917,court,pitch,tennis,,,,,,,0,,0,
49,Cambridge,way,151531065,52.1989605,0.1317561,court,pitch,tennis,,,,,,grass,0,,0,
49,Cambridge,way,151531066,52.1987759,0.132174,court,pitch,tennis,,,,,,,0,,0,
49,Cambridge,way,151531067,52.1988659,0.1316431,court,pitch,tennis,,,,,,grass,0,,0,
49,Cambridge,way,151531068,52.1994641,0.1330626,court,pitch,tennis,,,,,,,0,,0,
49,Cambridge,way,151531069,52.1990637,0.1325233,court,pitch,tennis,,,,,,grass,0,,0,
49,Cambridge,way,151531070,52.1989679,0.1324037,court,pitch,tennis,,,,,,,0,,0,
49,Cambridge,way,151542113,52.1858764,0.1287355,court,pitch,tennis,,,,,,,0,,0,
49,Cambridge,way,151542114,52.185906,0.1289447,court,pitch,tennis,,,,,,,0,,0,
49,Cambridge,way,151542117,52.1858634,0.1285167,court,pitch,tennis,,,,,,,0,,0,
49,Cambridge,way,151542122,52.1858844,0.1287324,court,pitch,tennis,,,,,,,0,,0,
49,Cambridge,way,155166072,52.2142708,0.1066446,court,pitch,tennis,,,,,,,0,,0,
49,Cambridge,way,161063908,52.2105373,0.12318,court,pitch,tennis,,,,,,,0,,0,
49,Cambridge,way,161748246,52.1990351,0.1323372,sports_centre,sports_centre,tennis,,,University Tennis Club,University of Cambridge,,,0,,0,
49,Cambridge,way,164173233,52.1996403,0.112326,court,pitch,tennis,,private,,Corpus Christi College (University of Cambridge),,,1,Gonville & Caius College Fellows' Garden,1,Gonville & Caius College Fellows' Garden
49,Cambridge,way,164348551,52.2132349,0.0828482,court,pitch,tennis,,,,,,rubber,0,,0,
49,Cambridge,way,165369700,52.2076194,0.1077938,court,pitch,tennis,,private,,,,,0,,0,
49,Cambridge,way,165369701,52.207583,0.1080713,court,pitch,tennis,,private,,,,,0,,0,
49,Cambridge,way,165369702,52.2075074,0.1086431,court,pitch,tennis,,private,,,,,0,,0,
49,Cambridge,way,165369703,52.2074755,0.1088862,court,pitch,tennis,,private,,,,,0,,0,
49,Cambridge,way,165369704,52.2080974,0.1095559,court,pitch,field_hockey;football;tennis,,private,,,,artificial_turf,0,,0,
49,Cambridge,way,165369705,52.2075466,0.1083488,court,pitch,tennis,,private,,,,,0,,0,
49,Cambridge,way,175208177,52.1762809,0.1057642,court,pitch,tennis,,,,,,,1,,1,
49,Cambridge,way,176200414,52.2006814,0.0971149,court,pitch,tennis,,,,,,,0,,0,
49,Cambridge,way,176210279,52.1974711,0.1076342,court,pitch,tennis,,,,,,,0,,0,
49,Cambridge,way,176210281,52.1979678,0.1090521,court,pitch,tennis,,,,,,,0,,0,
49,Cambridge,way,177143283,52.2154066,0.102666,court,pitch,tennis,,,,,,,0,,0,
49,Cambridge,way,179268423,52.1738188,0.1155485,court,pitch,tennis,,,,,,,1,Trumpington Recreation Ground,1,Trumpington Recreation Ground
49,Cambridge,way,185306656,52.224831,0.1308728,court,pitch,tennis,,,,,,,0,,0,
49,Cambridge,way,200076804,52.1767437,0.1493676,court,pitch,tennis,,,,,,acrylic,0,,0,
49,Cambridge,way,206268502,52.1977411,0.1061428,court,pitch,tennis,,,,,,,0,,0,
49,Cambridge,way,206417187,52.19161,0.1155853,court,pitch,tennis,,,,,,,0,,0,
49,Cambridge,way,206540643,52.189193,0.12009,court,pitch,tennis,,,,,,,0,,0,
49,Cambridge,way,211268232,52.180471,0.137162,court,pitch,hockey;tennis,,,,,,,0,,0,
49,Cambridge,way,215068922,52.2195006,0.1053201,court,pitch,tennis,,private,,,,asphalt,0,,0,
49,Cambridge,way,291486449,52.1795604,0.1652792,court,pitch,tennis,,,,,,paved,0,,0,
49,Cambridge,way,511772388,52.1939255,0.1670075,sports_centre,sports_centre,tennis;cycling;swimming;running;fitness;badminton,,,David Lloyd Cambridge,David Llyod Clubs,,,0,,0,
49,Cambridge,way,517072118,52.1918114,0.1458622,court,pitch,tennis,,permissive,,,,asphalt,1,Coleridge Recreation Ground,1,Coleridge Recreation Ground
49,Cambridge,way,517072119,52.1930995,0.1424871,court,pitch,tennis,,permissive,,,,asphalt,1,Coleridge Recreation Ground,1,Coleridge Recreation Ground
49,Cambridge,way,585918868,52.1925266,0.1037867,court,pitch,tennis,,,,,,,0,,0,
49,Cambridge,way,585918869,52.192577,0.1035936,court,pitch,tennis,,,,,,,0,,0,
49,Cambridge,way,594768853,52.1846565,0.1276675,court,pitch,tennis,,,,,,,0,,0,
49,Cambridge,way,602502852,52.2081008,0.096679,court,pitch,tennis,,,,,,,0,,0,
49,Cambridge,way,602502853,52.2079885,0.095809,court,pitch,tennis,,,,,,,0,,0,
49,Cambridge,way,628359226,52.2065716,0.1029613,court,pitch,tennis,,,,,,artificial_turf,0,,0,
49,Cambridge,way,628359228,52.2065438,0.1031623,court,pitch,tennis,,,,,,artificial_turf,0,,0,
49,Cambridge,way,628359229,52.20652,0.103359,court,pitch,tennis,,,,,,artificial_turf,0,,0,
49,Cambridge,way,628359231,52.2068814,0.103004,court,pitch,tennis,,,,,,,0,,0,
49,Cambridge,way,628359233,52.2068406,0.1033036,court,pitch,tennis,,,,,,artificial_turf,0,,0,
49,Cambridge,way,648181532,52.1804093,0.1360948,court,pitch,tennis,,,,,,,0,,0,
49,Cambridge,way,836343765,52.2221491,0.1466453,court,pitch,tennis;basketball;soccer,,private,,,,asphalt,0,,0,
49,Cambridge,way,877217141,52.2261861,0.1319378,court,pitch,tennis,,,,,,grass,0,,0,
49,Cambridge,way,877217142,52.2262781,0.1317917,court,pitch,tennis,,,,,,,0,,0,
49,Cambridge,way,877217143,52.2263709,0.1316455,court,pitch,tennis,,,,,,,0,,0,
49,Cambridge,way,877217144,52.2264599,0.1314957,court,pitch,tennis,,,,,,,0,,0,
49,Cambridge,way,1072262312,52.2124285,0.0993748,court,pitch,basketball;tennis,,,,,,tartan,0,,0,
49,Cambridge,way,1156167706,52.1979687,0.1110763,court,pitch,tennis,,,,,,,0,,0,
49,Cambridge,way,1288438080,52.2245944,0.1022311,court,pitch,tennis,,,,,,acrylic,0,,0,
49,Cambridge,way,1320049449,52.1798434,0.1363161,sports_centre,sports_centre,swimming;climbing;badminton;tennis;volleyball;basketball;netball;cricket;soccer;field_hockey,,,The Perse Sports Centre,,,,0,,0,
49,Cambridge,way,1334589907,52.2089241,0.109349,court,pitch,tennis,,private,,,4,grass,0,,0,
49,Cambridge,way,1430305593,52.186983,0.1344344,court,pitch,tennis,,customers,,,,clay,0,,0,
49,Cambridge,way,1430305594,52.1870224,0.134642,court,pitch,tennis,,customers,,,,clay,0,,0,
49,Cambridge,way,1430305595,52.1867112,0.1348154,court,pitch,tennis,,customers,,,,acrylic,0,,0,
49,Cambridge,way,1430305596,52.1866651,0.1346063,court,pitch,tennis,,customers,,,,acrylic,0,,0,
49,Cambridge,way,1430305599,52.1863427,0.134779,court,pitch,tennis,,customers,,,,asphalt,0,,0,
49,Cambridge,way,1430305600,52.1863859,0.1349943,court,pitch,tennis,,customers,,,,asphalt,0,,0,
49,Cambridge,way,1501342503,52.192758,0.1058299,court,pitch,tennis,,,,,,,0,,0,
49,Cambridge,way,1501342504,52.1926526,0.1054792,court,pitch,tennis,,,,,,,0,,0,
49,Cambridge,way,1501342505,52.1924476,0.1051213,court,pitch,tennis,,,,,,,0,,0,
49,Cambridge,way,1501342507,52.1922246,0.1035799,court,pitch,tennis,,,,,,grass,0,,0,
49,Cambridge,way,1501342508,52.1922678,0.1033884,court,pitch,tennis,,,,,,grass,0,,0,
49,Cambridge,way,1501342509,52.1923147,0.1031973,court,pitch,tennis,,,,,,grass,0,,0,
50,Doncaster,way,25360522,53.5097576,-1.0932316,court,pitch,tennis,,,,,,,0,,0,
50,Doncaster,way,177955336,53.5350026,-1.1028019,court,pitch,tennis,,,,,,,0,,0,
50,Doncaster,way,273312680,53.5336695,-1.0852969,court,pitch,tennis;basketball,,,,,,,0,,0,
50,Doncaster,way,555124712,53.533628,-1.1051469,court,pitch,tennis,,,,,,concrete,1,Grove Park,1,Grove Park
50,Doncaster,way,555168813,53.5067596,-1.0907769,court,pitch,tennis,,,,,,concrete,1,Haslam Park,1,Haslam Park
50,Doncaster,way,701073635,53.4980133,-1.1389376,court,pitch,tennis,,,,,,,0,,0,
50,Doncaster,way,735339401,53.4343078,-1.1068247,court,pitch,tennis,,,,,,asphalt,0,,0,
50,Doncaster,way,835077017,53.5392796,-1.0589958,court,pitch,tennis,,,,,,,0,,0,
50,Doncaster,way,867515487,53.6145738,-0.9531772,court,pitch,tennis,,,,,,,0,,0,
50,Doncaster,way,926645848,53.4369624,-1.1565346,court,pitch,tennis,,,,,,,0,,0,
50,Doncaster,way,941441228,53.4861801,-1.0132315,court,pitch,tennis;hockey,,,,,,,0,,0,
50,Doncaster,way,943074419,53.5253511,-1.2705005,court,pitch,tennis,,,,,,,0,,0,
50,Doncaster,way,943074423,53.5212112,-1.2667626,court,pitch,tennis,,,,,,,1,,1,
50,Doncaster,way,1071087533,53.428781,-1.1186759,court,pitch,tennis,,,,,,,0,,0,
50,Doncaster,way,1307128620,53.5673578,-1.1919724,court,pitch,tennis,,,,,,,0,,0,
50,Doncaster,way,1307128621,53.5673077,-1.1900142,court,pitch,tennis,,,,,,asphalt,0,,0,
50,Doncaster,way,1342394369,53.4868921,-0.9884218,court,pitch,tennis,,,,,,,0,,0,
50,Doncaster,way,1354239316,53.5669617,-1.1103202,court,pitch,tennis,,,,,,,0,,0,
50,Doncaster,way,1359140207,53.4568295,-1.084779,court,pitch,tennis,,,,,,,0,,0,
50,Doncaster,way,1394189321,53.5189028,-1.1204376,court,pitch,tennis,,,,,,,1,Elmfield Park,1,Elmfield Park
50,Doncaster,way,1394189322,53.5189761,-1.1206462,court,pitch,tennis,,,,,,,1,Elmfield Park,1,Elmfield Park
50,Doncaster,way,1394189323,53.5188275,-1.1202216,court,pitch,tennis,,,,,,,1,Elmfield Park,1,Elmfield Park
50,Doncaster,way,1394189324,53.5187614,-1.1200272,court,pitch,tennis,,,,,,,1,Elmfield Park,1,Elmfield Park
50,Doncaster,way,1394189325,53.5186922,-1.1198314,court,pitch,tennis,,,,,,,1,Elmfield Park,1,Elmfield Park
50,Doncaster,way,1425026991,53.6016353,-1.0925276,court,pitch,tennis,,,,,,,0,,0,
50,Doncaster,way,1470868825,53.4933348,-1.2836918,court,pitch,tennis,,,,,,,0,,0,
50,Doncaster,way,1470868826,53.4933356,-1.2834612,court,pitch,tennis,,,,,,,0,,0,
50,Doncaster,way,1470868827,53.4933384,-1.2832389,court,pitch,tennis,,,,,,,0,,0,
50,Doncaster,way,1473609430,53.5441511,-1.1715243,court,pitch,tennis,,,,,,,0,,0,
51,Dundee,way,29984904,56.4845752,-3.037051,court,pitch,tennis,,,,,,asphalt,1,Camperdown Country Park,1,Camperdown Country Park
51,Dundee,way,51077009,56.4574729,-2.9834649,court,pitch,tennis,,,,,,tartan,0,,0,
51,Dundee,way,84428019,56.4652035,-2.9868895,court,pitch,tennis,,,,,,,1,Dudhope Park,1,Dudhope Park
51,Dundee,way,88670489,56.470202,-2.9482503,court,pitch,tennis,,,,,,,1,Baxter Park,1,Baxter Park
51,Dundee,way,229097546,56.4819402,-2.8579071,court,pitch,tennis,,,,,,,0,,0,
51,Dundee,way,229097547,56.4821926,-2.8585527,court,pitch,tennis,,,,,,,0,,0,
51,Dundee,way,229097548,56.4818731,-2.858415,court,pitch,tennis,,,,,,,0,,0,
51,Dundee,way,229097549,56.4819059,-2.8581588,court,pitch,tennis,,,,,,,0,,0,
51,Dundee,way,229097550,56.4822259,-2.8583045,court,pitch,tennis,,,,,,,0,,0,
51,Dundee,way,229097551,56.482259,-2.8580504,court,pitch,tennis,,,,,,,0,,0,
51,Dundee,way,356348800,56.4806872,-2.978095,court,pitch,tennis,,,,,,,0,,0,
51,Dundee,way,356349162,56.4754591,-2.8950867,court,pitch,tennis,,,,,,,1,Dawson Park,1,Dawson Park
51,Dundee,way,435388884,56.4753661,-2.8721141,court,pitch,tennis,,,,,,,0,,0,
51,Dundee,way,435388888,56.4758461,-2.8716369,court,pitch,tennis,,,,,,,0,,0,
51,Dundee,way,569141800,56.4611588,-3.0165005,court,pitch,tennis,,,,,,,0,,0,
51,Dundee,way,818049219,56.4846001,-3.0375162,court,pitch,tennis,,,,,,asphalt,1,Camperdown Country Park,1,Camperdown Country Park
51,Dundee,way,818049220,56.4845877,-3.0372835,court,pitch,tennis,,,,,,asphalt,1,Camperdown Country Park,1,Camperdown Country Park
51,Dundee,way,879057509,56.4700711,-3.0489423,court,pitch,tennis,,,,,,clay,1,South Road Park,1,South Road Park
51,Dundee,way,879057510,56.4700931,-3.048708,court,pitch,tennis,,,,,,clay,1,South Road Park,1,South Road Park
51,Dundee,way,989173007,56.4804268,-2.9781776,court,pitch,tennis,,,,,,,0,,0,
51,Dundee,way,989173008,56.4807072,-2.9783362,court,pitch,tennis,,,,,,,0,,0,
51,Dundee,way,989173009,56.4804464,-2.9784236,court,pitch,tennis,,,,,,,0,,0,
51,Dundee,way,1138397830,56.482094,-2.8578318,sports_centre,sports_centre,tennis,,,Broughty Ferry Tennis Club,,,,0,,0,
51,Dundee,way,1154374872,56.4615031,-3.0056278,court,pitch,tennis,,,,,,,1,Victoria Park,1,Victoria Park
51,Dundee,way,1154374873,56.4615079,-3.0054326,court,pitch,tennis,,,,,,,1,Victoria Park,1,Victoria Park
51,Dundee,way,1154374874,56.4615138,-3.0052349,court,pitch,tennis,,,,,,asphalt,1,Victoria Park,1,Victoria Park
51,Dundee,way,1156267411,56.4673253,-2.8593363,court,pitch,tennis,,,,,,acrylic,0,,0,
51,Dundee,way,1202338869,56.457397,-3.006207,court,pitch,tennis,,private,,,,asphalt,0,,0,
51,Dundee,way,1202338870,56.4574088,-3.0064485,court,pitch,tennis,,private,,,,artificial_turf,0,,0,
51,Dundee,way,1202338871,56.4574095,-3.0066839,court,pitch,tennis,,private,,,,artificial_turf,0,,0,
51,Dundee,way,1202338872,56.4574104,-3.0069216,court,pitch,tennis,,private,,,,artificial_turf,0,,0,
51,Dundee,way,1451241774,56.4715352,-2.8698944,court,pitch,tennis,,,,,,,0,,0,
51,Dundee,way,1478704159,56.4809001,-3.0671525,court,pitch,tennis,,,,,,,0,,0,
52,York,way,26260338,53.9477514,-1.0814894,court,pitch,tennis,,,,,,artificial_turf,1,Rowntree Park,1,Rowntree Park
52,York,way,32306497,53.9625495,-0.9754449,court,pitch,tennis,,,,,,,0,,0,
52,York,way,41211078,53.9645917,-1.0646499,court,pitch,tennis,,,,,,,1,Glen Gardens,1,Glen Gardens
52,York,way,41211079,53.9646821,-1.0641268,court,pitch,tennis,,,,,,,1,Glen Gardens,1,Glen Gardens
52,York,way,90901349,53.9482758,-1.0830865,court,pitch,tennis,,,,,,artificial_turf,1,Rowntree Park,1,Rowntree Park
52,York,way,109936118,53.9651039,-1.0622537,court,pitch,tennis,,,,,,,0,,0,
52,York,way,109936120,53.9651288,-1.0620353,court,pitch,tennis,,,,,,,0,,0,
52,York,way,111866276,53.9651158,-1.0621495,sports_centre,sports_centre,tennis,,,Heworth Tennis Club,,,,0,,0,
52,York,way,122731890,53.9487617,-1.0640096,court,pitch,tennis,,,,,,,1,,1,
52,York,way,127263427,53.9556831,-1.0561942,court,pitch,tennis,,,,,,artificial_turf,1,Hull Road Park,1,Hull Road Park
52,York,way,127686422,53.966821,-1.0840882,court,pitch,tennis,,,,,,asphalt,0,,0,
52,York,way,127686431,53.965057,-1.0867068,court,pitch,tennis,,,,,,,0,,0,
52,York,way,127703073,53.9693346,-1.0722089,court,pitch,tennis,,,,,,asphalt,0,,0,
52,York,way,128467300,53.9323062,-1.0906587,court,pitch,tennis,,,,,,,0,,0,
52,York,way,128468932,53.9499381,-1.089652,court,pitch,tennis,,,,,,,0,,0,
52,York,way,128702244,54.0088128,-1.0597741,court,pitch,tennis,,,,,,clay,1,,1,
52,York,way,128714587,53.9722877,-1.1080741,court,pitch,tennis,,,,,,,0,,0,
52,York,way,133335267,53.9851044,-1.1558795,court,pitch,tennis,,,,,,,0,,0,
52,York,way,133335274,53.9845417,-1.1560949,court,pitch,tennis,,,,,,,0,,0,
52,York,way,135695220,53.9153292,-1.1366691,court,pitch,tennis,,customers,,,,asphalt,0,,0,
52,York,way,141317994,53.9476961,-1.1306047,court,pitch,tennis,,,,,,,0,,0,
52,York,way,142545541,53.9185919,-1.0911298,court,pitch,tennis,,,Bishopthorpe Tennis Club,,,,0,,0,
52,York,way,146419739,53.9622002,-0.9751986,court,pitch,tennis,,,,,,,0,,0,
52,York,way,166087702,53.9509995,-1.0474694,court,pitch,tennis,,,,,,,0,,0,
52,York,way,166087704,53.9511198,-1.0465722,court,pitch,tennis,,,,,,,0,,0,
52,York,way,169482035,53.9533774,-1.0397083,court,pitch,tennis,,,,,,,0,,0,
52,York,way,170055589,53.9262791,-0.946413,court,pitch,tennis,,,,,,,0,,0,
52,York,way,176250468,54.019373,-1.0960097,court,pitch,tennis,,,Wigginton Tennis Club,,,,0,,0,
52,York,way,247747519,53.9740711,-1.1382448,court,pitch,tennis,,,,,,all_weather,0,,0,
52,York,way,248310218,53.9666996,-1.0964992,court,pitch,tennis,,,,,,,0,,0,
52,York,way,252286370,53.9719738,-1.1085413,court,pitch,tennis,,,,,,,0,,0,
52,York,way,255438017,53.9412741,-1.1028629,court,pitch,tennis,,,,,,,0,,0,
52,York,way,352047764,53.9544825,-1.1853513,court,pitch,tennis,,,Rufforth Tennis Club,,,,0,,0,
52,York,way,375902190,53.9291396,-1.1113799,court,pitch,tennis,,,,,,,0,,0,
52,York,way,375902194,53.9292646,-1.1112779,court,pitch,tennis,,,,,,,0,,0,
52,York,way,375902196,53.9293888,-1.111177,court,pitch,tennis,,,,,,,0,,0,
52,York,way,422897823,53.9743432,-1.1385064,court,pitch,tennis,,,,,,all_weather,0,,0,
52,York,way,422897826,53.9744788,-1.1386299,court,pitch,tennis,,,,,,all_weather,0,,0,
52,York,way,422897836,53.9742043,-1.1383724,court,pitch,tennis,,,,,,all_weather,0,,0,
52,York,way,504753154,53.9794557,-1.0719118,court,pitch,tennis,,,,,,,0,,0,
52,York,way,504753156,53.98035,-1.0709591,court,pitch,tennis,,,,,,,0,,0,
52,York,way,588240596,53.9568802,-1.1947669,court,pitch,tennis,,,,,,,0,,0,
52,York,way,617447628,53.974486,-1.1013475,court,pitch,tennis,,,,,,asphalt,0,,0,
52,York,way,617674125,54.0078549,-1.0963793,court,pitch,tennis,,,,,,,0,,0,
52,York,way,617674128,54.0107428,-1.1201007,court,pitch,tennis,,,,,,,0,,0,
52,York,way,631294954,53.9832284,-1.1980519,court,pitch,tennis,,,,,,,0,,0,
52,York,way,824901515,54.0244222,-1.0385753,court,pitch,tennis,,,,,,,0,,0,
52,York,way,844380380,53.9153216,-1.1364485,court,pitch,tennis,,customers,,,,asphalt,0,,0,
52,York,way,844380381,53.9151004,-1.1365843,court,pitch,tennis,,customers,,,,asphalt,0,,0,
52,York,way,844380382,53.9152498,-1.1364922,sports_centre,sports_centre,tennis,,customers,Copmanthorpe Tennis Club,,,asphalt,0,,0,
52,York,way,875659273,53.9322521,-1.0721459,court,pitch,tennis,,,,,,,0,,0,
52,York,way,921325789,53.9240949,-1.1020399,court,pitch,tennis,,,,,,asphalt,0,,0,
52,York,way,1153491867,53.9788361,-0.9692296,court,pitch,tennis,,,,,,,0,,0,
52,York,way,1183496210,53.9317592,-1.0856763,court,pitch,tennis,,,,,,,1,,1,
52,York,way,1183773608,53.9668481,-1.1005626,court,pitch,tennis,,,,,,,0,,0,
52,York,way,1251353516,54.0382607,-1.0227851,court,pitch,tennis,,,,,,,0,,0,
52,York,way,1251353520,54.036682,-1.0256232,court,pitch,tennis,,,,,,,0,,0,
52,York,way,1251353521,54.0372047,-1.0269427,court,pitch,tennis,,,,,,,0,,0,
52,York,way,1297194450,54.0177505,-1.0787003,court,pitch,tennis,,private,,,,,0,,0,
52,York,way,1303494977,53.8993113,-0.9675614,court,pitch,tennis,,,,,,,0,,0,
52,York,way,1303494978,53.8991907,-0.9674395,court,pitch,tennis,,,,,,,0,,0,
52,York,way,1303494979,53.899071,-0.9673264,court,pitch,tennis,,,,,,,0,,0,
52,York,way,1304150329,53.9168801,-0.9383913,court,pitch,tennis,,,,,,,0,,0,
52,York,way,1304234214,53.9429241,-1.0555625,court,pitch,tennis,,,,,,artificial_turf,0,,0,
52,York,way,1304234215,53.9429204,-1.0551014,court,pitch,tennis,,,,,,artificial_turf,0,,0,
52,York,way,1304234216,53.9429216,-1.0553359,court,pitch,tennis,,,,,,artificial_turf,0,,0,
52,York,way,1418769195,54.0004002,-0.9793972,court,pitch,tennis,,private,,,,,0,,0,
52,York,way,1456759020,54.0228925,-1.0821965,court,pitch,tennis,,private,,,,,1,,1,
52,York,way,1461912450,53.9358722,-1.1134561,court,pitch,tennis,,,,,,,1,,1,
52,York,way,1464873779,53.9366011,-1.0686172,court,pitch,tennis,,,,,,,0,,0,
52,York,way,1464873780,53.9366171,-1.0684049,court,pitch,tennis,,,,,,,0,,0,
52,York,way,1464873781,53.9366405,-1.0681877,court,pitch,tennis,,,,,,,0,,0,
53,Gloucester,way,134560093,51.8481675,-2.2490679,court,pitch,tennis,,,,,,concrete,1,The Oval,1,The Oval
53,Gloucester,way,229452772,51.8608348,-2.2020131,court,pitch,tennis,,private,,,,asphalt,0,,0,
53,Gloucester,way,229452773,51.8603605,-2.2006903,court,pitch,tennis,,yes,,,,asphalt,0,,0,
53,Gloucester,way,247894872,51.8710132,-2.2526972,court,pitch,tennis,,customers,,,,artificial_turf,0,,0,
53,Gloucester,way,247894876,51.870602,-2.2535001,court,pitch,tennis,,,,,,,0,,0,
53,Gloucester,way,251812351,51.8787994,-2.2330789,court,pitch,tennis,,,,,,rubber,0,,0,
53,Gloucester,way,251816480,51.87257,-2.2341392,court,pitch,tennis,,,,,,,0,,0,
53,Gloucester,way,268413733,51.8717596,-2.2302273,court,pitch,tennis,,,,,,,0,,0,
53,Gloucester,way,268413734,51.871236,-2.2298174,court,pitch,tennis,,,,,,,0,,0,
53,Gloucester,way,268413735,51.8716926,-2.2300398,court,pitch,tennis,,,,,,,0,,0,
53,Gloucester,way,268413736,51.8712888,-2.230011,court,pitch,tennis,,,,,,,0,,0,
53,Gloucester,way,268413737,51.8718246,-2.2304171,court,pitch,tennis,,,,,,,0,,0,
53,Gloucester,way,268413738,51.8715833,-2.2297876,court,pitch,tennis,,,,,,,0,,0,
53,Gloucester,way,268413739,51.8715249,-2.2295896,court,pitch,tennis,,,,,,,0,,0,
53,Gloucester,way,269626824,51.8508668,-2.24943,court,pitch,tennis,,,,,,concrete,0,,0,
53,Gloucester,way,269791663,51.8527262,-2.2694268,court,pitch,tennis,,,,,,,0,,0,
53,Gloucester,way,337192007,51.8190147,-2.2631877,court,pitch,tennis,,,,,,asphalt,0,,0,
53,Gloucester,way,345555001,51.8632833,-2.1943248,court,pitch,tennis,,,,,,,0,,0,
53,Gloucester,way,345555002,51.8632236,-2.1941362,court,pitch,tennis,,,,,,,0,,0,
53,Gloucester,way,345559717,51.8490412,-2.206822,court,pitch,tennis,,,,,,,1,Clock Tower Park,1,Clock Tower Park
53,Gloucester,way,423977915,51.822274,-2.2679422,court,pitch,tennis,,,,,,asphalt,0,,0,
53,Gloucester,way,423977920,51.8224325,-2.2681425,court,pitch,tennis,,,,,,asphalt,0,,0,
53,Gloucester,way,1084937650,51.8210079,-2.2721545,court,pitch,tennis,,,,,,,0,,0,
53,Gloucester,way,1084937651,51.821067,-2.2723655,court,pitch,tennis,,,,,,,0,,0,
53,Gloucester,way,1089862586,51.8189687,-2.2629713,court,pitch,tennis,,,,,,asphalt,0,,0,
53,Gloucester,way,1102312823,51.847993,-2.2484845,court,pitch,tennis,,,,,,concrete,1,The Oval,1,The Oval
53,Gloucester,way,1102312824,51.8480524,-2.248683,court,pitch,tennis,,,,,,concrete,1,The Oval,1,The Oval
53,Gloucester,way,1102312825,51.8481082,-2.2488693,court,pitch,tennis,,,,,,concrete,1,The Oval,1,The Oval
53,Gloucester,way,1144054377,51.8709143,-2.2528491,court,pitch,tennis,,customers,,,,artificial_turf,0,,0,
53,Gloucester,way,1144054378,51.8708177,-2.2529949,court,pitch,tennis,,customers,,,,artificial_turf,0,,0,
53,Gloucester,way,1144054379,51.8707206,-2.2531432,court,pitch,tennis,,customers,,,,artificial_turf,0,,0,
53,Gloucester,way,1320702962,51.8734848,-2.2424414,court,pitch,tennis,,,,,,,0,,0,
53,Gloucester,way,1320702963,51.8732274,-2.242388,court,pitch,tennis,,,,,,,0,,0,
53,Gloucester,way,1446905785,51.8785032,-2.2332852,court,pitch,tennis,,,,,,rubber,0,,0,
53,Gloucester,relation,13772294,51.8726877,-2.2040068,court,pitch,tennis,,,,,,,0,,0,
54,Burnley,way,4494815,53.7756588,-2.2313332,court,pitch,tennis,,,,,,,1,Towneley Park,1,Towneley Park
54,Burnley,way,471943114,53.782258,-2.2568192,court,pitch,tennis,,,,,,,1,Scott Park,1,Scott Park
54,Burnley,way,479720320,53.796012,-2.2287093,court,pitch,tennis,,,,,,,1,Queen's Park,1,Queen's Park
54,Burnley,way,479720321,53.7959046,-2.2285514,court,pitch,tennis,,,,,,,1,Queen's Park,1,Queen's Park
54,Burnley,way,479720322,53.7958013,-2.2283997,court,pitch,tennis,,,,,,,1,Queen's Park,1,Queen's Park
54,Burnley,way,479720323,53.7956935,-2.2282395,court,pitch,tennis,,,,,,,1,Queen's Park,1,Queen's Park
54,Burnley,way,785161878,53.8079834,-2.242118,court,pitch,tennis,,,,,,,1,Barden Gardens,1,Barden Gardens
54,Burnley,way,894037577,53.7997557,-2.3165077,court,pitch,tennis,,,,,,,1,Padiham Memorial Park,1,Padiham Memorial Park
54,Burnley,way,1333436639,53.7972695,-2.2689061,court,pitch,tennis,,,,,,,0,,0,
54,Burnley,way,1375504301,53.7906386,-2.190556,court,pitch,tennis,,,,,,,0,,0,
55,Telford,way,358685936,52.695943,-2.4557647,court,pitch,tennis,,,,,,,1,Hartshill Park,1,Hartshill Park
55,Telford,way,585767025,52.6626806,-2.4706753,court,pitch,tennis,,,,,,,1,Dawley Park,1,Dawley Park
55,Telford,way,654505647,52.6745603,-2.4814515,court,pitch,tennis,,,,,,,0,,0,
55,Telford,way,1219087023,52.692715,-2.4668313,court,pitch,tennis,,private,,,,,0,,0,
55,Telford,way,1481076217,52.7174417,-2.4299766,court,pitch,tennis,,,,,,paved,0,,0,
56,Blackburn,way,298336831,53.7580124,-2.4958925,court,pitch,tennis,,,,,,asphalt,1,Corporation Park,1,Corporation Park
56,Blackburn,way,298336832,53.7581742,-2.4954097,court,pitch,tennis,,,,,,asphalt,1,Corporation Park,1,Corporation Park
56,Blackburn,way,298336833,53.7583361,-2.4949587,court,pitch,tennis,,,,,,asphalt,1,Corporation Park,1,Corporation Park
56,Blackburn,way,298336834,53.7588183,-2.4945309,court,pitch,tennis,,,,,,,1,Corporation Park,1,Corporation Park
56,Blackburn,way,298336835,53.7589835,-2.494041,court,pitch,tennis,,,,,,,1,Corporation Park,1,Corporation Park
56,Blackburn,way,298336836,53.7587535,-2.4938201,court,pitch,tennis,,,,,,grass,1,Corporation Park,1,Corporation Park
56,Blackburn,way,334325471,53.7633636,-2.4952538,court,pitch,tennis,,,,,,,0,,0,
56,Blackburn,way,334325472,53.7632041,-2.4951774,court,pitch,tennis,,,,,,,0,,0,
56,Blackburn,way,334325473,53.7635218,-2.4953362,court,pitch,tennis,,,,,,,0,,0,
56,Blackburn,way,334325474,53.7630472,-2.495095,court,pitch,tennis,,,,,,,0,,0,
56,Blackburn,way,385998513,53.7724752,-2.4775951,court,pitch,tennis,,,,,,,1,Roe Lee Park,1,Roe Lee Park
56,Blackburn,way,405501806,53.7415461,-2.4930869,court,pitch,tennis,,,,,,,0,,0,
56,Blackburn,way,1035470252,53.7694697,-2.4894206,court,pitch,tennis,,,,,,,0,,0,
56,Blackburn,way,1035470253,53.7693421,-2.4893166,court,pitch,tennis,,,,,,,0,,0,
56,Blackburn,way,1035470254,53.7692053,-2.4891999,court,pitch,tennis,,,,,,,0,,0,
56,Blackburn,way,1035470255,53.7690853,-2.489099,court,pitch,tennis,,,,,,,0,,0,
56,Blackburn,way,1035470256,53.7687265,-2.4889915,court,pitch,tennis,,,,,,,0,,0,
57,Basildon,node,5226109968,51.5731092,0.4830233,sports_centre,sports_centre,tennis,,,Basildon Tennis Club,,,,1,,1,
57,Basildon,way,91215774,51.5871819,0.4620171,court,pitch,tennis,,customers,,,,,0,,0,
57,Basildon,way,91215779,51.5870335,0.4625345,court,pitch,tennis,,customers,,,,,0,,0,
57,Basildon,way,91215792,51.5868714,0.4619829,court,pitch,tennis,,customers,,,,,0,,0,
57,Basildon,way,91215806,51.587042,0.462301,court,pitch,tennis,,customers,,,,,0,,0,
57,Basildon,way,91215814,51.5865607,0.4619506,court,pitch,tennis,,customers,,,,,0,,0,
57,Basildon,way,209937450,51.618277,0.5336055,court,pitch,tennis,,,,,,asphalt,1,Wickford Memorial Park,1,Wickford Memorial Park
57,Basildon,way,365097541,51.6234926,0.4018555,court,pitch,tennis,,,,,,,0,,0,
57,Basildon,way,365097542,51.6235443,0.4016404,court,pitch,tennis,,,,,,,0,,0,
57,Basildon,way,365097543,51.6236866,0.4028195,court,pitch,tennis,,,,,,,0,,0,
57,Basildon,way,365097544,51.6236348,0.4030307,court,pitch,tennis,,,,,,,0,,0,
57,Basildon,way,365097579,51.6239144,0.4018568,court,pitch,tennis,,,,,,,0,,0,
57,Basildon,way,365097580,51.6235883,0.4032354,court,pitch,tennis,,,,,,,0,,0,
57,Basildon,way,365097581,51.6233339,0.4026404,court,pitch,tennis,,,,,,,0,,0,
57,Basildon,way,365097582,51.6238654,0.4020784,court,pitch,tennis,,,,,,,0,,0,
57,Basildon,way,365097583,51.6232946,0.402848,court,pitch,tennis,,,,,,,0,,0,
57,Basildon,way,365097607,51.6232428,0.403054,court,pitch,tennis,,,,,,,0,,0,
57,Basildon,way,365098026,51.6236293,0.4022187,sports_centre,sports_centre,tennis,,,Billericay Lawn Tennis Club,,,,0,,0,
57,Basildon,way,440037821,51.6176735,0.4189762,court,pitch,tennis,,,,,,,0,,0,
57,Basildon,way,440037822,51.617524,0.4197878,court,pitch,tennis,,,,,,,0,,0,
57,Basildon,way,469488330,51.5660876,0.5103076,court,pitch,tennis,,,,,,,1,Howards Park,1,Howards Park
57,Basildon,way,540082717,51.573225,0.4826093,court,pitch,tennis,,yes,,,,asphalt,1,,1,
57,Basildon,way,617665918,51.5635449,0.4142631,court,pitch,tennis,,,,,,asphalt,0,,0,
57,Basildon,way,639221053,51.6330748,0.4196399,court,pitch,tennis,,,,,,,1,Lake Meadows,1,Lake Meadows
57,Basildon,way,639221055,51.6331498,0.419456,court,pitch,tennis,,,,,,,1,Lake Meadows,1,Lake Meadows
57,Basildon,way,639226366,51.6395385,0.405012,court,pitch,tennis,,,,,,concrete,0,,0,
57,Basildon,way,639226367,51.6398436,0.4051227,court,pitch,tennis,,,,,,concrete,0,,0,
57,Basildon,way,639226368,51.6401585,0.4052467,court,pitch,tennis,,,,,,concrete,0,,0,
57,Basildon,way,639226369,51.6401194,0.4055028,court,pitch,tennis,,,,,,concrete,0,,0,
57,Basildon,way,640163197,51.6377086,0.4316298,court,pitch,tennis,,private,,,,concrete,0,,0,
57,Basildon,way,640163198,51.6378093,0.4318375,court,pitch,tennis,,private,,,,concrete,0,,0,
57,Basildon,way,908680769,51.6484771,0.4232634,court,pitch,tennis,,,,,,,0,,0,
57,Basildon,way,908680770,51.6484305,0.4235195,court,pitch,tennis,,,,,,,0,,0,
57,Basildon,way,908680771,51.6483872,0.423773,court,pitch,tennis,,,,,,,0,,0,
57,Basildon,way,908680772,51.6483498,0.424031,court,pitch,tennis,,,,,,,0,,0,
57,Basildon,way,1136030888,51.603494,0.4077884,court,pitch,tennis,,,,,,,0,,0,
57,Basildon,way,1136030889,51.6061805,0.4116,court,pitch,tennis,,,,,,,0,,0,
57,Basildon,way,1136030890,51.6024124,0.4066325,court,pitch,tennis,,,,,,,0,,0,
57,Basildon,way,1238707788,51.6204722,0.4928222,court,pitch,tennis,,,,,,,0,,0,
57,Basildon,way,1238707789,51.6208575,0.4941011,court,pitch,tennis,,,,,,,0,,0,
57,Basildon,way,1254316121,51.604676,0.4178456,court,pitch,tennis,,,,,,,0,,0,
57,Basildon,way,1299605689,51.5589544,0.4595407,court,pitch,tennis,,,,,,,0,,0,
57,Basildon,way,1332665180,51.6262163,0.3876704,court,pitch,tennis,,,,,,,0,,0,
58,Grimsby,way,151128164,53.5690727,-0.1152549,court,pitch,tennis,,,,,,,0,,0,
58,Grimsby,way,201922557,53.5540572,-0.099651,court,pitch,tennis,,,,,,asphalt,0,,0,
58,Grimsby,way,201922558,53.5540017,-0.0986201,court,pitch,tennis,,,,,,asphalt,0,,0,
58,Grimsby,way,201922559,53.554024,-0.0990406,court,pitch,tennis,,,,,,asphalt,0,,0,
58,Grimsby,way,201922560,53.5540132,-0.0988365,court,pitch,tennis,,,,,,asphalt,0,,0,
58,Grimsby,way,201922561,53.5539725,-0.0979692,court,pitch,tennis,,,,,,asphalt,0,,0,
58,Grimsby,way,201922562,53.5539844,-0.0981921,court,pitch,tennis,,,,,,asphalt,0,,0,
58,Grimsby,way,201922563,53.5540349,-0.0992442,court,pitch,tennis,,,,,,asphalt,0,,0,
58,Grimsby,way,201922564,53.5540456,-0.0994488,court,pitch,tennis,,,,,,asphalt,0,,0,
58,Grimsby,way,202122049,53.5521808,-0.0765981,court,pitch,tennis,,private,Court 2,,,artificial_turf,0,,0,
58,Grimsby,way,202122050,53.5522414,-0.0761887,court,pitch,tennis,,private,Court 4,,,artificial_turf,0,,0,
58,Grimsby,way,202122051,53.5522103,-0.0764005,court,pitch,tennis,,private,Court 3,,,artificial_turf,0,,0,
58,Grimsby,way,202122054,53.5522744,-0.0759522,court,pitch,tennis,,customers,Court 5,,,tartan,0,,0,
58,Grimsby,way,202122056,53.5521506,-0.0768139,court,pitch,tennis,,private,Court No. 1,,,artificial_turf,0,,0,
58,Grimsby,way,202122057,53.5523089,-0.0757092,court,pitch,tennis,,customers,Court 6,,,tartan,0,,0,
58,Grimsby,way,204028520,53.5607339,-0.0405676,court,pitch,tennis,,,,,,,1,Sussex Recreation Ground,1,Sussex Recreation Ground
58,Grimsby,way,204028523,53.560377,-0.0413927,court,pitch,tennis,,,,,,,1,Sussex Recreation Ground,1,Sussex Recreation Ground
58,Grimsby,way,204028525,53.5602306,-0.0417209,court,pitch,tennis,,,,,,,1,Sussex Recreation Ground,1,Sussex Recreation Ground
58,Grimsby,way,204028527,53.560447,-0.041227,court,pitch,tennis,,,,,,,1,Sussex Recreation Ground,1,Sussex Recreation Ground
58,Grimsby,way,204028528,53.5605886,-0.0408996,court,pitch,tennis,,,,,,,1,Sussex Recreation Ground,1,Sussex Recreation Ground
58,Grimsby,way,204028529,53.5605195,-0.0410655,court,pitch,tennis,,,,,,,1,Sussex Recreation Ground,1,Sussex Recreation Ground
58,Grimsby,way,204028532,53.5606619,-0.040737,court,pitch,tennis,,,,,,,1,Sussex Recreation Ground,1,Sussex Recreation Ground
58,Grimsby,way,204028533,53.5603053,-0.0415556,court,pitch,tennis,,,,,,,1,Sussex Recreation Ground,1,Sussex Recreation Ground
58,Grimsby,way,204806228,53.5501158,-0.0558674,court,pitch,tennis,,,,,,,0,,0,
58,Grimsby,way,204806229,53.5434772,-0.0579034,court,pitch,tennis,,,,,,,0,,0,
58,Grimsby,way,205797013,53.5527726,-0.066867,court,pitch,tennis,,,,,,,0,,0,
58,Grimsby,way,551933164,53.550383,-0.084228,court,pitch,tennis,,,,,,,0,,0,
58,Grimsby,way,1125889320,53.5739236,-0.0706431,court,pitch,tennis,,,,,,,0,,0,
58,Grimsby,way,1274654522,53.5488256,-0.0391047,court,pitch,tennis,,,,,,asphalt,0,,0,
58,Grimsby,way,1288523212,53.5545394,-0.0917092,court,pitch,tennis,,,,,,asphalt,0,,0,
59,Hastings,way,26780917,50.8542623,0.5686061,court,pitch,tennis,,,,,,asphalt,1,White Rock Gardens,1,White Rock Gardens
59,Hastings,way,185808753,50.8652443,0.5711356,court,pitch,tennis,,,,,,asphalt,1,Alexandra Park,1,Alexandra Park
59,Hastings,way,185808763,50.8648314,0.5717287,court,pitch,tennis,,,,,,asphalt,1,Alexandra Park,1,Alexandra Park
59,Hastings,way,306112597,50.8598749,0.5516332,court,pitch,tennis,,,The Green Lawn Tennis Club,,,,0,,0,
59,Hastings,way,802174954,50.8625579,0.5676606,court,pitch,tennis,,,,,,artificial_turf,1,Amherst Gardens,1,Amherst Gardens
59,Hastings,way,812955354,50.8622374,0.5685541,court,pitch,tennis,,,,,,clay,1,Amherst Gardens,1,Amherst Gardens
59,Hastings,way,942670552,50.8871752,0.5669948,court,pitch,tennis,,,,,,,0,,0,
59,Hastings,way,1026852347,50.8625288,0.5678623,court,pitch,tennis,,,,,,artificial_turf,1,Amherst Gardens,1,Amherst Gardens
59,Hastings,way,1026852348,50.8625,0.5680648,court,pitch,tennis,,,,,,artificial_turf,1,Amherst Gardens,1,Amherst Gardens
59,Hastings,way,1026852349,50.8622199,0.5677617,court,pitch,tennis,,,,,,artificial_turf,1,Amherst Gardens,1,Amherst Gardens
59,Hastings,way,1026852350,50.8621888,0.5679551,court,pitch,tennis,,,,,,artificial_turf,1,Amherst Gardens,1,Amherst Gardens
59,Hastings,way,1066369049,50.8796489,0.6164201,court,pitch,tennis; football; basketball,,,,,,asphalt,0,,0,
59,Hastings,way,1075466829,50.8769929,0.6067774,court,pitch,football;tennis;athletics;running;rugby,,private,,,,grass,0,,0,
59,Hastings,way,1075466830,50.8770665,0.6047399,court,pitch,football;tennis;athletics;running;rugby,,private,,,,grass,0,,0,
59,Hastings,way,1075534781,50.8799707,0.6165824,court,pitch,tennis; football; basketball,,,,,,asphalt,0,,0,
59,Hastings,way,1075534782,50.8803088,0.6166573,court,pitch,tennis; football; basketball,,,,,,asphalt,0,,0,
59,Hastings,way,1090968152,50.872452,0.5993803,court,pitch,basketball;soccer;tennis,,,,,,asphalt,0,,0,
59,Hastings,way,1373731928,50.8796916,0.5523723,court,pitch,tennis,,,,,,,0,,0,
59,Hastings,way,1376741475,50.853194,0.5516814,court,pitch,tennis,,,,,,,0,,0,
60,High Wycombe,way,26451843,51.6224885,-0.7368102,court,pitch,multi;tennis;soccer,,,,,,,1,The Rye,1,The Rye
60,High Wycombe,way,26565777,51.6149538,-0.7826289,sports_centre,sports_centre,tennis,,,Bucks Indoor Tennis Centre,,,,0,,0,
60,High Wycombe,way,26995238,51.6374763,-0.7751721,court,pitch,tennis,,,,,,,0,,0,
60,High Wycombe,way,27738218,51.6235428,-0.7334031,court,pitch,tennis,,,,,,,0,,0,
60,High Wycombe,way,240347497,51.6166549,-0.7546711,court,pitch,tennis,,,,,,,0,,0,
60,High Wycombe,way,240350335,51.6203439,-0.7632349,court,pitch,tennis,,,,,,,0,,0,
60,High Wycombe,way,300906366,51.6198113,-0.7493507,court,pitch,tennis,,,,,,,0,,0,
60,High Wycombe,way,627438321,51.6373796,-0.7747799,court,pitch,tennis,,,,,,,0,,0,
60,High Wycombe,way,627438322,51.6374281,-0.774977,court,pitch,tennis,,,,,,,0,,0,
60,High Wycombe,way,636633319,51.6234754,-0.7329254,sports_centre,sports_centre,tennis,,,High Wycombe Lawn Tennis Club,,,,0,,0,
60,High Wycombe,way,636633320,51.6232967,-0.7324453,court,pitch,tennis,,,,,,,0,,0,
60,High Wycombe,way,636633321,51.6233455,-0.7326336,court,pitch,tennis,,,,,,,0,,0,
60,High Wycombe,way,636633322,51.6233938,-0.7328189,court,pitch,tennis,,,,,,,0,,0,
60,High Wycombe,way,636633323,51.6234982,-0.7332189,court,pitch,tennis,,,,,,,0,,0,
60,High Wycombe,way,636633324,51.6234542,-0.7330359,court,pitch,tennis,,,,,,,0,,0,
60,High Wycombe,way,839725433,51.6236737,-0.7490817,court,pitch,tennis,,private,,,,,0,,0,
60,High Wycombe,way,840564892,51.639379,-0.7406442,court,pitch,soccer;hockey;tennis,,,,,,grass,0,,0,
60,High Wycombe,way,840574117,51.6148407,-0.7834972,court,pitch,tennis,,,,,,,0,,0,
60,High Wycombe,way,840574118,51.6145019,-0.7832004,court,pitch,tennis,,,,,,,0,,0,
60,High Wycombe,way,840574119,51.6145709,-0.782938,court,pitch,tennis,,,,,,,0,,0,
60,High Wycombe,way,996459545,51.6165333,-0.7657486,court,pitch,tennis,,private,,,,asphalt,0,,0,
60,High Wycombe,way,996459546,51.6166177,-0.7656174,court,pitch,tennis,,private,,,,asphalt,0,,0,
60,High Wycombe,way,996459547,51.6167038,-0.7654892,court,pitch,tennis,,private,,,,asphalt,0,,0,
60,High Wycombe,way,996459548,51.6167882,-0.7653577,court,pitch,tennis,,private,,,,asphalt,0,,0,
60,High Wycombe,way,996459549,51.6168723,-0.7652277,court,pitch,tennis,,private,,,,asphalt,0,,0,
60,High Wycombe,way,996915592,51.6186354,-0.7591992,court,pitch,tennis,,private,,,,,0,,0,
60,High Wycombe,way,1108160071,51.6358886,-0.7442848,court,pitch,tennis;basketball,,private,,,,,0,,0,
60,High Wycombe,way,1282804873,51.6408882,-0.781261,court,pitch,tennis,,,,,,,0,,0,
61,Thanet,way,28855790,51.3618635,1.4333688,court,pitch,tennis,,,,,,asphalt,0,,0,
61,Thanet,way,28858102,51.3671256,1.4294747,court,pitch,tennis,,,,,,,0,,0,
61,Thanet,way,28858103,51.3666128,1.4291444,court,pitch,tennis,,,Broadstairs and St. Peters Lawn Tennis Club,,,,0,,0,
61,Thanet,way,30746780,51.3801926,1.3780225,sports_centre,sports_centre,tennis,,,Margate Lawn Tennis Club,,,,0,,0,
61,Thanet,way,30859348,51.3798852,1.3012468,court,pitch,tennis,,,,,,artificial_turf,0,,0,
61,Thanet,way,90912113,51.3437687,1.4326349,court,pitch,tennis,,,,,,,0,,0,
61,Thanet,way,103965956,51.3503263,1.3940583,court,pitch,tennis,,,,,,,0,,0,
61,Thanet,way,103966120,51.3500281,1.3939127,court,pitch,tennis,,,,,,,0,,0,
61,Thanet,way,103966132,51.3501763,1.393985,court,pitch,tennis,,,,,,,0,,0,
61,Thanet,way,119316815,51.3432414,1.4161299,court,pitch,tennis,,,,,,,0,,0,
61,Thanet,way,119316827,51.3424118,1.4142514,court,pitch,tennis,,,,,,,0,,0,
61,Thanet,way,119316839,51.3425566,1.4153721,court,pitch,tennis,,,,,,paved,0,,0,
61,Thanet,way,119316853,51.3442121,1.4147337,court,pitch,tennis,,,,,,paved,0,,0,
61,Thanet,way,120806530,51.3388877,1.4040349,court,pitch,tennis,,,,,,asphalt,0,,0,
61,Thanet,way,146918320,51.3529741,1.2521116,court,pitch,tennis,,,,,,asphalt,0,,0,
61,Thanet,way,147963902,51.3499865,1.3474936,court,pitch,tennis,,private,,,,,0,,0,
61,Thanet,way,149119984,51.3832328,1.4102444,court,pitch,tennis,,private,,,,,0,,0,
61,Thanet,way,151355350,51.3783872,1.4328144,court,pitch,tennis,,private,,,,,1,,1,
61,Thanet,way,156185497,51.3829902,1.3711942,court,pitch,tennis,,,,,,asphalt,1,Hartsdown Park,1,Hartsdown Park
61,Thanet,way,165766246,51.3598873,1.4180685,court,pitch,tennis,,private,,,,,0,,0,
61,Thanet,way,165766247,51.3600067,1.4181257,court,pitch,tennis,,private,,,,,0,,0,
61,Thanet,way,165766249,51.3597723,1.4180157,court,pitch,tennis,,private,,,,,0,,0,
61,Thanet,way,165766250,51.3596539,1.4179603,court,pitch,tennis,,private,,,,,0,,0,
61,Thanet,way,165766256,51.360123,1.418185,court,pitch,tennis,,private,,,,,0,,0,
61,Thanet,way,167444199,51.3371425,1.2955732,court,pitch,tennis,,private,,,,,0,,0,
61,Thanet,way,167444201,51.3351114,1.2832134,court,pitch,tennis,,customers,,,,asphalt,0,,0,
61,Thanet,way,177983698,51.3656648,1.3306421,court,pitch,tennis,,destination,,,,,0,,0,
61,Thanet,way,197144478,51.3579968,1.3141723,court,pitch,tennis,,,,,,,0,,0,
61,Thanet,way,469995823,51.3594949,1.4178848,court,pitch,tennis,,,,,,,0,,0,
61,Thanet,way,553659250,51.3454199,1.4132653,court,pitch,tennis,,,,,,paved,0,,0,
61,Thanet,way,563958302,51.3799412,1.3780523,court,pitch,tennis,,,,,,,0,,0,
61,Thanet,way,563958303,51.3800016,1.3782409,court,pitch,tennis,,,,,,,0,,0,
61,Thanet,way,563958304,51.3804398,1.3778691,court,pitch,tennis,,,,,,,0,,0,
61,Thanet,way,563958305,51.3803794,1.3776806,court,pitch,tennis,,,,,,,0,,0,
61,Thanet,way,563958306,51.3807971,1.377566,court,pitch,tennis,,,,,,,0,,0,
61,Thanet,way,563958307,51.3807366,1.3773775,court,pitch,tennis,,,,,,,0,,0,
61,Thanet,way,589580916,51.3481071,1.4100466,court,pitch,tennis,,,,,,,0,,0,
61,Thanet,way,589648731,51.3707588,1.446822,court,pitch,tennis,,private,,,,,0,,0,
61,Thanet,way,660618012,51.3707,1.3071618,court,pitch,tennis,,,,,,,0,,0,
61,Thanet,way,662568230,51.3432351,1.416358,court,pitch,tennis,,,,,,,0,,0,
61,Thanet,way,662568232,51.3438434,1.4146454,court,pitch,tennis,,,,,,paved,0,,0,
61,Thanet,way,662568233,51.3438787,1.4148437,court,pitch,tennis,,,,,,paved,0,,0,
61,Thanet,way,662568235,51.344177,1.4145353,court,pitch,tennis,,,,,,paved,0,,0,
61,Thanet,way,662568237,51.34552,1.4127687,court,pitch,tennis,,,,,,paved,0,,0,
61,Thanet,way,662568239,51.3454648,1.4130182,court,pitch,tennis,,,,,,paved,0,,0,
61,Thanet,way,890503620,51.3613844,1.4037076,court,pitch,tennis,,,,,,asphalt,0,,0,
61,Thanet,way,896137842,51.3801446,1.3013291,sports_centre,sports_centre,bowls;tennis,,,Birchington-on-Sea Bowls Club & Tennis Court,,,,0,,0,
61,Thanet,way,896137844,51.3798743,1.3014761,court,pitch,tennis,,,,,,artificial_turf,0,,0,
61,Thanet,way,897749549,51.3602034,1.423805,court,pitch,tennis;soccer,,,,,,asphalt,0,,0,
61,Thanet,way,936285843,51.3870622,1.4376567,court,pitch,tennis,,,,,,,0,,0,
61,Thanet,way,984466118,51.3298216,1.4134638,court,pitch,tennis,,,,,,,1,Spencer Square Community Gardens,1,Spencer Square Community Gardens
61,Thanet,way,984466119,51.3297133,1.4135798,court,pitch,tennis,,,,,,,1,Spencer Square Community Gardens,1,Spencer Square Community Gardens
61,Thanet,way,984466120,51.329609,1.4136946,court,pitch,tennis,,,,,,,1,Spencer Square Community Gardens,1,Spencer Square Community Gardens
61,Thanet,way,1063768971,51.378012,1.4353995,court,pitch,tennis,,,,,,,0,,0,
61,Thanet,way,1228460473,51.3645123,1.2912022,court,pitch,tennis,,,,,,,0,,0,
61,Thanet,way,1291060192,51.3684972,1.4461908,court,pitch,tennis,,private,,,,,0,,0,
61,Thanet,way,1299886875,51.3803832,1.2987993,court,pitch,tennis,,private,,,,,0,,0,
61,Thanet,way,1302513682,51.391503,1.4093957,court,pitch,tennis,,,,,,asphalt,0,,0,
61,Thanet,way,1302513683,51.3914864,1.4095922,court,pitch,tennis,,,,,,asphalt,0,,0,
61,Thanet,way,1302513684,51.3914701,1.4097891,court,pitch,tennis,,,,,,asphalt,0,,0,
61,Thanet,way,1302513685,51.3914537,1.4099876,court,pitch,tennis,,,,,,asphalt,0,,0,
61,Thanet,way,1413325730,51.335613,1.3271697,court,pitch,tennis,,,,,,,1,,1,
61,Thanet,relation,7374550,51.3846329,1.3615114,court,pitch,tennis,,,,,,,1,,1,
61,Thanet,relation,7374552,51.3836128,1.3454719,court,pitch,tennis,,,,,,,0,,0,
62,Accrington/Rossendale,way,4494815,53.7756588,-2.2313332,court,pitch,tennis,,,,,,,1,Towneley Park,1,Towneley Park
62,Accrington/Rossendale,way,49874572,53.7899438,-2.4077567,court,pitch,tennis,,,,,,asphalt,1,Lowerfold Park,1,Lowerfold Park
62,Accrington/Rossendale,way,51728923,53.7748123,-2.3903612,court,pitch,tennis,,,,,,asphalt,1,Mercer Park,1,Mercer Park
62,Accrington/Rossendale,way,159483501,53.6425159,-2.3115928,court,pitch,tennis,,,,,,,1,Nuttall Park,1,Nuttall Park
62,Accrington/Rossendale,way,181323818,53.6452021,-2.3920172,court,pitch,tennis,,,Edgworth Tennis Courts,,,,0,,0,
62,Accrington/Rossendale,way,202975090,53.7079309,-2.2824886,court,pitch,tennis,,,,,,,0,,0,
62,Accrington/Rossendale,way,202975092,53.7027869,-2.2690308,court,pitch,tennis,,,,,,,0,,0,
62,Accrington/Rossendale,way,203084725,53.7451128,-2.3585143,court,pitch,tennis,,,,,,,1,Oak Hill Park,1,Oak Hill Park
62,Accrington/Rossendale,way,203084730,53.7381876,-2.3561486,court,pitch,tennis,,,,,,,0,,0,
62,Accrington/Rossendale,way,203096506,53.7649751,-2.3592429,court,pitch,tennis,,permissive,Accrington Tennis Club,,,asphalt,0,,0,
62,Accrington/Rossendale,way,203096511,53.7582504,-2.3511562,court,pitch,tennis,,yes,Peel Park Tennis Court,,,asphalt,1,,1,
62,Accrington/Rossendale,way,254011143,53.6289209,-2.3644811,court,pitch,tennis,,customers,,,,,0,,0,
62,Accrington/Rossendale,way,254011145,53.629357,-2.3646571,court,pitch,tennis,,customers,,,,,0,,0,
62,Accrington/Rossendale,way,463096023,53.7004147,-2.2960692,court,pitch,tennis,,,,,,,1,Whittaker Park,1,Whittaker Park
62,Accrington/Rossendale,way,463096211,53.7000989,-2.2960402,court,pitch,tennis,,,,,,,1,Whittaker Park,1,Whittaker Park
62,Accrington/Rossendale,way,471943114,53.782258,-2.2568192,court,pitch,tennis,,,,,,,1,Scott Park,1,Scott Park
62,Accrington/Rossendale,way,518209272,53.6934187,-2.203192,court,pitch,tennis,,,,,,,1,Stubbylee Park,1,Stubbylee Park
62,Accrington/Rossendale,way,638772534,53.6186558,-2.2969326,court,pitch,tennis,,,,,,,0,,0,
62,Accrington/Rossendale,way,652509118,53.6262903,-2.2815808,court,pitch,tennis,,,,,,,0,,0,
62,Accrington/Rossendale,way,703852678,53.7375859,-2.2851458,court,pitch,tennis,,,,,,,0,,0,
62,Accrington/Rossendale,way,703852679,53.7378826,-2.2850855,court,pitch,tennis,,,,,,,0,,0,
62,Accrington/Rossendale,way,754046767,53.6522066,-2.3750086,court,pitch,tennis,,,,,,,0,,0,
62,Accrington/Rossendale,way,814301205,53.6238146,-2.3252352,court,pitch,tennis,,customers,,,,,0,,0,
62,Accrington/Rossendale,way,814648212,53.6409218,-2.3404514,court,pitch,tennis,,private,,,,,0,,0,
62,Accrington/Rossendale,way,1029007636,53.695195,-2.3299604,court,pitch,tennis,,,,,,,0,,0,
62,Accrington/Rossendale,way,1029007637,53.6951495,-2.3297409,court,pitch,tennis,,,,,,,0,,0,
62,Accrington/Rossendale,way,1029007638,53.6951045,-2.3295274,court,pitch,tennis,,,,,,,0,,0,
62,Accrington/Rossendale,way,1029007639,53.6948931,-2.3301973,court,pitch,tennis,,,,,,,0,,0,
62,Accrington/Rossendale,way,1029007640,53.6948493,-2.329986,court,pitch,tennis,,,,,,,0,,0,
62,Accrington/Rossendale,way,1029007641,53.6948029,-2.3297683,court,pitch,tennis,,,,,,,0,,0,
62,Accrington/Rossendale,way,1044790942,53.6232716,-2.3713094,court,pitch,tennis,,,,,,,0,,0,
62,Accrington/Rossendale,way,1271992147,53.623036,-2.3256344,sports_centre,sports_centre,tennis,sport,,Holcombe Brook Tennis Club,,,,0,,0,
62,Accrington/Rossendale,way,1271992148,53.623704,-2.3253746,court,pitch,tennis,,customers,,,,,0,,0,
62,Accrington/Rossendale,way,1271992149,53.6235541,-2.3255637,court,pitch,tennis,,customers,,,,,0,,0,
62,Accrington/Rossendale,way,1271992150,53.6234445,-2.3257009,court,pitch,tennis,,customers,,,,,0,,0,
62,Accrington/Rossendale,way,1271992151,53.6232287,-2.325216,court,pitch,tennis,,customers,,,,,0,,0,
62,Accrington/Rossendale,way,1271992152,53.6233387,-2.3250779,court,pitch,tennis,,customers,,,,,0,,0,
62,Accrington/Rossendale,way,1271992153,53.6234881,-2.3248896,court,pitch,tennis,,customers,,,,,0,,0,
62,Accrington/Rossendale,way,1271992154,53.6235987,-2.3247506,court,pitch,tennis,,customers,,,,,0,,0,
62,Accrington/Rossendale,way,1271992155,53.623284,-2.3260801,court,pitch,tennis,,customers,,,,,0,,0,
62,Accrington/Rossendale,way,1375504301,53.7906386,-2.190556,court,pitch,tennis,,,,,,,0,,0,
63,Motherwell,way,95931375,55.9685704,-3.9781486,court,pitch,tennis,,,,,,,0,,0,
63,Motherwell,way,183462001,55.8924502,-4.1460316,court,pitch,tennis,,,,,,,1,,1,
63,Motherwell,way,183596077,55.8924925,-4.1461719,sports_centre,sports_centre,tennis,,,Stepps Lawn Tennis Club,,,,1,,1,
63,Motherwell,way,196614108,55.9678618,-4.0079366,court,pitch,tennis,,,,,,acrylic,0,,0,
63,Motherwell,way,196614111,55.9677477,-4.0080653,court,pitch,tennis,,,,,,acrylic,0,,0,
63,Motherwell,way,235469982,55.8677905,-3.9638364,court,pitch,tennis,,,,,,artificial_turf,0,,0,
63,Motherwell,way,235469984,55.8678282,-3.9640466,court,pitch,tennis,,,,,,grass,0,,0,
63,Motherwell,way,397167558,55.9884538,-4.0040276,court,pitch,tennis,,,,,,,0,,0,
63,Motherwell,way,397167560,55.9883459,-4.0041668,court,pitch,tennis,,,,,,,0,,0,
63,Motherwell,way,533419992,55.9459075,-4.0368197,court,pitch,tennis,,,,,,,0,,0,
63,Motherwell,way,536162178,55.9606171,-4.0140363,court,pitch,tennis,,,,,,,0,,0,
63,Motherwell,way,1080633821,55.8562724,-4.0692628,court,pitch,tennis,,,,,,,0,,0,
64,Burton-upon-Trent,way,29080064,52.8106325,-1.6568428,court,pitch,tennis,,,,,,tartan,1,Shobnall Fields,1,Shobnall Fields
64,Burton-upon-Trent,way,94420121,52.8088252,-1.6168428,court,pitch,tennis,,,,,,,0,,0,
64,Burton-upon-Trent,way,94583060,52.8078475,-1.6138242,court,pitch,tennis,,,,,,,0,,0,
64,Burton-upon-Trent,way,166260639,52.8174481,-1.6471186,court,pitch,tennis,,,,,,,0,,0,
64,Burton-upon-Trent,way,467270488,52.8075628,-1.6486839,court,pitch,tennis,,,,,,,0,,0,
64,Burton-upon-Trent,way,716058044,52.8069677,-1.6481085,court,pitch,tennis,,,,,,,0,,0,
64,Burton-upon-Trent,way,868275403,52.7896298,-1.6157394,court,pitch,tennis,,,,,,,0,,0,
64,Burton-upon-Trent,way,868275405,52.7893424,-1.6158544,court,pitch,tennis,,,,,,,0,,0,
64,Burton-upon-Trent,way,875574419,52.8303305,-1.6465424,court,pitch,tennis,,,,,,,0,,0,
64,Burton-upon-Trent,way,875574420,52.8300606,-1.6463239,court,pitch,tennis,,,,,,,0,,0,
64,Burton-upon-Trent,way,912569446,52.8114221,-1.6221209,court,pitch,tennis,,,,,,,0,,0,
64,Burton-upon-Trent,way,912569447,52.8114383,-1.6223314,court,pitch,tennis,,,,,,,0,,0,
64,Burton-upon-Trent,way,912569448,52.8114464,-1.6225497,court,pitch,tennis,,,,,,,0,,0,
64,Burton-upon-Trent,way,926149348,52.8036109,-1.6057409,court,pitch,tennis,,,Burton Tennis Club,,,,0,,0,
64,Burton-upon-Trent,way,1208748979,52.8105543,-1.6574827,court,pitch,tennis,,,,,,tartan,1,Shobnall Fields,1,Shobnall Fields
64,Burton-upon-Trent,way,1428248962,52.808579,-1.6170845,court,pitch,tennis,,,,,,,0,,0,
65,Colchester,way,36954167,51.7851764,0.9244854,sports_centre,sports_centre,tennis,,,West Mersea Tennis Club,,,,0,,0,
65,Colchester,way,38635018,51.9569605,0.9959626,court,pitch,tennis,,,Dedham Lawn Tennis Club,,,,1,,1,
65,Colchester,way,118749639,51.8777414,0.8782745,sports_centre,sports_centre,tennis,,,West End Sports Ground,,,,0,,0,
65,Colchester,way,154417070,51.8738908,0.9716322,court,pitch,tennis,,,,,,,0,,0,
65,Colchester,way,154417071,51.8739264,0.9714172,court,pitch,tennis,,,,,,,0,,0,
65,Colchester,way,154417072,51.8738553,0.9718473,court,pitch,tennis,,,,,,,0,,0,
65,Colchester,way,154417073,51.8738202,0.9720591,court,pitch,tennis,,,,,,,0,,0,
65,Colchester,way,168907797,51.9517496,0.9297716,court,pitch,tennis,,,,,,,0,,0,
65,Colchester,way,190071554,51.8836136,0.8804073,court,pitch,tennis,,,,,,,0,,0,
65,Colchester,way,198576128,51.8826529,0.8167702,court,pitch,tennis,,,,,,,0,,0,
65,Colchester,way,256323775,51.9141325,0.8465847,court,pitch,tennis,,,,,,,0,,0,
65,Colchester,way,277394474,51.8965902,0.8700042,court,pitch,tennis,,,,,,,0,,0,
65,Colchester,way,297615217,51.790503,0.9851957,court,pitch,tennis,,,,,,,0,,0,
65,Colchester,way,396034343,51.8772268,0.8774716,court,pitch,tennis,,,,,,grass,0,,0,
65,Colchester,way,396034344,51.8769877,0.8778895,court,pitch,tennis,,,,,,grass,0,,0,
65,Colchester,way,396034347,51.8769327,0.8777118,court,pitch,tennis,,,,,,grass,0,,0,
65,Colchester,way,396034349,51.8779765,0.8775002,court,pitch,tennis,,,,,,grass,0,,0,
65,Colchester,way,396034350,51.8779206,0.8773191,court,pitch,tennis,,,,,,grass,0,,0,
65,Colchester,way,396034353,51.8778669,0.8771406,court,pitch,tennis,,,,,,grass,0,,0,
65,Colchester,way,396034355,51.8785647,0.8770346,court,pitch,tennis,,,,,,asphalt,0,,0,
65,Colchester,way,396034357,51.8782669,0.8772678,court,pitch,tennis,,,,,,asphalt,0,,0,
65,Colchester,way,396034361,51.87851,0.8768576,court,pitch,tennis,,,,,,asphalt,0,,0,
65,Colchester,way,396034362,51.8782128,0.8770887,court,pitch,tennis,,,,,,asphalt,0,,0,
65,Colchester,way,396034363,51.8773358,0.8778272,court,pitch,tennis,,,,,,grass,0,,0,
65,Colchester,way,396034366,51.8784546,0.8766776,court,pitch,tennis,,,,,,asphalt,0,,0,
65,Colchester,way,396034368,51.8781596,0.8769093,court,pitch,tennis,,,,,,asphalt,0,,0,
65,Colchester,way,396034369,51.877282,0.8776519,court,pitch,tennis,,,,,,grass,0,,0,
65,Colchester,way,396034370,51.8770425,0.8780663,court,pitch,tennis,,,,,,grass,0,,0,
65,Colchester,way,396034373,51.8777414,0.8777229,sports_centre,sports_centre,tennis,,,Leisureworld Tennis Centre,,,,0,,0,
65,Colchester,way,482050620,51.9086064,0.7892427,court,pitch,tennis,,,,,,,0,,0,
65,Colchester,way,482055717,51.8810334,0.8096449,court,pitch,tennis,,,,,,,0,,0,
65,Colchester,way,482058805,51.869653,0.8102958,court,pitch,tennis,,,,,,,0,,0,
65,Colchester,way,482061531,51.8892185,0.7873716,court,pitch,tennis,,,,,,,0,,0,
65,Colchester,way,509889873,51.921357,0.9003626,court,pitch,tennis,,,,,,,0,,0,
65,Colchester,way,509889874,51.9215651,0.8994025,court,pitch,tennis,,,,,,,0,,0,
65,Colchester,way,588971172,51.8749174,0.9504105,sports_centre,sports_centre,tennis,,,,,,,1,Wivenhoe Park,1,Wivenhoe Park
65,Colchester,way,631293755,51.8416741,0.8544877,court,pitch,tennis,,,,,,,0,,0,
65,Colchester,way,631293757,51.8417148,0.8542537,court,pitch,tennis,,,,,,,0,,0,
65,Colchester,way,770390518,51.9565536,0.9908043,court,pitch,tennis,,private,,,,,0,,0,
65,Colchester,way,803402495,51.9073166,0.8999873,court,pitch,tennis,,,,,,,0,,0,
65,Colchester,way,941041392,51.9513109,1.0137291,court,pitch,tennis,,private,,,,concrete,0,,0,
65,Colchester,way,941061207,51.945116,1.0158296,court,pitch,tennis,,private,,,,concrete,0,,0,
65,Colchester,way,993140694,51.9161114,0.7576068,court,pitch,tennis,,,,,,,0,,0,
65,Colchester,way,993140695,51.9137298,0.7485521,court,pitch,tennis,,,,,,,0,,0,
65,Colchester,way,1002271906,51.8450219,0.9468549,court,pitch,tennis,,,,,,,0,,0,
65,Colchester,way,1081635844,51.8334052,0.757635,court,pitch,tennis,,,,,,,0,,0,
65,Colchester,way,1081635845,51.8333885,0.7402951,court,pitch,tennis,,,,,,,0,,0,
65,Colchester,way,1154141363,51.9468398,0.9419966,court,pitch,tennis,,,,,,,0,,0,
65,Colchester,way,1154141364,51.9459783,0.951088,court,pitch,tennis,,,,,,,0,,0,
65,Colchester,way,1154143740,51.8037446,0.8539402,court,pitch,tennis,,,,,,,0,,0,
65,Colchester,way,1154145255,51.8293903,0.8217434,court,pitch,tennis,,,,,,,0,,0,
65,Colchester,way,1154146470,51.8277919,0.7277846,court,pitch,tennis,,,,,,,0,,0,
65,Colchester,way,1154146471,51.8314565,0.7251876,court,pitch,tennis,,,,,,,0,,0,
65,Colchester,way,1154146771,51.8475909,0.8080124,court,pitch,tennis,,,,,,,0,,0,
65,Colchester,way,1154146966,51.8443173,0.8785266,court,pitch,tennis,,,,,,,0,,0,
65,Colchester,way,1154167447,51.8451766,0.9622764,court,pitch,tennis,,,,,,,0,,0,
65,Colchester,way,1162846608,51.9086944,0.8302922,court,pitch,tennis,,private,,,,,0,,0,
65,Colchester,way,1182175944,51.8499244,0.9425518,court,pitch,tennis,,,,,,,0,,0,
65,Colchester,way,1189130180,51.9544438,0.8178336,court,pitch,tennis,,,,,,,0,,0,
65,Colchester,way,1205198560,51.9120996,0.8370432,court,pitch,tennis,,,,,,,0,,0,
65,Colchester,way,1205198562,51.90976,0.8389954,court,pitch,tennis,,,,,,,0,,0,
65,Colchester,way,1205198563,51.9097686,0.843069,court,pitch,tennis,,,,,,,0,,0,
65,Colchester,way,1211007516,51.8939847,0.8432609,court,pitch,tennis,,,,,,,0,,0,
65,Colchester,way,1211007517,51.8931024,0.8447734,court,pitch,tennis,,,,,,,0,,0,
65,Colchester,way,1219571484,51.9534713,0.9842544,court,pitch,tennis,,,,,,,0,,0,
65,Colchester,way,1219571485,51.9508077,0.9810045,court,pitch,tennis,,,,,,,0,,0,
65,Colchester,way,1219571486,51.9429437,0.980404,court,pitch,tennis,,,,,,,0,,0,
65,Colchester,way,1219643065,51.9550051,0.9232277,court,pitch,tennis,,,,,,,0,,0,
65,Colchester,way,1219661205,51.9617439,0.9514133,court,pitch,tennis,,,,,,,0,,0,
65,Colchester,way,1219661206,51.9630376,0.9527219,court,pitch,tennis,,,,,,,0,,0,
65,Colchester,way,1219661207,51.9600676,0.9681502,court,pitch,tennis,,,,,,,0,,0,
65,Colchester,way,1219661208,51.9549813,0.9813639,court,pitch,tennis,,,,,,,0,,0,
65,Colchester,way,1219661209,51.9519649,0.9852789,court,pitch,tennis,,,,,,,0,,0,
65,Colchester,way,1228889862,51.9378922,0.8773662,court,pitch,tennis,,,,,,,0,,0,
65,Colchester,way,1237806764,51.9231556,0.7505043,court,pitch,tennis,,,,,,,0,,0,
65,Colchester,way,1237809584,51.9417593,0.7500577,court,pitch,tennis,,,,,,,0,,0,
65,Colchester,way,1292094878,51.9613595,0.9124562,court,pitch,tennis,,,,,,,0,,0,
65,Colchester,way,1319350240,51.7745212,0.9149209,court,pitch,tennis,,private,,,,,0,,0,
65,Colchester,way,1319350245,51.7745838,0.9157344,court,pitch,tennis,,private,,,,,0,,0,
65,Colchester,way,1319350246,51.7745476,0.9167715,court,pitch,tennis,,private,,,,,0,,0,
65,Colchester,way,1319350268,51.7778275,0.9328974,court,pitch,tennis,,,,,,,0,,0,
65,Colchester,way,1319350345,51.783922,0.9397921,court,pitch,tennis,,private,,,,,0,,0,
65,Colchester,way,1337985036,51.9386303,0.8279041,court,pitch,tennis,,,,,,,0,,0,
65,Colchester,way,1337985043,51.9451297,0.8325113,court,pitch,tennis,,,,,,,0,,0,
65,Colchester,way,1352947026,51.9083828,0.8432724,court,pitch,tennis,,,,,,,0,,0,
65,Colchester,way,1352949058,51.9087205,0.8399908,court,pitch,tennis,,,,,,,0,,0,
65,Colchester,way,1353129995,51.9173004,0.8517828,court,pitch,tennis,,,,,,,0,,0,
65,Colchester,way,1353353629,51.7893049,0.9281544,court,pitch,tennis,,,,,,,0,,0,
65,Colchester,way,1353640597,51.7974966,0.9951423,court,pitch,tennis,,,,,,,0,,0,
65,Colchester,way,1353896039,51.7752825,0.9086187,court,pitch,tennis,,,,,,,0,,0,
65,Colchester,way,1353939639,51.7995759,0.8588688,court,pitch,tennis,,private,,,,,0,,0,
65,Colchester,way,1355678014,51.8212025,0.8857268,court,pitch,tennis,,,,,,,0,,0,
65,Colchester,way,1355678056,51.8335402,0.9053449,court,pitch,tennis,,private,,,,,0,,0,
65,Colchester,way,1355678057,51.8355945,0.9061508,court,pitch,tennis,,,,,,,0,,0,
65,Colchester,way,1355678062,51.8354769,0.9034733,court,pitch,tennis,,,,,,,0,,0,
65,Colchester,way,1355690066,51.8355057,0.9234548,court,pitch,tennis,,,,,,,0,,0,
65,Colchester,way,1362646155,51.9279199,0.8067808,court,pitch,tennis,,,,,,,0,,0,
65,Colchester,way,1362815589,51.874785,0.9501611,court,pitch,tennis,,,,,,,1,Wivenhoe Park,1,Wivenhoe Park
65,Colchester,way,1362899105,51.8748734,0.9503314,court,pitch,tennis,,,,,,,1,Wivenhoe Park,1,Wivenhoe Park
65,Colchester,way,1362899106,51.8749598,0.9504995,court,pitch,tennis,,,,,,,1,Wivenhoe Park,1,Wivenhoe Park
65,Colchester,way,1362899107,51.8750458,0.9506702,court,pitch,tennis,,,,,,,1,Wivenhoe Park,1,Wivenhoe Park
65,Colchester,way,1373122834,51.8986024,0.7448011,court,pitch,tennis,,,,,,,0,,0,
65,Colchester,way,1388096985,51.9024831,0.782645,court,pitch,tennis,,,,,,,0,,0,
65,Colchester,way,1424901587,51.8289985,0.9175313,court,pitch,tennis,,private,,,,,0,,0,
65,Colchester,way,1425698729,51.7973792,0.8701222,court,pitch,tennis,,private,,,,,0,,0,
65,Colchester,way,1445646226,51.9290216,0.8479607,court,pitch,tennis,,private,,,,,0,,0,
65,Colchester,way,1445646251,51.9233505,0.8646243,court,pitch,tennis,,private,,,,,0,,0,
65,Colchester,way,1447025727,51.9409981,0.8642334,court,pitch,tennis,,private,,,,,0,,0,
65,Colchester,way,1447033888,51.9414587,0.8554108,court,pitch,tennis,,private,,,,,0,,0,
65,Colchester,way,1447033910,51.9421485,0.8663878,court,pitch,tennis,,private,,,,,0,,0,
65,Colchester,way,1447033922,51.9430022,0.8769992,court,pitch,tennis,,,,,,,0,,0,
65,Colchester,way,1447033925,51.9437164,0.8822593,court,pitch,tennis,,private,,,,,0,,0,
65,Colchester,way,1447033973,51.9319227,0.8895314,court,pitch,tennis,,private,,,,,0,,0,
65,Colchester,way,1479527563,51.8762077,0.8974281,court,pitch,tennis,,,,,,,0,,0,
65,Colchester,way,1480423849,51.8668284,0.8911647,court,pitch,tennis,,,,,,,0,,0,
65,Colchester,way,1482175302,51.8584661,0.8893133,court,pitch,tennis,,,,,,,0,,0,
65,Colchester,way,1486899582,51.8590857,0.8692491,court,pitch,tennis,,private,,,,,0,,0,
65,Colchester,way,1499768129,51.9510534,0.8496348,court,pitch,tennis,,,,,,,0,,0,
65,Colchester,way,1499768137,51.9515843,0.8527115,court,pitch,tennis,,private,,,,,0,,0,
65,Colchester,way,1499776414,51.9442459,0.8771229,court,pitch,tennis,,,,,,,0,,0,
65,Colchester,way,1499776432,51.9479912,0.8735359,court,pitch,tennis,,private,,,,,0,,0,
65,Colchester,way,1504186695,51.9250229,0.8052161,court,pitch,tennis,,private,,,,grass,0,,0,
65,Colchester,way,1505005208,51.8886088,0.8835855,court,pitch,tennis,,private,,,,,0,,0,
65,Colchester,way,1505005210,51.8890866,0.8829112,court,pitch,tennis,,private,,,,,0,,0,
65,Colchester,way,1505846305,51.8890567,0.8670821,court,pitch,tennis,,private,,,,,0,,0,
65,Colchester,way,1505846307,51.8864949,0.8663089,court,pitch,tennis,,private,,,,,0,,0,
65,Colchester,way,1505854071,51.8865428,0.8716621,court,pitch,tennis,,private,,,,,0,,0,
66,Eastbourne,way,43623474,50.7938624,0.2723443,court,pitch,tennis,,,,,,,1,Hampden Park,1,Hampden Park
66,Eastbourne,way,43623495,50.794243,0.2719853,court,pitch,tennis,,,Hampden Park Tennis Club,,,asphalt,1,Hampden Park,1,Hampden Park
66,Eastbourne,way,43796078,50.770381,0.2733089,court,pitch,tennis,,,,,,,1,Gildredge Park,1,Gildredge Park
66,Eastbourne,way,155698855,50.7580845,0.2634947,court,pitch,tennis,,,,,,,0,,0,
66,Eastbourne,way,155698865,50.7588022,0.2638997,court,pitch,tennis,,,,,,,0,,0,
66,Eastbourne,way,155698867,50.7583247,0.2620783,court,pitch,tennis,,,,,,,0,,0,
66,Eastbourne,way,155698873,50.7581964,0.2615581,court,pitch,tennis,,,,,,,0,,0,
66,Eastbourne,way,291578770,50.7776462,0.305982,court,pitch,tennis,,customers,Fishermens Green Tennis Court,,,asphalt,0,,0,
66,Eastbourne,way,468698723,50.7708326,0.2686083,court,pitch,tennis,,,,,,,1,Gildredge Park,1,Gildredge Park
66,Eastbourne,way,605216225,50.7709127,0.2693722,court,pitch,tennis,,,,,,,1,Gildredge Park,1,Gildredge Park
66,Eastbourne,way,855590579,50.762808,0.2780766,court,pitch,tennis,,no,,,,,0,,0,
66,Eastbourne,way,855590581,50.7652404,0.2706003,court,pitch,tennis,,,,,,,0,,0,
66,Eastbourne,way,855590582,50.7661485,0.2600222,court,pitch,tennis,,,,,,,0,,0,
66,Eastbourne,way,855590584,50.7659496,0.2593239,court,pitch,tennis,,,,,,,0,,0,
66,Eastbourne,way,897343306,50.7729969,0.2549769,court,pitch,tennis,,,,,,asphalt,0,,0,
66,Eastbourne,way,897343309,50.7738148,0.254334,court,pitch,tennis,,,,,,asphalt,0,,0,
66,Eastbourne,way,1041182670,50.7941097,0.2755792,court,pitch,tennis,,,,,,,0,,0,
66,Eastbourne,way,1041182671,50.7938239,0.2753306,court,pitch,tennis,,,,,,,0,,0,
66,Eastbourne,way,1041182672,50.7937278,0.2755437,court,pitch,tennis,,,,,,,0,,0,
66,Eastbourne,way,1204584092,50.7777028,0.3061592,court,pitch,tennis,,customers,Fishermens Green Tennis Court,,,asphalt,0,,0,
66,Eastbourne,way,1204584093,50.7777749,0.3063845,court,pitch,tennis,,customers,Fishermens Green Tennis Court,,,asphalt,0,,0,
66,Eastbourne,way,1204584094,50.7778262,0.3065596,court,pitch,tennis,,customers,Fishermens Green Tennis Court,,,asphalt,0,,0,
66,Eastbourne,way,1491576342,50.7624574,0.2802419,court,pitch,tennis,,,,,,asphalt,0,,0,
67,Exeter,node,12543648675,50.7115179,-3.5172722,court,pitch,tennis,,,Tunnels Tennis Club,,,,0,,0,
67,Exeter,way,9047374,50.7168707,-3.5105923,court,pitch,field_hockey;tennis,,,,,,artificial_turf,0,,0,
67,Exeter,way,37913916,50.7108701,-3.5451318,court,pitch,tennis,,,,,,,1,Cowick Barton Playing Fields,1,Cowick Barton Playing Fields
67,Exeter,way,38161198,50.7191801,-3.5144053,sports_centre,sports_centre,tennis,,,Victoria Park Tennis And Bridge Club,,,,0,,0,
67,Exeter,way,41575405,50.6996273,-3.4951515,court,pitch,tennis,,,,,,,1,King George V Playing Fields,1,King George V Playing Fields
67,Exeter,way,44647043,50.7388138,-3.5365586,court,pitch,tennis,,,Covered Tennis Courts,,,,0,,0,
67,Exeter,way,58233314,50.7098474,-3.4697652,sports_centre,sports_centre,swimming;fitness;cycling;yoga;pilates;tennis,,,David Lloyd Clubs,,,,0,,0,
67,Exeter,way,101184485,50.7354649,-3.5265342,court,pitch,tennis,,,,,,,0,,0,
67,Exeter,way,116453581,50.7256515,-3.5480686,court,pitch,tennis,,,,,,,0,,0,
67,Exeter,way,140394783,50.6845196,-3.4653158,court,pitch,tennis,,yes,,,,asphalt,0,,0,
67,Exeter,way,148855239,50.717484,-3.5106433,court,pitch,tennis,,,,,,artificial_turf,0,,0,
67,Exeter,way,151245628,50.7190173,-3.5142277,court,pitch,tennis,,,,,,,0,,0,
67,Exeter,way,151245632,50.7190997,-3.5146105,court,pitch,tennis,,,,,,clay,0,,0,
67,Exeter,way,151245633,50.7189761,-3.5140373,court,pitch,tennis,,,,,,,0,,0,
67,Exeter,way,151245634,50.7190583,-3.5144182,court,pitch,tennis,,,,,,,0,,0,
67,Exeter,way,186974740,50.7226476,-3.4979441,court,pitch,tennis,,,,,,asphalt,1,Heavitree Pleasure Ground,1,Heavitree Pleasure Ground
67,Exeter,way,186974741,50.7225809,-3.4986865,court,pitch,tennis,,yes,,,,asphalt,1,Heavitree Pleasure Ground,1,Heavitree Pleasure Ground
67,Exeter,way,188357891,50.7183448,-3.4805387,court,pitch,tennis;netball,,private,,,,asphalt,0,,0,
67,Exeter,way,307367560,50.6998796,-3.4870835,court,pitch,tennis,,,,,,,0,,0,
67,Exeter,way,374843917,50.7072091,-3.490902,court,pitch,tennis,,,,,,,0,,0,
67,Exeter,way,374843918,50.7075571,-3.4903245,court,pitch,tennis,,,,,,,0,,0,
67,Exeter,way,391577166,50.7334006,-3.4883733,court,pitch,tennis,,,,,,,1,Summerway Park,1,Summerway Park
67,Exeter,way,473666738,50.6845947,-3.4646226,court,pitch,tennis,,yes,,,,asphalt,0,,0,
67,Exeter,way,482475133,50.7313468,-3.4640934,court,pitch,tennis;soccer,,,,,,hard,0,,0,
67,Exeter,way,490140648,50.7339549,-3.5278247,court,pitch,tennis,,,,,,,0,,0,
67,Exeter,way,520069225,50.7307261,-3.471376,court,pitch,tennis,,,,,,,0,,0,
67,Exeter,way,520099004,50.7323397,-3.4787115,court,pitch,tennis,,,,,,,0,,0,
67,Exeter,way,520099005,50.7321792,-3.478604,court,pitch,tennis,,,,,,,0,,0,
67,Exeter,way,520099006,50.7320187,-3.478502,court,pitch,tennis,,,,,,,0,,0,
67,Exeter,way,520099007,50.7318738,-3.4784124,court,pitch,tennis,,,,,,,0,,0,
67,Exeter,way,527460462,50.7097729,-3.470506,court,pitch,tennis,,customers,,,,,0,,0,
67,Exeter,way,527460463,50.7098311,-3.4703098,court,pitch,tennis,,customers,,,,,0,,0,
67,Exeter,way,527460464,50.7099856,-3.4701543,court,pitch,tennis,,customers,,,,,0,,0,
67,Exeter,way,725303148,50.7296389,-3.5377937,court,pitch,tennis,,,,,,tartan,0,,0,
67,Exeter,way,1074231817,50.679543,-3.4591684,court,pitch,tennis,,,,,,,0,,0,
67,Exeter,way,1112909645,50.722571,-3.4988679,court,pitch,tennis,,yes,,,,asphalt,1,Heavitree Pleasure Ground,1,Heavitree Pleasure Ground
67,Exeter,way,1112909646,50.7225861,-3.4986704,court,pitch,tennis,,yes,,,,asphalt,1,Heavitree Pleasure Ground,1,Heavitree Pleasure Ground
67,Exeter,way,1112909647,50.7226033,-3.498474,court,pitch,tennis,,yes,,,,asphalt,1,Heavitree Pleasure Ground,1,Heavitree Pleasure Ground
67,Exeter,way,1112909648,50.7226387,-3.4981296,court,pitch,tennis,,yes,,,,asphalt,1,Heavitree Pleasure Ground,1,Heavitree Pleasure Ground
67,Exeter,way,1112909649,50.7226555,-3.4979287,court,pitch,tennis,,yes,,,,asphalt,1,Heavitree Pleasure Ground,1,Heavitree Pleasure Ground
67,Exeter,way,1112909650,50.7226717,-3.4977343,court,pitch,tennis,,yes,,,,asphalt,1,Heavitree Pleasure Ground,1,Heavitree Pleasure Ground
67,Exeter,way,1163498575,50.7282805,-3.5561092,court,pitch,tennis,,,,,,,1,,1,
67,Exeter,way,1265639581,50.7384519,-3.4957291,court,pitch,tennis,,,St James School Tennis Court,,,,0,,0,
67,Exeter,way,1355370643,50.7114357,-3.5174167,court,pitch,tennis,,,,,,asphalt,0,,0,
67,Exeter,way,1355370644,50.7111115,-3.5171976,court,pitch,tennis,,,,,,asphalt,0,,0,
67,Exeter,way,1383057363,50.6923989,-3.5107317,court,pitch,tennis,,private,,,,,0,,0,
68,Cheltenham,way,156430644,51.8701512,-2.0740963,court,pitch,tennis,,,,,,,0,,0,
68,Cheltenham,way,166265096,51.896581,-2.0847703,court,pitch,tennis,,,,,,grass,0,,0,
68,Cheltenham,way,166338304,51.8943417,-2.0811513,court,pitch,tennis,,yes,Court 1,,,asphalt,1,Montpellier Gardens,1,Montpellier Gardens
68,Cheltenham,way,166837242,51.8906286,-2.1250012,court,pitch,tennis,,,,,,asphalt,0,,0,
68,Cheltenham,way,167839172,51.9119258,-2.064141,court,pitch,tennis,,private,,,,asphalt,0,,0,
68,Cheltenham,way,168250283,51.9129642,-2.0510957,court,pitch,tennis,,,,,,,0,,0,
68,Cheltenham,way,169243396,51.8866432,-2.0996986,court,pitch,tennis,,,,,,asphalt,0,,0,
68,Cheltenham,way,169391852,51.8921893,-2.1034726,court,pitch,tennis,,,,,,asphalt,0,,0,
68,Cheltenham,way,227392284,51.887332,-2.0732044,court,pitch,tennis;soccer,,,,,,rubber,0,,0,
68,Cheltenham,way,227392536,51.8865768,-2.0681972,court,pitch,tennis,,,,,,,0,,0,
68,Cheltenham,way,227392537,51.8862204,-2.0680299,court,pitch,tennis,,,,,,,0,,0,
68,Cheltenham,way,227392538,51.8861421,-2.0673879,court,pitch,tennis,,,,,,,0,,0,
68,Cheltenham,way,227392539,51.8868585,-2.0671036,court,pitch,tennis,,,,,,,0,,0,
68,Cheltenham,way,227392540,51.8864639,-2.0671511,court,pitch,tennis,,,,,,,0,,0,
68,Cheltenham,way,227392541,51.8873017,-2.0679947,court,pitch,tennis,,,,,,,0,,0,
68,Cheltenham,way,227392542,51.8860612,-2.0666288,court,pitch,tennis,,,,,,,0,,0,
68,Cheltenham,way,227392543,51.8871948,-2.0669999,court,pitch,tennis,,,,,,,0,,0,
68,Cheltenham,way,227392544,51.8865042,-2.0675664,court,pitch,tennis,,,,,,,0,,0,
68,Cheltenham,way,227393157,51.8912019,-2.0530042,court,pitch,tennis,,,,,,,0,,0,
68,Cheltenham,way,227393164,51.8909958,-2.0522915,court,pitch,tennis,,,,,,,0,,0,
68,Cheltenham,way,233567729,51.8912005,-2.0997435,court,pitch,tennis,,private,,,,,0,,0,
68,Cheltenham,way,260726259,51.9107129,-2.0694688,court,pitch,tennis,,,,,,rubber,1,Pittville Park,1,Pittville Park
68,Cheltenham,way,260726260,51.9106617,-2.0698773,court,pitch,tennis,,,,,,rubber,1,Pittville Park,1,Pittville Park
68,Cheltenham,way,260726261,51.9106865,-2.0696764,court,pitch,tennis,,,,,,rubber,1,Pittville Park,1,Pittville Park
68,Cheltenham,way,260924079,51.8868797,-2.0672574,sports_centre,sports_centre,tennis,,,East Glos Club,,,,0,,0,
68,Cheltenham,way,261828175,51.895691,-2.0916819,sports_centre,sports_centre,tennis;netball,,,Cheltenham Ladies' College Well Place Courts,,,,0,,0,
68,Cheltenham,way,262007543,51.905062,-2.1154286,court,pitch,tennis,,,,,,,0,,0,
68,Cheltenham,way,263389351,51.9250315,-2.0918975,court,pitch,tennis,,,,,,,0,,0,
68,Cheltenham,way,264967829,51.8955708,-2.1322753,court,pitch,tennis,,,,,,,0,,0,
68,Cheltenham,way,392356387,51.9118887,-2.0637402,court,pitch,tennis,,private,,,,asphalt,0,,0,
68,Cheltenham,way,392356403,51.9118181,-2.0631286,court,pitch,tennis,,private,,,,asphalt,0,,0,
68,Cheltenham,way,392356417,51.911868,-2.063537,court,pitch,tennis,,private,,,,asphalt,0,,0,
68,Cheltenham,way,392356428,51.911913,-2.0639433,court,pitch,tennis,,private,,,,asphalt,0,,0,
68,Cheltenham,way,392356432,51.911851,-2.0633337,court,pitch,tennis,,private,,,,asphalt,0,,0,
68,Cheltenham,way,392528955,51.8929426,-2.1068289,court,pitch,tennis,,,,,,asphalt,0,,0,
68,Cheltenham,way,392528956,51.8927628,-2.1073755,court,pitch,tennis,,,,,,asphalt,0,,0,
68,Cheltenham,way,392528957,51.8930095,-2.1066524,court,pitch,tennis,,,,,,asphalt,0,,0,
68,Cheltenham,way,392528958,51.8928188,-2.1071925,court,pitch,tennis,,,,,,asphalt,0,,0,
68,Cheltenham,way,392528959,51.8928835,-2.1070118,court,pitch,tennis,,,,,,asphalt,0,,0,
68,Cheltenham,way,392528960,51.8921795,-2.1032702,court,pitch,tennis,,,,,,asphalt,0,,0,
68,Cheltenham,way,392528962,51.8926945,-2.1075541,court,pitch,tennis,,,,,,asphalt,0,,0,
68,Cheltenham,way,392528963,51.8921605,-2.1028491,court,pitch,tennis,,,,,,asphalt,0,,0,
68,Cheltenham,way,392528964,51.8921724,-2.1030635,court,pitch,tennis,,,,,,asphalt,0,,0,
68,Cheltenham,way,397701155,51.8951285,-2.0911729,court,pitch,tennis,,,,,,,0,,0,
68,Cheltenham,way,397701157,51.8953939,-2.0916663,court,pitch,tennis,,,,,,,0,,0,
68,Cheltenham,way,397701159,51.8954751,-2.0918412,court,pitch,tennis,,,,,,,0,,0,
68,Cheltenham,way,397701167,51.8950045,-2.0915285,court,pitch,tennis,,,,,,,0,,0,
68,Cheltenham,way,397701168,51.8960775,-2.0913975,court,pitch,tennis,,,,,,,0,,0,
68,Cheltenham,way,397701170,51.896174,-2.0912673,court,pitch,tennis,,,,,,,0,,0,
68,Cheltenham,way,397701172,51.895414,-2.0923026,court,pitch,tennis,,,,,,,0,,0,
68,Cheltenham,way,397701174,51.8952072,-2.0919202,court,pitch,tennis,,,,,,,0,,0,
68,Cheltenham,way,397701178,51.8952153,-2.0913427,court,pitch,tennis,,,,,,,0,,0,
68,Cheltenham,way,397701180,51.8958934,-2.0917255,court,pitch,tennis,,,,,,,0,,0,
68,Cheltenham,way,397701182,51.8962761,-2.0911348,court,pitch,tennis,,,,,,,0,,0,
68,Cheltenham,way,397701183,51.8956521,-2.0921695,court,pitch,tennis,,,,,,,0,,0,
68,Cheltenham,way,397701185,51.8957454,-2.0913716,court,pitch,tennis,,,,,,,0,,0,
68,Cheltenham,way,397701187,51.8958185,-2.0915505,court,pitch,tennis,,,,,,,0,,0,
68,Cheltenham,way,397701193,51.8955652,-2.0920044,court,pitch,tennis,,,,,,,0,,0,
68,Cheltenham,way,397701197,51.8952998,-2.0915071,court,pitch,tennis,,,,,,,0,,0,
68,Cheltenham,way,397849879,51.8954123,-2.0911132,court,pitch,tennis,,,,,,,0,,0,
68,Cheltenham,way,398266441,51.8864891,-2.0993166,court,pitch,tennis,,,,,,asphalt,0,,0,
68,Cheltenham,way,398266442,51.8865658,-2.0995079,court,pitch,tennis,,,,,,asphalt,0,,0,
68,Cheltenham,way,398266443,51.8860348,-2.0990839,court,pitch,tennis,,,,,,asphalt,0,,0,
68,Cheltenham,way,398266446,51.8863692,-2.0998843,court,pitch,tennis,,,,,,asphalt,0,,0,
68,Cheltenham,way,398266449,51.8862883,-2.0996879,court,pitch,tennis,,,,,,asphalt,0,,0,
68,Cheltenham,way,398266451,51.8861161,-2.099273,court,pitch,tennis,,,,,,asphalt,0,,0,
68,Cheltenham,way,398266454,51.886205,-2.099493,court,pitch,tennis,,,,,,asphalt,0,,0,
68,Cheltenham,way,405842765,51.9198566,-2.075335,court,pitch,tennis,,,,,,,0,,0,
68,Cheltenham,way,406379261,51.8857044,-2.0921497,court,pitch,tennis,,,,,,,0,,0,
68,Cheltenham,way,643181371,51.8834122,-2.0654211,court,pitch,tennis,,,,,,,0,,0,
68,Cheltenham,way,643181387,51.8845504,-2.0641023,court,pitch,tennis,,,,,,,0,,0,
68,Cheltenham,way,643181388,51.8841963,-2.0630508,court,pitch,tennis,,,,,,,0,,0,
68,Cheltenham,way,643181389,51.8843236,-2.0635385,court,pitch,tennis,,,,,,,0,,0,
68,Cheltenham,way,808064198,51.8764752,-2.0295108,court,pitch,tennis,,,,,,,0,,0,
68,Cheltenham,way,808064199,51.8787942,-2.032751,court,pitch,tennis,,,,,,,0,,0,
68,Cheltenham,way,808098032,51.8887557,-2.0388597,court,pitch,tennis,,,,,,,0,,0,
68,Cheltenham,way,813722194,51.8813987,-2.0414219,court,pitch,tennis,,,,,,,0,,0,
68,Cheltenham,way,813722200,51.8853905,-2.0441504,court,pitch,tennis,,private,,,,,0,,0,
68,Cheltenham,way,817292417,51.8952001,-2.0455155,court,pitch,tennis,,,,,,,0,,0,
68,Cheltenham,way,846993783,51.8940348,-2.0801205,court,pitch,tennis,,yes,Court 6,,,asphalt,1,Montpellier Gardens,1,Montpellier Gardens
68,Cheltenham,way,846993784,51.894097,-2.0803292,court,pitch,tennis,,yes,Court 5,,,asphalt,1,Montpellier Gardens,1,Montpellier Gardens
68,Cheltenham,way,846993785,51.8942193,-2.0807403,court,pitch,tennis,,yes,Court 3,,,asphalt,1,Montpellier Gardens,1,Montpellier Gardens
68,Cheltenham,way,846993786,51.89428,-2.0809438,court,pitch,tennis,,yes,Court 2,,,asphalt,1,Montpellier Gardens,1,Montpellier Gardens
68,Cheltenham,way,846993787,51.8941569,-2.0805306,court,pitch,tennis,,yes,Court 4,,,asphalt,1,Montpellier Gardens,1,Montpellier Gardens
68,Cheltenham,way,942006236,51.8783018,-2.0816017,court,pitch,tennis,,,,,,grass,0,,0,
68,Cheltenham,way,942006237,51.878355,-2.0818334,court,pitch,tennis,,,,,,grass,0,,0,
68,Cheltenham,way,942008394,51.8785357,-2.081709,court,pitch,tennis,,,,,,grass,0,,0,
68,Cheltenham,way,1078072230,51.8680773,-2.0683694,court,pitch,tennis,,,,,,,0,,0,
68,Cheltenham,way,1274635047,51.877555,-2.091864,court,pitch,basketball;tennis,,customers,,,,,0,,0,
68,Cheltenham,way,1274635048,51.8773811,-2.0917882,court,pitch,basketball;tennis,,customers,,,,,0,,0,
68,Cheltenham,way,1274635049,51.8772073,-2.0917123,court,pitch,basketball;tennis,,customers,,,,,0,,0,
68,Cheltenham,way,1412611789,51.9139372,-2.1098446,court,pitch,tennis,,,,,,asphalt,0,,0,
69,Torquay/Paignton,way,27778916,50.4635499,-3.5380396,court,pitch,tennis,,,,,,tartan,0,,0,
69,Torquay/Paignton,way,27778917,50.463916,-3.5383132,court,pitch,tennis,,,,,,,0,,0,
69,Torquay/Paignton,way,28132550,50.4385596,-3.5658226,court,pitch,tennis,,,,,,asphalt,1,Victoria Park,1,Victoria Park
69,Torquay/Paignton,way,31150174,50.4775731,-3.5188503,court,pitch,tennis,,,,,,,1,Lyme Bay and Torbay Special Area of Conservation,1,Lyme Bay and Torbay Special Area of Conservation
69,Torquay/Paignton,way,118764216,50.3964756,-3.5181141,court,pitch,tennis,,,,,,,1,Lyme Bay and Torbay Special Area of Conservation,1,Lyme Bay and Torbay Special Area of Conservation
69,Torquay/Paignton,way,122552459,50.3851974,-3.5180857,court,pitch,tennis,,,,,,,1,St. Marys Park,1,St. Marys Park
69,Torquay/Paignton,way,122552460,50.3851973,-3.5182854,court,pitch,tennis,,,,,,,1,St. Marys Park,1,St. Marys Park
69,Torquay/Paignton,way,122552461,50.3851971,-3.5184796,court,pitch,tennis,,,,,,,1,St. Marys Park,1,St. Marys Park
69,Torquay/Paignton,way,122552462,50.385196,-3.5186871,court,pitch,tennis,,,,,,,1,St. Marys Park,1,St. Marys Park
69,Torquay/Paignton,way,170435726,50.4800089,-3.5566979,court,pitch,tennis,,,,,,,0,,0,
69,Torquay/Paignton,way,175846635,50.4314304,-3.5696997,court,pitch,tennis,,,,,,,0,,0,
69,Torquay/Paignton,way,175846636,50.4314663,-3.5695024,court,pitch,tennis,,,,,,,0,,0,
69,Torquay/Paignton,way,176532200,50.3963342,-3.5429561,court,pitch,tennis,,,,,,asphalt,1,Lyme Bay and Torbay Special Area of Conservation,1,Lyme Bay and Torbay Special Area of Conservation
69,Torquay/Paignton,way,178156519,50.4303224,-3.6172644,court,pitch,tennis,,,,,,,0,,0,
69,Torquay/Paignton,way,179940899,50.4141846,-3.5663438,court,pitch,tennis,,,,,,,0,,0,
69,Torquay/Paignton,way,188585992,50.4589758,-3.5420372,court,pitch,tennis,,private,,,,,0,,0,
69,Torquay/Paignton,way,190708854,50.4762774,-3.5585575,court,pitch,tennis,,,,,,artificial_turf,0,,0,
69,Torquay/Paignton,way,190708857,50.4758399,-3.5521477,court,pitch,tennis,,,,,,,0,,0,
69,Torquay/Paignton,way,193285436,50.4798061,-3.5419294,court,pitch,tennis,,,,,,,0,,0,
69,Torquay/Paignton,way,194771266,50.4660875,-3.5398079,court,pitch,tennis,,,,,,paved,0,,0,
69,Torquay/Paignton,way,194771270,50.4652835,-3.5402631,court,pitch,tennis,,,,,,paved,0,,0,
69,Torquay/Paignton,way,201779350,50.4425648,-3.5660601,court,pitch,tennis,,,,,,,0,,0,
69,Torquay/Paignton,way,204562415,50.4971043,-3.524848,court,pitch,tennis,,,,,,,0,,0,
69,Torquay/Paignton,way,204667737,50.500862,-3.5270138,court,pitch,tennis,,,,,,,0,,0,
69,Torquay/Paignton,way,204667738,50.4990078,-3.5178437,court,pitch,tennis,,,,,,,0,,0,
69,Torquay/Paignton,way,205234635,50.468406,-3.4974596,court,pitch,tennis,,,,,,,1,Stoodley Knowle School (Closed),1,Stoodley Knowle School (Closed)
69,Torquay/Paignton,way,205234639,50.4681867,-3.4967349,court,pitch,tennis,,,,,,,1,Stoodley Knowle School (Closed),1,Stoodley Knowle School (Closed)
69,Torquay/Paignton,way,312562758,50.3969093,-3.5592341,court,pitch,tennis,,,,,,,1,Lyme Bay and Torbay Special Area of Conservation,1,Lyme Bay and Torbay Special Area of Conservation
69,Torquay/Paignton,way,1003084246,50.4578133,-3.5221029,court,pitch,tennis,,,,,,,1,Lyme Bay and Torbay Special Area of Conservation,1,Lyme Bay and Torbay Special Area of Conservation
69,Torquay/Paignton,way,1003084247,50.4577394,-3.5216321,court,pitch,tennis,,,,,,,1,Lyme Bay and Torbay Special Area of Conservation,1,Lyme Bay and Torbay Special Area of Conservation
69,Torquay/Paignton,way,1038812176,50.3840329,-3.5451067,court,pitch,tennis,,,,,,,1,Lyme Bay and Torbay Special Area of Conservation,1,Lyme Bay and Torbay Special Area of Conservation
69,Torquay/Paignton,way,1039814242,50.4370263,-3.6082876,court,pitch,tennis,,,,,,,0,,0,
69,Torquay/Paignton,way,1190197574,50.4578068,-3.5091382,court,pitch,tennis,,,,,,,1,Lyme Bay and Torbay Special Area of Conservation,1,Lyme Bay and Torbay Special Area of Conservation
69,Torquay/Paignton,way,1475008518,50.4654434,-3.5357305,court,pitch,tennis,,,,,,,0,,0,
69,Torquay/Paignton,way,1475008519,50.4653692,-3.5359069,court,pitch,tennis,,,,,,,0,,0,
69,Torquay/Paignton,way,1475008520,50.4657179,-3.5360154,court,pitch,tennis,,,,,,,0,,0,
69,Torquay/Paignton,way,1475008521,50.4656436,-3.5361917,court,pitch,tennis,,,,,,,0,,0,
69,Torquay/Paignton,way,1475008522,50.4660662,-3.5365251,court,pitch,tennis,,,,,,,0,,0,
69,Torquay/Paignton,way,1475008523,50.4659371,-3.5363947,court,pitch,tennis,,,,,,,0,,0,
69,Torquay/Paignton,way,1475008524,50.4663278,-3.5368934,court,pitch,tennis,,,,,,,0,,0,
69,Torquay/Paignton,way,1475008525,50.4661993,-3.5367659,court,pitch,tennis,,,,,,,0,,0,
70,Lincoln,way,157701528,53.2365212,-0.5322876,sports_centre,sports_centre,tennis;squash;bowls,,,Eastgate Tennis Club,,,,0,,0,
70,Lincoln,way,219030195,53.2349984,-0.560291,court,pitch,tennis,,,,,,,0,,0,
70,Lincoln,way,219030196,53.2349922,-0.5600643,court,pitch,tennis,,,,,,,0,,0,
70,Lincoln,way,219030197,53.2350014,-0.5605182,court,pitch,tennis,,,,,,,0,,0,
70,Lincoln,way,219033480,53.1956031,-0.5735676,court,pitch,tennis,,,,,,,0,,0,
70,Lincoln,way,219033482,53.1958192,-0.5732154,court,pitch,tennis,,,,,,,0,,0,
70,Lincoln,way,219033483,53.1955008,-0.5737066,court,pitch,tennis,,,,,,,0,,0,
70,Lincoln,way,219033484,53.1960187,-0.5729354,court,pitch,tennis,,,,,,,0,,0,
70,Lincoln,way,219033485,53.1957046,-0.5734272,court,pitch,tennis,,,,,,,0,,0,
70,Lincoln,way,219033487,53.1959199,-0.5730664,court,pitch,tennis,,,,,,,0,,0,
70,Lincoln,way,464078119,53.2036554,-0.5717885,court,pitch,tennis,,,,,,,0,,0,
70,Lincoln,way,907176276,53.2353284,-0.5602527,court,pitch,tennis,,,,,,,0,,0,
70,Lincoln,way,907176277,53.2353348,-0.5604795,court,pitch,tennis,,,,,,,0,,0,
70,Lincoln,way,907176278,53.2353377,-0.5607068,court,pitch,tennis,,,,,,,0,,0,
71,Chesterfield,way,177689339,53.2414715,-1.4392149,sports_centre,sports_centre,tennis,,,Chesterfield Lawn Tennis Club,,,,0,,0,
71,Chesterfield,way,485654583,53.2500844,-1.4451431,court,pitch,tennis,,,,,,,0,,0,
71,Chesterfield,way,514318857,53.231375,-1.4328049,court,pitch,tennis,,,,,,,0,,0,
71,Chesterfield,way,696991653,53.2530862,-1.4585741,court,pitch,tennis,,private,,,,,0,,0,
71,Chesterfield,way,696991654,53.2523001,-1.4566196,court,pitch,tennis,,,,,,,0,,0,
71,Chesterfield,way,723084836,53.2229743,-1.4063136,court,pitch,tennis,,,,,,,1,Eastwood Park,1,Eastwood Park
71,Chesterfield,way,755179490,53.2415166,-1.438688,court,pitch,tennis,,,,,,grass,0,,0,
71,Chesterfield,way,755179491,53.2412408,-1.4389258,court,pitch,tennis,,,,,,grass,0,,0,
71,Chesterfield,way,755179492,53.2411805,-1.4387113,court,pitch,tennis,,,,,,grass,0,,0,
71,Chesterfield,way,755179493,53.2409076,-1.4389706,court,pitch,tennis,,,,,,grass,0,,0,
71,Chesterfield,way,755179494,53.2409648,-1.4391725,court,pitch,tennis,,,,,,grass,0,,0,
71,Chesterfield,way,755179495,53.2410255,-1.439378,court,pitch,tennis,,,,,,grass,0,,0,
71,Chesterfield,way,755179496,53.2411192,-1.4396979,court,pitch,tennis,,,,,,grass,0,,0,
71,Chesterfield,way,758129359,53.225514,-1.4732177,court,pitch,tennis,,,,,,,0,,0,
71,Chesterfield,way,758341113,53.2305638,-1.4741059,court,pitch,tennis,,private,,,,,0,,0,
71,Chesterfield,way,825496191,53.2298174,-1.4375763,court,pitch,tennis,,,,,,asphalt,0,,0,
71,Chesterfield,way,825496192,53.2297368,-1.4382256,court,pitch,tennis,,,,,,asphalt,0,,0,
71,Chesterfield,way,977496455,53.2291687,-1.4719401,court,pitch,tennis,,private,,,,,0,,0,
71,Chesterfield,way,1055098903,53.2547929,-1.4699157,court,pitch,tennis,,private,,,,,1,,1,
72,Chelmsford,way,92150711,51.7548936,0.4612829,court,pitch,tennis,,,,,,,1,Andrews Park,1,Andrews Park
72,Chelmsford,way,92150806,51.7510939,0.4507184,court,pitch,tennis,,,,,,,1,Melbourne Park,1,Melbourne Park
72,Chelmsford,way,94231939,51.8023759,0.4083312,court,pitch,tennis,,,,,,,0,,0,
72,Chelmsford,way,111320079,51.7404196,0.440834,sports_centre,sports_centre,soccer;tennis;cricket,sport,,Old Chelmsfordians,,,,0,,0,
72,Chelmsford,way,138183095,51.7058009,0.4689612,court,pitch,tennis,,,,,,asphalt,1,Chelmer Park,1,Chelmer Park
72,Chelmsford,way,142382538,51.7383247,0.4268595,court,pitch,tennis,,,,,,,0,,0,
72,Chelmsford,way,158298695,51.6903891,0.4170932,court,pitch,tennis,,,,,,,0,,0,
72,Chelmsford,way,161671828,51.7438934,0.4685016,court,pitch,tennis,,,,,,paved,0,,0,
72,Chelmsford,way,182392297,51.6546908,0.5204571,court,pitch,tennis,,private,,,,,0,,0,
72,Chelmsford,way,197866272,51.7143695,0.5776071,court,pitch,tennis,,,,,,,0,,0,
72,Chelmsford,way,198043606,51.8441457,0.5197626,court,pitch,tennis,,,,,,,0,,0,
72,Chelmsford,way,209859449,51.6220019,0.5331426,court,pitch,tennis,,private,,,,,0,,0,
72,Chelmsford,way,217926930,51.7379169,0.4865521,court,pitch,tennis,,,,,,asphalt,0,,0,
72,Chelmsford,way,217927016,51.7378298,0.4863585,court,pitch,tennis,,,,,,asphalt,0,,0,
72,Chelmsford,way,217927384,51.7371877,0.4868093,court,pitch,tennis,,,,,,asphalt,0,,0,
72,Chelmsford,way,217927385,51.7370651,0.4868244,court,pitch,tennis,,,,,,asphalt,0,,0,
72,Chelmsford,way,229074499,51.7648842,0.5073603,sports_centre,sports_centre,basketball;football;tennis;badminton;netball;multi,,,Fitness Suite & Changing Rooms,New Hall School Sports Dept.,,,0,,0,
72,Chelmsford,way,231695434,51.7385021,0.5875807,court,pitch,tennis,,no,,,,,0,,0,
72,Chelmsford,way,254821429,51.7333619,0.4627046,court,pitch,tennis,,,,,,decoturf,1,Central Park,1,Central Park
72,Chelmsford,way,254821443,51.740691,0.4409941,court,pitch,tennis,,,,,,,0,,0,
72,Chelmsford,way,254821450,51.7406077,0.441467,court,pitch,tennis,,,,,,,0,,0,
72,Chelmsford,way,288424696,51.7721471,0.4656606,court,pitch,tennis,,,,,,,0,,0,
72,Chelmsford,way,290928729,51.7402313,0.5190306,court,pitch,tennis,,,,,,,1,Chancellor Park Sports Area,1,Chancellor Park Sports Area
72,Chelmsford,way,290928735,51.740168,0.5182544,court,pitch,tennis,,,,,,,1,Chancellor Park Sports Area,1,Chancellor Park Sports Area
72,Chelmsford,way,299927251,51.7297353,0.4414456,court,pitch,tennis;netball;basketball,,,,,,,0,,0,
72,Chelmsford,way,317883030,51.7548892,0.4615109,court,pitch,tennis,,,,,,,1,Andrews Park,1,Andrews Park
72,Chelmsford,way,320388611,51.7507769,0.4507788,court,pitch,tennis,,,,,,,1,Melbourne Park,1,Melbourne Park
72,Chelmsford,way,374868841,51.7190974,0.4700157,court,pitch,tennis,,,,,,,0,,0,
72,Chelmsford,way,378883247,51.7529704,0.5719692,court,pitch,tennis,,private,,,,,0,,0,
72,Chelmsford,way,378883249,51.7563454,0.5430811,court,pitch,tennis,,,,,,,0,,0,
72,Chelmsford,way,378883250,51.7562901,0.5446899,court,pitch,tennis,,,,,,,0,,0,
72,Chelmsford,way,378883251,51.7568987,0.5449496,court,pitch,tennis,,,,,,,0,,0,
72,Chelmsford,way,378883253,51.7568556,0.5438231,court,pitch,tennis,,,,,,,0,,0,
72,Chelmsford,way,379679724,51.7438641,0.5830549,court,pitch,tennis,,no,,,,,0,,0,
72,Chelmsford,way,379679725,51.7432515,0.5836781,court,pitch,tennis,,no,,,,,0,,0,
72,Chelmsford,way,379679741,51.7358668,0.5826243,court,pitch,tennis,,no,,,,,1,,1,
72,Chelmsford,way,379679760,51.7293282,0.5766596,court,pitch,tennis,,no,,,,,0,,0,
72,Chelmsford,way,379679761,51.7283049,0.575839,court,pitch,tennis,,no,,,,,0,,0,
72,Chelmsford,way,379679762,51.7280473,0.5755666,court,pitch,tennis,,no,,,,,0,,0,
72,Chelmsford,way,379679769,51.7256173,0.5841402,court,pitch,tennis,,no,,,,,0,,0,
72,Chelmsford,way,395349564,51.6834992,0.4928376,court,pitch,tennis,,,,,,,0,,0,
72,Chelmsford,way,395349568,51.675135,0.47911,court,pitch,tennis,,,,,,,0,,0,
72,Chelmsford,way,395349571,51.6725945,0.5020988,court,pitch,tennis,,,,,,,0,,0,
72,Chelmsford,way,395349576,51.6685631,0.502261,court,pitch,tennis,,,,,,,0,,0,
72,Chelmsford,way,403642512,51.7791096,0.3608866,court,pitch,tennis,,,,,,,0,,0,
72,Chelmsford,way,471400234,51.7635506,0.5077772,court,pitch,tennis,,,,,,,0,,0,
72,Chelmsford,way,471400235,51.7638204,0.5073009,court,pitch,tennis,,,,,,,0,,0,
72,Chelmsford,way,471400236,51.763863,0.5079248,court,pitch,tennis,,,,,,,0,,0,
72,Chelmsford,way,471400237,51.7635633,0.5079826,court,pitch,tennis,,,,,,,0,,0,
72,Chelmsford,way,471400238,51.7638345,0.5075126,court,pitch,tennis,,,,,,,0,,0,
72,Chelmsford,way,471400239,51.7635248,0.5073512,court,pitch,tennis,,,,,,,0,,0,
72,Chelmsford,way,471400240,51.7635358,0.5075596,court,pitch,tennis,,,,,,,0,,0,
72,Chelmsford,way,471400241,51.7638469,0.5077312,court,pitch,tennis,,,,,,,0,,0,
72,Chelmsford,way,471400242,51.7638769,0.5081292,court,pitch,tennis,,,,,,,0,,0,
72,Chelmsford,way,471400243,51.7635773,0.5081978,court,pitch,tennis,,,,,,,0,,0,
72,Chelmsford,way,544465534,51.6468146,0.6211543,court,pitch,tennis,,,,,,,0,,0,
72,Chelmsford,way,544465535,51.6464997,0.621056,court,pitch,tennis,,,,,,,0,,0,
72,Chelmsford,way,584466635,51.7191261,0.4940346,court,pitch,multi;soccer;tennis,,,,,,concrete,1,Great Baddow Recreation Ground & Noakes Place,1,Great Baddow Recreation Ground & Noakes Place
72,Chelmsford,way,584466636,51.7194839,0.4938535,court,pitch,multi;soccer;tennis,,,,,,concrete,1,Great Baddow Recreation Ground & Noakes Place,1,Great Baddow Recreation Ground & Noakes Place
72,Chelmsford,way,584466637,51.7194363,0.4941581,court,pitch,multi;soccer;tennis,,,,,,concrete,1,Great Baddow Recreation Ground & Noakes Place,1,Great Baddow Recreation Ground & Noakes Place
72,Chelmsford,way,584466641,51.7196713,0.4946513,court,pitch,tennis,,,,,,grass,1,Great Baddow Recreation Ground & Noakes Place,1,Great Baddow Recreation Ground & Noakes Place
72,Chelmsford,way,590040443,51.734438,0.4351576,court,pitch,tennis,,,,,,,0,,0,
72,Chelmsford,way,590040444,51.7341885,0.4361234,court,pitch,tennis,,,,,,grass,0,,0,
72,Chelmsford,way,608993977,51.7218314,0.4676203,sports_centre,sports_centre,tennis,,,Grove Lawn Tennis Club,,,,0,,0,
72,Chelmsford,way,608993978,51.7220255,0.4671065,court,pitch,tennis,,private,,,,tartan,0,,0,
72,Chelmsford,way,608993979,51.7219316,0.4675067,court,pitch,tennis,,private,,,,tartan,0,,0,
72,Chelmsford,way,608993980,51.721775,0.4671662,court,pitch,tennis,,private,,,,tartan,0,,0,
72,Chelmsford,way,610073550,51.7110289,0.5155616,sports_centre,sports_centre,tennis,,,Great Baddow Lawn Tennis Club,,,,0,,0,
72,Chelmsford,way,617008704,51.7219786,0.4673051,court,pitch,tennis,,private,,,,tartan,0,,0,
72,Chelmsford,way,617008705,51.7218864,0.4676988,court,pitch,tennis,,private,,,,tartan,0,,0,
72,Chelmsford,way,617008706,51.7218429,0.4678825,court,pitch,tennis,,private,,,,tartan,0,,0,
72,Chelmsford,way,619289022,51.7107999,0.5154821,court,pitch,tennis,,,,,,,0,,0,
72,Chelmsford,way,619289023,51.7108599,0.5156658,court,pitch,tennis,,,,,,,0,,0,
72,Chelmsford,way,619289024,51.7109205,0.5158516,court,pitch,tennis,,,,,,,0,,0,
72,Chelmsford,way,619289025,51.7111881,0.5156246,court,pitch,tennis,,,,,,,0,,0,
72,Chelmsford,way,619289026,51.7111277,0.5154386,court,pitch,tennis,,,,,,,0,,0,
72,Chelmsford,way,619289027,51.7110676,0.5152539,court,pitch,tennis,,,,,,,0,,0,
72,Chelmsford,way,639232972,51.7191409,0.4956617,court,pitch,tennis,,,,,,tartan,1,Great Baddow Recreation Ground & Noakes Place,1,Great Baddow Recreation Ground & Noakes Place
72,Chelmsford,way,639232973,51.7190956,0.4958592,court,pitch,tennis,,,,,,tartan,1,Great Baddow Recreation Ground & Noakes Place,1,Great Baddow Recreation Ground & Noakes Place
72,Chelmsford,way,639232974,51.7190461,0.4960597,court,pitch,tennis,,,,,,tartan,1,Great Baddow Recreation Ground & Noakes Place,1,Great Baddow Recreation Ground & Noakes Place
72,Chelmsford,way,639233145,51.7193937,0.4944315,court,pitch,tennis,,,,,,grass,1,Great Baddow Recreation Ground & Noakes Place,1,Great Baddow Recreation Ground & Noakes Place
72,Chelmsford,way,639233146,51.7193411,0.4946455,court,pitch,tennis,,,,,,grass,1,Great Baddow Recreation Ground & Noakes Place,1,Great Baddow Recreation Ground & Noakes Place
72,Chelmsford,way,640167798,51.7401884,0.5185015,court,pitch,tennis,,,,,,,1,Chancellor Park Sports Area,1,Chancellor Park Sports Area
72,Chelmsford,way,662572013,51.7438987,0.4686916,court,pitch,tennis,,,,,,paved,0,,0,
72,Chelmsford,way,687651511,51.7133668,0.4845713,court,pitch,tennis,,,,,,,0,,0,
72,Chelmsford,way,724728822,51.7168396,0.4901498,court,pitch,tennis,,,,,,,0,,0,
72,Chelmsford,way,792179099,51.6825724,0.4789499,court,pitch,tennis,,,,,,,0,,0,
72,Chelmsford,way,812766525,51.6963765,0.413729,court,pitch,tennis,,,,,,,0,,0,
72,Chelmsford,way,812766535,51.6958045,0.4116893,court,pitch,tennis,,,,,,,0,,0,
72,Chelmsford,way,830605851,51.7394066,0.4511005,court,pitch,tennis,,,,,,,1,Admirals Park LNR,1,Admirals Park LNR
72,Chelmsford,way,830605852,51.7394434,0.4508908,court,pitch,tennis,,,,,,,1,Admirals Park LNR,1,Admirals Park LNR
72,Chelmsford,way,830605855,51.7399422,0.4525073,court,pitch,tennis,,,,,,,1,Admirals Park LNR,1,Admirals Park LNR
72,Chelmsford,way,830605856,51.7399686,0.4522927,court,pitch,tennis,,,,,,,1,Admirals Park LNR,1,Admirals Park LNR
72,Chelmsford,way,831281057,51.7228726,0.4642648,court,pitch,tennis,,,,,,asphalt,1,Oaklands Park,1,Oaklands Park
72,Chelmsford,way,831281058,51.7229775,0.4644148,court,pitch,tennis,,,,,,asphalt,1,Oaklands Park,1,Oaklands Park
72,Chelmsford,way,831281059,51.7219886,0.4627105,court,pitch,tennis,,yes,,,,asphalt,1,Oaklands Park,1,Oaklands Park
72,Chelmsford,way,831281060,51.7220767,0.4625592,court,pitch,tennis,,yes,,,,asphalt,1,Oaklands Park,1,Oaklands Park
72,Chelmsford,way,831281061,51.7221626,0.4624009,court,pitch,tennis,,yes,,,,asphalt,1,Oaklands Park,1,Oaklands Park
72,Chelmsford,way,832861021,51.7288476,0.5538808,court,pitch,tennis,,private,,,,,0,,0,
72,Chelmsford,way,844732485,51.7761551,0.4696985,court,pitch,tennis,,private,,,,,0,,0,
72,Chelmsford,way,865635400,51.8258715,0.5062692,court,pitch,soccer;tennis,,,,,,,0,,0,
72,Chelmsford,way,890859163,51.7902195,0.4546102,court,pitch,tennis,,,,,,,0,,0,
72,Chelmsford,way,895608086,51.7719916,0.4658231,court,pitch,tennis,,,,,,,0,,0,
72,Chelmsford,way,895608087,51.7719987,0.4656039,court,pitch,tennis,,,,,,,0,,0,
72,Chelmsford,way,895608088,51.7720046,0.4653893,court,pitch,tennis,,,,,,asphalt,0,,0,
72,Chelmsford,way,895608089,51.7723337,0.4654126,court,pitch,tennis,,,,,,,0,,0,
72,Chelmsford,way,895608090,51.772327,0.4656327,court,pitch,tennis,,,,,,,0,,0,
72,Chelmsford,way,895608091,51.7723202,0.4658515,court,pitch,tennis,,,,,,,0,,0,
72,Chelmsford,way,902233668,51.7894143,0.4772101,court,pitch,tennis,,,,,,,0,,0,
72,Chelmsford,way,903773008,51.7974706,0.428089,court,pitch,tennis,,,,,,,0,,0,
72,Chelmsford,way,931881415,51.7250778,0.4334478,court,pitch,tennis,,,,,,Acrylic,0,,0,
72,Chelmsford,way,931881416,51.7249831,0.4335973,court,pitch,tennis,,,,,,Acrylic,0,,0,
72,Chelmsford,way,931881417,51.7253098,0.433832,court,pitch,tennis,,,,,,Acrylic,0,,0,
72,Chelmsford,way,931881418,51.7252149,0.433981,court,pitch,tennis,,,,,,Acrylic,0,,0,
72,Chelmsford,way,1010066828,51.7154888,0.5835139,court,pitch,tennis,,,,,,,0,,0,
72,Chelmsford,way,1113159865,51.6487884,0.4361779,court,pitch,tennis,,,,,,,0,,0,
72,Chelmsford,way,1113159866,51.6489538,0.4359133,court,pitch,tennis,,,,,,,0,,0,
72,Chelmsford,way,1113159867,51.6488481,0.4358062,court,pitch,tennis,,,,,,,0,,0,
72,Chelmsford,way,1136834103,51.7845858,0.47885,court,pitch,tennis,,,,,,,0,,0,
72,Chelmsford,way,1147449826,51.6740614,0.463669,court,pitch,tennis,,,,,,,0,,0,
72,Chelmsford,way,1147450666,51.6976152,0.5467997,court,pitch,tennis,,,,,,,0,,0,
72,Chelmsford,way,1147450667,51.7009001,0.5471739,court,pitch,tennis,,,,,,,0,,0,
72,Chelmsford,way,1151577954,51.7148243,0.5560615,court,pitch,tennis,,,,,,,1,Danbury Country Park,1,Danbury Country Park
72,Chelmsford,way,1152482798,51.6898289,0.4107626,court,pitch,tennis,,,,,,,0,,0,
72,Chelmsford,way,1238153719,51.683676,0.5566237,court,pitch,tennis,,,,,,,0,,0,
72,Chelmsford,way,1238707790,51.6250364,0.4983373,court,pitch,tennis,,,,,,,0,,0,
72,Chelmsford,way,1238708616,51.6831729,0.435833,court,pitch,tennis,,,,,,,0,,0,
72,Chelmsford,way,1243500680,51.8119671,0.5180571,court,pitch,tennis,,private,,,,,0,,0,
72,Chelmsford,way,1316716301,51.6824015,0.4821369,court,pitch,tennis,,,,,,,0,,0,
72,Chelmsford,way,1359417768,51.7446756,0.4692343,court,pitch,tennis,,,,,,,0,,0,
72,Chelmsford,way,1359417769,51.7449812,0.4692169,court,pitch,tennis,,,,,,,0,,0,
72,Chelmsford,way,1359417770,51.7443694,0.4692517,court,pitch,tennis,,,,,,,0,,0,
72,Chelmsford,way,1375414583,51.7436181,0.5755991,court,pitch,tennis,,,,,,,0,,0,
72,Chelmsford,way,1375414584,51.7404796,0.5774911,court,pitch,tennis,,,,,,,0,,0,
72,Chelmsford,way,1375414585,51.7350303,0.5744955,court,pitch,tennis,,,,,,,0,,0,
72,Chelmsford,way,1375414586,51.7322058,0.5822617,court,pitch,tennis,,,,,,,0,,0,
72,Chelmsford,way,1375414587,51.7363555,0.5902782,court,pitch,tennis,,,,,,,0,,0,
72,Chelmsford,way,1375414588,51.7357399,0.5916618,court,pitch,tennis,,,,,,,0,,0,
72,Chelmsford,way,1375952360,51.6746051,0.5047017,court,pitch,tennis,,,,,,,0,,0,
72,Chelmsford,way,1375963198,51.6406939,0.526584,court,pitch,tennis,,,,,,,0,,0,
72,Chelmsford,way,1375963898,51.6378577,0.4796851,court,pitch,tennis,,,,,,,0,,0,
72,Chelmsford,way,1389415075,51.7837952,0.3549509,court,pitch,tennis,,,,,,,0,,0,
72,Chelmsford,way,1389635938,51.729557,0.4277212,court,pitch,tennis,,,,,,,0,,0,
72,Chelmsford,way,1463232182,51.7429954,0.5535081,court,pitch,tennis,,private,,,,,0,,0,
73,Basingstoke,way,19847688,51.3558983,-1.1352874,court,pitch,tennis,,,Tadley Common Tennis Court,,,,0,,0,
73,Basingstoke,way,22708487,51.3542888,-1.1237883,court,pitch,tennis,,,,,,,0,,0,
73,Basingstoke,way,22938896,51.3247697,-1.2400637,court,pitch,tennis,,,,,,,1,Kingsclere Holding Field,1,Kingsclere Holding Field
73,Basingstoke,way,24202675,51.3158788,-1.1607645,court,pitch,tennis,,,,,,,0,,0,
73,Basingstoke,way,24472044,51.258774,-1.0877626,court,pitch,tennis,,,Waverley Lawn Tennis Club,,,,0,,0,
73,Basingstoke,way,27178900,51.2525289,-1.1303067,sports_centre,sports_centre,tennis,,,,,,,1,Stratton Park,1,Stratton Park
73,Basingstoke,way,30806112,51.258514,-1.0775982,court,pitch,tennis,,customers,,,,,1,War Memorial Park,1,War Memorial Park
73,Basingstoke,way,31530536,51.330203,-1.0657252,court,pitch,tennis,,,,,,,0,,0,
73,Basingstoke,way,34067210,51.3156726,-1.0275386,court,pitch,tennis,,,,,,,0,,0,
73,Basingstoke,way,41281303,51.2127113,-1.1561009,court,pitch,tennis,,,,,,,0,,0,
73,Basingstoke,way,102735952,51.2749774,-1.0420791,court,pitch,tennis,,,,,,,0,,0,
73,Basingstoke,way,109849448,51.2965983,-1.1001678,court,pitch,tennis,,,,,,clay,0,,0,
73,Basingstoke,way,121792398,51.2330117,-1.2998179,court,pitch,tennis,,,,,,,1,,1,
73,Basingstoke,way,136093965,51.2453422,-1.2633987,court,pitch,tennis,,,,,,paved,0,,0,
73,Basingstoke,way,186522474,51.346456,-1.3569278,court,pitch,tennis,,,,,,,0,,0,
73,Basingstoke,way,186522989,51.3396639,-1.3689914,court,pitch,tennis,,private,,,,,0,,0,
73,Basingstoke,way,186524944,51.3427265,-1.3708474,court,pitch,tennis,,,,,,,0,,0,
73,Basingstoke,way,186526664,51.3257244,-1.3780077,court,pitch,tennis,,,,,,,0,,0,
73,Basingstoke,way,186874299,51.2040396,-1.0404952,court,pitch,tennis,,,,,,,0,,0,
73,Basingstoke,way,195535144,51.2861678,-1.0966147,court,pitch,tennis,,,,,,,0,,0,
73,Basingstoke,way,289283387,51.2225193,-1.2246264,court,pitch,tennis,,,,,,,0,,0,
73,Basingstoke,way,317938337,51.2149766,-1.1976145,court,pitch,tennis,,,,,,,0,,0,
73,Basingstoke,way,334084971,51.3080623,-1.0214633,court,pitch,tennis,,,,,,,0,,0,
73,Basingstoke,way,403522450,51.3573591,-1.4070216,court,pitch,tennis,,,,,,,0,,0,
73,Basingstoke,way,419827571,51.3262546,-1.362377,court,pitch,tennis,,private,,,,,0,,0,
73,Basingstoke,way,434753048,51.2015839,-1.0749045,court,pitch,tennis,,private,,,,,0,,0,
73,Basingstoke,way,447284818,51.301254,-1.1263821,court,pitch,tennis,,private,,,,,0,,0,
73,Basingstoke,way,447284820,51.2995274,-1.1147295,court,pitch,tennis,,,,,,,0,,0,
73,Basingstoke,way,448580395,51.2766915,-1.1541588,court,pitch,tennis,,,,,,,0,,0,
73,Basingstoke,way,450270423,51.2368681,-1.0998075,court,pitch,tennis,,,,,,,0,,0,
73,Basingstoke,way,461136464,51.2508073,-1.2590359,court,pitch,tennis,,,,,,,0,,0,
73,Basingstoke,way,461136484,51.2745649,-1.1509157,court,pitch,tennis,,,,,,,0,,0,
73,Basingstoke,way,461215502,51.2827975,-0.9904312,court,pitch,tennis,,private,,,,,0,,0,
73,Basingstoke,way,486237939,51.2878925,-1.1873579,court,pitch,tennis,,,,,,,0,,0,
73,Basingstoke,way,486237940,51.2890823,-1.1876625,court,pitch,tennis,,,,,,,0,,0,
73,Basingstoke,way,486237941,51.289651,-1.192925,court,pitch,tennis,,,,,,,0,,0,
73,Basingstoke,way,486237942,51.292123,-1.1931448,court,pitch,tennis,,,,,,,0,,0,
73,Basingstoke,way,488952857,51.2409852,-1.028729,court,pitch,tennis,,,,,,,0,,0,
73,Basingstoke,way,494300694,51.2308328,-1.0358659,court,pitch,tennis,,,,,,,0,,0,
73,Basingstoke,way,494508156,51.2643087,-1.0201497,court,pitch,tennis,,,,,,,0,,0,
73,Basingstoke,way,494508160,51.3179572,-0.9904569,court,pitch,tennis,,,,,,,0,,0,
73,Basingstoke,way,494508162,51.311585,-0.9865965,court,pitch,tennis,,,,,,,0,,0,
73,Basingstoke,way,495295739,51.1854204,-1.1292981,court,pitch,tennis,,private,,,,,0,,0,
73,Basingstoke,way,495295740,51.1852794,-1.103642,court,pitch,tennis,,private,,,,,1,,1,
73,Basingstoke,way,495295741,51.2106207,-1.0920357,court,pitch,tennis,,private,,,,,0,,0,
73,Basingstoke,way,503869051,51.2610195,-0.999609,court,pitch,tennis,,,,,,,0,,0,
73,Basingstoke,way,511846780,51.2581772,-1.0385512,court,pitch,tennis,,,,,,,0,,0,
73,Basingstoke,way,511846781,51.2536366,-1.0184504,court,pitch,tennis,,,,,,,0,,0,
73,Basingstoke,way,523431740,51.3029662,-1.3912939,court,pitch,tennis,,,,,,,0,,0,
73,Basingstoke,way,525725329,51.2987167,-1.118476,court,pitch,tennis,,,,,,,0,,0,
73,Basingstoke,way,526004278,51.3068638,-1.0356932,court,pitch,tennis,,,,,,,0,,0,
73,Basingstoke,way,526555573,51.2627648,-1.2289777,court,pitch,tennis,,,,,,,0,,0,
73,Basingstoke,way,526555574,51.2619384,-1.2310573,court,pitch,tennis,,,,,,,0,,0,
73,Basingstoke,way,526555576,51.2602039,-1.2319267,court,pitch,tennis,,,,,,,0,,0,
73,Basingstoke,way,526555577,51.2842914,-1.2301751,court,pitch,tennis,,,,,,,0,,0,
73,Basingstoke,way,526555578,51.2954682,-1.2248649,court,pitch,tennis,,private,,,,,0,,0,
73,Basingstoke,way,526555579,51.2985174,-1.2283541,court,pitch,tennis,,,,,,,0,,0,
73,Basingstoke,way,526555581,51.3089808,-1.1556369,court,pitch,tennis,,,,,,,0,,0,
73,Basingstoke,way,526560996,51.2552802,-1.1821213,court,pitch,tennis,,private,,,,,0,,0,
73,Basingstoke,way,526587998,51.2612161,-1.0773819,court,pitch,tennis,,,,,,asphalt,0,,0,
73,Basingstoke,way,530568849,51.2798526,-1.040901,court,pitch,tennis,,,,,,,0,,0,
73,Basingstoke,way,530588803,51.2711525,-1.0419846,court,pitch,tennis,,,,,,,0,,0,
73,Basingstoke,way,531121383,51.2094856,-1.1570456,court,pitch,tennis,,private,,,,,0,,0,
73,Basingstoke,way,537009526,51.2415556,-1.2697293,court,pitch,tennis,,,,,,,0,,0,
73,Basingstoke,way,537009527,51.2434923,-1.2715119,court,pitch,tennis,,,,,,,0,,0,
73,Basingstoke,way,537017328,51.3314064,-1.244572,court,pitch,tennis,,,,,,,0,,0,
73,Basingstoke,way,537017330,51.3473045,-1.2400049,court,pitch,tennis,,,,,,,0,,0,
73,Basingstoke,way,537017331,51.3484128,-1.2437381,court,pitch,tennis,,private,,,,,0,,0,
73,Basingstoke,way,537017332,51.3517708,-1.2500166,court,pitch,tennis,,,,,,,0,,0,
73,Basingstoke,way,537017333,51.352372,-1.2595011,court,pitch,tennis,,,,,,,0,,0,
73,Basingstoke,way,537017334,51.3523552,-1.2593007,court,pitch,tennis,,,,,,,0,,0,
73,Basingstoke,way,537017335,51.3523366,-1.2591006,court,pitch,tennis,,,,,,,0,,0,
73,Basingstoke,way,537017336,51.3523219,-1.2589005,court,pitch,tennis,,,,,,,0,,0,
73,Basingstoke,way,537017348,51.3492199,-1.2580183,court,pitch,tennis,,,,,,,0,,0,
73,Basingstoke,way,537017349,51.3456429,-1.2632833,court,pitch,tennis,,,,,,,0,,0,
73,Basingstoke,way,537017350,51.3564793,-1.2876783,court,pitch,tennis,,,,,,,0,,0,
73,Basingstoke,way,537017351,51.3588821,-1.3060574,court,pitch,tennis,,,,,,,0,,0,
73,Basingstoke,way,537017352,51.3662132,-1.297206,court,pitch,tennis,,,,,,,0,,0,
73,Basingstoke,way,537017353,51.3720766,-1.3146733,court,pitch,tennis,,,,,,,0,,0,
73,Basingstoke,way,537017354,51.3705236,-1.3140661,court,pitch,tennis,,,,,,,0,,0,
73,Basingstoke,way,543748543,51.307521,-1.0221799,court,pitch,tennis,,,,,,,0,,0,
73,Basingstoke,way,553503232,51.3399108,-1.2117128,court,pitch,tennis,,,,,,,0,,0,
73,Basingstoke,way,556966777,51.3289662,-1.344013,court,pitch,tennis,,private,,,,,0,,0,
73,Basingstoke,way,575149537,51.2367216,-1.087059,court,pitch,tennis,,,,,,,0,,0,
73,Basingstoke,way,626722262,51.2056088,-0.987525,court,pitch,tennis,,private,,,,,0,,0,
73,Basingstoke,way,626722274,51.1999503,-0.9911956,court,pitch,tennis,,private,,,,,0,,0,
73,Basingstoke,way,631399522,51.1731279,-1.1336895,court,pitch,tennis,,,,,,,0,,0,
73,Basingstoke,way,654842462,51.1513117,-1.1678179,court,pitch,tennis,,private,,,,,0,,0,
73,Basingstoke,way,654842470,51.1509641,-1.1760584,court,pitch,tennis,,private,,,,,0,,0,
73,Basingstoke,way,654842478,51.1511903,-1.1726577,court,pitch,tennis,,private,,,,,0,,0,
73,Basingstoke,way,715500039,51.1814411,-1.0942503,court,pitch,tennis,,private,,,,,0,,0,
73,Basingstoke,way,724743167,51.2163284,-1.1099839,court,pitch,tennis,,,,,,,0,,0,
73,Basingstoke,way,725446511,51.2119776,-1.1454474,court,pitch,tennis,,,,,,,0,,0,
73,Basingstoke,way,725698054,51.19649,-1.130303,court,pitch,tennis,,,,,,,0,,0,
73,Basingstoke,way,759142761,51.2268883,-1.0199748,court,pitch,tennis,,,,,,,0,,0,
73,Basingstoke,way,759711739,51.2643968,-1.0117809,court,pitch,tennis,,,,,,,0,,0,
73,Basingstoke,way,765844967,51.2183974,-1.0163921,court,pitch,tennis,,,,,,,0,,0,
73,Basingstoke,way,766454965,51.2245814,-1.0130573,court,pitch,tennis,,,,,,,0,,0,
73,Basingstoke,way,784327130,51.1784822,-1.1292232,court,pitch,tennis,,private,,,,,0,,0,
73,Basingstoke,way,784327138,51.1729042,-1.1302785,court,pitch,tennis,,private,,,,,0,,0,
73,Basingstoke,way,784327146,51.1691239,-1.1415574,court,pitch,tennis,,private,,,,,0,,0,
73,Basingstoke,way,784327154,51.1673969,-1.1374017,court,pitch,tennis,,private,,,,,0,,0,
73,Basingstoke,way,784327162,51.1682835,-1.1353835,court,pitch,tennis,,private,,,,,0,,0,
73,Basingstoke,way,784327201,51.1584638,-1.1606114,court,pitch,tennis,,,,,,,0,,0,
73,Basingstoke,way,810865682,51.2119465,-1.0454882,court,pitch,tennis,,private,,,,,0,,0,
73,Basingstoke,way,819876856,51.3528716,-1.1014629,court,pitch,tennis,,,,,,,0,,0,
73,Basingstoke,way,895282129,51.2115094,-1.2309237,court,pitch,tennis,,,,,,,0,,0,
73,Basingstoke,way,895287176,51.2105689,-1.2409438,court,pitch,tennis,,,,,,,0,,0,
73,Basingstoke,way,905218450,51.2967415,-1.1005983,court,pitch,tennis,,,,,,,0,,0,
73,Basingstoke,way,911732725,51.2250634,-1.3595484,court,pitch,tennis,,private,,,,,0,,0,
73,Basingstoke,way,911732746,51.2328098,-1.3725343,court,pitch,tennis,,private,,,,,0,,0,
73,Basingstoke,way,916018816,51.2693129,-1.1889253,court,pitch,tennis,,,,,,,0,,0,
73,Basingstoke,way,926193739,51.2116404,-1.3603157,court,pitch,tennis,,,,,,,0,,0,
73,Basingstoke,way,927882768,51.2455794,-1.2344782,court,pitch,tennis,,,,,,,0,,0,
73,Basingstoke,way,930401930,51.3320378,-1.2640508,court,pitch,tennis,,private,,,,,0,,0,
73,Basingstoke,way,930401931,51.3316371,-1.2671707,court,pitch,tennis,,private,,,,,0,,0,
73,Basingstoke,way,930772207,51.3175464,-1.3043157,court,pitch,tennis,,private,,,,,0,,0,
73,Basingstoke,way,934798539,51.3462432,-1.4132546,court,pitch,tennis,,,,,,,0,,0,
73,Basingstoke,way,934798552,51.3475888,-1.3924791,court,pitch,tennis,,,,,,,0,,0,
73,Basingstoke,way,934798556,51.3515112,-1.4207922,court,pitch,tennis,,,,,,,0,,0,
73,Basingstoke,way,981837855,51.2786403,-1.0421147,court,pitch,tennis,,,,,,,0,,0,
73,Basingstoke,way,981837856,51.2856247,-1.0502586,court,pitch,tennis,,,,,,,0,,0,
73,Basingstoke,way,992265896,51.2280309,-1.2207235,court,pitch,tennis,,,,,,,0,,0,
73,Basingstoke,way,992265899,51.2295246,-1.2143239,court,pitch,tennis,,,,,,,0,,0,
73,Basingstoke,way,992265901,51.2209734,-1.210329,court,pitch,tennis,,,,,,,0,,0,
73,Basingstoke,way,992265902,51.2210592,-1.2144359,court,pitch,tennis,,,,,,,0,,0,
73,Basingstoke,way,1037517018,51.2596343,-1.0022328,court,pitch,tennis,,,,,,,0,,0,
73,Basingstoke,way,1040449506,51.322548,-1.2891507,court,pitch,tennis,,private,,,,,0,,0,
73,Basingstoke,way,1041314530,51.3039795,-1.1273471,court,pitch,tennis,,,,,,,0,,0,
73,Basingstoke,way,1072137329,51.3549666,-1.1809989,court,pitch,tennis,,,,,,,0,,0,
73,Basingstoke,way,1072312046,51.3067775,-1.4110615,court,pitch,tennis,,,,,,,0,,0,
73,Basingstoke,way,1072312058,51.312129,-1.4047873,court,pitch,tennis,,,,,,,0,,0,
73,Basingstoke,way,1072312095,51.3158358,-1.4029241,court,pitch,tennis,,,,,,,0,,0,
73,Basingstoke,way,1072312100,51.3165237,-1.4018881,court,pitch,tennis,,,,,,,0,,0,
73,Basingstoke,way,1072312114,51.310877,-1.3861284,court,pitch,tennis,,,,,,,0,,0,
73,Basingstoke,way,1072312115,51.3113834,-1.3859323,court,pitch,tennis,,,,,,,0,,0,
73,Basingstoke,way,1072356062,51.3422059,-1.3782193,court,pitch,tennis,,,,,,,0,,0,
73,Basingstoke,way,1073236371,51.3077998,-1.1271161,court,pitch,tennis,,,,,,,0,,0,
73,Basingstoke,way,1073863316,51.2906061,-1.3808738,court,pitch,tennis,,,,,,,0,,0,
73,Basingstoke,way,1073863337,51.2776308,-1.3971365,court,pitch,tennis,,,,,,,0,,0,
73,Basingstoke,way,1075777082,51.277461,-1.3998207,court,pitch,tennis,,,,,,,0,,0,
73,Basingstoke,way,1080556077,51.3476086,-1.3655516,court,pitch,tennis,,,,,,,0,,0,
73,Basingstoke,way,1080557086,51.2533192,-1.3983351,court,pitch,tennis,,,,,,,0,,0,
73,Basingstoke,way,1080557087,51.2477014,-1.3910755,court,pitch,tennis,,,,,,,0,,0,
73,Basingstoke,way,1086145578,51.2713502,-1.3729913,court,pitch,tennis,,private,,,,,0,,0,
73,Basingstoke,way,1087578496,51.3245831,-1.0759158,court,pitch,tennis,,,,,,,0,,0,
73,Basingstoke,way,1087578498,51.3209171,-1.0785668,court,pitch,tennis,,,,,,,0,,0,
73,Basingstoke,way,1087578504,51.3258352,-1.0767515,court,pitch,tennis,,,,,,,0,,0,
73,Basingstoke,way,1088518311,51.2361773,-1.3153443,court,pitch,tennis,,,,,,,0,,0,
73,Basingstoke,way,1093257591,51.2177603,-1.3758294,court,pitch,tennis,,,,,,,0,,0,
73,Basingstoke,way,1094006631,51.3586838,-1.25711,court,pitch,tennis,,,,,,,0,,0,
73,Basingstoke,way,1094006632,51.3623597,-1.2520418,court,pitch,tennis,,,,,,,0,,0,
73,Basingstoke,way,1099445714,51.2423327,-1.2492514,court,pitch,tennis,,private,,,,,0,,0,
73,Basingstoke,way,1099458653,51.3367116,-1.382476,court,pitch,tennis,,,,,,,0,,0,
73,Basingstoke,way,1099458654,51.3361783,-1.3773091,court,pitch,tennis,,,,,,,0,,0,
73,Basingstoke,way,1099458655,51.3338463,-1.3763102,court,pitch,tennis,,,,,,,0,,0,
73,Basingstoke,way,1099612318,51.2446881,-1.2351414,court,pitch,tennis,,private,,,,,0,,0,
73,Basingstoke,way,1127850635,51.3576479,-1.39362,court,pitch,tennis,,private,,,,,0,,0,
73,Basingstoke,way,1127850636,51.355862,-1.3862028,court,pitch,tennis,,,,,,,0,,0,
73,Basingstoke,way,1127850637,51.3556978,-1.3866344,court,pitch,tennis,,,,,,,0,,0,
73,Basingstoke,way,1127850638,51.355787,-1.3864635,court,pitch,tennis,,,,,,,0,,0,
73,Basingstoke,way,1127850643,51.3521633,-1.4080449,court,pitch,tennis,,,,,,,0,,0,
73,Basingstoke,way,1127850644,51.354368,-1.4065626,court,pitch,tennis,,,,,,,0,,0,
73,Basingstoke,way,1127850647,51.3409224,-1.4003941,court,pitch,tennis,,,,,,,0,,0,
73,Basingstoke,way,1127850654,51.3498876,-1.4044486,court,pitch,tennis,,,,,,,0,,0,
73,Basingstoke,way,1127850655,51.3491896,-1.4184854,court,pitch,tennis,,,,,,,0,,0,
73,Basingstoke,way,1127850657,51.363102,-1.387206,court,pitch,tennis,,,,,,,0,,0,
73,Basingstoke,way,1127856445,51.3314166,-1.3924487,court,pitch,tennis,,,,,,,0,,0,
73,Basingstoke,way,1127856446,51.3329197,-1.3936051,court,pitch,tennis,,,,,,,0,,0,
73,Basingstoke,way,1132088053,51.2442779,-1.218261,court,pitch,tennis,,,,,,,0,,0,
73,Basingstoke,way,1132088054,51.2497045,-1.2189755,court,pitch,tennis,,,,,,,0,,0,
73,Basingstoke,way,1138985394,51.3522728,-1.4166006,court,pitch,tennis,,,,,,,0,,0,
73,Basingstoke,way,1138990386,51.3535738,-1.0174886,court,pitch,tennis,,,,,,,0,,0,
73,Basingstoke,way,1139001832,51.2118082,-1.1990277,court,pitch,tennis,,,,,,,0,,0,
73,Basingstoke,way,1144279507,51.3621859,-1.3718209,court,pitch,tennis,,private,,,,,0,,0,
73,Basingstoke,way,1159762174,51.2293122,-0.9968743,court,pitch,tennis,,,,,,,0,,0,
73,Basingstoke,way,1164983958,51.2274099,-1.0064345,court,pitch,tennis,,,,,,,0,,0,
73,Basingstoke,way,1164983959,51.2285128,-1.0014468,court,pitch,tennis,,,,,,,0,,0,
73,Basingstoke,way,1164983960,51.2310155,-1.0007032,court,pitch,tennis,,,,,,,0,,0,
73,Basingstoke,way,1164983961,51.232743,-1.0040498,court,pitch,tennis,,,,,,,0,,0,
73,Basingstoke,way,1165508884,51.275743,-1.1555604,court,pitch,tennis,,,,,,,0,,0,
73,Basingstoke,way,1167231505,51.3645746,-1.3893243,court,pitch,tennis,,,,,,,0,,0,
73,Basingstoke,way,1167231507,51.3633175,-1.4024218,court,pitch,tennis,,,,,,,0,,0,
73,Basingstoke,way,1171752537,51.2532273,-1.4052569,court,pitch,tennis,,private,,,,,0,,0,
73,Basingstoke,way,1171752538,51.2557194,-1.4107514,court,pitch,tennis,,private,,,,,0,,0,
73,Basingstoke,way,1171752539,51.2571055,-1.4115605,court,pitch,tennis,,private,,,,,0,,0,
73,Basingstoke,way,1182101522,51.225038,-1.3364228,court,pitch,tennis;netball,,private,,,,paved,0,,0,
73,Basingstoke,way,1198800365,51.3557851,-1.3369106,court,pitch,tennis,,,,,,,0,,0,
73,Basingstoke,way,1200620845,51.3284877,-0.990426,court,pitch,tennis,,,,,,,0,,0,
73,Basingstoke,way,1200620847,51.3316392,-0.9865272,court,pitch,tennis,,,,,,,0,,0,
73,Basingstoke,way,1200620848,51.3380068,-1.0024823,court,pitch,tennis,,,,,,,0,,0,
73,Basingstoke,way,1200620849,51.3470868,-1.0046228,court,pitch,tennis,,,,,,,1,,1,
73,Basingstoke,way,1201753594,51.2954472,-1.2307735,court,pitch,tennis,,,,,,,0,,0,
73,Basingstoke,way,1204747495,51.2461585,-1.181288,court,pitch,tennis,,private,,,,,0,,0,
73,Basingstoke,way,1206277419,51.1707599,-1.091888,court,pitch,tennis,,,,,,,0,,0,
73,Basingstoke,way,1235028887,51.3565236,-1.3351919,court,pitch,tennis,,,,,,,0,,0,
73,Basingstoke,way,1238358255,51.367442,-1.3354766,court,pitch,tennis,,,,,,,0,,0,
73,Basingstoke,way,1238361681,51.3681252,-1.3296937,court,pitch,tennis,,,,,,,0,,0,
73,Basingstoke,way,1279050291,51.2431471,-1.0423658,court,pitch,tennis,,,,,,,0,,0,
73,Basingstoke,way,1294961556,51.324044,-1.2543469,court,pitch,tennis,,,,,,,0,,0,
73,Basingstoke,way,1297046962,51.3510879,-1.2350867,court,pitch,tennis,,,,,,,0,,0,
73,Basingstoke,way,1331392440,51.2749654,-1.1657729,court,pitch,tennis,,private,,,,asphalt,0,,0,
73,Basingstoke,way,1335766122,51.2968711,-1.2259237,court,pitch,tennis,,private,,,,,0,,0,
73,Basingstoke,way,1340041396,51.2484527,-1.18482,court,pitch,tennis,,,,,,,0,,0,
73,Basingstoke,way,1348193154,51.2457918,-1.397876,court,pitch,tennis,,,,,,,0,,0,
73,Basingstoke,way,1348575940,51.2547372,-1.1828434,court,pitch,tennis,,yes,,,,rubber,0,,0,
73,Basingstoke,way,1361476878,51.3475082,-1.3153077,court,pitch,tennis,,private,,,,,0,,0,
73,Basingstoke,way,1361476879,51.3491619,-1.3166038,court,pitch,tennis,,private,,,,,0,,0,
73,Basingstoke,way,1361686441,51.3400441,-1.2962293,court,pitch,tennis,,private,,,,,0,,0,
73,Basingstoke,way,1361686442,51.3386766,-1.2943296,court,pitch,tennis,,private,,,,,0,,0,
73,Basingstoke,way,1361767466,51.3348838,-1.3349643,court,pitch,tennis,,private,,,,,0,,0,
73,Basingstoke,way,1378884238,51.3357733,-1.2839555,court,pitch,tennis,,,,,,,0,,0,
73,Basingstoke,way,1378938311,51.3199077,-1.2045941,court,pitch,tennis,,,,,,,0,,0,
73,Basingstoke,way,1378938312,51.3350198,-1.1660243,court,pitch,tennis,,,,,,,0,,0,
73,Basingstoke,way,1378938313,51.3315978,-1.1796054,court,pitch,tennis,,,,,,,0,,0,
73,Basingstoke,way,1378938314,51.3295693,-1.1811117,court,pitch,tennis,,,,,,,0,,0,
73,Basingstoke,way,1378938315,51.3297456,-1.1825265,court,pitch,tennis,,,,,,,0,,0,
73,Basingstoke,way,1378938316,51.3270046,-1.186475,court,pitch,tennis,,,,,,,0,,0,
73,Basingstoke,way,1378938317,51.3182807,-1.1992608,court,pitch,tennis,,,,,,,0,,0,
73,Basingstoke,way,1379206016,51.3132895,-1.1580225,court,pitch,tennis,,,,,,,0,,0,
73,Basingstoke,way,1379206017,51.3177069,-1.1606737,court,pitch,tennis,,,,,,,0,,0,
73,Basingstoke,way,1379206019,51.310468,-1.1609269,court,pitch,tennis,,,,,,,0,,0,
73,Basingstoke,way,1380856271,51.2487308,-1.1874525,court,pitch,tennis,,,,,,,0,,0,
73,Basingstoke,way,1382579495,51.2418336,-1.4176981,court,pitch,tennis,,,,,,,0,,0,
73,Basingstoke,way,1382579499,51.2429975,-1.4158163,court,pitch,tennis,,private,,,,,0,,0,
73,Basingstoke,way,1382579502,51.2572478,-1.4146268,court,pitch,tennis,,,,,,,0,,0,
73,Basingstoke,way,1382579505,51.2570763,-1.4062102,court,pitch,tennis,,,,,,,0,,0,
73,Basingstoke,way,1382579506,51.2614112,-1.4208831,court,pitch,tennis,,,,,,,0,,0,
73,Basingstoke,way,1382579509,51.2650563,-1.4191124,court,pitch,tennis,,private,,,,,0,,0,
73,Basingstoke,way,1382582641,51.2347949,-1.3872496,court,pitch,tennis,,private,,,,,0,,0,
73,Basingstoke,way,1385577067,51.3357499,-1.3385462,court,pitch,tennis,,,,,,,0,,0,
73,Basingstoke,way,1418770335,51.2469696,-1.123674,court,pitch,tennis,,,,,,,0,,0,
73,Basingstoke,way,1418770336,51.2468735,-1.1235409,court,pitch,tennis,,,,,,,0,,0,
73,Basingstoke,way,1418770337,51.2467809,-1.1233944,court,pitch,tennis,,,,,,,0,,0,
73,Basingstoke,way,1500200205,51.3186055,-1.3171131,court,pitch,tennis,,private,,,,,0,,0,
74,Maidstone,way,28355033,51.262278,0.5275397,court,pitch,tennis,,,,,,tartan,1,,1,
74,Maidstone,way,94413131,51.2731484,0.5446533,court,pitch,tennis,,,,,,,1,Vinters Valley Nature Reserve,1,Vinters Valley Nature Reserve
74,Maidstone,way,96228729,51.1558683,0.5537011,court,pitch,tennis,,,,,,,0,,0,
74,Maidstone,way,109883889,51.2385737,0.7091713,court,pitch,tennis,,,,,,,0,,0,
74,Maidstone,way,120278691,51.2476054,0.5414286,court,pitch,tennis,,,,,,,0,,0,
74,Maidstone,way,120278717,51.2476743,0.5412396,court,pitch,tennis,,,,,,,0,,0,
74,Maidstone,way,120509596,51.1381569,0.5679576,court,pitch,tennis,,private,,,,,0,,0,
74,Maidstone,way,120509976,51.1387742,0.511309,court,pitch,tennis,,private,,,,,0,,0,
74,Maidstone,way,120555919,51.2131916,0.4212929,court,pitch,tennis,,private,,,,,0,,0,
74,Maidstone,way,120855709,51.1828679,0.4717132,court,pitch,tennis,,private,,,,,0,,0,
74,Maidstone,way,120862493,51.230731,0.5184829,court,pitch,tennis,,private,,,,,0,,0,
74,Maidstone,way,120862495,51.2232992,0.5820081,court,pitch,tennis,,private,,,,,0,,0,
74,Maidstone,way,121204467,51.1767402,0.4549507,court,pitch,tennis,,private,,,,,0,,0,
74,Maidstone,way,121204468,51.1872271,0.4548001,court,pitch,tennis,,private,,,,,0,,0,
74,Maidstone,way,121204470,51.1877927,0.4631851,court,pitch,tennis,,private,,,,,0,,0,
74,Maidstone,way,121204471,51.1998105,0.4462895,court,pitch,tennis,,private,,,,,0,,0,
74,Maidstone,way,121204476,51.2101994,0.4367116,court,pitch,tennis,,private,,,,,0,,0,
74,Maidstone,way,121205268,51.1898101,0.419134,court,pitch,tennis,,private,,,,,0,,0,
74,Maidstone,way,121218737,51.2655461,0.5335991,court,pitch,tennis,,private,,,,,0,,0,
74,Maidstone,way,121218805,51.2552725,0.5432357,court,pitch,tennis,,,,,,,0,,0,
74,Maidstone,way,121218823,51.265537,0.5341043,court,pitch,tennis,,private,,,,,0,,0,
74,Maidstone,way,121567563,51.2691207,0.5778052,court,pitch,tennis,,,,,,,0,,0,
74,Maidstone,way,121567564,51.2694281,0.5783594,court,pitch,tennis,,,,,,,0,,0,
74,Maidstone,way,121568133,51.2695126,0.5792617,court,pitch,tennis,,,,,,,0,,0,
74,Maidstone,way,285035432,51.2434427,0.6822373,court,pitch,tennis,,,,,,,0,,0,
74,Maidstone,way,544782982,51.2174677,0.7111301,court,pitch,tennis,,,,,,,1,Chilston Park,1,Chilston Park
74,Maidstone,way,559745111,51.2679834,0.5006001,court,pitch,tennis,,yes,,,,asphalt,1,Clare Park,1,Clare Park
74,Maidstone,way,610044223,51.1748059,0.5857584,court,pitch,tennis,,,,,,,0,,0,
74,Maidstone,way,635213000,51.2894261,0.5381886,court,pitch,tennis,,,,,,,0,,0,
74,Maidstone,way,635213001,51.2893354,0.5395821,court,pitch,tennis,,,,,,,0,,0,
74,Maidstone,way,666743051,51.2783696,0.5143734,court,pitch,tennis,,,,,,,0,,0,
74,Maidstone,way,666743052,51.2788144,0.5142133,court,pitch,tennis,,,,,,,0,,0,
74,Maidstone,way,677161185,51.1727157,0.6351928,court,pitch,tennis,,,,,,,0,,0,
74,Maidstone,way,677161186,51.1725254,0.6354038,court,pitch,tennis,,,,,,,0,,0,
74,Maidstone,way,783760583,51.2467563,0.6849,court,pitch,tennis,,,,,,,0,,0,
74,Maidstone,way,800365765,51.1763368,0.5035211,court,pitch,tennis,,,,,,,0,,0,
74,Maidstone,way,800394731,51.1649541,0.5074266,court,pitch,tennis,,,,,,,1,,1,
74,Maidstone,way,831370529,51.242095,0.4659094,court,pitch,tennis,,,,,,,0,,0,
74,Maidstone,way,890968477,51.2783733,0.5149294,court,pitch,tennis,,,,,,,0,,0,
74,Maidstone,way,901179859,51.293841,0.5086158,court,pitch,tennis,,,,,,,0,,0,
74,Maidstone,way,927938718,51.1579043,0.5696149,court,pitch,tennis,,,,,,,1,,1,
74,Maidstone,way,927938738,51.1600532,0.5743123,court,pitch,tennis,,,,,,,0,,0,
74,Maidstone,way,927938757,51.1655441,0.5787001,court,pitch,tennis,,,,,,,0,,0,
74,Maidstone,way,927938758,51.1655624,0.5758629,court,pitch,tennis,,,,,,,0,,0,
74,Maidstone,way,931330737,51.1642618,0.6061286,court,pitch,tennis,,,,,,,0,,0,
74,Maidstone,way,932982098,51.1492288,0.5697986,court,pitch,tennis,,,,,,,0,,0,
74,Maidstone,way,933658132,51.1694603,0.5393027,court,pitch,tennis,,,,,,,0,,0,
74,Maidstone,way,935543755,51.1617115,0.5091687,court,pitch,tennis,,,,,,,0,,0,
74,Maidstone,way,935543757,51.1561432,0.5125,court,pitch,tennis,,,,,,,0,,0,
74,Maidstone,way,935938661,51.2155143,0.6934448,court,pitch,tennis,,,,,,,0,,0,
74,Maidstone,way,937077902,51.2336923,0.7330054,court,pitch,tennis,,,,,,,0,,0,
74,Maidstone,way,938568928,51.1666263,0.5161882,court,pitch,tennis,,,,,,,0,,0,
74,Maidstone,way,938568956,51.1605749,0.5152189,court,pitch,tennis,,,,,,,0,,0,
74,Maidstone,way,942370435,51.1565116,0.4865623,court,pitch,tennis,,,,,,,0,,0,
74,Maidstone,way,942370436,51.1569822,0.4866234,court,pitch,tennis,,,,,,,0,,0,
74,Maidstone,way,942370442,51.1637473,0.4925867,court,pitch,tennis,,,,,,,0,,0,
74,Maidstone,way,946092854,51.1441924,0.6407233,court,pitch,tennis,,,,,,,0,,0,
74,Maidstone,way,948874391,51.22641,0.5100787,court,pitch,tennis,,,,,,,0,,0,
74,Maidstone,way,951752970,51.2467718,0.4547495,court,pitch,tennis,,private,,,,,0,,0,
74,Maidstone,way,953926413,51.2738724,0.5765706,court,pitch,tennis,,,,,,,0,,0,
74,Maidstone,way,953926414,51.2774028,0.5713949,court,pitch,tennis,,,,,,,0,,0,
74,Maidstone,way,957948139,51.2796211,0.4998906,court,pitch,tennis,,,,,,,1,,1,
74,Maidstone,way,957948140,51.2795304,0.5000565,court,pitch,tennis,,,,,,,1,,1,
74,Maidstone,way,957948141,51.2794391,0.5002258,court,pitch,tennis,,,,,,,1,,1,
74,Maidstone,way,957948142,51.279324,0.5004405,court,pitch,tennis,,,,,,,1,,1,
74,Maidstone,way,980102497,51.2888399,0.5222743,court,pitch,tennis,,,,,,,0,,0,
74,Maidstone,way,980180916,51.2498556,0.5153564,court,pitch,tennis,,,,,,,0,,0,
74,Maidstone,way,980180920,51.2552394,0.5112846,court,pitch,tennis,,,,,,,0,,0,
74,Maidstone,way,1058221635,51.2818106,0.5607528,court,pitch,tennis,,,,,,,0,,0,
74,Maidstone,way,1058221636,51.2812471,0.5603352,court,pitch,tennis,,,,,,,0,,0,
74,Maidstone,way,1072728954,51.2553778,0.5598977,court,pitch,tennis,,,,,,,1,,1,
74,Maidstone,way,1087537988,51.2252338,0.6763561,court,pitch,tennis,,private,,,,,0,,0,
74,Maidstone,way,1144972515,51.2999083,0.544315,court,pitch,tennis,,,,,,,0,,0,
74,Maidstone,way,1157754828,51.2730181,0.5443819,court,pitch,tennis,,,,,,,1,Vinters Valley Nature Reserve,1,Vinters Valley Nature Reserve
74,Maidstone,way,1192231118,51.205163,0.4679691,court,pitch,tennis,,,,,,,0,,0,
74,Maidstone,way,1192231121,51.2013912,0.4719186,court,pitch,tennis,,,,,,,0,,0,
74,Maidstone,way,1192231123,51.1966237,0.4782697,court,pitch,tennis,,,,,,,0,,0,
74,Maidstone,way,1192231126,51.2190683,0.477081,court,pitch,tennis,,,,,,,0,,0,
74,Maidstone,way,1192231128,51.2199358,0.4742097,court,pitch,tennis,,,,,,,0,,0,
74,Maidstone,way,1192231129,51.2200629,0.4706801,court,pitch,tennis,,,,,,,0,,0,
74,Maidstone,way,1192231130,51.2190991,0.4690391,court,pitch,tennis,,,,,,,0,,0,
74,Maidstone,way,1192231131,51.2184603,0.455293,court,pitch,tennis,,,,,,,0,,0,
74,Maidstone,way,1192231132,51.2195799,0.4547491,court,pitch,tennis,,,,,,,0,,0,
74,Maidstone,way,1192231133,51.2236348,0.4458811,court,pitch,tennis,,,,,,,0,,0,
74,Maidstone,way,1192231135,51.2225035,0.4420319,court,pitch,tennis,,,,,,,0,,0,
74,Maidstone,way,1192231139,51.2236857,0.4808877,court,pitch,tennis,,,,,,,0,,0,
74,Maidstone,way,1192231140,51.2244616,0.4915105,court,pitch,tennis,,,,,,,0,,0,
74,Maidstone,way,1192231141,51.2220317,0.5180338,court,pitch,tennis,,,,,,,0,,0,
74,Maidstone,way,1192231143,51.2101559,0.5125461,court,pitch,tennis,,,,,,,0,,0,
74,Maidstone,way,1192231145,51.185092,0.4940037,court,pitch,tennis,,,,,,,0,,0,
74,Maidstone,way,1192231146,51.1817257,0.4723774,court,pitch,tennis,,,,,,,0,,0,
74,Maidstone,way,1192231147,51.1904758,0.4542983,court,pitch,tennis,,,,,,,0,,0,
74,Maidstone,way,1192231151,51.1948703,0.4592371,court,pitch,tennis,,,,,,,0,,0,
74,Maidstone,way,1192231152,51.1926079,0.4607024,court,pitch,tennis,,,,,,,0,,0,
74,Maidstone,way,1192233425,51.2243101,0.4326294,court,pitch,tennis,,,,,,,0,,0,
74,Maidstone,way,1192233426,51.2314889,0.4347892,court,pitch,tennis,,,,,,,0,,0,
74,Maidstone,way,1192233427,51.2328851,0.4338159,court,pitch,tennis,,,,,,,0,,0,
74,Maidstone,way,1192233428,51.2379372,0.4539591,court,pitch,tennis,,,,,,,0,,0,
74,Maidstone,way,1192233429,51.2320639,0.4508481,court,pitch,tennis,,,,,,,0,,0,
74,Maidstone,way,1192233430,51.2426589,0.4263761,court,pitch,tennis,,,,,,,0,,0,
74,Maidstone,way,1193653181,51.2180436,0.5343837,court,pitch,tennis,,,,,,,0,,0,
74,Maidstone,way,1199983217,51.2314408,0.5393189,court,pitch,tennis,,,,,,,0,,0,
74,Maidstone,way,1207081560,51.2011726,0.450656,court,pitch,tennis,,,,,,,0,,0,
74,Maidstone,way,1284716043,51.257512,0.6162273,court,pitch,tennis,,,,,,,0,,0,
74,Maidstone,way,1284716044,51.2574394,0.6164023,court,pitch,tennis,,,,,,,0,,0,
74,Maidstone,way,1301964707,51.2453564,0.7788568,court,pitch,tennis,,,,,,,0,,0,
74,Maidstone,way,1311070522,51.2442585,0.4129491,court,pitch,tennis,,,,,,,0,,0,
74,Maidstone,way,1311070526,51.2414381,0.4123198,court,pitch,tennis,,,,,,,0,,0,
74,Maidstone,way,1320423097,51.2410408,0.7466241,court,pitch,tennis,,,,,,,0,,0,
74,Maidstone,way,1327900906,51.2153121,0.6445761,court,pitch,tennis,,,,,,,0,,0,
74,Maidstone,way,1328145151,51.1978951,0.6578567,court,pitch,tennis,,,,,,,0,,0,
74,Maidstone,way,1338840056,51.2219579,0.6082562,court,pitch,tennis,,,,,,,0,,0,
74,Maidstone,way,1338850532,51.2227071,0.6033236,court,pitch,tennis,,,,,,,0,,0,
74,Maidstone,way,1340097012,51.2658584,0.5997393,court,pitch,tennis,,,,,,,0,,0,
74,Maidstone,way,1341239009,51.1723578,0.6111,court,pitch,tennis,,,,,,,0,,0,
74,Maidstone,way,1341270497,51.1743452,0.5795242,court,pitch,tennis,,,,,,,0,,0,
74,Maidstone,way,1354709441,51.231541,0.4788149,court,pitch,tennis,,,,,,,0,,0,
74,Maidstone,way,1357812758,51.241667,0.7023961,court,pitch,tennis,,,,,,,0,,0,
74,Maidstone,way,1357818596,51.2453618,0.6876473,court,pitch,tennis,,,,,,,0,,0,
74,Maidstone,way,1357818599,51.2465682,0.6830126,court,pitch,tennis,,,,,,,0,,0,
74,Maidstone,way,1360100870,51.3229488,0.6590234,court,pitch,tennis,,,,,,,1,,1,
74,Maidstone,way,1360678970,51.1950794,0.5604297,court,pitch,tennis,,,,,,,0,,0,
74,Maidstone,way,1383727488,51.2918644,0.5927883,court,pitch,tennis,,,,,,,0,,0,
74,Maidstone,way,1424810892,51.2499991,0.4758739,court,pitch,tennis,,private,,,,,0,,0,
74,Maidstone,way,1424810902,51.2482968,0.4770821,court,pitch,tennis,,private,,,,,0,,0,
74,Maidstone,way,1472747302,51.159897,0.5708534,court,pitch,tennis,,,,,,,0,,0,
74,Maidstone,way,1496211334,51.2427459,0.5937972,court,pitch,tennis,,private,,,,,1,,1,
74,Maidstone,way,1497876999,51.2479527,0.5735725,court,pitch,tennis,,,,,,,0,,0,
74,Maidstone,way,1498160309,51.1928435,0.5135589,court,pitch,tennis,,,,,,,0,,0,
74,Maidstone,way,1498160313,51.1897309,0.5459879,court,pitch,tennis,,,,,,,0,,0,
75,Bedford,node,6396875641,52.1322114,-0.4643466,sports_centre,sports_centre,tennis,sport,private,Bedford Girls School Junior School Tennis Courts,,,,0,,0,
75,Bedford,way,3078559,52.1435794,-0.4861138,sports_centre,sports_centre,badminton;tennis;soccer;basketball;cricket;volleyball;climbing,,,Alexander Sports Centre,University of Bedfordshire,,,0,,0,
75,Bedford,way,3103257,52.1411037,-0.4517016,sports_centre,sports_centre,tennis,,,Riverside Tennis Club,,,,0,,0,
75,Bedford,way,4317039,52.1403391,-0.478604,court,pitch,tennis,,,,,,,1,,1,
75,Bedford,way,5202433,52.1340314,-0.4494476,court,pitch,tennis,,,,,,tartan,1,Russell Park,1,Russell Park
75,Bedford,way,6280118,52.1394141,-0.5062435,court,pitch,tennis,,,,,3,,0,,0,
75,Bedford,way,34924351,52.1611164,-0.4472441,court,pitch,tennis,,,,,,asphalt,1,Mowsbury Park,1,Mowsbury Park
75,Bedford,way,88491443,52.2288382,-0.5702936,court,pitch,tennis,,,,,,,1,,1,
75,Bedford,way,95561498,52.1143057,-0.4817139,court,pitch,tennis,,,,,,,0,,0,
75,Bedford,way,95561503,52.1143574,-0.4812828,court,pitch,tennis,,,,,,,0,,0,
75,Bedford,way,107091889,52.2252591,-0.549309,court,pitch,tennis,,,,,,,0,,0,
75,Bedford,way,112315882,52.1606636,-0.4476309,court,pitch,tennis,,,,,,asphalt,1,Mowsbury Park,1,Mowsbury Park
75,Bedford,way,120054824,52.1450519,-0.4636326,court,pitch,tennis,,,,,,,0,,0,
75,Bedford,way,135419652,52.2132261,-0.3690854,court,pitch,tennis,,,,,,,0,,0,
75,Bedford,way,152207861,52.1941149,-0.3642063,court,pitch,tennis,,,,,,,0,,0,
75,Bedford,way,159653545,52.1590714,-0.4326124,court,pitch,tennis,,,,,,asphalt,0,,0,
75,Bedford,way,242160127,52.1709812,-0.5546219,court,pitch,tennis,,,,,,,1,Manor House Garden,1,Manor House Garden
75,Bedford,way,405513136,52.1489578,-0.4558946,court,pitch,tennis,,,,,,asphalt,0,,0,
75,Bedford,way,423239343,52.1593723,-0.4319344,court,pitch,tennis,,,,,,asphalt,0,,0,
75,Bedford,way,423239345,52.1593846,-0.4326062,court,pitch,tennis,,,,,,asphalt,0,,0,
75,Bedford,way,423239360,52.159374,-0.4321529,court,pitch,tennis,,,,,,asphalt,0,,0,
75,Bedford,way,423239368,52.1590653,-0.4323997,court,pitch,tennis,,,,,,asphalt,0,,0,
75,Bedford,way,423239379,52.159058,-0.4319718,court,pitch,tennis,,,,,,asphalt,0,,0,
75,Bedford,way,423239387,52.1590588,-0.4321852,court,pitch,tennis,,,,,,asphalt,0,,0,
75,Bedford,way,423239415,52.1593814,-0.4323849,court,pitch,tennis,,,,,,asphalt,0,,0,
75,Bedford,way,463109447,52.202174,-0.611521,court,pitch,tennis,,,,,,,0,,0,
75,Bedford,way,520925928,52.163928,-0.5616464,court,pitch,tennis,,,,,,,0,,0,
75,Bedford,way,521337042,52.1689751,-0.5337989,court,pitch,tennis,,,,,,,0,,0,
75,Bedford,way,689647346,52.1606989,-0.4664021,court,pitch,tennis,,,,,,asphalt,0,,0,
75,Bedford,way,689647350,52.1609452,-0.466091,court,pitch,tennis,,,,,,asphalt,0,,0,
75,Bedford,way,801280352,52.1382307,-0.3810809,court,pitch,soccer;tennis;basketball;multi,,,,,,,0,,0,
75,Bedford,way,837753392,52.1593103,-0.5902103,court,pitch,tennis,,,,,,,0,,0,
75,Bedford,way,837759948,52.1655351,-0.6212283,court,pitch,tennis,,,,,,,0,,0,
75,Bedford,way,907845660,52.1143321,-0.4815075,court,pitch,tennis,,,,,,,0,,0,
75,Bedford,way,1000279613,52.2756807,-0.493289,court,pitch,tennis,,,,,,,1,,1,
75,Bedford,way,1001140233,52.3077394,-0.4886453,court,pitch,tennis,,private,,,,,1,,1,
75,Bedford,way,1001488383,52.3160983,-0.4988385,court,pitch,tennis,,private,,,,,0,,0,
75,Bedford,way,1004333541,52.2613636,-0.4765788,court,pitch,tennis,,private,,,,,1,,1,
75,Bedford,way,1004354976,52.2812183,-0.4942364,court,pitch,tennis,,private,,,,,1,,1,
75,Bedford,way,1006450224,52.2476116,-0.4879157,court,pitch,tennis,,private,,,,,1,The Mallowry,1,The Mallowry
75,Bedford,way,1009692594,52.2552824,-0.4285899,court,pitch,tennis,,private,,,,,1,,1,
75,Bedford,way,1021540117,52.1631335,-0.6192471,court,pitch,tennis,,,,,,,0,,0,
75,Bedford,way,1033091291,52.294117,-0.5158742,court,pitch,tennis,,,,,,,1,,1,
75,Bedford,way,1033093312,52.1906443,-0.538835,court,pitch,tennis,,,,,,,0,,0,
75,Bedford,way,1033094438,52.2475259,-0.6315561,court,pitch,tennis,,,,,,,0,,0,
75,Bedford,way,1147229839,52.1791439,-0.5511933,court,pitch,tennis,,,,,,,0,,0,
75,Bedford,way,1149657368,52.139749,-0.5119112,court,pitch,tennis,,private,,,,,0,,0,
75,Bedford,way,1150242593,52.1376545,-0.5079231,court,pitch,tennis,,,,,,,0,,0,
75,Bedford,way,1153729066,52.1910562,-0.4229878,court,pitch,tennis,,,,,,,0,,0,
75,Bedford,way,1155672009,52.3031722,-0.4591776,court,pitch,tennis,,,,,,,1,Sports Field,1,Sports Field
75,Bedford,way,1156177106,52.1667557,-0.4317095,court,pitch,tennis,,,,,,,0,,0,
75,Bedford,way,1156177107,52.1672291,-0.4323426,court,pitch,tennis,,,,,,,0,,0,
75,Bedford,way,1167799927,52.1572616,-0.3889508,court,pitch,tennis,,,,,,,0,,0,
75,Bedford,way,1174461325,52.1447675,-0.5011698,court,pitch,tennis,,,,,,,0,,0,
75,Bedford,way,1195267496,52.1496617,-0.4831397,court,pitch,tennis,,,,,,,0,,0,
75,Bedford,way,1195267497,52.1495786,-0.4832973,court,pitch,tennis,,,,,,,0,,0,
75,Bedford,way,1195267498,52.149495,-0.4834575,court,pitch,tennis,,,,,,,0,,0,
75,Bedford,way,1195267499,52.1494074,-0.4836198,court,pitch,tennis,,,,,,,0,,0,
75,Bedford,way,1197527355,52.1463964,-0.4644972,court,pitch,tennis,,,,,,,1,Bedford Park,1,Bedford Park
75,Bedford,way,1197527358,52.146209,-0.4647946,court,pitch,tennis,,,,,,,1,Bedford Park,1,Bedford Park
75,Bedford,way,1197527360,52.146556,-0.4640551,court,pitch,tennis,,,,,,,1,Bedford Park,1,Bedford Park
75,Bedford,way,1197527363,52.1467166,-0.4636119,court,pitch,tennis,,,,,,,1,Bedford Park,1,Bedford Park
75,Bedford,way,1210304081,52.1224623,-0.3904331,court,pitch,tennis,,,,,,,0,,0,
75,Bedford,way,1255719295,52.1543113,-0.3516408,court,pitch,tennis,,,,,,grass,0,,0,
75,Bedford,way,1285792452,52.0862109,-0.5336036,court,pitch,tennis,,,,,,,0,,0,
75,Bedford,way,1285792453,52.0862373,-0.5333522,court,pitch,tennis,,,,,,,0,,0,
75,Bedford,way,1360806109,52.2413664,-0.4084154,court,pitch,tennis,,,,,,,0,,0,
75,Bedford,way,1362596777,52.169233,-0.5292219,court,pitch,tennis,,,,,,,0,,0,
75,Bedford,way,1382050604,52.0884575,-0.4700165,court,pitch,tennis,,,,,,,0,,0,
75,Bedford,way,1382050605,52.0883408,-0.4702678,court,pitch,tennis,,,,,,,0,,0,
75,Bedford,way,1382050606,52.0882263,-0.4705297,court,pitch,tennis,,,,,,,0,,0,
75,Bedford,way,1382050607,52.0881147,-0.4707793,court,pitch,tennis,,,,,,,0,,0,
75,Bedford,way,1385110571,52.2243228,-0.5384703,court,pitch,tennis,,,,,,,0,,0,
75,Bedford,way,1385110572,52.2249253,-0.5380997,court,pitch,tennis,,,,,,,0,,0,
75,Bedford,way,1386303252,52.1211189,-0.3883621,court,pitch,tennis,,,,,,,0,,0,
75,Bedford,way,1437028360,52.1415888,-0.4518859,court,pitch,tennis,,,,,,,0,,0,
75,Bedford,way,1437028361,52.1415811,-0.4516638,court,pitch,tennis,,,,,,,0,,0,
75,Bedford,way,1437028362,52.1415734,-0.4514434,court,pitch,tennis,,,,,,,0,,0,
75,Bedford,way,1437028363,52.1412378,-0.4518081,court,pitch,tennis,,,,,,,0,,0,
75,Bedford,way,1437028364,52.1412296,-0.4515861,court,pitch,tennis,,,,,,,0,,0,
75,Bedford,way,1437028365,52.1412231,-0.4513626,court,pitch,tennis,,,,,,,0,,0,
75,Bedford,way,1437028366,52.1408383,-0.4517902,court,pitch,tennis,,,,,,,0,,0,
75,Bedford,way,1437028367,52.1408337,-0.4515944,court,pitch,tennis,,,,,,,0,,0,
75,Bedford,way,1437028368,52.1408251,-0.4513942,court,pitch,tennis,,,,,,,0,,0,
75,Bedford,way,1437030197,52.1410291,-0.4517752,court,pitch,tennis,,,,,,,0,,0,
75,Bedford,way,1437030198,52.1410207,-0.4515767,court,pitch,tennis,,,,,,,0,,0,
75,Bedford,way,1437030199,52.1410133,-0.4513761,court,pitch,tennis,,,,,,,0,,0,
75,Bedford,way,1446554134,52.2216489,-0.3523455,court,pitch,tennis,,,,,,,0,,0,
75,Bedford,way,1483955062,52.0919544,-0.3834123,court,pitch,tennis,,,,,,,0,,0,
75,Bedford,way,1491990173,52.1325226,-0.5269472,court,pitch,tennis,,,,,,,0,,0,
75,Bedford,way,1491992571,52.1315194,-0.5308433,court,pitch,tennis,,,,,,,0,,0,
75,Bedford,way,1491992572,52.1330163,-0.5319681,court,pitch,tennis,,,,,,,0,,0,
75,Bedford,way,1498139180,52.0676487,-0.5131466,court,pitch,tennis,,,,,,,0,,0,
75,Bedford,way,1501691788,52.2370777,-0.3338384,court,pitch,tennis,,,,,,,0,,0,
76,Worcester,way,66770946,52.1897795,-2.2290696,court,pitch,tennis,,,,,,asphalt,1,Cripplegate Park,1,Cripplegate Park
76,Worcester,way,80553200,52.2074778,-2.2310272,court,pitch,tennis,,,,,,paved,1,Gheluvelt Park,1,Gheluvelt Park
76,Worcester,way,99198719,52.1873714,-2.2304119,court,pitch,tennis,,,,,,,0,,0,
76,Worcester,way,99198735,52.1873762,-2.2300204,court,pitch,tennis,,,,,,,0,,0,
76,Worcester,way,99198740,52.1873719,-2.230221,court,pitch,tennis,,,,,,,0,,0,
76,Worcester,way,99198776,52.1873878,-2.2296191,court,pitch,tennis,,,,,,,0,,0,
76,Worcester,way,99198784,52.1873835,-2.2298151,court,pitch,tennis,,,,,,,0,,0,
76,Worcester,way,251959186,52.2159946,-2.234572,court,pitch,tennis,,,,,,artificial_turf,0,,0,
76,Worcester,way,392354459,52.2136483,-2.20596,court,pitch,tennis;netball,,,,,,,0,,0,
76,Worcester,way,728946690,52.2016526,-2.2303147,court,pitch,tennis,,private,,,,,0,,0,
76,Worcester,way,730416182,52.1809318,-2.211381,court,pitch,tennis,,,,,,,0,,0,
76,Worcester,way,850530136,52.1815589,-2.2461773,sports_centre,sports_centre,tennis,,,Boughton Park Lawn Tennis Club,,,artificial_turf,0,,0,
76,Worcester,way,998238987,52.1812159,-2.2460044,sports_centre,sports_centre,tennis,,,,,,grass,0,,0,
76,Worcester,way,998576488,52.1812884,-2.2458188,court,pitch,tennis,,,,,,grass,0,,0,
76,Worcester,way,998576489,52.1812183,-2.2460015,court,pitch,tennis,,,,,,grass,0,,0,
76,Worcester,way,998576490,52.1811493,-2.2461785,court,pitch,tennis,,,,,,grass,0,,0,
76,Worcester,way,998576491,52.1816711,-2.2458712,court,pitch,tennis,,,,,,artificial_turf,0,,0,
76,Worcester,way,998576492,52.1814615,-2.2464077,court,pitch,tennis,,,,,,artificial_turf,0,,0,
76,Worcester,way,998576493,52.1815305,-2.2462307,court,pitch,tennis,,,,,,artificial_turf,0,,0,
76,Worcester,way,998576494,52.1816006,-2.246048,court,pitch,tennis,,,,,,artificial_turf,0,,0,
76,Worcester,way,1434132398,52.2075696,-2.2308768,court,pitch,tennis,,,,,,paved,1,Gheluvelt Park,1,Gheluvelt Park
